MFN;Columna;Antes;Despues
049258;v26_Afiliacion_del_autor;^aCorrea, J. P.^nUniversidad Nacional de San Martín. Instituto de Investigación e Ingeniería Ambiental^pArgentina^nConsejo Nacional de Investigaciones Científicas y Técnicas^pArgentina<|>^aBlanco Massani, Mariana Raquel^nInstituto Nacional de Tecnología Industrial. INTI-Plásticos^pArgentina^nConsejo Nacional de Investigaciones Científicas y Técnicas^pArgentina<|>^aMolina, V.^nInstituto Nacional de Tecnología Industrial. INTI-Plásticos^pArgentina<|>^aSanchez, M.^nInstituto Nacional de Tecnología Industrial. INTI-Plásticos^pArgentina<|>^aEisenberg, P.^nInstituto Nacional de Tecnología Industrial. INTI-Plásticos^pArgentina^nUniversidad Nacional de San Martín. Instituto de Investigación e Ingeniería Ambiental^pArgentina<|>^aKainz, Cecilia^nInstituto Nacional de Tecnología Industrial. INTI-Plásticos^pArgentina;^aCorrea Aguirre, Juan Pablo^nUniversidad Nacional de San Martín. Instituto de Investigación e Ingeniería Ambiental^pArgentina^nConsejo Nacional de Investigaciones Científicas y Técnicas^pArgentina<|>^aBlanco Massani, Mariana Raquel^nInstituto Nacional de Tecnología Industrial. INTI-Plásticos^pArgentina^nConsejo Nacional de Investigaciones Científicas y Técnicas^pArgentina<|>^aMolina, V.^nInstituto Nacional de Tecnología Industrial. INTI-Plásticos^pArgentina<|>^aSanchez, M.^nInstituto Nacional de Tecnología Industrial. INTI-Plásticos^pArgentina<|>^aEisenberg, P.^nInstituto Nacional de Tecnología Industrial. INTI-Plásticos^pArgentina^nUniversidad Nacional de San Martín. Instituto de Investigación e Ingeniería Ambiental^pArgentina<|>^aKainz, Cecilia^nInstituto Nacional de Tecnología Industrial. INTI-Plásticos^pArgentina
049650;v26_Afiliacion_del_autor;^aCanteros, C.^nInstituto Nacional de Tecnología Industrial^sINTI-Comunicación^lBuenos Aires^pAR<|>^aCid, P.^nInstituto Nacional de Tecnología Industrial^sINTI-Comunicación^lBuenos Aires^pAR<|>^aCánaves, L.^nInstituto Nacional de Tecnología Industrial^sINTI-Comunicación^lBuenos Aires^pAR<|>^aMazzeo, C.^nInstituto Nacional de Tecnología Industrial^sINTI-Comunicación^lBuenos Aires^pAR<|>^aEscudero, H.^nInstituto Nacional de Tecnología Industrial^sINTI-Comunicación^lBuenos Aires^pAR<|>^aDe Marco, S.^nInstituto Nacional de Tecnología Industrial^sINTI-Comunicación^lBuenos Aires^pAR<|>^aSalgueiro, F.^nInstituto Nacional de Tecnología Industrial^sINTI-Comunicación^lBuenos Aires^pAR<|>^aMontenegro, V.^nInstituto Nacional de Tecnología Industrial^sINTI-Comunicación^lBuenos Aires^pAR<|>^aZenobi, E.^nInstituto Nacional de Tecnología Industrial^sINTI-Comunicación^lBuenos Aires^pAR<|>^aJiménez, M.C.^nInstituto Nacional de Tecnología Industrial^sINTI-Comunicación^lBuenos Aires^pAR<|>^aCifuente, A.^nInstituto Nacional de Tecnología Industrial^sINTI-Comunicación^lBuenos Aires^pAR<|>^aYanniello, A.^nInstituto Nacional de Tecnología Industrial^sINTI-Comunicación^lBuenos Aires^pAR<|>^aNicastro, J.^nInstituto Nacional de Tecnología Industrial^sINTI-Comunicación^lBuenos Aires^pAR<|>^aNoli, P.^nInstituto Nacional de Tecnología Industrial^sINTI-Comunicación^lBuenos Aires^pAR<|>^aGuzmán, H.^nInstituto Nacional de Tecnología Industrial^sINTI-Mendoza^lMendoza^pAR<|>^aRosic, B.^nInstituto Nacional de Tecnología Industrial^sINTI-Mar del Plata^lBuenos Aires^pAR;^aCanteros Cavalcante, Carmen^nInstituto Nacional de Tecnología Industrial^sINTI-Comunicación^lBuenos Aires^pAR<|>^aCid, Pablo^nInstituto Nacional de Tecnología Industrial^sINTI-Comunicación^lBuenos Aires^pAR<|>^aCánaves, L.^nInstituto Nacional de Tecnología Industrial^sINTI-Comunicación^lBuenos Aires^pAR<|>^aMazzeo, C.^nInstituto Nacional de Tecnología Industrial^sINTI-Comunicación^lBuenos Aires^pAR<|>^aEscudero, H.^nInstituto Nacional de Tecnología Industrial^sINTI-Comunicación^lBuenos Aires^pAR<|>^aDe Marco, Soledad^nInstituto Nacional de Tecnología Industrial^sINTI-Comunicación^lBuenos Aires^pAR<|>^aSalgueiro, F.^nInstituto Nacional de Tecnología Industrial^sINTI-Comunicación^lBuenos Aires^pAR<|>^aMontenegro, V.^nInstituto Nacional de Tecnología Industrial^sINTI-Comunicación^lBuenos Aires^pAR<|>^aZenobi, María Elisa^nInstituto Nacional de Tecnología Industrial^sINTI-Comunicación^lBuenos Aires^pAR<|>^aJiménez, M.C.^nInstituto Nacional de Tecnología Industrial^sINTI-Comunicación^lBuenos Aires^pAR<|>^aCifuente, A.^nInstituto Nacional de Tecnología Industrial^sINTI-Comunicación^lBuenos Aires^pAR<|>^aYanniello, A.^nInstituto Nacional de Tecnología Industrial^sINTI-Comunicación^lBuenos Aires^pAR<|>^aNicastro, J.^nInstituto Nacional de Tecnología Industrial^sINTI-Comunicación^lBuenos Aires^pAR<|>^aNoli, P.^nInstituto Nacional de Tecnología Industrial^sINTI-Comunicación^lBuenos Aires^pAR<|>^aGuzmán, H.^nInstituto Nacional de Tecnología Industrial^sINTI-Mendoza^lMendoza^pAR<|>^aRosic, B.^nInstituto Nacional de Tecnología Industrial^sINTI-Mar del Plata^lBuenos Aires^pAR
049720;v26_Afiliacion_del_autor;^aBaretta, Luis Rubén^nInstituto Nacional de Tecnología Industrial. INTI-Tecnologías de Gestión^pArgentina<|>^aAbate, G.^nInstituto Nacional de Tecnología Industrial. INTI-Mecánica^pArgentina<|>^aRosso, J.^nInstituto Nacional de Tecnología Industrial. INTI-Tecnologías de Gestión^pArgentina<|>^aPérez, D.^nInstituto Nacional de Tecnología Industrial. INTI-Mecánica^pArgentina<|>^aMartínez Krahmer, Daniel Osvaldo^nInstituto Nacional de Tecnología Industrial. INTI-Mecánica^pArgentina;^aBaretta, Luis Rubén^nInstituto Nacional de Tecnología Industrial. INTI-Tecnologías de Gestión^pArgentina<|>^aAbate, Germán Rubén^nInstituto Nacional de Tecnología Industrial. INTI-Mecánica^pArgentina<|>^aRosso, J.^nInstituto Nacional de Tecnología Industrial. INTI-Tecnologías de Gestión^pArgentina<|>^aPérez, D.^nInstituto Nacional de Tecnología Industrial. INTI-Mecánica^pArgentina<|>^aMartínez Krahmer, Daniel Osvaldo^nInstituto Nacional de Tecnología Industrial. INTI-Mecánica^pArgentina
049727;v26_Afiliacion_del_autor;^aAimar, B.^nInstituto Nacional de Tecnología Industrial. INTI-Lácteos^pArgentina<|>^aKarlen, J.^nInstituto Nacional de Tecnología Industrial. INTI-Lácteos^pArgentina<|>^aCostabel, Luciana Maria^nInstituto Nacional de Tecnología Agropecuaria^sINTA^pArgentina<|>^aAudero, Gabriela María^nInstituto Nacional de Tecnología Agropecuaria^sINTA^pArgentina<|>^aAguilar, Leandro Javier Ceferino^nInstituto Nacional de Tecnología Industrial^sINTI-Lácteos^pArgentina<|>^aBonafede, Mauro^nInstituto Nacional de Tecnología Industrial. INTI-Lácteos^pArgentina<|>^aButarelli, Silvina Laura^nInstituto Nacional de Tecnología Agropecuaria^sINTA^pArgentina<|>^aBoffa, Sebastián^nInstituto Nacional de Tecnología Agropecuaria^sINTA^pArgentina<|>^aTrulls, B.^nInstituto Nacional de Tecnología Agropecuaria^sINTA^pArgentina;^aAimar, Bruno Nicolás^nInstituto Nacional de Tecnología Industrial. INTI-Lácteos^pArgentina<|>^aKarlen, J.^nInstituto Nacional de Tecnología Industrial. INTI-Lácteos^pArgentina<|>^aCostabel, Luciana Maria^nInstituto Nacional de Tecnología Agropecuaria^sINTA^pArgentina<|>^aAudero, Gabriela María^nInstituto Nacional de Tecnología Agropecuaria^sINTA^pArgentina<|>^aAguilar, Leandro Javier Ceferino^nInstituto Nacional de Tecnología Industrial^sINTI-Lácteos^pArgentina<|>^aBonafede, Mauro^nInstituto Nacional de Tecnología Industrial. INTI-Lácteos^pArgentina<|>^aButarelli, Silvina Laura^nInstituto Nacional de Tecnología Agropecuaria^sINTA^pArgentina<|>^aBoffa, Sebastián^nInstituto Nacional de Tecnología Agropecuaria^sINTA^pArgentina<|>^aTrulls, B.^nInstituto Nacional de Tecnología Agropecuaria^sINTA^pArgentina
049812;v26_Afiliacion_del_autor;^aÁlvarez, Rodrigo Javier^nInstituto Nacional de Tecnología Industrial. INTI-Química^pArgentina<|>^aUgarteche, Wanda María Sol^nInstituto Nacional de Tecnología Industrial. INTI-Química^pArgentina<|>^aAmore, S. F.^nInstituto Nacional de Tecnología Industrial. INTI-Química^pArgentina<|>^aSchvartz, Mariano Ariel^nInstituto Nacional de Tecnología Industrial. INTI-Química^pArgentina<|>^aQuesada, M.^nUniversidad Nacional de Catamarca^sUNCA^pArgentina<|>^aGheco, L.^nUniversidad Nacional de Catamarca^sUNCA^pArgentina;^aÁlvarez, Rodrigo Javier^nInstituto Nacional de Tecnología Industrial. INTI-Química^pArgentina<|>^aUgarteche, Wanda María Sol^nInstituto Nacional de Tecnología Industrial. INTI-Química^pArgentina<|>^aAmore, Sandra Francisca^nInstituto Nacional de Tecnología Industrial. INTI-Química^pArgentina<|>^aSchvartz, Mariano Ariel^nInstituto Nacional de Tecnología Industrial. INTI-Química^pArgentina<|>^aQuesada, M.^nUniversidad Nacional de Catamarca^sUNCA^pArgentina<|>^aGheco, L.^nUniversidad Nacional de Catamarca^sUNCA^pArgentina
049846;v26_Afiliacion_del_autor;^aCiarlantini, Matías Sebastián^nInstituto Nacional de Tecnología Industrial^sINTI-Química^pArgentina<|>^aGarcía, L. C.^nInstituto Nacional de Tecnología Industrial^sINTI-Química^pArgentina<|>^aGandolfi Donadío, L.^nInstituto Nacional de Tecnología Industrial^sINTI-Química^pArgentina<|>^aCardama, Georgina Alexandra^nUniversidad Nacional de Quilmes^sUNQUI^pArgentina<|>^aLorenzano Menna, P.^nUniversidad Nacional de Quilmes^sUNQUI^pArgentina<|>^aGonzález, N.^nUniversidad Nacional de Quilmes^sUNQUI^pArgentina<|>^aAlonso, Daniel F.^nUniversidad Nacional de Quilmes^sUNQUI^pArgentina<|>^aGómez, D. E.^nUniversidad Nacional de Quilmes^sUNQUI^pArgentina<|>^aDefelipe, Lucas Alfredo^nUniversidad de Buenos Aires. Facultad de Ciencias Exactas y Naturales^sFCEyN-UBA^pArgentina<|>^aTurjanski, Adrián G.^nUniversidad de Buenos Aires. Facultad de Ciencias Exactas y Naturales^sFCEyN-UBA^pArgentina<|>^aBlumberg, P. M.^nNational Cancer Institute^sNCI^pEstados Unidos<|>^aComin, María Julieta^nInstituto Nacional de Tecnología Industrial^sINTI-Química^pArgentina;^aCiarlantini, Matías Sebastián^nInstituto Nacional de Tecnología Industrial^sINTI-Química^pArgentina<|>^aGarcía, L. C.^nInstituto Nacional de Tecnología Industrial^sINTI-Química^pArgentina<|>^aGandolfi Donadío, L.^nInstituto Nacional de Tecnología Industrial^sINTI-Química^pArgentina<|>^aCardama, Georgina Alexandra^nUniversidad Nacional de Quilmes^sUNQUI^pArgentina<|>^aLorenzano Menna, P.^nUniversidad Nacional de Quilmes^sUNQUI^pArgentina<|>^aGonzález, N.^nUniversidad Nacional de Quilmes^sUNQUI^pArgentina<|>^aAlonso, Daniel Fernando^nUniversidad Nacional de Quilmes^sUNQUI^pArgentina<|>^aGómez, D. E.^nUniversidad Nacional de Quilmes^sUNQUI^pArgentina<|>^aDefelipe, Lucas Alfredo^nUniversidad de Buenos Aires. Facultad de Ciencias Exactas y Naturales^sFCEyN-UBA^pArgentina<|>^aTurjanski, Adrián G.^nUniversidad de Buenos Aires. Facultad de Ciencias Exactas y Naturales^sFCEyN-UBA^pArgentina<|>^aBlumberg, P. M.^nNational Cancer Institute^sNCI^pEstados Unidos<|>^aComin, María Julieta^nInstituto Nacional de Tecnología Industrial^sINTI-Química^pArgentina
049853;v26_Afiliacion_del_autor;^aAbate, G.^nInstituto Nacional de Tecnología Industrial. INTI-Mecánica^pArgentina<|>^aPérez, D.^nInstituto Nacional de Tecnología Industrial. INTI-Mecánica^pArgentina<|>^aMartínez Krahmer, Daniel Osvaldo^nInstituto Nacional de Tecnología Industrial. INTI-Mecánica^pArgentina<|>^aBigot, Régis^nÉcole Nationale Supérieure d'Arts et Métiers^sENSAM^lMetz^pFR;^aAbate, Germán Rubén^nInstituto Nacional de Tecnología Industrial. INTI-Mecánica^pArgentina<|>^aPérez, D.^nInstituto Nacional de Tecnología Industrial. INTI-Mecánica^pArgentina<|>^aMartínez Krahmer, Daniel Osvaldo^nInstituto Nacional de Tecnología Industrial. INTI-Mecánica^pArgentina<|>^aBigot, Régis^nÉcole Nationale Supérieure d'Arts et Métiers^sENSAM^lMetz^pFR
050275;v26_Afiliacion_del_autor;^aCarfagnini, M.^nInstituto Nacional de Tecnología Industrial. INTI-Textiles^pArgentina<|>^aTakashima, C.^nInstituto Nacional de Tecnología Industrial. INTI-Textiles^pArgentina<|>^aSaralegui, Santiago^nInstituto Nacional de Tecnología Industrial. INTI-Textiles^pArgentina<|>^aRegente Pacheco, C.^nUniversidad Tecnológica Nacional. Departamento de Ingeniería Textil^sUTN^pArgentina;^aCarfagnini, Mariana^nInstituto Nacional de Tecnología Industrial. INTI-Textiles^pArgentina<|>^aTakashima, C.^nInstituto Nacional de Tecnología Industrial. INTI-Textiles^pArgentina<|>^aSaralegui, Santiago^nInstituto Nacional de Tecnología Industrial. INTI-Textiles^pArgentina<|>^aRegente Pacheco, C.^nUniversidad Tecnológica Nacional. Departamento de Ingeniería Textil^sUTN^pArgentina
050458;v26_Afiliacion_del_autor;^aLupo, Sergio^nInstituto Nacional de Tecnología Industrial^sINTI^lBuenos Aires^pArgentina<|>^aForastieri, Juan^nInstituto Nacional de Tecnología Industrial^sINTI^lBuenos Aires^pArgentina;^aLupo, Sergio Gustavo^nInstituto Nacional de Tecnología Industrial^sINTI^lBuenos Aires^pArgentina<|>^aForastieri, Juan^nInstituto Nacional de Tecnología Industrial^sINTI^lBuenos Aires^pArgentina
050500;v26_Afiliacion_del_autor;^aCogno, Jorge Adrián^nInstituto Nacional de Tecnología Industrial. INTI-Procesos Superficiales^pArgentina<|>^aAmelotti, Franco Ignacio^nInstituto Nacional de Tecnología Industrial. INTI-Procesos Superficiales^pArgentina<|>^aAbuin, Graciela Carmen^nInstituto Nacional de Tecnología Industrial. INTI-Procesos Superficiales^pArgentina<|>^aAmore, S. F.^nInstituto Nacional de Tecnología Industrial. INTI-Química^pArgentina<|>^aCastro, Á.^nInstituto Nacional de Tecnología Industrial. INTI-Servicio Argentino de Interlaboratorios^pArgentina;^aCogno, Jorge Adrián^nInstituto Nacional de Tecnología Industrial. INTI-Procesos Superficiales^pArgentina<|>^aAmelotti, Franco Ignacio^nInstituto Nacional de Tecnología Industrial. INTI-Procesos Superficiales^pArgentina<|>^aAbuin, Graciela Carmen^nInstituto Nacional de Tecnología Industrial. INTI-Procesos Superficiales^pArgentina<|>^aAmore, Sandra Francisca^nInstituto Nacional de Tecnología Industrial. INTI-Química^pArgentina<|>^aCastro, Á.^nInstituto Nacional de Tecnología Industrial. INTI-Servicio Argentino de Interlaboratorios^pArgentina
050509;v26_Afiliacion_del_autor;^aLuna, D.^nInstituto Nacional de Tecnología Industrial. INTI-Física y Metrología^pArgentina<|>^aPérez, D.^nInstituto Nacional de Tecnología Industrial. INTI-Física y Metrología^pArgentina<|>^aRíos, L. M.^nInstituto Nacional de Tecnología Industrial. INTI-Física y Metrología^pArgentina;^aLuna, Diego^nInstituto Nacional de Tecnología Industrial. INTI-Física y Metrología^pArgentina<|>^aPérez, D.^nInstituto Nacional de Tecnología Industrial. INTI-Física y Metrología^pArgentina<|>^aRíos, Leandro Martín^nInstituto Nacional de Tecnología Industrial. INTI-Física y Metrología^pArgentina
050581;v26_Afiliacion_del_autor;^aGauna Peter, R.^nInstituto Nacional de Tecnología Industrial. INTI-Química^pArgentina<|>^aMartínez, V.^nInstituto Nacional de Tecnología Industrial. INTI-Química^pArgentina<|>^aAmore, S.^nInstituto Nacional de Tecnología Industrial. INTI-Química^pArgentina<|>^aRuiz Díaz, R.^nInstituto Nacional de Tecnología Industrial. INTI-Química^pArgentina<|>^aLelli, D.^nInstituto Nacional de Tecnología Industrial. INTI-Química^pArgentina<|>^aFrangie, M. S.^nInstituto Nacional de Tecnología Industrial. INTI-Química^pArgentina<|>^aSakson, M.^nGador^pArgentina<|>^aDíaz, Liliana Analía^nGador^pArgentina<|>^aMartínez, A.^nGador^pArgentina<|>^aMondelo, N.^nGador^pArgentina<|>^aTombari, D.^nGador^pArgentina<|>^aDefain Tesoriero, María Victoria^nInstituto Nacional de Tecnología Industrial. INTI-Química^pArgentina;^aGauna Peter, R.^nInstituto Nacional de Tecnología Industrial. INTI-Química^pArgentina<|>^aMartínez, V.^nInstituto Nacional de Tecnología Industrial. INTI-Química^pArgentina<|>^aAmore, Sandra Francisca^nInstituto Nacional de Tecnología Industrial. INTI-Química^pArgentina<|>^aRuiz Díaz, R.^nInstituto Nacional de Tecnología Industrial. INTI-Química^pArgentina<|>^aLelli, D.^nInstituto Nacional de Tecnología Industrial. INTI-Química^pArgentina<|>^aFrangie, M. S.^nInstituto Nacional de Tecnología Industrial. INTI-Química^pArgentina<|>^aSakson, M.^nGador^pArgentina<|>^aDíaz, Liliana Analía^nGador^pArgentina<|>^aMartínez, A.^nGador^pArgentina<|>^aMondelo, N.^nGador^pArgentina<|>^aTombari, D.^nGador^pArgentina<|>^aDefain Tesoriero, María Victoria^nInstituto Nacional de Tecnología Industrial. INTI-Química^pArgentina
050643;v26_Afiliacion_del_autor;^aGandolfi Donadío, L.^nInstituto Nacional de Tecnología Industrial. INTI-Química^pArgentina<|>^aFischer, D.^nInstituto Nacional de Tecnología Industrial. INTI-Química^pArgentina<|>^aGarcía, C.^nInstituto Nacional de Tecnología Industrial. INTI-Química^pArgentina<|>^aElhalem, E.^nInstituto Nacional de Tecnología Industrial. INTI-Química^pArgentina<|>^aCórdoba Estévez, Mónica María^nInstituto Nacional de Tecnología Industrial. INTI-Química^pArgentina<|>^aComin,  M. J.^nInstituto Nacional de Tecnología Industrial. INTI-Química^pArgentina;^aGandolfi Donadío, L.^nInstituto Nacional de Tecnología Industrial. INTI-Química^pArgentina<|>^aFischer, D.^nInstituto Nacional de Tecnología Industrial. INTI-Química^pArgentina<|>^aGarcía, C.^nInstituto Nacional de Tecnología Industrial. INTI-Química^pArgentina<|>^aElhalem, E.^nInstituto Nacional de Tecnología Industrial. INTI-Química^pArgentina<|>^aCórdoba Estévez, Mónica María^nInstituto Nacional de Tecnología Industrial. INTI-Química^pArgentina<|>^aComin, María Julieta^nInstituto Nacional de Tecnología Industrial. INTI-Química^pArgentina
050646;v26_Afiliacion_del_autor;^aTouloumdjian, C.^nInstituto Nacional de Tecnología Industrial. INTI-Química^pArgentina<|>^aCatone, Mariela Verónica^nInstituto Nacional de Tecnología Industrial. INTI-Biotecnología Industrial^pArgentina<|>^aElhalem, E.^nInstituto Nacional de Tecnología Industrial. INTI-Química^pArgentina<|>^aCórdoba Estévez, Mónica María^nInstituto Nacional de Tecnología Industrial. INTI-Química^pArgentina<|>^aPozo, Larisa^nInstituto Nacional de Tecnología Industrial. Gerencia de Desarrollo^pArgentina<|>^aCesa, Verónica Silvina^nInstituto Nacional de Tecnología Industrial. INTI-Economía Industrial^pArgentina<|>^aComin, María Julieta^nInstituto Nacional de Tecnología Industrial. INTI-Química^pArgentina<|>^aBlasco, Marco Javier^nInstituto Nacional de Tecnología Industrial. INTI-Biotecnología Industrial^pArgentina<|>^aGandolfi Donadío, L.^nInstituto Nacional de Tecnología Industrial. INTI-Química^pArgentina;^aTouloumdjian, Carolina Sofía^nInstituto Nacional de Tecnología Industrial. INTI-Química^pArgentina<|>^aCatone, Mariela Verónica^nInstituto Nacional de Tecnología Industrial. INTI-Biotecnología Industrial^pArgentina<|>^aElhalem, E.^nInstituto Nacional de Tecnología Industrial. INTI-Química^pArgentina<|>^aCórdoba Estévez, Mónica María^nInstituto Nacional de Tecnología Industrial. INTI-Química^pArgentina<|>^aPozo, Larisa^nInstituto Nacional de Tecnología Industrial. Gerencia de Desarrollo^pArgentina<|>^aCesa, Verónica Silvina^nInstituto Nacional de Tecnología Industrial. INTI-Economía Industrial^pArgentina<|>^aComin, María Julieta^nInstituto Nacional de Tecnología Industrial. INTI-Química^pArgentina<|>^aBlasco, Marco Javier^nInstituto Nacional de Tecnología Industrial. INTI-Biotecnología Industrial^pArgentina<|>^aGandolfi Donadío, L.^nInstituto Nacional de Tecnología Industrial. INTI-Química^pArgentina
050652;v26_Afiliacion_del_autor;^aMannatunga, K. S.^nInternational Centre for Theoretical Physics^pItalia<|>^aMannatunga, K. S.^nUniversity of Sri Jayewardenepura^pSri Lanka<|>^aMannatunga, K. S.^nUniversity of Moratuwa^pSri Lanka<|>^aValinoti, B.^nInstituto Nacional de Tecnología Industrial^pArgentina<|>^aValinoti, B.^nInternational Centre for Theoretical Physics^pItalia<|>^aValinoti, B.^nUniversità degli Studi di Trieste^pItalia<|>^aSamayoa, W. F.^nInternational Centre for Theoretical Physics^pItalia<|>^aSamayoa, W. F.^nUniversità degli Studi di Trieste^pItalia<|>^aCrespo, María Liz^nInternational Centre for Theoretical Physics^pItalia<|>^aCicuttin, Andres^nInternational Centre for Theoretical Physics^pItalia<|>^aKamdem, J.^nInternational Centre for Theoretical Physics^pItalia<|>^aKamdem, J.^nUniversity of Yaoundé I^pCamerún<|>^aGarcía, L. G.^nInternational Centre for Theoretical Physics^pItalia<|>^aGarcía, L. G.^nUniversità degli Studi di Trieste^pItalia<|>^aCarrato, Sergio^nUniversity of Yaoundé I^pCamerún;^aMannatunga, K. S.^nInternational Centre for Theoretical Physics^pItalia<|>^aMannatunga, K. S.^nUniversity of Sri Jayewardenepura^pSri Lanka<|>^aMannatunga, K. S.^nUniversity of Moratuwa^pSri Lanka<|>^aValinoti, Bruno^nInstituto Nacional de Tecnología Industrial^pArgentina<|>^aValinoti, Bruno^nInternational Centre for Theoretical Physics^pItalia<|>^aValinoti, Bruno^nUniversità degli Studi di Trieste^pItalia<|>^aSamayoa, W. F.^nInternational Centre for Theoretical Physics^pItalia<|>^aSamayoa, W. F.^nUniversità degli Studi di Trieste^pItalia<|>^aCrespo, María Liz^nInternational Centre for Theoretical Physics^pItalia<|>^aCicuttin, Andres^nInternational Centre for Theoretical Physics^pItalia<|>^aKamdem, J.^nInternational Centre for Theoretical Physics^pItalia<|>^aKamdem, J.^nUniversity of Yaoundé I^pCamerún<|>^aGarcía, L. G.^nInternational Centre for Theoretical Physics^pItalia<|>^aGarcía, L. G.^nUniversità degli Studi di Trieste^pItalia<|>^aCarrato, Sergio^nUniversity of Yaoundé I^pCamerún
050665;v26_Afiliacion_del_autor;^aMontiel, Gonzalo^nInstituto Nacional de Tecnología Industrial. INTI-Procesos Superficiales^pArgentina<|>^aAbuin, Graciela Carmen^nInstituto Nacional de Tecnología Industrial. INTI-Procesos Superficiales^pArgentina<|>^aFuentes, E.^nCNEA Centro Atómico Constituyentes^pArgentina<|>^aViva, F.^nCNEA Centro Atómico Constituyentes^pArgentina<|>^aBruno, M.^nUniversidad Nacional De Río Cuarto^pArgentina;^aMontiel, Gonzalo^nInstituto Nacional de Tecnología Industrial. INTI-Procesos Superficiales^pArgentina<|>^aAbuin, Graciela Carmen^nInstituto Nacional de Tecnología Industrial. INTI-Procesos Superficiales^pArgentina<|>^aFuentes, E.^nCNEA Centro Atómico Constituyentes^pArgentina<|>^aViva, Federico Andrés^nCNEA Centro Atómico Constituyentes^pArgentina<|>^aBruno, Mariano Martín^nUniversidad Nacional De Río Cuarto^pArgentina
050672;v26_Afiliacion_del_autor;^aRearte, M.^nInstituto Nacional de Tecnología Industrial. INTI-Tucumán^pArgentina<|>^aPulido, G.^nInstituto Nacional de Tecnología Industrial. INTI-Tucumán^pArgentina<|>^aAbdelhamid, S.^nInstituto Nacional de Tecnología Industrial. INTI-Tucumán^pArgentina<|>^aRisso, M.^nInstituto Nacional de Tecnología Industrial. INTI-Tucumán^pArgentina<|>^aMolina Tirado, L.^nInstituto Nacional de Tecnología Industrial. INTI-Gerencia de Proyectos Especiales^pArgentina<|>^aPiccoletti, A.^nInstituto Nacional de Tecnología Industrial. INTI-Gerencia de Proyectos Especiales^pArgentina;^aRearte, M.^nInstituto Nacional de Tecnología Industrial. INTI-Tucumán^pArgentina<|>^aMartínez Pulido, Guillermo^nInstituto Nacional de Tecnología Industrial. INTI-Tucumán^pArgentina<|>^aAbdelhamid, Sado^nInstituto Nacional de Tecnología Industrial. INTI-Tucumán^pArgentina<|>^aRisso, Marcos Gabriel^nInstituto Nacional de Tecnología Industrial. INTI-Tucumán^pArgentina<|>^aMolina Tirado, L.^nInstituto Nacional de Tecnología Industrial. INTI-Gerencia de Proyectos Especiales^pArgentina<|>^aPiccoletti, Agustín^nInstituto Nacional de Tecnología Industrial. INTI-Gerencia de Proyectos Especiales^pArgentina
050691;v26_Afiliacion_del_autor;^aReal, M. A.^nInstituto Nacional de Tecnología Industrial. Dto. de Metrología Cuántica^pArgentina<|>^aTonina, Alejandra^nInstituto Nacional de Tecnología Industrial. Dto. de Metrología Cuántica^pArgentina<|>^aArrachea, L.^nUNSAM. Escuela de Ciencia y Tecnología^pArgentina<|>^aArrachea, L.^nUNSAM. ICIFI^pArgentina<|>^aGiudici, P.^nCNEA-CONICET. Instituto de Nanociencia y Nanotecnología^pArgentina<|>^aReichl, C.^nETH Zürich. Solid State Physics Laboratory^pSuiza<|>^aWegscheider, W.^nETH Zürich. Solid State Physics Laboratory^pSuiza<|>^aDietsche, W.^nETH Zürich. Solid State Physics Laboratory^pSuiza<|>^aDietsche, W.^nMax-Planck-Institut für Festkörperforschung^pAlemania;^aReal, M. A.^nInstituto Nacional de Tecnología Industrial. Dto. de Metrología Cuántica^pArgentina<|>^aTonina, Alejandra^nInstituto Nacional de Tecnología Industrial. Dto. de Metrología Cuántica^pArgentina<|>^aArrachea, Liliana^nUNSAM. Escuela de Ciencia y Tecnología^pArgentina<|>^aArrachea, Liliana^nUNSAM. ICIFI^pArgentina<|>^aGiudici, P.^nCNEA-CONICET. Instituto de Nanociencia y Nanotecnología^pArgentina<|>^aReichl, C.^nETH Zürich. Solid State Physics Laboratory^pSuiza<|>^aWegscheider, W.^nETH Zürich. Solid State Physics Laboratory^pSuiza<|>^aDietsche, Werner^nETH Zürich. Solid State Physics Laboratory^pSuiza<|>^aDietsche, Werner^nMax-Planck-Institut für Festkörperforschung^pAlemania
050725;v26_Afiliacion_del_autor;^aOlmedo, Mariana Cecilia^nInstituto Nacional de Tecnología Industrial. Gerencia Operativa de Desarrollo Tecnológico e Innovación. Subgerencia Operativa de Tecnología de Alimentos. Departamento de Desarrollo de Ingredientes^sINTI-GODTel-SOTA^pArgentina<|>^aGonzález, J.^nInstituto Nacional de Tecnología Industrial. Gerencia Operativa de Desarrollo Tecnológico e Innovación. Subgerencia Operativa de Tecnología de Alimentos. Departamento de Desarrollo de Ingredientes^sINTI-GODTel-SOTA^pArgentina<|>^aGallardo, G.^nInstituto Nacional de Tecnología Industrial. Gerencia Operativa de Desarrollo Tecnológico e Innovación. Subgerencia Operativa de Tecnología de Alimentos. Departamento de Desarrollo de Ingredientes^sINTI-GODTel-SOTA^pArgentina<|>^aSpatuzza, G.^nInstituto Tecnología de Alimentos-ICyTeSAS-INTA^pArgentina<|>^aAnsedes, M.^nInstituto Nacional de Tecnología Industrial. Gerencia Operativa de Desarrollo Tecnológico e Innovación. Subgerencia Operativa de Tecnología de Alimentos. Departamento de Desarrollo de Ingredientes^sINTI-GODTel-SOTA^pArgentina<|>^aFalabella, C.^nInstituto Nacional de Tecnología Industrial. Gerencia Operativa de Desarrollo Tecnológico e Innovación. Subgerencia Operativa de Tecnología de Alimentos. Departamento de Desarrollo de Ingredientes^sINTI-GODTel-SOTA^pArgentina<|>^aMurano, M.^nInstituto Nacional de Tecnología Industrial. Gerencia Operativa de Desarrollo Tecnológico e Innovación. Subgerencia Operativa de Tecnología de Alimentos. Departamento de Desarrollo de Ingredientes^sINTI-GODTel-SOTA^pArgentina<|>^aLenz, D.^nInstituto Nacional de Tecnología Industrial. Gerencia Operativa de Desarrollo Tecnológico e Innovación. Subgerencia Operativa de Tecnología de Alimentos. Departamento de Desarrollo de Ingredientes^sINTI-GODTel-SOTA^pArgentina;^aOlmedo, Mariana Cecilia^nInstituto Nacional de Tecnología Industrial. Gerencia Operativa de Desarrollo Tecnológico e Innovación. Subgerencia Operativa de Tecnología de Alimentos. Departamento de Desarrollo de Ingredientes^sINTI-GODTel-SOTA^pArgentina<|>^aGonzález, J.^nInstituto Nacional de Tecnología Industrial. Gerencia Operativa de Desarrollo Tecnológico e Innovación. Subgerencia Operativa de Tecnología de Alimentos. Departamento de Desarrollo de Ingredientes^sINTI-GODTel-SOTA^pArgentina<|>^aGallardo, G.^nInstituto Nacional de Tecnología Industrial. Gerencia Operativa de Desarrollo Tecnológico e Innovación. Subgerencia Operativa de Tecnología de Alimentos. Departamento de Desarrollo de Ingredientes^sINTI-GODTel-SOTA^pArgentina<|>^aSpatuzza, G.^nInstituto Tecnología de Alimentos-ICyTeSAS-INTA^pArgentina<|>^aAnsedes, María Victoria^nInstituto Nacional de Tecnología Industrial. Gerencia Operativa de Desarrollo Tecnológico e Innovación. Subgerencia Operativa de Tecnología de Alimentos. Departamento de Desarrollo de Ingredientes^sINTI-GODTel-SOTA^pArgentina<|>^aFalabella, C.^nInstituto Nacional de Tecnología Industrial. Gerencia Operativa de Desarrollo Tecnológico e Innovación. Subgerencia Operativa de Tecnología de Alimentos. Departamento de Desarrollo de Ingredientes^sINTI-GODTel-SOTA^pArgentina<|>^aMurano, M.^nInstituto Nacional de Tecnología Industrial. Gerencia Operativa de Desarrollo Tecnológico e Innovación. Subgerencia Operativa de Tecnología de Alimentos. Departamento de Desarrollo de Ingredientes^sINTI-GODTel-SOTA^pArgentina<|>^aLenz, D.^nInstituto Nacional de Tecnología Industrial. Gerencia Operativa de Desarrollo Tecnológico e Innovación. Subgerencia Operativa de Tecnología de Alimentos. Departamento de Desarrollo de Ingredientes^sINTI-GODTel-SOTA^pArgentina
050728;v26_Afiliacion_del_autor;^aBarrera, Verónica Natalia^nInstituto Nacional de Tecnología Industrial. Dirección Operativa. Gerencia Operativa de Asistencia Regional. Subgerencia Operativa Regional Centro. Dirección Técnica Centro Occidental. Departamento de Química Analítica y Residuos Urbanos Centro^sINTI-GOAR^pArgentina<|>^aBurroni, Laura Valeria^nInstituto Nacional de Tecnología Industrial. Dirección Operativa. Gerencia Operativa de Asistencia Regional. Subgerencia Operativa Regional Centro. Dirección Técnica Centro Occidental. Departamento de Química Analítica y Residuos Urbanos Centro^sINTI-GOAR^pArgentina<|>^aPettigiani, E.^nInstituto Nacional de Tecnología Industrial. Dirección Operativa. Gerencia Operativa de Asistencia Regional. Subgerencia Operativa Regional Centro. Dirección Técnica Centro Occidental. Departamento de Química Analítica y Residuos Urbanos Centro^sINTI-GOAR^pArgentina<|>^aPoldi, L. A.^nInstituto Nacional de Tecnología Industrial. Dirección Operativa. Gerencia Operativa de Asistencia Regional. Subgerencia Operativa Regional Centro. Dirección Técnica Centro Occidental. Departamento de Mecánica Centro^sINTI-GOAR^pArgentina<|>^aZaszczynski, Cristian Gabriel^nInstituto Nacional de Tecnología Industrial. Dirección Operativa. Gerencia Operativa de Asistencia Regional. Subgerencia Operativa Regional Centro. Dirección Técnica Centro Occidental. Departamento de Mecánica Centro^sINTI-GOAR^pArgentina;^aBarrera, Verónica Natalia^nInstituto Nacional de Tecnología Industrial. Dirección Operativa. Gerencia Operativa de Asistencia Regional. Subgerencia Operativa Regional Centro. Dirección Técnica Centro Occidental. Departamento de Química Analítica y Residuos Urbanos Centro^sINTI-GOAR^pArgentina<|>^aBurroni, Laura Valeria^nInstituto Nacional de Tecnología Industrial. Dirección Operativa. Gerencia Operativa de Asistencia Regional. Subgerencia Operativa Regional Centro. Dirección Técnica Centro Occidental. Departamento de Química Analítica y Residuos Urbanos Centro^sINTI-GOAR^pArgentina<|>^aPettigiani, Eugenio^nInstituto Nacional de Tecnología Industrial. Dirección Operativa. Gerencia Operativa de Asistencia Regional. Subgerencia Operativa Regional Centro. Dirección Técnica Centro Occidental. Departamento de Química Analítica y Residuos Urbanos Centro^sINTI-GOAR^pArgentina<|>^aPoldi, Leandro Ariel^nInstituto Nacional de Tecnología Industrial. Dirección Operativa. Gerencia Operativa de Asistencia Regional. Subgerencia Operativa Regional Centro. Dirección Técnica Centro Occidental. Departamento de Mecánica Centro^sINTI-GOAR^pArgentina<|>^aZaszczynski, Cristian Gabriel^nInstituto Nacional de Tecnología Industrial. Dirección Operativa. Gerencia Operativa de Asistencia Regional. Subgerencia Operativa Regional Centro. Dirección Técnica Centro Occidental. Departamento de Mecánica Centro^sINTI-GOAR^pArgentina
050734;v26_Afiliacion_del_autor;^aBonfranceschi Barros, Alfonsina^nInstituto Nacional de Tecnología Industrial. Dirección Operativa. Subgerencia Operativa de Servicios Sectoriales. Dirección Técnica de Textil y Cuero. Departamento de Tecnología de la Producción del Cuero y Calzado^sINTl-GOSI-SOSS^pArgentina<|>^aBacigalupe, A.^nInstituto Nacional de Tecnología Industrial. Gerencia Operativa de Desarrollo Tecnológico e Innovación. Subgerencia Operativa de Áreas De Conocimiento. Dirección Técnica de Materiales Avanzados. Departamento de Diseño de Materiales^sINTl^pArgentina<|>^aBacigalupe, A.^nConsejo Nacional de Investigaciones Científicas y Técnicas^sCONICET^pArgentina<|>^aMansilla, M. A.^nInstituto Nacional de Tecnología Industrial. Gerencia Operativa de Desarrollo Tecnológico e Innovación. Subgerencia Operativa de Áreas De Conocimiento. Dirección Técnica de Materiales Avanzados. Departamento de Diseño de Materiales^sINTl^pArgentina<|>^aMansilla, M. A.^nConsejo Nacional de Investigaciones Científicas y Técnicas^sCONICET^pArgentina<|>^aEscobar, M. E.^nInstituto Nacional de Tecnología Industrial. Gerencia Operativa de Desarrollo Tecnológico e Innovación. Subgerencia Operativa de Áreas De Conocimiento. Dirección Técnica de Materiales Avanzados. Departamento de Diseño de Materiales^sINTl^pArgentina<|>^aEscobar, M. E.^nConsejo Nacional de Investigaciones Científicas y Técnicas^sCONICET^pArgentina<|>^aMonsalve, L.^nInstituto Nacional de Tecnología Industrial. Gerencia Operativa de Desarrollo Tecnológico e Innovación. Subgerencia Operativa de Áreas de Conocimiento. Dirección Técnica de Micro y Nano Tecnologías. Departamento de Nanomateriales Funcionales^sINTl-SOAC-GODTel^pArgentina;^aBonfranceschi Barros, Alfonsina^nInstituto Nacional de Tecnología Industrial. Dirección Operativa. Subgerencia Operativa de Servicios Sectoriales. Dirección Técnica de Textil y Cuero. Departamento de Tecnología de la Producción del Cuero y Calzado^sINTl-GOSI-SOSS^pArgentina<|>^aBacigalupe, Alejandro^nInstituto Nacional de Tecnología Industrial. Gerencia Operativa de Desarrollo Tecnológico e Innovación. Subgerencia Operativa de Áreas De Conocimiento. Dirección Técnica de Materiales Avanzados. Departamento de Diseño de Materiales^sINTl^pArgentina<|>^aBacigalupe, Alejandro^nConsejo Nacional de Investigaciones Científicas y Técnicas^sCONICET^pArgentina<|>^aMansilla, M. A.^nInstituto Nacional de Tecnología Industrial. Gerencia Operativa de Desarrollo Tecnológico e Innovación. Subgerencia Operativa de Áreas De Conocimiento. Dirección Técnica de Materiales Avanzados. Departamento de Diseño de Materiales^sINTl^pArgentina<|>^aMansilla, M. A.^nConsejo Nacional de Investigaciones Científicas y Técnicas^sCONICET^pArgentina<|>^aEscobar, M. E.^nInstituto Nacional de Tecnología Industrial. Gerencia Operativa de Desarrollo Tecnológico e Innovación. Subgerencia Operativa de Áreas De Conocimiento. Dirección Técnica de Materiales Avanzados. Departamento de Diseño de Materiales^sINTl^pArgentina<|>^aEscobar, M. E.^nConsejo Nacional de Investigaciones Científicas y Técnicas^sCONICET^pArgentina<|>^aMonsalve, L.^nInstituto Nacional de Tecnología Industrial. Gerencia Operativa de Desarrollo Tecnológico e Innovación. Subgerencia Operativa de Áreas de Conocimiento. Dirección Técnica de Micro y Nano Tecnologías. Departamento de Nanomateriales Funcionales^sINTl-SOAC-GODTel^pArgentina
050739;v26_Afiliacion_del_autor;^aDevia, Leila^nInstituto Nacional de Tecnología Industrial. Centro Regional Basilea para América del Sur^sINTI-CRBAS^pArgentina<|>^aPascual, M. C.^nInstituto Nacional de Tecnología Industrial. Centro Regional Basilea para América del Sur^sINTI-CRBAS^pArgentina<|>^aCorallo, A.^nInstituto Nacional de Tecnología Industrial. Centro Regional Basilea para América del Sur^sINTI-CRBAS^pArgentina<|>^aBonafina, M.^nInstituto Nacional de Tecnología Industrial. Centro Regional Basilea para América del Sur^sINTI-CRBAS^pArgentina<|>^aAlarcón, C.^nInstituto Nacional de Tecnología Industrial. Dirección Operativa. Organismo de Certificación^sINTI^pArgentina<|>^aInocenti, M. C.^nInstituto Nacional de Tecnología Industrial. Dirección Operativa. Gerencia Operativa de Servicios Industriales. Subgerencia Operativa de Servicios Sectoriales. Dirección Técnica de Plásticos^sINTI-GOSI-SOSS^pArgentina<|>^aGiménez, R. A.^nInstituto Nacional de Tecnología Industrial. Dirección Operativa. Gerencia Operativa de Servicios Industriales. Subgerencia Operativa de Servicios Sectoriales. Dirección Técnica de Plásticos^sINTI-GOSI-SOSS^pArgentina<|>^aMollo, M.^nInstituto Nacional de Tecnología Industrial. Dirección Operativa. Gerencia Operativa de Servicios Industriales. Subgerencia Operativa de Servicios Sectoriales. Dirección Técnica de Plásticos^sINTI-GOSI-SOSS^pArgentina<|>^aRaimundi, A. L.^nInstituto Nacional de Tecnología Industrial. Dirección Operativa. Gerencia Operativa de Servicios Industriales. Subgerencia Operativa de Servicios Sectoriales. Dirección Técnica de Plásticos^sINTI-GOSI-SOSS^pArgentina<|>^aSperaggi, M.^nInstituto Nacional de Tecnología Industrial. Dirección Operativa. Gerencia Operativa de Servicios Industriales. Subgerencia Operativa de Servicios Sectoriales. Dirección Técnica de Plásticos^sINTI-GOSI-SOSS^pArgentina<|>^aPicone, J. L.^nCámara de la Industria Recicladora de Plásticos^sCAIRPLAS^pArgentina;^aDevia, Leila^nInstituto Nacional de Tecnología Industrial. Centro Regional Basilea para América del Sur^sINTI-CRBAS^pArgentina<|>^aPascual, M. C.^nInstituto Nacional de Tecnología Industrial. Centro Regional Basilea para América del Sur^sINTI-CRBAS^pArgentina<|>^aCorallo, A.^nInstituto Nacional de Tecnología Industrial. Centro Regional Basilea para América del Sur^sINTI-CRBAS^pArgentina<|>^aBonafina, M.^nInstituto Nacional de Tecnología Industrial. Centro Regional Basilea para América del Sur^sINTI-CRBAS^pArgentina<|>^aAlarcón, Carolina Ayelén^nInstituto Nacional de Tecnología Industrial. Dirección Operativa. Organismo de Certificación^sINTI^pArgentina<|>^aInocenti, María Cristina^nInstituto Nacional de Tecnología Industrial. Dirección Operativa. Gerencia Operativa de Servicios Industriales. Subgerencia Operativa de Servicios Sectoriales. Dirección Técnica de Plásticos^sINTI-GOSI-SOSS^pArgentina<|>^aGiménez, R. A.^nInstituto Nacional de Tecnología Industrial. Dirección Operativa. Gerencia Operativa de Servicios Industriales. Subgerencia Operativa de Servicios Sectoriales. Dirección Técnica de Plásticos^sINTI-GOSI-SOSS^pArgentina<|>^aMollo, M.^nInstituto Nacional de Tecnología Industrial. Dirección Operativa. Gerencia Operativa de Servicios Industriales. Subgerencia Operativa de Servicios Sectoriales. Dirección Técnica de Plásticos^sINTI-GOSI-SOSS^pArgentina<|>^aRaimundi, Adriana Laura^nInstituto Nacional de Tecnología Industrial. Dirección Operativa. Gerencia Operativa de Servicios Industriales. Subgerencia Operativa de Servicios Sectoriales. Dirección Técnica de Plásticos^sINTI-GOSI-SOSS^pArgentina<|>^aSperaggi, Marianela^nInstituto Nacional de Tecnología Industrial. Dirección Operativa. Gerencia Operativa de Servicios Industriales. Subgerencia Operativa de Servicios Sectoriales. Dirección Técnica de Plásticos^sINTI-GOSI-SOSS^pArgentina<|>^aPicone, J. L.^nCámara de la Industria Recicladora de Plásticos^sCAIRPLAS^pArgentina
050765;v26_Afiliacion_del_autor;^aBecce, María Fernanda^nInstituto Nacional de Tecnología Industrial. Gerencia Operativa de Relaciones Institucionales y Comunicación. Subgerencia Operativa de Relaciones Institucionales. Departamento de Administración de Proyectos y Programas Internacionales^sINTl-GORIyC-SORI^pArgentina<|>^aGarcía Ariceta, G.^nInstituto Nacional de Tecnología Industrial. Gerencia Operativa de Relaciones Institucionales y Comunicación. Subgerencia Operativa de Relaciones Institucionales. Departamento de Administración de Proyectos y Programas Internacionales^sINTl-GORIyC-SORI^pArgentina<|>^aGarcía Ariceta, G.^nInstituto Nacional de Tecnología Industrial. Gerencia Operativa de Relaciones Institucionales y Comunicación. Subgerencia Operativa de Relaciones Institucionales. Departamento de Administración de Proyectos y Programas Internacionales^sINTl-GORIyC-SORI^pArgentina<|>^aColotti, M. F.^nInstituto Nacional de Tecnología Industrial. Gerencia Operativa de Relaciones Institucionales y Comunicación. Subgerencia Operativa de Relaciones Institucionales. Departamento de Administración de Proyectos y Programas Internacionales^sINTl-GORIyC-SORI^pArgentina<|>^aÁlvarez, M. F.^nInstituto Nacional de Tecnología Industrial. Gerencia Operativa de Relaciones Institucionales y Comunicación. Subgerencia Operativa de Relaciones Institucionales. Departamento de Administración de Proyectos y Programas Internacionales^sINTl-GORIyC-SORI^pArgentina<|>^aBidegain, Karina Raquel^nInstituto Nacional de Tecnología Industrial. Gerencia Operativa de Relaciones Institucionales y Comunicación. Subgerencia Operativa de Relaciones Institucionales. Departamento de Administración de Proyectos y Programas Internacionales^sINTl-GORIyC-SORI^pArgentina;^aBecce, María Fernanda^nInstituto Nacional de Tecnología Industrial. Gerencia Operativa de Relaciones Institucionales y Comunicación. Subgerencia Operativa de Relaciones Institucionales. Departamento de Administración de Proyectos y Programas Internacionales^sINTl-GORIyC-SORI^pArgentina<|>^aGarcía Ariceta, G.^nInstituto Nacional de Tecnología Industrial. Gerencia Operativa de Relaciones Institucionales y Comunicación. Subgerencia Operativa de Relaciones Institucionales. Departamento de Administración de Proyectos y Programas Internacionales^sINTl-GORIyC-SORI^pArgentina<|>^aGarcía Ariceta, G.^nInstituto Nacional de Tecnología Industrial. Gerencia Operativa de Relaciones Institucionales y Comunicación. Subgerencia Operativa de Relaciones Institucionales. Departamento de Administración de Proyectos y Programas Internacionales^sINTl-GORIyC-SORI^pArgentina<|>^aColotti, María Fernanda^nInstituto Nacional de Tecnología Industrial. Gerencia Operativa de Relaciones Institucionales y Comunicación. Subgerencia Operativa de Relaciones Institucionales. Departamento de Administración de Proyectos y Programas Internacionales^sINTl-GORIyC-SORI^pArgentina<|>^aÁlvarez, María Florencia^nInstituto Nacional de Tecnología Industrial. Gerencia Operativa de Relaciones Institucionales y Comunicación. Subgerencia Operativa de Relaciones Institucionales. Departamento de Administración de Proyectos y Programas Internacionales^sINTl-GORIyC-SORI^pArgentina<|>^aBidegain, Karina Raquel^nInstituto Nacional de Tecnología Industrial. Gerencia Operativa de Relaciones Institucionales y Comunicación. Subgerencia Operativa de Relaciones Institucionales. Departamento de Administración de Proyectos y Programas Internacionales^sINTl-GORIyC-SORI^pArgentina
050774;v26_Afiliacion_del_autor;^aAngeleri, S.^nInstituto Nacional de Tecnología Industrial. Gerencia Operativa de Relaciones Institucionales y Comunicación^sINTI-GORIC^pArgentina<|>^aCanteros Cavalcante, Carmen^nInstituto Nacional de Tecnología Industrial. Gerencia Operativa de Relaciones Institucionales y Comunicación^sINTI-GORIC^pArgentina<|>^aConti, Yamila^nInstituto Nacional de Tecnología Industrial. Gerencia Operativa de Relaciones Institucionales y Comunicación^sINTI-GORIC^pArgentina<|>^aDíaz Garat, María Ángeles^nInstituto Nacional de Tecnología Industrial. Gerencia Operativa de Relaciones Institucionales y Comunicación^sINTI-GORIC^pArgentina<|>^aGraziani, N.^nInstituto Nacional de Tecnología Industrial. Gerencia Operativa de Relaciones Institucionales y Comunicación^sINTI-GORIC^pArgentina<|>^aLi Puma, G.^nInstituto Nacional de Tecnología Industrial. Gerencia Operativa de Relaciones Institucionales y Comunicación^sINTI-GORIC^pArgentina<|>^aMarchini, Helena^nInstituto Nacional de Tecnología Industrial. Gerencia Operativa de Relaciones Institucionales y Comunicación^sINTI-GORIC^pArgentina<|>^aAngeleri, S.^nInstituto Nacional de Tecnología Industrial. Gerencia Operativa de Relaciones Institucionales y Comunicación^sINTI-GORIC^pArgentina<|>^aRosso, E.^nInstituto Nacional de Tecnología Industrial. Gerencia Operativa de Relaciones Institucionales y Comunicación^sINTI-GORIC^pArgentina<|>^aVicente Miguelez, Gabriela Inés^nInstituto Nacional de Tecnología Industrial. Gerencia Operativa de Relaciones Institucionales y Comunicación^sINTI-GORIC^pArgentina;^aÁngeleri, Silvina María^nInstituto Nacional de Tecnología Industrial. Gerencia Operativa de Relaciones Institucionales y Comunicación^sINTI-GORIC^pArgentina<|>^aCanteros Cavalcante, Carmen^nInstituto Nacional de Tecnología Industrial. Gerencia Operativa de Relaciones Institucionales y Comunicación^sINTI-GORIC^pArgentina<|>^aConti, Yamila^nInstituto Nacional de Tecnología Industrial. Gerencia Operativa de Relaciones Institucionales y Comunicación^sINTI-GORIC^pArgentina<|>^aDíaz Garat, María Ángeles^nInstituto Nacional de Tecnología Industrial. Gerencia Operativa de Relaciones Institucionales y Comunicación^sINTI-GORIC^pArgentina<|>^aGraziani, N.^nInstituto Nacional de Tecnología Industrial. Gerencia Operativa de Relaciones Institucionales y Comunicación^sINTI-GORIC^pArgentina<|>^aLi Puma, G.^nInstituto Nacional de Tecnología Industrial. Gerencia Operativa de Relaciones Institucionales y Comunicación^sINTI-GORIC^pArgentina<|>^aMarchini, Helena^nInstituto Nacional de Tecnología Industrial. Gerencia Operativa de Relaciones Institucionales y Comunicación^sINTI-GORIC^pArgentina<|>^aÁngeleri, Silvina María^nInstituto Nacional de Tecnología Industrial. Gerencia Operativa de Relaciones Institucionales y Comunicación^sINTI-GORIC^pArgentina<|>^aRosso, E.^nInstituto Nacional de Tecnología Industrial. Gerencia Operativa de Relaciones Institucionales y Comunicación^sINTI-GORIC^pArgentina<|>^aVicente Miguelez, Gabriela Inés^nInstituto Nacional de Tecnología Industrial. Gerencia Operativa de Relaciones Institucionales y Comunicación^sINTI-GORIC^pArgentina
050776;v26_Afiliacion_del_autor;^aAngeleri, S.^nInstituto Nacional de Tecnología Industrial. Dirección Operativa. Gerencia Operativa de Metrología y Calidad. Subgerencia Operativa de Metrología Científica e Industrial. Dirección Técnica de Metrología Física^sINTI-GOMyC-SOMCeI^pArgentina<|>^aRojas Rapso, L.^nLaboratorio de Metrología Dimensional-LCM, Laboratorio Costarricense de Metrología^pArgentina;^aÁngeleri, Silvina María^nInstituto Nacional de Tecnología Industrial. Dirección Operativa. Gerencia Operativa de Metrología y Calidad. Subgerencia Operativa de Metrología Científica e Industrial. Dirección Técnica de Metrología Física^sINTI-GOMyC-SOMCeI^pArgentina<|>^aRojas Rapso, L.^nLaboratorio de Metrología Dimensional-LCM, Laboratorio Costarricense de Metrología^pArgentina
050780;v26_Afiliacion_del_autor;^aLuna, M.^nInstituto Nacional de Tecnología Industrial. Dirección Operativa. Gerencia Operativa de Servicios Industriales. Subgerencia Operativa de Electrónica y Energía. Dirección Técnica de Electrónica. Departamento de Validación de Dispositivos y Sistemas Electrónicos^sINTI-GOSI^pArgentina<|>^aLuna, M.^nInstituto Nacional de Tecnología Industrial. Dirección Operativa. Gerencia Operativa de Asistencia Regional. Subgerencia Operativa Regional Centro. Dirección Técnica Centro Occidental. Departamento de Electrónica e Informática Centro^sINTI-GOSI-SOEyE^pArgentina;^aLuna, Martín Gonzalo^nInstituto Nacional de Tecnología Industrial. Dirección Operativa. Gerencia Operativa de Servicios Industriales. Subgerencia Operativa de Electrónica y Energía. Dirección Técnica de Electrónica. Departamento de Validación de Dispositivos y Sistemas Electrónicos^sINTI-GOSI^pArgentina<|>^aLuna, Martín Gonzalo^nInstituto Nacional de Tecnología Industrial. Dirección Operativa. Gerencia Operativa de Asistencia Regional. Subgerencia Operativa Regional Centro. Dirección Técnica Centro Occidental. Departamento de Electrónica e Informática Centro^sINTI-GOSI-SOEyE^pArgentina
050781;v26_Afiliacion_del_autor;^aTorres, M.^nInstituto Nacional de Tecnología Industrial. Gerencia Operativa de Desarrollo Tecnológico e Innovación. Subgerencia Operativa de Áreas de Conocimiento. Dirección Técnica de Materiales Avanzados. Departamento de Procesamiento y Transformación de Materiales^sINTI-GODTeI-SOIyS^pArgentina<|>^aMolina, V.^nInstituto Nacional de Tecnología Industrial. Gerencia Operativa de Desarrollo Tecnológico e Innovación. Subgerencia Operativa de Áreas de Conocimiento. Dirección Técnica de Materiales Avanzados. Departamento de Procesamiento y Transformación de Materiales^sINTI-GODTeI-SOIyS^pArgentina<|>^aLorenzo, M. C.^nInstituto Nacional de Tecnología Industrial. Gerencia Operativa de Desarrollo Tecnológico e Innovación. Subgerencia Operativa de Áreas de Conocimiento. Dirección Técnica de Materiales Avanzados. Departamento de Procesamiento y Transformación de Materiales^sINTI-GODTeI-SOIyS^pArgentina<|>^aLorenzo, M. C.^nInstituto de Investigación e Ingeniería Ambiental-3IA-Universidad Nacional de San Martín^pArgentina<|>^aEisenberg, P.^nInstituto de Investigación e Ingeniería Ambiental-3IA-Universidad Nacional de San Martín^pArgentina;^aTorres, M.^nInstituto Nacional de Tecnología Industrial. Gerencia Operativa de Desarrollo Tecnológico e Innovación. Subgerencia Operativa de Áreas de Conocimiento. Dirección Técnica de Materiales Avanzados. Departamento de Procesamiento y Transformación de Materiales^sINTI-GODTeI-SOIyS^pArgentina<|>^aMolina, V.^nInstituto Nacional de Tecnología Industrial. Gerencia Operativa de Desarrollo Tecnológico e Innovación. Subgerencia Operativa de Áreas de Conocimiento. Dirección Técnica de Materiales Avanzados. Departamento de Procesamiento y Transformación de Materiales^sINTI-GODTeI-SOIyS^pArgentina<|>^aLorenzo, María Cecilia^nInstituto Nacional de Tecnología Industrial. Gerencia Operativa de Desarrollo Tecnológico e Innovación. Subgerencia Operativa de Áreas de Conocimiento. Dirección Técnica de Materiales Avanzados. Departamento de Procesamiento y Transformación de Materiales^sINTI-GODTeI-SOIyS^pArgentina<|>^aLorenzo, María Cecilia^nInstituto de Investigación e Ingeniería Ambiental-3IA-Universidad Nacional de San Martín^pArgentina<|>^aEisenberg, P.^nInstituto de Investigación e Ingeniería Ambiental-3IA-Universidad Nacional de San Martín^pArgentina
050785;v26_Afiliacion_del_autor;^aVigna, Alejandrina Moira^nInstituto Nacional de Tecnología Industrial. Gerencia Operativa de Desarrollo Tecnológico e Innovación. Subgerencia Operativa de Áreas de Conocimiento. Dirección Técnica de Industria 4.0. Departamento de Gestión de Proyectos Industria 4.0^sINTI-DO^pArgentina<|>^aMollo, J. C.^nInstituto Nacional de Tecnología Industrial. Gerencia Operativa de Desarrollo Tecnológico e Innovación. Subgerencia Operativa de Áreas de Conocimiento. Dirección Técnica de Industria 4.0. Departamento de Gestión de Proyectos Industria 4.0^sINTI-DO^pArgentina<|>^aRoldan, V.^nInstituto Nacional de Tecnología Industrial. Gerencia Operativa de Desarrollo Tecnológico e Innovación. Subgerencia Operativa de Áreas de Conocimiento. Dirección Técnica de Industria 4.0. Departamento de Gestión de Proyectos Industria 4.0^sINTI-DO^pArgentina<|>^aAscúa, J.^nInstituto Nacional de Tecnología Industrial. Gerencia Operativa de Desarrollo Tecnológico e Innovación. Subgerencia Operativa de Áreas de Conocimiento. Dirección Técnica de Industria 4.0. Departamento de Tecnología para la Industria 4.0^sINTI-DO^pArgentina<|>^aCasal Bruno, Sebastián^nInstituto Nacional de Tecnología Industrial. Gerencia Operativa de Desarrollo Tecnológico e Innovación. Subgerencia Operativa de Áreas de Conocimiento. Dirección Técnica de Industria 4.0. Departamento de Tecnología para la Industria 4.0^sINTI-DO^pArgentina<|>^aMarzocchini, Marcelo^nInstituto Nacional de Tecnología Industrial. Gerencia Operativa de Desarrollo Tecnológico e Innovación. Subgerencia Operativa de Áreas de Conocimiento. Dirección Operativa^sINTI-DO^pArgentina;^aVigna, Alejandrina Moira^nInstituto Nacional de Tecnología Industrial. Gerencia Operativa de Desarrollo Tecnológico e Innovación. Subgerencia Operativa de Áreas de Conocimiento. Dirección Técnica de Industria 4.0. Departamento de Gestión de Proyectos Industria 4.0^sINTI-DO^pArgentina<|>^aMollo, J. C.^nInstituto Nacional de Tecnología Industrial. Gerencia Operativa de Desarrollo Tecnológico e Innovación. Subgerencia Operativa de Áreas de Conocimiento. Dirección Técnica de Industria 4.0. Departamento de Gestión de Proyectos Industria 4.0^sINTI-DO^pArgentina<|>^aRoldan, V.^nInstituto Nacional de Tecnología Industrial. Gerencia Operativa de Desarrollo Tecnológico e Innovación. Subgerencia Operativa de Áreas de Conocimiento. Dirección Técnica de Industria 4.0. Departamento de Gestión de Proyectos Industria 4.0^sINTI-DO^pArgentina<|>^aAscúa, Jimena Sol^nInstituto Nacional de Tecnología Industrial. Gerencia Operativa de Desarrollo Tecnológico e Innovación. Subgerencia Operativa de Áreas de Conocimiento. Dirección Técnica de Industria 4.0. Departamento de Tecnología para la Industria 4.0^sINTI-DO^pArgentina<|>^aCasal Bruno, Sebastián^nInstituto Nacional de Tecnología Industrial. Gerencia Operativa de Desarrollo Tecnológico e Innovación. Subgerencia Operativa de Áreas de Conocimiento. Dirección Técnica de Industria 4.0. Departamento de Tecnología para la Industria 4.0^sINTI-DO^pArgentina<|>^aMarzocchini, Marcelo^nInstituto Nacional de Tecnología Industrial. Gerencia Operativa de Desarrollo Tecnológico e Innovación. Subgerencia Operativa de Áreas de Conocimiento. Dirección Operativa^sINTI-DO^pArgentina
050786;v26_Afiliacion_del_autor;^aMollo, J. C.^nInstituto Nacional de Tecnología Industrial. Gerencia Operativa de Desarrollo Tecnológico e Innovación. Subgerencia Operativa de Áreas de Conocimiento. Dirección Técnica de Industria 4.0. Departamento de Tecnología para la Industria 4.0^sINTI-DO^pArgentina<|>^aCioffi, Martín Nicolás^nInstituto Nacional de Tecnología Industrial. Dirección Operativa. Gerencia Operativa de Servicios Industriales. Subgerencia Operativa de Electrónica y Energía. Dirección Técnica de Electrónica. Departamento de Validación de Dispositivos y Sistemas Electrónicos^sINTI-GOSI-SOEyE^pArgentina<|>^aMarzocchini, M.^nInstituto Nacional de Tecnología Industrial. Gerencia Operativa de Desarrollo Tecnológico e Innovación. Subgerencia Operativa de Áreas de Conocimiento. Dirección Operativa^sINTI-DO^pArgentina<|>^aValdéz, J.^nUniversidad Nacional de San Martín. Instituto de la Calidad Industrial^sUNSAM-INCALIN^pArgentina<|>^aLadrero, V.^nSMC Argentina^sSMC^pArgentina;^aMollo, J. C.^nInstituto Nacional de Tecnología Industrial. Gerencia Operativa de Desarrollo Tecnológico e Innovación. Subgerencia Operativa de Áreas de Conocimiento. Dirección Técnica de Industria 4.0. Departamento de Tecnología para la Industria 4.0^sINTI-DO^pArgentina<|>^aCioffi, Martín Nicolás^nInstituto Nacional de Tecnología Industrial. Dirección Operativa. Gerencia Operativa de Servicios Industriales. Subgerencia Operativa de Electrónica y Energía. Dirección Técnica de Electrónica. Departamento de Validación de Dispositivos y Sistemas Electrónicos^sINTI-GOSI-SOEyE^pArgentina<|>^aMarzocchini, Marcelo^nInstituto Nacional de Tecnología Industrial. Gerencia Operativa de Desarrollo Tecnológico e Innovación. Subgerencia Operativa de Áreas de Conocimiento. Dirección Operativa^sINTI-DO^pArgentina<|>^aValdéz, J.^nUniversidad Nacional de San Martín. Instituto de la Calidad Industrial^sUNSAM-INCALIN^pArgentina<|>^aLadrero, V.^nSMC Argentina^sSMC^pArgentina
050790;v26_Afiliacion_del_autor;^aHerold, I. E.^nInstituto Nacional de Tecnología Industrial. Gerencia Operativa de Desarrollo Tecnológico e Innovación. Subgerencia Operativa de Áreas de Conocimiento. Dirección Técnica de Materiales Avanzados^sINTI-GODTeI-SOAC^pArgentina<|>^aHerold, I. E.^nUniversidad Nacional de San Martín. Instituto de la Calidad Industrial^sUNSAM-INCALIN^pArgentina<|>^aBacigalupe, A.^nInstituto Nacional de Tecnología Industrial. Gerencia Operativa de Desarrollo Tecnológico e Innovación. Subgerencia Operativa de Áreas de Conocimiento. Dirección Técnica de Materiales Avanzados^sINTI-GODTeI-SOAC^pArgentina<|>^aBacigalupe, A.^nConsejo Nacional de Investigaciones Científicas y Técnicas^sCONICET^pArgentina<|>^aEscobar, M.^nInstituto Nacional de Tecnología Industrial. Gerencia Operativa de Desarrollo Tecnológico e Innovación. Subgerencia Operativa de Áreas de Conocimiento. Dirección Técnica de Materiales Avanzados^sINTI-GODTeI-SOAC^pArgentina<|>^aEscobar, M.^nConsejo Nacional de Investigaciones Científicas y Técnicas^sCONICET^pArgentina<|>^aMansilla, M.^nInstituto Nacional de Tecnología Industrial. Gerencia Operativa de Desarrollo Tecnológico e Innovación. Subgerencia Operativa de Áreas de Conocimiento. Dirección Técnica de Materiales Avanzados^sINTI-GODTeI-SOAC^pArgentina<|>^aMansilla, M.^nConsejo Nacional de Investigaciones Científicas y Técnicas^sCONICET^pArgentina<|>^aHazarabedian, A.^nComisión Nacional de Energía Atómica^sCNEA^pArgentina;^aHerold, I. E.^nInstituto Nacional de Tecnología Industrial. Gerencia Operativa de Desarrollo Tecnológico e Innovación. Subgerencia Operativa de Áreas de Conocimiento. Dirección Técnica de Materiales Avanzados^sINTI-GODTeI-SOAC^pArgentina<|>^aHerold, I. E.^nUniversidad Nacional de San Martín. Instituto de la Calidad Industrial^sUNSAM-INCALIN^pArgentina<|>^aBacigalupe, Alejandro^nInstituto Nacional de Tecnología Industrial. Gerencia Operativa de Desarrollo Tecnológico e Innovación. Subgerencia Operativa de Áreas de Conocimiento. Dirección Técnica de Materiales Avanzados^sINTI-GODTeI-SOAC^pArgentina<|>^aBacigalupe, Alejandro^nConsejo Nacional de Investigaciones Científicas y Técnicas^sCONICET^pArgentina<|>^aEscobar, M.^nInstituto Nacional de Tecnología Industrial. Gerencia Operativa de Desarrollo Tecnológico e Innovación. Subgerencia Operativa de Áreas de Conocimiento. Dirección Técnica de Materiales Avanzados^sINTI-GODTeI-SOAC^pArgentina<|>^aEscobar, M.^nConsejo Nacional de Investigaciones Científicas y Técnicas^sCONICET^pArgentina<|>^aMansilla, M.^nInstituto Nacional de Tecnología Industrial. Gerencia Operativa de Desarrollo Tecnológico e Innovación. Subgerencia Operativa de Áreas de Conocimiento. Dirección Técnica de Materiales Avanzados^sINTI-GODTeI-SOAC^pArgentina<|>^aMansilla, M.^nConsejo Nacional de Investigaciones Científicas y Técnicas^sCONICET^pArgentina<|>^aHazarabedian, A.^nComisión Nacional de Energía Atómica^sCNEA^pArgentina
050791;v26_Afiliacion_del_autor;^aReale, P.^nInstituto Nacional de Tecnología Industrial. Gerencia Operativa de Desarrollo Tecnológico e Innovación. Subgerencia Operativa de Áreas de Conocimiento. Dirección Técnica de Materiales Avanzados. Departamento de Procesamiento y Transformación de Materiales^sINTI-GODTeI-SOAC^pArgentina<|>^aLorenzo, M. C.^nInstituto Nacional de Tecnología Industrial. Gerencia Operativa de Desarrollo Tecnológico e Innovación. Subgerencia Operativa de Áreas de Conocimiento. Dirección Técnica de Materiales Avanzados. Departamento de Procesamiento y Transformación de Materiales^sINTI-GODTeI-SOAC^pArgentina<|>^aLorenzo, M. C.^nUniversidad Nacional de San Martín. Instituto de Investigaciones e Ingeniería Ambiental-3iA^sUNSAM-3iA^pArgentina<|>^aEisenberg, P.^nUniversidad Nacional de San Martín. Instituto de Investigaciones e Ingeniería Ambiental-3iA^sUNSAM-3iA^pArgentina<|>^aElisei, A.^nInstituto Nacional de Tecnología Industrial. Gerencia Operativa de Desarrollo Tecnológico e Innovación. Subgerencia Operativa de Áreas de Conocimiento. Dirección Técnica de Materiales Avanzados. Departamento de Diseño de Materiales^sINTI-GODTeI-SOIyS^pArgentina<|>^aDe Titto, Guido Andrés^nInstituto Nacional de Tecnología Industrial. Gerencia Operativa de Desarrollo Tecnológico e Innovación. Subgerencia Operativa de Áreas de Conocimiento. Dirección Técnica de Materiales Avanzados. Departamento de Diseño de Materiales^sINTI-GODTeI-SOIyS^pArgentina;^aReale, P.^nInstituto Nacional de Tecnología Industrial. Gerencia Operativa de Desarrollo Tecnológico e Innovación. Subgerencia Operativa de Áreas de Conocimiento. Dirección Técnica de Materiales Avanzados. Departamento de Procesamiento y Transformación de Materiales^sINTI-GODTeI-SOAC^pArgentina<|>^aLorenzo, María Cecilia^nInstituto Nacional de Tecnología Industrial. Gerencia Operativa de Desarrollo Tecnológico e Innovación. Subgerencia Operativa de Áreas de Conocimiento. Dirección Técnica de Materiales Avanzados. Departamento de Procesamiento y Transformación de Materiales^sINTI-GODTeI-SOAC^pArgentina<|>^aLorenzo, María Cecilia^nUniversidad Nacional de San Martín. Instituto de Investigaciones e Ingeniería Ambiental-3iA^sUNSAM-3iA^pArgentina<|>^aEisenberg, P.^nUniversidad Nacional de San Martín. Instituto de Investigaciones e Ingeniería Ambiental-3iA^sUNSAM-3iA^pArgentina<|>^aElisei, A.^nInstituto Nacional de Tecnología Industrial. Gerencia Operativa de Desarrollo Tecnológico e Innovación. Subgerencia Operativa de Áreas de Conocimiento. Dirección Técnica de Materiales Avanzados. Departamento de Diseño de Materiales^sINTI-GODTeI-SOIyS^pArgentina<|>^aDe Titto, Guido Andrés^nInstituto Nacional de Tecnología Industrial. Gerencia Operativa de Desarrollo Tecnológico e Innovación. Subgerencia Operativa de Áreas de Conocimiento. Dirección Técnica de Materiales Avanzados. Departamento de Diseño de Materiales^sINTI-GODTeI-SOIyS^pArgentina
050794;v26_Afiliacion_del_autor;^aBilbao, Emanuel^nInstituto Nacional de Tecnología Industrial. Gerencia Operativa de Desarrollo Tecnológico e Innovación. Subgerencia Operativa de Áreas de Conocimiento. Dirección Técnica de Micro y Nano Tecnologías. Departamento de Nanomateriales Funcionales^sINTI-GODTeI-SOAC^pArgentina<|>^aGarate, O.^nInstituto Nacional de Tecnología Industrial. Gerencia Operativa de Desarrollo Tecnológico e Innovación. Subgerencia Operativa de Áreas de Conocimiento. Dirección Técnica de Micro y Nano Tecnologías. Departamento de Nanomateriales Funcionales^sINTI-GODTeI-SOAC^pArgentina<|>^aVeiga, Lionel Sebastián^nInstituto Nacional de Tecnología Industrial. Gerencia Operativa de Desarrollo Tecnológico e Innovación. Subgerencia Operativa de Áreas de Conocimiento. Dirección Técnica de Micro y Nano Tecnologías. Departamento de Nanomateriales Funcionales^sINTI-GODTeI-SOAC^pArgentina<|>^aMedrano, Anahí Vanesa^nInstituto Nacional de Tecnología Industrial. Gerencia Operativa de Desarrollo Tecnológico e Innovación. Subgerencia Operativa de Áreas de Conocimiento. Dirección Técnica de Micro y Nano Tecnologías. Departamento de Nanomateriales Funcionales^sINTI-GODTeI-SOAC^pArgentina<|>^aYbarra, G. O.^nInstituto Nacional de Tecnología Industrial. Gerencia Operativa de Desarrollo Tecnológico e Innovación. Subgerencia Operativa de Áreas de Conocimiento. Dirección Técnica de Micro y Nano Tecnologías. Departamento de Nanomateriales Funcionales^sINTI-GODTeI-SOAC^pArgentina<|>^aMonsalve, L. M.^nInstituto Nacional de Tecnología Industrial. Gerencia Operativa de Desarrollo Tecnológico e Innovación. Subgerencia Operativa de Áreas de Conocimiento. Dirección Técnica de Micro y Nano Tecnologías. Departamento de Nanomateriales Funcionales^sINTI-GODTeI-SOAC^pArgentina<|>^aMolinari, F. N.^nInstituto Nacional de Tecnología Industrial. Dirección Operativa. Gerencia Operativa de Servicios Industriales. Subgerencia Operativa de Servicios Sectoriales. Dirección Técnica de Textil y Cuero. Departamento de Procesos de Transformación Textil^sINTI-GOSI-SOSS^pArgentina<|>^aEscobar, M. M.^nInstituto Nacional de Tecnología Industrial. Gerencia Operativa de Desarrollo Tecnológico e Innovación. Subgerencia Operativa de Áreas de Conocimiento. Dirección Técnica de Materiales Avanzados^sINTI-GODTeI-SOAC^pArgentina;^aBilbao, Emanuel^nInstituto Nacional de Tecnología Industrial. Gerencia Operativa de Desarrollo Tecnológico e Innovación. Subgerencia Operativa de Áreas de Conocimiento. Dirección Técnica de Micro y Nano Tecnologías. Departamento de Nanomateriales Funcionales^sINTI-GODTeI-SOAC^pArgentina<|>^aGarate, O.^nInstituto Nacional de Tecnología Industrial. Gerencia Operativa de Desarrollo Tecnológico e Innovación. Subgerencia Operativa de Áreas de Conocimiento. Dirección Técnica de Micro y Nano Tecnologías. Departamento de Nanomateriales Funcionales^sINTI-GODTeI-SOAC^pArgentina<|>^aVeiga, Lionel Sebastián^nInstituto Nacional de Tecnología Industrial. Gerencia Operativa de Desarrollo Tecnológico e Innovación. Subgerencia Operativa de Áreas de Conocimiento. Dirección Técnica de Micro y Nano Tecnologías. Departamento de Nanomateriales Funcionales^sINTI-GODTeI-SOAC^pArgentina<|>^aMedrano, Anahí Vanesa^nInstituto Nacional de Tecnología Industrial. Gerencia Operativa de Desarrollo Tecnológico e Innovación. Subgerencia Operativa de Áreas de Conocimiento. Dirección Técnica de Micro y Nano Tecnologías. Departamento de Nanomateriales Funcionales^sINTI-GODTeI-SOAC^pArgentina<|>^aYbarra, Gabriel Omar^nInstituto Nacional de Tecnología Industrial. Gerencia Operativa de Desarrollo Tecnológico e Innovación. Subgerencia Operativa de Áreas de Conocimiento. Dirección Técnica de Micro y Nano Tecnologías. Departamento de Nanomateriales Funcionales^sINTI-GODTeI-SOAC^pArgentina<|>^aMonsalve, L. M.^nInstituto Nacional de Tecnología Industrial. Gerencia Operativa de Desarrollo Tecnológico e Innovación. Subgerencia Operativa de Áreas de Conocimiento. Dirección Técnica de Micro y Nano Tecnologías. Departamento de Nanomateriales Funcionales^sINTI-GODTeI-SOAC^pArgentina<|>^aMolinari, Fabricio Nicolás^nInstituto Nacional de Tecnología Industrial. Dirección Operativa. Gerencia Operativa de Servicios Industriales. Subgerencia Operativa de Servicios Sectoriales. Dirección Técnica de Textil y Cuero. Departamento de Procesos de Transformación Textil^sINTI-GOSI-SOSS^pArgentina<|>^aEscobar, M. M.^nInstituto Nacional de Tecnología Industrial. Gerencia Operativa de Desarrollo Tecnológico e Innovación. Subgerencia Operativa de Áreas de Conocimiento. Dirección Técnica de Materiales Avanzados^sINTI-GODTeI-SOAC^pArgentina
050796;v26_Afiliacion_del_autor;^aAnfossi, Lionel Alexis^nInstituto Nacional de Tecnología Industrial. Dirección Operativa. Gerencia Operativa de Servicios Industriales. Subgerencia Operativa de Construcciones e Infraestructura. Dirección Técnica de Tecnología del Hormigón y Aglomerantes^sINTI-GODSI-SOCeI^pArgentina<|>^aBenítez, A.^nInstituto Nacional de Tecnología Industrial. Dirección Operativa. Gerencia Operativa de Servicios Industriales. Subgerencia Operativa de Construcciones e Infraestructura. Dirección Técnica de Tecnología del Hormigón y Aglomerantes^sINTI-GODSI-SOCeI^pArgentina<|>^aSturla, M. J. F.^nInstituto Nacional de Tecnología Industrial. Dirección Operativa. Gerencia Operativa de Servicios Industriales. Subgerencia Operativa de Construcciones e Infraestructura. Dirección Técnica de Tecnología del Hormigón y Aglomerantes^sINTI-GODSI-SOCeI^pArgentina<|>^aKöber, E.^nInstituto Nacional de Tecnología Industrial. Dirección Operativa. Gerencia Operativa de Servicios Industriales. Subgerencia Operativa de Construcciones e Infraestructura. Dirección Técnica de Tecnología del Hormigón y Aglomerantes^sINTI-GODSI-SOCeI^pArgentina<|>^aCivitillo, P.^nInstituto Nacional de Tecnología Industrial. Dirección Operativa. Gerencia Operativa de Servicios Industriales. Subgerencia Operativa de Construcciones e Infraestructura. Dirección Técnica de Infraestructura y Geotecnia. Departamento de Estructuras^sINTI-GOSI-SOCeI^pArgentina;^aAnfossi, Lionel Alexis^nInstituto Nacional de Tecnología Industrial. Dirección Operativa. Gerencia Operativa de Servicios Industriales. Subgerencia Operativa de Construcciones e Infraestructura. Dirección Técnica de Tecnología del Hormigón y Aglomerantes^sINTI-GODSI-SOCeI^pArgentina<|>^aBenítez, A.^nInstituto Nacional de Tecnología Industrial. Dirección Operativa. Gerencia Operativa de Servicios Industriales. Subgerencia Operativa de Construcciones e Infraestructura. Dirección Técnica de Tecnología del Hormigón y Aglomerantes^sINTI-GODSI-SOCeI^pArgentina<|>^aFernández Sturla, María José^nInstituto Nacional de Tecnología Industrial. Dirección Operativa. Gerencia Operativa de Servicios Industriales. Subgerencia Operativa de Construcciones e Infraestructura. Dirección Técnica de Tecnología del Hormigón y Aglomerantes^sINTI-GODSI-SOCeI^pArgentina<|>^aKöber, Érica^nInstituto Nacional de Tecnología Industrial. Dirección Operativa. Gerencia Operativa de Servicios Industriales. Subgerencia Operativa de Construcciones e Infraestructura. Dirección Técnica de Tecnología del Hormigón y Aglomerantes^sINTI-GODSI-SOCeI^pArgentina<|>^aCivitillo, Pablo Andrés^nInstituto Nacional de Tecnología Industrial. Dirección Operativa. Gerencia Operativa de Servicios Industriales. Subgerencia Operativa de Construcciones e Infraestructura. Dirección Técnica de Infraestructura y Geotecnia. Departamento de Estructuras^sINTI-GOSI-SOCeI^pArgentina
050797;v26_Afiliacion_del_autor;^aAltamirano, P. M.^nInstituto Nacional de Tecnología Industrial. Gerencia Operativa de Desarrollo Tecnológico e Innovación. Subgerencia Operativa de Áreas del Conocimiento. Dirección Técnica de Materiales Avanzados. Departamento de Ingeniería^sINTI-GODTeI-SOAC^pArgentina<|>^aAltamirano, P. M.^nUniversidad Nacional de San Martín. Instituto Sábato^sUNSAM^pArgentina<|>^aKappes, M. A.^nUniversidad Nacional de San Martín. Instituto Sábato^sUNSAM^pArgentina<|>^aKappes, M. A.^nComisión Nacional de Energía Atómica^sCNEA^pArgentina<|>^aRodríguez, M. A.^nUniversidad Nacional de San Martín. Instituto Sábato^sUNSAM^pArgentina<|>^aRodríguez, M. A.^nComisión Nacional de Energía Atómica^sCNEA^pArgentina;^aAltamirano, Pablo Martín^nInstituto Nacional de Tecnología Industrial. Gerencia Operativa de Desarrollo Tecnológico e Innovación. Subgerencia Operativa de Áreas del Conocimiento. Dirección Técnica de Materiales Avanzados. Departamento de Ingeniería^sINTI-GODTeI-SOAC^pArgentina<|>^aAltamirano, Pablo Martín^nUniversidad Nacional de San Martín. Instituto Sábato^sUNSAM^pArgentina<|>^aKappes, M. A.^nUniversidad Nacional de San Martín. Instituto Sábato^sUNSAM^pArgentina<|>^aKappes, M. A.^nComisión Nacional de Energía Atómica^sCNEA^pArgentina<|>^aRodríguez, Matías Agustín^nUniversidad Nacional de San Martín. Instituto Sábato^sUNSAM^pArgentina<|>^aRodríguez, Matías Agustín^nComisión Nacional de Energía Atómica^sCNEA^pArgentina
050802;v26_Afiliacion_del_autor;^aAltamirano, Pablo Martín^nInstituto Nacional de Tecnología Industrial. Gerencia Operativa de Desarrollo Tecnológico e Innovación. Subgerencia Operativa de Áreas del Conocimiento. Dirección Técnica de Materiales Avanzados. Departamento de Ingeniería^sINTI-GOTel-SOIyS^pArgentina<|>^aKappes, M. A.^nInstituto Sabato, Universidad Nacional de San Martín^sUNSAM^pArgentina<|>^aKappes, M. A.^nComisión Nacional de Energía Atómica^sCNEA^pArgentina<|>^aKappes, M. A.^sCONICET^pArgentina<|>^aRodríguez, M. A.^nInstituto Sabato, Universidad Nacional de San Martín^sUNSAM^pArgentina<|>^aRodríguez, M. A.^nComisión Nacional de Energía Atómica^sCNEA^pArgentina<|>^aRodríguez, M. A.^sCONICET^pArgentina;^aAltamirano, Pablo Martín^nInstituto Nacional de Tecnología Industrial. Gerencia Operativa de Desarrollo Tecnológico e Innovación. Subgerencia Operativa de Áreas del Conocimiento. Dirección Técnica de Materiales Avanzados. Departamento de Ingeniería^sINTI-GOTel-SOIyS^pArgentina<|>^aKappes, M. A.^nInstituto Sabato, Universidad Nacional de San Martín^sUNSAM^pArgentina<|>^aKappes, M. A.^nComisión Nacional de Energía Atómica^sCNEA^pArgentina<|>^aKappes, M. A.^sCONICET^pArgentina<|>^aRodríguez, Matías Agustín^nInstituto Sabato, Universidad Nacional de San Martín^sUNSAM^pArgentina<|>^aRodríguez, Matías Agustín^nComisión Nacional de Energía Atómica^sCNEA^pArgentina<|>^aRodríguez, Matías Agustín^sCONICET^pArgentina
050803;v26_Afiliacion_del_autor;^aLorenzo, M. C.^nInstituto Nacional de Tecnología Industrial. Gerencia Operativa de Desarrollo Tecnológico e Innovación. Subgerencia Operativa de Áreas de Conocimiento. Dirección Técnica de Materiales Avanzados. Departamento de Procesamiento y Transformación de Materiales^sINTI-GOTel-SOIyS^pArgentina<|>^aLorenzo, M. C.^nInstituto de Investigación e Ingeniería Ambiental-3IA Universidad Nacional de San Martín^sUNSAM^pArgentina<|>^aReale, P.^nInstituto Nacional de Tecnología Industrial. Gerencia Operativa de Desarrollo Tecnológico e Innovación. Subgerencia Operativa de Áreas de Conocimiento. Dirección Técnica de Materiales Avanzados. Departamento de Procesamiento y Transformación de Materiales^sINTI-GOTel-SOIyS^pArgentina<|>^aEisenberg, P.^nInstituto de Investigación e Ingeniería Ambiental-3IA Universidad Nacional de San Martín^sUNSAM^pArgentina;^aLorenzo, María Cecilia^nInstituto Nacional de Tecnología Industrial. Gerencia Operativa de Desarrollo Tecnológico e Innovación. Subgerencia Operativa de Áreas de Conocimiento. Dirección Técnica de Materiales Avanzados. Departamento de Procesamiento y Transformación de Materiales^sINTI-GOTel-SOIyS^pArgentina<|>^aLorenzo, María Cecilia^nInstituto de Investigación e Ingeniería Ambiental-3IA Universidad Nacional de San Martín^sUNSAM^pArgentina<|>^aReale, P.^nInstituto Nacional de Tecnología Industrial. Gerencia Operativa de Desarrollo Tecnológico e Innovación. Subgerencia Operativa de Áreas de Conocimiento. Dirección Técnica de Materiales Avanzados. Departamento de Procesamiento y Transformación de Materiales^sINTI-GOTel-SOIyS^pArgentina<|>^aEisenberg, P.^nInstituto de Investigación e Ingeniería Ambiental-3IA Universidad Nacional de San Martín^sUNSAM^pArgentina
050804;v26_Afiliacion_del_autor;^aTufaro, Leonardo Nicolás^nInstituto Nacional de Tecnología Industrial. Dirección Operativa. Gerencia Operativa de Servicios Industriales. Subgerencia Operativa de Mecánica y Logística. Dirección Técnica de Procesos Industriales^sINTI-SOMI-GOSI^pArgentina<|>^aSvoboda, H. G.^nGTSyCM3-INTECIN-Facultad de Ingeniería-UBA^pArgentina;^aTufaro, Leonardo Nicolás^nInstituto Nacional de Tecnología Industrial. Dirección Operativa. Gerencia Operativa de Servicios Industriales. Subgerencia Operativa de Mecánica y Logística. Dirección Técnica de Procesos Industriales^sINTI-SOMI-GOSI^pArgentina<|>^aSvoboda, Hernán Gabriel^nGTSyCM3-INTECIN-Facultad de Ingeniería-UBA^pArgentina
050807;v26_Afiliacion_del_autor;^aBenítez, A.^nInstituto Nacional de Tecnología Industrial. Dirección Operativa. Gerencia Operativa de Servicios Industriales. Subgerencia Operativa de Construcciones e Infraestructura. Dirección Técnica de Tecnología del Hormigón y Aglomerantes^sINTI-GOSI-SOCel^pArgentina<|>^aJure, Abraham Bahich^nInstituto Nacional de Tecnología Industrial. Dirección Operativa. Gerencia Operativa de Servicios Industriales. Subgerencia Operativa de Construcciones e Infraestructura. Dirección Técnica de Tecnología del Hormigón y Aglomerantes^sINTI-GOSI-SOCel^pArgentina<|>^aNogales Ojeda, Jorge Luis^nInstituto Nacional de Tecnología Industrial. Dirección Operativa. Gerencia Operativa de Servicios Industriales. Subgerencia Operativa de Construcciones e Infraestructura. Dirección Técnica de Tecnología del Hormigón y Aglomerantes^sINTI-GOSI-SOCel^pArgentina<|>^aVarela, A.^nInstituto Nacional de Tecnología Industrial. Dirección Operativa. Gerencia Operativa de Servicios Industriales. Subgerencia Operativa de Construcciones e Infraestructura. Dirección Técnica de Tecnología del Hormigón y Aglomerantes^sINTI-GOSI-SOCel^pArgentina<|>^aSzychovsky, J.^nMaterials Advanced Services SRL (M-A-S)^pArgentina<|>^aTorrent, R.^nMaterials Advanced Services SRL (M-A-S)^pArgentina<|>^aZino, G.^nMaterials Advanced Services SRL (M-A-S)^pArgentina;^aBenítez, A.^nInstituto Nacional de Tecnología Industrial. Dirección Operativa. Gerencia Operativa de Servicios Industriales. Subgerencia Operativa de Construcciones e Infraestructura. Dirección Técnica de Tecnología del Hormigón y Aglomerantes^sINTI-GOSI-SOCel^pArgentina<|>^aJure, Abraham Bahich^nInstituto Nacional de Tecnología Industrial. Dirección Operativa. Gerencia Operativa de Servicios Industriales. Subgerencia Operativa de Construcciones e Infraestructura. Dirección Técnica de Tecnología del Hormigón y Aglomerantes^sINTI-GOSI-SOCel^pArgentina<|>^aNogales Ojeda, Jorge Luis^nInstituto Nacional de Tecnología Industrial. Dirección Operativa. Gerencia Operativa de Servicios Industriales. Subgerencia Operativa de Construcciones e Infraestructura. Dirección Técnica de Tecnología del Hormigón y Aglomerantes^sINTI-GOSI-SOCel^pArgentina<|>^aVarela, A.^nInstituto Nacional de Tecnología Industrial. Dirección Operativa. Gerencia Operativa de Servicios Industriales. Subgerencia Operativa de Construcciones e Infraestructura. Dirección Técnica de Tecnología del Hormigón y Aglomerantes^sINTI-GOSI-SOCel^pArgentina<|>^aSzychovsky, J.^nMaterials Advanced Services SRL (M-A-S)^pArgentina<|>^aTorrent, Roberto J.^nMaterials Advanced Services SRL (M-A-S)^pArgentina<|>^aZino, G.^nMaterials Advanced Services SRL (M-A-S)^pArgentina
050809;v26_Afiliacion_del_autor;^aCoppola, Roxana Elisabeth^nInstituto Nacional de Tecnología Industrial. Gerencia Operativa de Desarrollo Tecnológico e Innovación. Subgerencia Operativa de Áreas de Conocimiento. Dirección Técnica de Micro y Nano Tecnologías. Departamento de Nanomateriales Funcionales^sINTI-GODTeI-SOAC^pArgentina<|>^aGarate, O.^nInstituto Nacional de Tecnología Industrial. Gerencia Operativa de Desarrollo Tecnológico e Innovación. Subgerencia Operativa de Áreas de Conocimiento. Dirección Técnica de Micro y Nano Tecnologías. Departamento de Nanomateriales Funcionales^sINTI-GODTeI-SOAC^pArgentina<|>^aRodríguez Campos, T.^nInstituto Nacional de Tecnología Industrial. Gerencia Operativa de Desarrollo Tecnológico e Innovación. Subgerencia Operativa de Áreas de Conocimiento. Dirección Técnica de Micro y Nano Tecnologías. Departamento de Nanomateriales Funcionales^sINTI-GODTeI-SOAC^pArgentina<|>^aRodríguez Campos, T.^nUniversidad Nacional de San Martín. Instituto de la Calidad Industrial^sUNSAM-INCALIN^pArgentina<|>^aMolinari, Fabricio Nicolás^nInstituto Nacional de Tecnología Industrial. Dirección Operativa. Gerencia Operativa de Servicios Industriales. Subgerencia Operativa de Servicios Sectoriales. Dirección Técnica de Textil y Cuero. Departamento de Procesos de Transformación Textil^sINTI-GOSI-SOSS^pArgentina<|>^aMonsalve, L. M.^nInstituto Nacional de Tecnología Industrial. Gerencia Operativa de Desarrollo Tecnológico e Innovación. Subgerencia Operativa de Áreas de Conocimiento. Dirección Técnica de Micro y Nano Tecnologías. Departamento de Nanomateriales Funcionales^sINTI-GODTeI-SOAC^pArgentina<|>^aMonsalve, L. M.^nUniversidad Nacional de San Martín. Instituto de la Calidad Industrial^sUNSAM-INCALIN^pArgentina<|>^aYbarra, Gabriel Omar^nInstituto Nacional de Tecnología Industrial. Gerencia Operativa de Desarrollo Tecnológico e Innovación. Subgerencia Operativa de Áreas de Conocimiento. Dirección Técnica de Micro y Nano Tecnologías. Departamento de Nanomateriales Funcionales^sINTI-GODTeI-SOAC^pArgentina;^aCoppola, Roxana Elisabeth^nInstituto Nacional de Tecnología Industrial. Gerencia Operativa de Desarrollo Tecnológico e Innovación. Subgerencia Operativa de Áreas de Conocimiento. Dirección Técnica de Micro y Nano Tecnologías. Departamento de Nanomateriales Funcionales^sINTI-GODTeI-SOAC^pArgentina<|>^aGarate, O.^nInstituto Nacional de Tecnología Industrial. Gerencia Operativa de Desarrollo Tecnológico e Innovación. Subgerencia Operativa de Áreas de Conocimiento. Dirección Técnica de Micro y Nano Tecnologías. Departamento de Nanomateriales Funcionales^sINTI-GODTeI-SOAC^pArgentina<|>^aRodríguez Campos, Theo^nInstituto Nacional de Tecnología Industrial. Gerencia Operativa de Desarrollo Tecnológico e Innovación. Subgerencia Operativa de Áreas de Conocimiento. Dirección Técnica de Micro y Nano Tecnologías. Departamento de Nanomateriales Funcionales^sINTI-GODTeI-SOAC^pArgentina<|>^aRodríguez Campos, Theo^nUniversidad Nacional de San Martín. Instituto de la Calidad Industrial^sUNSAM-INCALIN^pArgentina<|>^aMolinari, Fabricio Nicolás^nInstituto Nacional de Tecnología Industrial. Dirección Operativa. Gerencia Operativa de Servicios Industriales. Subgerencia Operativa de Servicios Sectoriales. Dirección Técnica de Textil y Cuero. Departamento de Procesos de Transformación Textil^sINTI-GOSI-SOSS^pArgentina<|>^aMonsalve, L. M.^nInstituto Nacional de Tecnología Industrial. Gerencia Operativa de Desarrollo Tecnológico e Innovación. Subgerencia Operativa de Áreas de Conocimiento. Dirección Técnica de Micro y Nano Tecnologías. Departamento de Nanomateriales Funcionales^sINTI-GODTeI-SOAC^pArgentina<|>^aMonsalve, L. M.^nUniversidad Nacional de San Martín. Instituto de la Calidad Industrial^sUNSAM-INCALIN^pArgentina<|>^aYbarra, Gabriel Omar^nInstituto Nacional de Tecnología Industrial. Gerencia Operativa de Desarrollo Tecnológico e Innovación. Subgerencia Operativa de Áreas de Conocimiento. Dirección Técnica de Micro y Nano Tecnologías. Departamento de Nanomateriales Funcionales^sINTI-GODTeI-SOAC^pArgentina
050816;v26_Afiliacion_del_autor;^aBezazian, A. L.^nLaboratorio de Micología Experimental - InMiBo^sUBA-CONICET^pArgentina<|>^aBezazian, A. L.^nCátedra de Biología de Hongos-FCEN-UB^pArgentina<|>^aMajul, L.^nLaboratorio de Micología Experimental - InMiBo^sUBA-CONICET^pArgentina<|>^aItria, R. F.^nLaboratorio de Micología Experimental - InMiBo^sUBA-CONICET^pArgentina<|>^aItria, Raúl Fabio^nCátedra de Biología de Hongos - FCEN-UB^pArgentina<|>^aItria, R. F.^nInstituto Nacional De Tecnología Industrial. Dirección Técnica Gestión de la Innovación y Vinculación Tecnológica^sINTI-GODTeI^pArgentina;^aBezazian, Ana Lucin^nLaboratorio de Micología Experimental - InMiBo^sUBA-CONICET^pArgentina<|>^aBezazian, Ana Lucin^nCátedra de Biología de Hongos-FCEN-UB^pArgentina<|>^aMajul, L.^nLaboratorio de Micología Experimental - InMiBo^sUBA-CONICET^pArgentina<|>^aItria, Raúl Fabio^nLaboratorio de Micología Experimental - InMiBo^sUBA-CONICET^pArgentina<|>^aItria, Raúl Fabio^nCátedra de Biología de Hongos - FCEN-UB^pArgentina<|>^aItria, Raúl Fabio^nInstituto Nacional De Tecnología Industrial. Dirección Técnica Gestión de la Innovación y Vinculación Tecnológica^sINTI-GODTeI^pArgentina
050817;v26_Afiliacion_del_autor;^aArballo, M. F.^nInstituto Nacional de Tecnología Industrial. Dirección Operativa. Gerencia Operativa de Asistencia Regional. Subgerencia Operativa Regional Patagonia. Dirección Técnica Regional Patagonia Sur. Departamento de Desarrollo de Cadenas de Valor Patagonia^sINTI-GOAR- SOR^pArgentina<|>^aArballo, M. F.^nInstituto Nacional de Tecnología Industrial. Dirección Operativa. Gerencia Operativa de Asistencia Regional. Subgerencia Operativa Regional Patagonia. Dirección Técnica Regional Patagonia Sur. Departamento de Petróleo, Gas y Minería Patagonia^sINTI-GOAR-SOR^pArgentina<|>^aAdam, Ulises Francisco^nInstituto Nacional de Tecnología Industrial. Dirección Operativa. Gerencia Operativa de Asistencia Regional. Subgerencia Operativa Regional Patagonia. Dirección Técnica Regional Patagonia Sur. Departamento de Desarrollo de Cadenas de Valor Patagonia^sINTI-GOAR- SOR^pArgentina<|>^aZorzi, Héctor Raúl^nInstituto Nacional de Tecnología Industrial. Dirección Operativa. Gerencia Operativa de Asistencia Regional. Subgerencia Operativa Regional Patagonia. Dirección Técnica Regional Patagonia Sur. Departamento de Petróleo, Gas y Minería Patagonia^sINTI-GOAR-SOR^pArgentina;^aArballo, María Fabiola^nInstituto Nacional de Tecnología Industrial. Dirección Operativa. Gerencia Operativa de Asistencia Regional. Subgerencia Operativa Regional Patagonia. Dirección Técnica Regional Patagonia Sur. Departamento de Desarrollo de Cadenas de Valor Patagonia^sINTI-GOAR- SOR^pArgentina<|>^aArballo, María Fabiola^nInstituto Nacional de Tecnología Industrial. Dirección Operativa. Gerencia Operativa de Asistencia Regional. Subgerencia Operativa Regional Patagonia. Dirección Técnica Regional Patagonia Sur. Departamento de Petróleo, Gas y Minería Patagonia^sINTI-GOAR-SOR^pArgentina<|>^aAdam, Ulises Francisco^nInstituto Nacional de Tecnología Industrial. Dirección Operativa. Gerencia Operativa de Asistencia Regional. Subgerencia Operativa Regional Patagonia. Dirección Técnica Regional Patagonia Sur. Departamento de Desarrollo de Cadenas de Valor Patagonia^sINTI-GOAR- SOR^pArgentina<|>^aZorzi, Héctor Raúl^nInstituto Nacional de Tecnología Industrial. Dirección Operativa. Gerencia Operativa de Asistencia Regional. Subgerencia Operativa Regional Patagonia. Dirección Técnica Regional Patagonia Sur. Departamento de Petróleo, Gas y Minería Patagonia^sINTI-GOAR-SOR^pArgentina
050818;v26_Afiliacion_del_autor;^aAltamirano, P. M.^nInstituto Nacional de Tecnología Industrial. Gerencia Operativa de Desarrollo Tecnológico e Innovación. Subgerencia Operativa de Áreas del Conocimiento. Dirección Técnica de Materiales Avanzados. Departamento de Ingeniería^sINTI-GODTeI-SOAC^pArgentina<|>^aAltamirano, P. M.^nInstituto Sabato. Universidad Nacional de San Martín^sUNSAM^pArgentina<|>^aGoglino, M.^nInstituto Nacional de Tecnología Industrial. Gerencia Operativa de Desarrollo Tecnológico e Innovación. Subgerencia Operativa de Áreas de Conocimiento. Dirección Técnica de Diseño Industrial. Departamento de Experiencia del Usuario^sINTI-GODTeI-SOAC^pArgentina<|>^aZorrilla, Ladislao León^nInstituto Nacional de Tecnología Industrial. Gerencia Operativa de Desarrollo Tecnológico e Innovación. Subgerencia Operativa de Áreas de Conocimiento. Dirección Técnica de Diseño Industrial. Departamento de Experiencia del Usuario^sINTI-GODTeI-SOAC^pArgentina<|>^aKappes, M. A.^nInstituto Sabato. Universidad Nacional de San Martín^sUNSAM^pArgentina<|>^aKappes, M. A.^nComisión Nacional de Energía Atómica^sCNEA^pArgentina<|>^aKappes, M. A.^nCONICET^pArgentina<|>^aRodríguez, M. A.^nInstituto Sabato. Universidad Nacional de San Martín^sUNSAM^pArgentina<|>^aRodríguez, M. A.^nInstituto Nacional de Tecnología Industrial. Gerencia Operativa de Desarrollo Tecnológico e Innovación. Subgerencia Operativa de Áreas de Conocimiento. Dirección Técnica de Diseño Industrial. Departamento de Experiencia del Usuario^sINTI-GODTeI-SOAC^pArgentina;^aAltamirano, Pablo Martín^nInstituto Nacional de Tecnología Industrial. Gerencia Operativa de Desarrollo Tecnológico e Innovación. Subgerencia Operativa de Áreas del Conocimiento. Dirección Técnica de Materiales Avanzados. Departamento de Ingeniería^sINTI-GODTeI-SOAC^pArgentina<|>^aAltamirano, Pablo Martín^nInstituto Sabato. Universidad Nacional de San Martín^sUNSAM^pArgentina<|>^aGoglino, M.^nInstituto Nacional de Tecnología Industrial. Gerencia Operativa de Desarrollo Tecnológico e Innovación. Subgerencia Operativa de Áreas de Conocimiento. Dirección Técnica de Diseño Industrial. Departamento de Experiencia del Usuario^sINTI-GODTeI-SOAC^pArgentina<|>^aZorrilla, Ladislao León^nInstituto Nacional de Tecnología Industrial. Gerencia Operativa de Desarrollo Tecnológico e Innovación. Subgerencia Operativa de Áreas de Conocimiento. Dirección Técnica de Diseño Industrial. Departamento de Experiencia del Usuario^sINTI-GODTeI-SOAC^pArgentina<|>^aKappes, M. A.^nInstituto Sabato. Universidad Nacional de San Martín^sUNSAM^pArgentina<|>^aKappes, M. A.^nComisión Nacional de Energía Atómica^sCNEA^pArgentina<|>^aKappes, M. A.^nCONICET^pArgentina<|>^aRodríguez, Matías Agustín^nInstituto Sabato. Universidad Nacional de San Martín^sUNSAM^pArgentina<|>^aRodríguez, Matías Agustín^nInstituto Nacional de Tecnología Industrial. Gerencia Operativa de Desarrollo Tecnológico e Innovación. Subgerencia Operativa de Áreas de Conocimiento. Dirección Técnica de Diseño Industrial. Departamento de Experiencia del Usuario^sINTI-GODTeI-SOAC^pArgentina
050819;v26_Afiliacion_del_autor;^aAltamirano, P. M.^nInstituto Nacional de Tecnología Industrial. Gerencia Operativa de Desarrollo Tecnológico e Innovación. Subgerencia Operativa de Áreas del Conocimiento. Dirección Técnica de Materiales Avanzados. Departamento de Ingeniería^sINTI-GODTeI-SOAC^pArgentina<|>^aAltamirano, P. M.^nInstituto Sabato, Universidad Nacional de San Martín^sUNSAM^pArgentina<|>^aKappes, M. A.^nInstituto Sabato, Universidad Nacional de San Martín^sUNSAM^pArgentina<|>^aKappes, M. A.^nComisión Nacional de Energía Atómica^sCNEA^pArgentina<|>^aKappes, M. A.^nCONICET^pArgentina<|>^aRodríguez, M. A.^nInstituto Sabato, Universidad Nacional de San Martín^sUNSAM^pArgentina<|>^aRodríguez, M. A.^nComisión Nacional de Energía Atómica^sCNEA^pArgentina<|>^aRodríguez, M. A.^nCONICET^pArgentina;^aAltamirano, Pablo Martín^nInstituto Nacional de Tecnología Industrial. Gerencia Operativa de Desarrollo Tecnológico e Innovación. Subgerencia Operativa de Áreas del Conocimiento. Dirección Técnica de Materiales Avanzados. Departamento de Ingeniería^sINTI-GODTeI-SOAC^pArgentina<|>^aAltamirano, Pablo Martín^nInstituto Sabato, Universidad Nacional de San Martín^sUNSAM^pArgentina<|>^aKappes, M. A.^nInstituto Sabato, Universidad Nacional de San Martín^sUNSAM^pArgentina<|>^aKappes, M. A.^nComisión Nacional de Energía Atómica^sCNEA^pArgentina<|>^aKappes, M. A.^nCONICET^pArgentina<|>^aRodríguez, Matías Agustín^nInstituto Sabato, Universidad Nacional de San Martín^sUNSAM^pArgentina<|>^aRodríguez, Matías Agustín^nComisión Nacional de Energía Atómica^sCNEA^pArgentina<|>^aRodríguez, Matías Agustín^nCONICET^pArgentina
050823;v26_Afiliacion_del_autor;^aMastromónaco, Gladys Miriam^nInstituto Nacional de Tecnología Industrial. Dirección Operativa. Gerencia Operativa de Metrología y Calidad. Dirección Técnica de Calidad. Departamento de Calidad en las Mediciones^sINTI^pArgentina<|>^aGattucci, L.^nInstituto Nacional de Tecnología Industrial. Dirección Operativa. Gerencia Operativa de Metrología y Calidad. Dirección Técnica de Calidad. Departamento de Calidad en las Mediciones^sINTI^pArgentina<|>^aForastieri, S.^nInstituto Nacional de Tecnología Industrial. Dirección Operativa. Gerencia Operativa de Metrología y Calidad. Dirección Técnica de Calidad. Departamento de Calidad en las Mediciones^sINTI^pArgentina<|>^aGubelin, K.^nInstituto Nacional de Tecnología Industrial. Dirección Operativa. Gerencia Operativa de Metrología y Calidad. Dirección Técnica de Calidad. Departamento de Calidad en las Mediciones^sINTI^pArgentina<|>^aSánchez Valdivia, V.^nInstituto Nacional de Tecnología Industrial. Dirección Operativa. Gerencia Operativa de Asistencia Regional. Subgerencia Operativa Regional Patagonia. Dirección Técnica Regional Patagonia Norte. Departamento de Servicios Analíticos Industriales Patagonia^sINTI-GOAR-SOR^pArgentina<|>^aOhaco, P.^nInstituto Nacional de Tecnología Industrial. Dirección Operativa. Gerencia Operativa de Asistencia Regional. Subgerencia Operativa Regional Patagonia^sINTI^pArgentina<|>^aApablaza, Olga Mirene^nInstituto Nacional de Tecnología Industrial. Dirección Operativa. Gerencia Operativa de Asistencia Regional. Subgerencia Operativa Regional Patagonia. Dirección Técnica Regional Patagonia Norte. Departamento de Servicios Analíticos Industriales Patagonia^sINTI-GOAR-SOR^pArgentina<|>^aVaca Ruíz, M. L.^nInstituto Nacional de Tecnología Industrial. Dirección Operativa. Gerencia Operativa de Asistencia Regional. Subgerencia Operativa Regional Patagonia. Dirección Técnica Regional Patagonia Norte. Departamento de Servicios Analíticos Industriales Patagonia^sINTI-GOAR-SOR^pArgentina;^aMastromónaco, Gladys Miriam^nInstituto Nacional de Tecnología Industrial. Dirección Operativa. Gerencia Operativa de Metrología y Calidad. Dirección Técnica de Calidad. Departamento de Calidad en las Mediciones^sINTI^pArgentina<|>^aGattucci, L.^nInstituto Nacional de Tecnología Industrial. Dirección Operativa. Gerencia Operativa de Metrología y Calidad. Dirección Técnica de Calidad. Departamento de Calidad en las Mediciones^sINTI^pArgentina<|>^aForastieri, S.^nInstituto Nacional de Tecnología Industrial. Dirección Operativa. Gerencia Operativa de Metrología y Calidad. Dirección Técnica de Calidad. Departamento de Calidad en las Mediciones^sINTI^pArgentina<|>^aGubelin, K.^nInstituto Nacional de Tecnología Industrial. Dirección Operativa. Gerencia Operativa de Metrología y Calidad. Dirección Técnica de Calidad. Departamento de Calidad en las Mediciones^sINTI^pArgentina<|>^aSánchez Valdivia, V.^nInstituto Nacional de Tecnología Industrial. Dirección Operativa. Gerencia Operativa de Asistencia Regional. Subgerencia Operativa Regional Patagonia. Dirección Técnica Regional Patagonia Norte. Departamento de Servicios Analíticos Industriales Patagonia^sINTI-GOAR-SOR^pArgentina<|>^aOhaco, P.^nInstituto Nacional de Tecnología Industrial. Dirección Operativa. Gerencia Operativa de Asistencia Regional. Subgerencia Operativa Regional Patagonia^sINTI^pArgentina<|>^aApablaza, Olga Mirene^nInstituto Nacional de Tecnología Industrial. Dirección Operativa. Gerencia Operativa de Asistencia Regional. Subgerencia Operativa Regional Patagonia. Dirección Técnica Regional Patagonia Norte. Departamento de Servicios Analíticos Industriales Patagonia^sINTI-GOAR-SOR^pArgentina<|>^aVaca Ruiz, María Laura^nInstituto Nacional de Tecnología Industrial. Dirección Operativa. Gerencia Operativa de Asistencia Regional. Subgerencia Operativa Regional Patagonia. Dirección Técnica Regional Patagonia Norte. Departamento de Servicios Analíticos Industriales Patagonia^sINTI-GOAR-SOR^pArgentina
050824;v26_Afiliacion_del_autor;^aSáenz, María Victoria^nInstituto Nacional de Tecnología Industrial. Dirección Operativa. Gerencia Operativa de Metrología y Calidad. Subgerencia Operativa de Metrología Científica e Industrial. Dirección Técnica de Metrología Física. Departamento de Flujo y Volumen^sINTI-GOMyC-SOMCeI^pArgentina<|>^aLupo, S.^nInstituto Nacional de Tecnología Industrial. Dirección Operativa. Gerencia Operativa de Metrología y Calidad. Subgerencia Operativa de Metrología Científica e Industrial. Dirección Técnica de Metrología Física. Departamento de Flujo y Volumen^sINTI-GOMyC-SOMCeI^pArgentina<|>^aQuille, R.^nInstituto Nacional de Tecnología Industrial. Dirección Operativa. Gerencia Operativa de Metrología y Calidad. Subgerencia Operativa de Metrología Científica e Industrial. Dirección Técnica de Metrología Física. Departamento de Mecánica y Acústica^sINTI-GOMyC-SOMCeI^pArgentina;^aSáenz, María Victoria^nInstituto Nacional de Tecnología Industrial. Dirección Operativa. Gerencia Operativa de Metrología y Calidad. Subgerencia Operativa de Metrología Científica e Industrial. Dirección Técnica de Metrología Física. Departamento de Flujo y Volumen^sINTI-GOMyC-SOMCeI^pArgentina<|>^aLupo, Sergio Gustavo^nInstituto Nacional de Tecnología Industrial. Dirección Operativa. Gerencia Operativa de Metrología y Calidad. Subgerencia Operativa de Metrología Científica e Industrial. Dirección Técnica de Metrología Física. Departamento de Flujo y Volumen^sINTI-GOMyC-SOMCeI^pArgentina<|>^aQuille, R.^nInstituto Nacional de Tecnología Industrial. Dirección Operativa. Gerencia Operativa de Metrología y Calidad. Subgerencia Operativa de Metrología Científica e Industrial. Dirección Técnica de Metrología Física. Departamento de Mecánica y Acústica^sINTI-GOMyC-SOMCeI^pArgentina
050827;v26_Afiliacion_del_autor;^aVolij, Matías Ariel^nUniversidad de Buenos Aires. Facultad de Ciencias Exactas y Naturales. Departamento de Física^sUBA-FECEN-Departamento de Física^pArgentina<|>^aYapur, Fernando Gabriel^nInstituto Nacional de Tecnología Industrial. Dirección Operativa. Gerencia Operativa de Metrología y Calidad. Subgerencia Operativa de Metrología Científica e Industrial. Dirección Técnica de Metrología Física. Departamento de Óptica y Dimensional^sINTI-GOMyC-SOMCeI^pArgentina<|>^aBastida, K.^nInstituto Nacional de Tecnología Industrial. Dirección Operativa. Gerencia Operativa de Metrología y Calidad. Subgerencia Operativa de Metrología Científica e Industrial. Dirección Técnica de Metrología Física. Departamento de Óptica y Dimensional^sINTI-GOMyC-SOMCeI^pArgentina<|>^aCodnia, J.^nInstituto de Investigaciones Científicas y Técnicas para la Defensa. Departamento de Investigaciones en Láseres y sus Aplicaciones^sCITEDEF-DEILAP^pArgentina;^aVolij, Matías Ariel^nUniversidad de Buenos Aires. Facultad de Ciencias Exactas y Naturales. Departamento de Física^sUBA-FECEN-Departamento de Física^pArgentina<|>^aYapur, Fernando Gabriel^nInstituto Nacional de Tecnología Industrial. Dirección Operativa. Gerencia Operativa de Metrología y Calidad. Subgerencia Operativa de Metrología Científica e Industrial. Dirección Técnica de Metrología Física. Departamento de Óptica y Dimensional^sINTI-GOMyC-SOMCeI^pArgentina<|>^aBastida, Karina Beatriz^nInstituto Nacional de Tecnología Industrial. Dirección Operativa. Gerencia Operativa de Metrología y Calidad. Subgerencia Operativa de Metrología Científica e Industrial. Dirección Técnica de Metrología Física. Departamento de Óptica y Dimensional^sINTI-GOMyC-SOMCeI^pArgentina<|>^aCodnia, Jorge^nInstituto de Investigaciones Científicas y Técnicas para la Defensa. Departamento de Investigaciones en Láseres y sus Aplicaciones^sCITEDEF-DEILAP^pArgentina
050844;v26_Afiliacion_del_autor;^aJazwinski, Edgardo Leonel^nInstituto Nacional de Tecnología Industrial. Dirección Operativa. Gerencia Operativa de Metrología y Calidad. Subgerencia Operativa de Metrología Científica e Industrial. Dirección Técnica de Metrología Física. Departamento de Luminotecnia^sINTI-GOMyC-SOMCeI^pArgentina<|>^aScatena, Eduardo^nInstituto Nacional de Tecnología Industrial. Dirección Operativa. Gerencia Operativa de Metrología y Calidad. Subgerencia Operativa de Metrología Científica e Industrial. Dirección Técnica de Metrología Física. Departamento de Luminotecnia^sINTI-GOMyC-SOMCeI^pArgentina<|>^aZinzallari, Alberto^nInstituto Nacional de Tecnología Industrial. Dirección Operativa. Gerencia Operativa de Metrología y Calidad. Subgerencia Operativa de Metrología Científica e Industrial. Dirección Técnica de Metrología Física. Departamento de Luminotecnia^sINTI-GOMyC-SOMCeI^pArgentina<|>^aBoggio Marzet, Gustavo^nInstituto Nacional de Tecnología Industrial. Dirección Operativa. Gerencia Operativa de Metrología y Calidad. Subgerencia Operativa de Metrología Científica e Industrial. Dirección Técnica de Metrología Física. Departamento de Luminotecnia^sINTI-GOMyC-SOMCeI^pArgentina<|>^aBonanno, C.^nInstituto Nacional de Tecnología Industrial. Dirección Operativa. Gerencia Operativa de Metrología y Calidad. Subgerencia Operativa de Metrología Científica e Industrial. Dirección Técnica de Metrología Física. Departamento de Luminotecnia^sINTI-GOMyC-SOMCeI^pArgentina<|>^aMantellini, A.^nInstituto Nacional de Tecnología Industrial. Dirección Operativa. Gerencia Operativa de Metrología y Calidad. Subgerencia Operativa de Metrología Científica e Industrial. Dirección Técnica de Metrología Física. Departamento de Luminotecnia^sINTI-GOMyC-SOMCeI^pArgentina<|>^aBabaro, J.^nInstituto Nacional de Tecnología Industrial. Dirección Operativa. Gerencia Operativa de Metrología y Calidad. Subgerencia Operativa de Metrología Científica e Industrial. Dirección Técnica de Metrología Física. Departamento de Luminotecnia^sINTI-GOMyC-SOMCeI^pArgentina;^aJazwinski, Edgardo Leonel^nInstituto Nacional de Tecnología Industrial. Dirección Operativa. Gerencia Operativa de Metrología y Calidad. Subgerencia Operativa de Metrología Científica e Industrial. Dirección Técnica de Metrología Física. Departamento de Luminotecnia^sINTI-GOMyC-SOMCeI^pArgentina<|>^aScatena, Eduardo^nInstituto Nacional de Tecnología Industrial. Dirección Operativa. Gerencia Operativa de Metrología y Calidad. Subgerencia Operativa de Metrología Científica e Industrial. Dirección Técnica de Metrología Física. Departamento de Luminotecnia^sINTI-GOMyC-SOMCeI^pArgentina<|>^aZinzallari, Alberto^nInstituto Nacional de Tecnología Industrial. Dirección Operativa. Gerencia Operativa de Metrología y Calidad. Subgerencia Operativa de Metrología Científica e Industrial. Dirección Técnica de Metrología Física. Departamento de Luminotecnia^sINTI-GOMyC-SOMCeI^pArgentina<|>^aBoggio Marzet, Gustavo^nInstituto Nacional de Tecnología Industrial. Dirección Operativa. Gerencia Operativa de Metrología y Calidad. Subgerencia Operativa de Metrología Científica e Industrial. Dirección Técnica de Metrología Física. Departamento de Luminotecnia^sINTI-GOMyC-SOMCeI^pArgentina<|>^aBonanno, Claudio Mario^nInstituto Nacional de Tecnología Industrial. Dirección Operativa. Gerencia Operativa de Metrología y Calidad. Subgerencia Operativa de Metrología Científica e Industrial. Dirección Técnica de Metrología Física. Departamento de Luminotecnia^sINTI-GOMyC-SOMCeI^pArgentina<|>^aMantellini, A.^nInstituto Nacional de Tecnología Industrial. Dirección Operativa. Gerencia Operativa de Metrología y Calidad. Subgerencia Operativa de Metrología Científica e Industrial. Dirección Técnica de Metrología Física. Departamento de Luminotecnia^sINTI-GOMyC-SOMCeI^pArgentina<|>^aBabaro, Juan Pablo^nInstituto Nacional de Tecnología Industrial. Dirección Operativa. Gerencia Operativa de Metrología y Calidad. Subgerencia Operativa de Metrología Científica e Industrial. Dirección Técnica de Metrología Física. Departamento de Luminotecnia^sINTI-GOMyC-SOMCeI^pArgentina
050849;v26_Afiliacion_del_autor;^aRubio Scola, I.^nInstituto Nacional de Tecnología Industrial. Dirección Operativa. Gerencia Operativa de Asistencia Regional. Subgerencia Operativa Regional Centro. Dirección Técnica de Centro Litoral. Departamento de Ingeniería de Productos Industriales Centro^sINTI-GOAR^pArgentina<|>^aRubio Scola, I.^nUniversidad Nacional de Rosario. Facultad de Ciencias Exactas, Ingeniería y Agrimensura^sUNR-FCEIA^pArgentina<|>^aRubio Scola, I.^nConsejo Nacional de Investigaciones Científicas y Técnicas^sCONICET^pArgentina<|>^aRossi, Sebastián^nInstituto Nacional de Tecnología Industrial. Dirección Operativa. Gerencia Operativa de Asistencia Regional. Subgerencia Operativa Regional Centro. Dirección Técnica de Centro Litoral. Departamento de Ingeniería de Productos Industriales Centro^sINTI-GOAR^pArgentina<|>^aBourges, G.^nInstituto Nacional de Tecnología Industrial. Dirección Operativa. Gerencia Operativa de Asistencia Regional. Subgerencia Operativa Regional Centro. Dirección Técnica de Centro Litoral. Departamento de Ingeniería de Productos Industriales Centro^sINTI-GOAR^pArgentina<|>^aBourges, G.^nUniversidad Nacional de Rosario. Facultad de Ciencias Exactas, Ingeniería y Agrimensura^sUNR-FCEIA^pArgentina<|>^aEliach, J.^nInstituto Nacional de Tecnología Industrial. Dirección Operativa. Gerencia Operativa de Asistencia Regional. Subgerencia Operativa Regional Centro. Dirección Técnica de Centro Litoral. Departamento de Ingeniería de Productos Industriales Centro^sINTI-GOAR^pArgentina;^aRubio Scola, I.^nInstituto Nacional de Tecnología Industrial. Dirección Operativa. Gerencia Operativa de Asistencia Regional. Subgerencia Operativa Regional Centro. Dirección Técnica de Centro Litoral. Departamento de Ingeniería de Productos Industriales Centro^sINTI-GOAR^pArgentina<|>^aRubio Scola, I.^nUniversidad Nacional de Rosario. Facultad de Ciencias Exactas, Ingeniería y Agrimensura^sUNR-FCEIA^pArgentina<|>^aRubio Scola, I.^nConsejo Nacional de Investigaciones Científicas y Técnicas^sCONICET^pArgentina<|>^aRossi, Sebastián^nInstituto Nacional de Tecnología Industrial. Dirección Operativa. Gerencia Operativa de Asistencia Regional. Subgerencia Operativa Regional Centro. Dirección Técnica de Centro Litoral. Departamento de Ingeniería de Productos Industriales Centro^sINTI-GOAR^pArgentina<|>^aBourges, Gastón^nInstituto Nacional de Tecnología Industrial. Dirección Operativa. Gerencia Operativa de Asistencia Regional. Subgerencia Operativa Regional Centro. Dirección Técnica de Centro Litoral. Departamento de Ingeniería de Productos Industriales Centro^sINTI-GOAR^pArgentina<|>^aBourges, Gastón^nUniversidad Nacional de Rosario. Facultad de Ciencias Exactas, Ingeniería y Agrimensura^sUNR-FCEIA^pArgentina<|>^aEliach, J.^nInstituto Nacional de Tecnología Industrial. Dirección Operativa. Gerencia Operativa de Asistencia Regional. Subgerencia Operativa Regional Centro. Dirección Técnica de Centro Litoral. Departamento de Ingeniería de Productos Industriales Centro^sINTI-GOAR^pArgentina
050850;v26_Afiliacion_del_autor;^aMarras, C. M.^nLaboratorio de Micología Experimental^sInMiBo-UBA-CONICET^pArgentina<|>^aMartínez, M. E.^nLaboratorio de Micología Experimental^sInMiBo-UBA-CONICET^pArgentina<|>^aMartínez, M. E.^nInstituto Nacional de Tecnología Industrial. Gerencia Operativa de Desarrollo Tecnológico e Innovación. Subgerencia Operativa de Industrias y Servicios. Departamento de Ingredientes Activos y Biorrefinería^sINTI-GODTeI-SOIyS^pArgentina<|>^aMajul, L. M.^nLaboratorio de Micología Experimental^sInMiBo-UBA-CONICET^pArgentina<|>^aItria, R. F.^nLaboratorio de Micología Experimental^sInMiBo-UBA-CONICET^pArgentina<|>^aItria, R. F.^nInstituto Nacional de Tecnología Industrial. Gerencia Operativa de Desarrollo Tecnológico e Innovación. Subgerencia Operativa de Industrias y Servicios^sINTI-GODTeI-SOIS^pArgentina;^aMarras, C. M.^nLaboratorio de Micología Experimental^sInMiBo-UBA-CONICET^pArgentina<|>^aMartínez, M. E.^nLaboratorio de Micología Experimental^sInMiBo-UBA-CONICET^pArgentina<|>^aMartínez, M. E.^nInstituto Nacional de Tecnología Industrial. Gerencia Operativa de Desarrollo Tecnológico e Innovación. Subgerencia Operativa de Industrias y Servicios. Departamento de Ingredientes Activos y Biorrefinería^sINTI-GODTeI-SOIyS^pArgentina<|>^aMajul, L. M.^nLaboratorio de Micología Experimental^sInMiBo-UBA-CONICET^pArgentina<|>^aItria, Raúl Fabio^nLaboratorio de Micología Experimental^sInMiBo-UBA-CONICET^pArgentina<|>^aItria, Raúl Fabio^nInstituto Nacional de Tecnología Industrial. Gerencia Operativa de Desarrollo Tecnológico e Innovación. Subgerencia Operativa de Industrias y Servicios^sINTI-GODTeI-SOIS^pArgentina
050856;v26_Afiliacion_del_autor;^aVera, Daniela Beatriz^nInstituto Nacional de Tecnología Industrial. Gerencia Operativa de Desarrollo Tecnológico e Innovación. Subgerencia Operativa de Industrias y Servicios. Departamento de Ingredientes Activos y Biorrefinería^sINTI-GODTeI-SOIyS^pArgentina<|>^aCiarlantini, Matías Sebastián^nInstituto Nacional de Tecnología Industrial. Gerencia Operativa de Desarrollo Tecnológico e Innovación. Subgerencia Operativa de Industrias y Servicios. Departamento de Ingredientes Activos y Biorrefinería^sINTI-GODTeI-SOIyS^pArgentina<|>^aBayo Fina, Juan Miguel^nLaboratorio de Terapia Génica, Instituto de Investigaciones en Medicina Traslacional. Facultad de Ciencias Biomédicas^sUniversidad Austral-CONICET^pArgentina<|>^aFiore, E.^nLaboratorio de Terapia Génica, Instituto de Investigaciones en Medicina Traslacional. Facultad de Ciencias Biomédicas^sUniversidad Austral-CONICET^pArgentina<|>^aGandolfi Donadío, L.^nInstituto Nacional de Tecnología Industrial. Gerencia Operativa de Desarrollo Tecnológico e Innovación. Subgerencia Operativa de Industrias y Servicios. Departamento de Ingredientes Activos y Biorrefinería^sINTI-GODTeI-SOIyS^pArgentina<|>^aGandolfi Donadío, L.^nConsejo Nacional de Investigaciones Científicas y Técnicas^sCONICET^pArgentina<|>^aManzi, M.^nInstituto Nacional de Tecnología Industrial. Gerencia Operativa de Desarrollo Tecnológico e Innovación. Subgerencia Operativa de Industrias y Servicios. Departamento de Desarrollo Analítico y Control de Procesos^sINTI-GODTeI-SOIyS^pArgentina<|>^aRamírez, J.^nDepartamento Química Orgánica, FCEN-UBA-UMYMFOR-CONICET^pArgentina<|>^aMazzolini, G.^nLaboratorio de Terapia Génica, Instituto de Investigaciones en Medicina Traslacional. Facultad de Ciencias Biomédicas^sUniversidad Austral-CONICET^pArgentina<|>^aComin, M. J.^nInstituto Nacional de Tecnología Industrial. Gerencia Operativa de Desarrollo Tecnológico e Innovación. Subgerencia Operativa de Industrias y Servicios. Departamento de Ingredientes Activos y Biorrefinería^sINTI-GODTeI-SOIyS^pArgentina<|>^aComin, M. J.^nConsejo Nacional de Investigaciones Científicas y Técnicas^sCONICET^pArgentina;^aVera, Daniela Beatriz^nInstituto Nacional de Tecnología Industrial. Gerencia Operativa de Desarrollo Tecnológico e Innovación. Subgerencia Operativa de Industrias y Servicios. Departamento de Ingredientes Activos y Biorrefinería^sINTI-GODTeI-SOIyS^pArgentina<|>^aCiarlantini, Matías Sebastián^nInstituto Nacional de Tecnología Industrial. Gerencia Operativa de Desarrollo Tecnológico e Innovación. Subgerencia Operativa de Industrias y Servicios. Departamento de Ingredientes Activos y Biorrefinería^sINTI-GODTeI-SOIyS^pArgentina<|>^aBayo Fina, Juan Miguel^nLaboratorio de Terapia Génica, Instituto de Investigaciones en Medicina Traslacional. Facultad de Ciencias Biomédicas^sUniversidad Austral-CONICET^pArgentina<|>^aFiore, E.^nLaboratorio de Terapia Génica, Instituto de Investigaciones en Medicina Traslacional. Facultad de Ciencias Biomédicas^sUniversidad Austral-CONICET^pArgentina<|>^aGandolfi Donadío, L.^nInstituto Nacional de Tecnología Industrial. Gerencia Operativa de Desarrollo Tecnológico e Innovación. Subgerencia Operativa de Industrias y Servicios. Departamento de Ingredientes Activos y Biorrefinería^sINTI-GODTeI-SOIyS^pArgentina<|>^aGandolfi Donadío, L.^nConsejo Nacional de Investigaciones Científicas y Técnicas^sCONICET^pArgentina<|>^aManzi, M.^nInstituto Nacional de Tecnología Industrial. Gerencia Operativa de Desarrollo Tecnológico e Innovación. Subgerencia Operativa de Industrias y Servicios. Departamento de Desarrollo Analítico y Control de Procesos^sINTI-GODTeI-SOIyS^pArgentina<|>^aRamírez, J.^nDepartamento Química Orgánica, FCEN-UBA-UMYMFOR-CONICET^pArgentina<|>^aMazzolini, G.^nLaboratorio de Terapia Génica, Instituto de Investigaciones en Medicina Traslacional. Facultad de Ciencias Biomédicas^sUniversidad Austral-CONICET^pArgentina<|>^aComin, María Julieta^nInstituto Nacional de Tecnología Industrial. Gerencia Operativa de Desarrollo Tecnológico e Innovación. Subgerencia Operativa de Industrias y Servicios. Departamento de Ingredientes Activos y Biorrefinería^sINTI-GODTeI-SOIyS^pArgentina<|>^aComin, María Julieta^nConsejo Nacional de Investigaciones Científicas y Técnicas^sCONICET^pArgentina
050861;v26_Afiliacion_del_autor;^aTouloumdjian, Carolina Sofía^nInstituto Nacional de Tecnología Industrial. Gerencia Operativa de Desarrollo Tecnológico e Innovación. Subgerencia Operativa de Industrias y Servicios. Departamento de Ingredientes Activos^sINTI-GODTeI-SOIyS^pArgentina<|>^aTallone, Lucía^nInstituto Nacional de Tecnología Industrial. Gerencia Operativa de Desarrollo Tecnológico e Innovación. Subgerencia Operativa de Industrias y Servicios. Departamento de Ingredientes Activos^sINTI-GODTeI-SOIyS^pArgentina<|>^aElhalem, E.^nInstituto Nacional de Tecnología Industrial. Gerencia Operativa de Desarrollo Tecnológico e Innovación. Subgerencia Operativa de Industrias y Servicios. Departamento de Ingredientes Activos^sINTI-GODTeI-SOIyS^pArgentina<|>^aElhalem, E.^nConsejo Nacional de Investigaciones Científicas y Técnicas^sCONICET^pArgentina<|>^aComin, M. J.^nInstituto Nacional de Tecnología Industrial. Gerencia Operativa de Desarrollo Tecnológico e Innovación. Subgerencia Operativa de Industrias y Servicios. Departamento de Ingredientes Activos^sINTI-GODTeI-SOIyS^pArgentina<|>^aComin, M. J.^nConsejo Nacional de Investigaciones Científicas y Técnicas^sCONICET^pArgentina<|>^aGandolfi Donadío, L.^nInstituto Nacional de Tecnología Industrial. Gerencia Operativa de Desarrollo Tecnológico e Innovación. Subgerencia Operativa de Industrias y Servicios. Departamento de Ingredientes Activos^sINTI-GODTeI-SOIyS^pArgentina<|>^aGandolfi Donadío, L.^nConsejo Nacional de Investigaciones Científicas y Técnicas^sCONICET^pArgentina;^aTouloumdjian, Carolina Sofía^nInstituto Nacional de Tecnología Industrial. Gerencia Operativa de Desarrollo Tecnológico e Innovación. Subgerencia Operativa de Industrias y Servicios. Departamento de Ingredientes Activos^sINTI-GODTeI-SOIyS^pArgentina<|>^aTallone, Lucía^nInstituto Nacional de Tecnología Industrial. Gerencia Operativa de Desarrollo Tecnológico e Innovación. Subgerencia Operativa de Industrias y Servicios. Departamento de Ingredientes Activos^sINTI-GODTeI-SOIyS^pArgentina<|>^aElhalem, E.^nInstituto Nacional de Tecnología Industrial. Gerencia Operativa de Desarrollo Tecnológico e Innovación. Subgerencia Operativa de Industrias y Servicios. Departamento de Ingredientes Activos^sINTI-GODTeI-SOIyS^pArgentina<|>^aElhalem, E.^nConsejo Nacional de Investigaciones Científicas y Técnicas^sCONICET^pArgentina<|>^aComin, María Julieta^nInstituto Nacional de Tecnología Industrial. Gerencia Operativa de Desarrollo Tecnológico e Innovación. Subgerencia Operativa de Industrias y Servicios. Departamento de Ingredientes Activos^sINTI-GODTeI-SOIyS^pArgentina<|>^aComin, María Julieta^nConsejo Nacional de Investigaciones Científicas y Técnicas^sCONICET^pArgentina<|>^aGandolfi Donadío, L.^nInstituto Nacional de Tecnología Industrial. Gerencia Operativa de Desarrollo Tecnológico e Innovación. Subgerencia Operativa de Industrias y Servicios. Departamento de Ingredientes Activos^sINTI-GODTeI-SOIyS^pArgentina<|>^aGandolfi Donadío, L.^nConsejo Nacional de Investigaciones Científicas y Técnicas^sCONICET^pArgentina
050862;v26_Afiliacion_del_autor;^aFerrer Casal, M.^nInstituto Nacional de Tecnología Industrial. Gerencia Operativa de Desarrollo Tecnológico e Innovación. Subgerencia Operativa de Industrias y Servicios. Departamento de Ingredientes Activos y Biorrefinería^sINTI-GODTeI-SOIyS^pArgentina<|>^aComin, M. J.^nInstituto Nacional de Tecnología Industrial. Gerencia Operativa de Desarrollo Tecnológico e Innovación. Subgerencia Operativa de Industrias y Servicios. Departamento de Ingredientes Activos y Biorrefinería^sINTI-GODTeI-SOIyS^pArgentina<|>^aComin, M. J.^nConsejo Nacional de Investigaciones Científicas y Técnicas^sCONICET^pArgentina<|>^aGandolfi, L.^nInstituto Nacional de Tecnología Industrial. Gerencia Operativa de Desarrollo Tecnológico e Innovación. Subgerencia Operativa de Industrias y Servicios. Departamento de Ingredientes Activos y Biorrefinería^sINTI-GODTeI-SOIyS^pArgentina<|>^aGandolfi, L.^nConsejo Nacional de Investigaciones Científicas y Técnicas^sCONICET^pArgentina<|>^aElhalem, E.^nInstituto Nacional de Tecnología Industrial. Gerencia Operativa de Desarrollo Tecnológico e Innovación. Subgerencia Operativa de Industrias y Servicios. Departamento de Ingredientes Activos y Biorrefinería^sINTI-GODTeI-SOIyS^pArgentina<|>^aElhalem, E.^nConsejo Nacional de Investigaciones Científicas y Técnicas^sCONICET^pArgentina;^aFerrer Casal, M.^nInstituto Nacional de Tecnología Industrial. Gerencia Operativa de Desarrollo Tecnológico e Innovación. Subgerencia Operativa de Industrias y Servicios. Departamento de Ingredientes Activos y Biorrefinería^sINTI-GODTeI-SOIyS^pArgentina<|>^aComin, María Julieta^nInstituto Nacional de Tecnología Industrial. Gerencia Operativa de Desarrollo Tecnológico e Innovación. Subgerencia Operativa de Industrias y Servicios. Departamento de Ingredientes Activos y Biorrefinería^sINTI-GODTeI-SOIyS^pArgentina<|>^aComin, María Julieta^nConsejo Nacional de Investigaciones Científicas y Técnicas^sCONICET^pArgentina<|>^aGandolfi, L.^nInstituto Nacional de Tecnología Industrial. Gerencia Operativa de Desarrollo Tecnológico e Innovación. Subgerencia Operativa de Industrias y Servicios. Departamento de Ingredientes Activos y Biorrefinería^sINTI-GODTeI-SOIyS^pArgentina<|>^aGandolfi, L.^nConsejo Nacional de Investigaciones Científicas y Técnicas^sCONICET^pArgentina<|>^aElhalem, E.^nInstituto Nacional de Tecnología Industrial. Gerencia Operativa de Desarrollo Tecnológico e Innovación. Subgerencia Operativa de Industrias y Servicios. Departamento de Ingredientes Activos y Biorrefinería^sINTI-GODTeI-SOIyS^pArgentina<|>^aElhalem, E.^nConsejo Nacional de Investigaciones Científicas y Técnicas^sCONICET^pArgentina
050877;v26_Afiliacion_del_autor;^aBensignor, Judith^nInstituto Nacional de Tecnología Industrial. Dirección Operativa. Gerencia Operativa de Servicios Industriales. Subgerencia Operativa de Química y Ambiente. Dirección Técnica Químico Ambiental Sustentable. Departamento de Manejo y Gestión de Sustancias Químicas^sINTI-GOSI-SOQyA^pArgentina<|>^aStorino, A.^nInstituto Nacional de Tecnología Industrial. Dirección Operativa. Gerencia Operativa de Servicios Industriales. Subgerencia Operativa de Química y Ambiente. Dirección Técnica Químico Ambiental Sustentable. Departamento de Manejo y Gestión de Sustancias Químicas^sINTI-GOSI-SOQyA^pArgentina<|>^aParise, C.^nInstituto Nacional de Tecnología Industrial. Dirección Operativa. Gerencia Operativa de Servicios Industriales. Subgerencia Operativa de Química y Ambiente. Dirección Técnica Químico Ambiental Sustentable. Departamento de Manejo y Gestión de Sustancias Químicas^sINTI-GOSI-SOQyA^pArgentina<|>^aPlanes, E.^nUniversidad Nacional de San Martín. 3iA-Instituto de Investigación e Ingeniería Ambiental^sUNSAM-3iA^pArgentina<|>^aCamargo Zorzoli, A.^nInstituto Nacional de Tecnología Industrial. Dirección Operativa. Gerencia Operativa de Servicios Industriales. Subgerencia Operativa de Tecnologías de Gestión y Conocimiento. Departamento de Trabajo y Educación a Distancia^sINTI-GOSI-SOTGyC^pArgentina;^aBensignor, Judith^nInstituto Nacional de Tecnología Industrial. Dirección Operativa. Gerencia Operativa de Servicios Industriales. Subgerencia Operativa de Química y Ambiente. Dirección Técnica Químico Ambiental Sustentable. Departamento de Manejo y Gestión de Sustancias Químicas^sINTI-GOSI-SOQyA^pArgentina<|>^aStorino, A.^nInstituto Nacional de Tecnología Industrial. Dirección Operativa. Gerencia Operativa de Servicios Industriales. Subgerencia Operativa de Química y Ambiente. Dirección Técnica Químico Ambiental Sustentable. Departamento de Manejo y Gestión de Sustancias Químicas^sINTI-GOSI-SOQyA^pArgentina<|>^aParise, C.^nInstituto Nacional de Tecnología Industrial. Dirección Operativa. Gerencia Operativa de Servicios Industriales. Subgerencia Operativa de Química y Ambiente. Dirección Técnica Químico Ambiental Sustentable. Departamento de Manejo y Gestión de Sustancias Químicas^sINTI-GOSI-SOQyA^pArgentina<|>^aPlanes, E.^nUniversidad Nacional de San Martín. 3iA-Instituto de Investigación e Ingeniería Ambiental^sUNSAM-3iA^pArgentina<|>^aCamargo Zorzoli, Alejandra Iris^nInstituto Nacional de Tecnología Industrial. Dirección Operativa. Gerencia Operativa de Servicios Industriales. Subgerencia Operativa de Tecnologías de Gestión y Conocimiento. Departamento de Trabajo y Educación a Distancia^sINTI-GOSI-SOTGyC^pArgentina
050880;v26_Afiliacion_del_autor;^aAlbisu, María Lucila^nInstituto Nacional de Tecnología Industrial. Dirección Operativa. Gerencia Operativa de Asistencia Regional. Subgerencia Operativa Regional Cuyo. Dirección Técnica de Industrias Extractivas y Manufactureras Cuyo^sINTI-GOAR^pArgentina<|>^aArmando, Rocío Carolina^nInstituto Nacional de Tecnología Industrial. Gerencia Operativa de Servicios Industriales. Subgerencia Operativa de Tecnologías de Gestión y Conocimiento. Dirección Técnica de Tecnologías de Gestión^sINTI-GOAR^pArgentina<|>^aBedatou, Lía^nInstituto Nacional de Tecnología Industrial. Dirección Operativa. Gerencia Operativa de Asistencia Regional. Subgerencia Operativa Regional Cuyo. Dirección Técnica de Industrias Extractivas y Manufactureras Cuyo. Departamento de Mejora de Productividad, Proyectos y Tecnologías de Gestión Cuyo^sINTI-GOAR^pArgentina<|>^aBielli, Roque Arnaldo^nInstituto Nacional de Tecnología Industrial. Dirección Operativa. Gerencia Operativa de Asistencia Regional. Subgerencia Operativa Regional Cuyo. Dirección Técnica de Industrias Extractivas y Manufactureras Cuyo. Departamento de Mejora de Productividad, Proyectos y Tecnologías de Gestión Cuyo^sINTI-GOAR^pArgentina<|>^aBigoglio, Patricio Pablo^nInstituto Nacional de Tecnología Industrial. Gerencia Operativa de Servicios Industriales. Subgerencia Operativa de Tecnologías de Gestión y Conocimiento. Dirección Técnica de Tecnologías de Gestión. Departamento de Tecnologías de Gestión Buenos Aires^sINTI-GOSI-SOTGyC^pArgentina<|>^aCampoy, Carla Florencia^nInstituto Nacional de Tecnología Industrial. Dirección Operativa. Gerencia Operativa de Asistencia Regional. Subgerencia Operativa Regional Cuyo. Dirección Técnica de Industrias Extractivas y Manufactureras Cuyo. Departamento de Mejora de Productividad, Proyectos y Tecnologías de Gestión Cuyo^sINTI-GOAR^pArgentina<|>^aCarola, Luis Federico José^nInstituto Nacional de Tecnología Industrial. Gerencia Operativa de Servicios Industriales. Subgerencia Operativa de Tecnologías de Gestión y Conocimiento. Dirección Técnica de Tecnologías de Gestión. Departamento de Tecnologías de Gestión Buenos Aires^sINTI-GOSI-SOTGyC^pArgentina<|>^aGianassi, E.^nInstituto Nacional de Tecnología Industrial. Gerencia Operativa de Servicios Industriales. Subgerencia Operativa de Tecnologías de Gestión y Conocimiento. Dirección Técnica de Tecnologías de Gestión^sINTI-GOSI-SOTGyC^pArgentina<|>^aKorb, Mariel Lioren^nInstituto Nacional de Tecnología Industrial. Dirección Operativa. Gerencia Operativa de Asistencia Regional. Subgerencia Operativa Regional Cuyo. Dirección Técnica de Industrias Extractivas y Manufactureras Cuyo. Departamento de Mejora de Productividad, Proyectos y Tecnologías de Gestión Cuyo^sINTI-GOAR^pArgentina<|>^aLagier, M. E.^nInstituto Nacional de Tecnología Industrial. Gerencia Operativa de Servicios Industriales. Subgerencia Operativa de Tecnologías de Gestión y Conocimiento. Dirección Técnica de Tecnologías de Gestión. Departamento de Tecnologías de Gestión Buenos Aires^sINTI-GOSI-SOTGyC^pArgentina<|>^aLagier, M. E.^nInstituto Nacional de Tecnología Industrial. Dirección Operativa. Gerencia Operativa de Servicios Industriales. Subgerencia Operativa de Tecnologías De Gestión y Conocimiento. Departamento de Trabajo y Educación a Distancia^sINTI-GOSI-SOTGyC^pArgentina<|>^aMamone, D.^nInstituto Nacional de Tecnología Industrial. Dirección Operativa. Gerencia Operativa de Servicios Industriales. Subgerencia Operativa de Tecnologías De Gestión y Conocimiento. Departamento de Trabajo y Educación a Distancia^sINTI-GOSI-SOTGyC^pArgentina<|>^aMartínez, Emiliano^nInstituto Nacional de Tecnología Industrial. Dirección Operativa. Gerencia Operativa de Asistencia Regional. Subgerencia Operativa Regional Pampeana. Dirección Técnica Regional Buenos Aires. Departamento de Tecnologías de Gestión Pampeana^sINTI-GOAR^pArgentina<|>^aNúñez, G. M.^nInstituto Nacional de Tecnología Industrial. Gerencia Operativa de Servicios Industriales. Subgerencia Operativa de Tecnologías de Gestión y Conocimiento. Dirección Técnica de Tecnologías de Gestión. Departamento de Tecnologías de Gestión Buenos Aires^sINTI-GOSI-SOTGyC^pArgentina<|>^aOrellana, Nicolás^nInstituto Nacional de Tecnología Industrial. Dirección Operativa. Gerencia Operativa de Asistencia Regional. Subgerencia Operativa Regional Cuyo. Dirección Técnica de Industrias Extractivas y Manufactureras Cuyo. Departamento de Mejora de Productividad, Proyectos y Tecnologías de Gestión Cuyo^sINTI-GOAR^pArgentina<|>^aPeralta, D.^nInstituto Nacional de Tecnología Industrial. Dirección Operativa. Gerencia Operativa de Asistencia Regional. Subgerencia Operativa Regional Cuyo. Dirección Técnica de Industrias Extractivas y Manufactureras Cuyo. Departamento de Mejora de Productividad, Proyectos y Tecnologías de Gestión Cuyo^sINTI-GOAR^pArgentina<|>^aRichard, Ayelén^nInstituto Nacional de Tecnología Industrial. Gerencia Operativa de Servicios Industriales. Subgerencia Operativa de Tecnologías de Gestión y Conocimiento. Dirección Técnica de Tecnologías de Gestión. Departamento de Tecnologías de Gestión Buenos Aires^sINTI-GOSI-SOTGyC^pArgentina<|>^aScalvasio, R.^nInstituto Nacional de Tecnología Industrial. Gerencia Operativa de Servicios Industriales. Subgerencia Operativa de Tecnologías de Gestión y Conocimiento. Dirección Técnica de Tecnologías de Gestión^sINTI-GOAR^pArgentina<|>^aStrano, Franco^nInstituto Nacional de Tecnología Industrial. Gerencia Operativa de Servicios Industriales. Subgerencia Operativa de Tecnologías de Gestión y Conocimiento. Dirección Técnica de Tecnologías de Gestión. Departamento de Tecnologías de Gestión Buenos Aires^sINTI-GOSI-SOTGyC^pArgentina<|>^aVivas, S.^nInstituto Nacional de Tecnología Industrial. Gerencia Operativa de Servicios Industriales. Subgerencia Operativa de Tecnologías de Gestión y Conocimiento. Dirección Técnica de Tecnologías de Gestión^sINTI-GOAR^pArgentina;^aAlbisu, María Lucila^nInstituto Nacional de Tecnología Industrial. Dirección Operativa. Gerencia Operativa de Asistencia Regional. Subgerencia Operativa Regional Cuyo. Dirección Técnica de Industrias Extractivas y Manufactureras Cuyo^sINTI-GOAR^pArgentina<|>^aArmando, Rocío Carolina^nInstituto Nacional de Tecnología Industrial. Gerencia Operativa de Servicios Industriales. Subgerencia Operativa de Tecnologías de Gestión y Conocimiento. Dirección Técnica de Tecnologías de Gestión^sINTI-GOAR^pArgentina<|>^aBedatou, Lía^nInstituto Nacional de Tecnología Industrial. Dirección Operativa. Gerencia Operativa de Asistencia Regional. Subgerencia Operativa Regional Cuyo. Dirección Técnica de Industrias Extractivas y Manufactureras Cuyo. Departamento de Mejora de Productividad, Proyectos y Tecnologías de Gestión Cuyo^sINTI-GOAR^pArgentina<|>^aBielli, Roque Arnaldo^nInstituto Nacional de Tecnología Industrial. Dirección Operativa. Gerencia Operativa de Asistencia Regional. Subgerencia Operativa Regional Cuyo. Dirección Técnica de Industrias Extractivas y Manufactureras Cuyo. Departamento de Mejora de Productividad, Proyectos y Tecnologías de Gestión Cuyo^sINTI-GOAR^pArgentina<|>^aBigoglio, Patricio Pablo^nInstituto Nacional de Tecnología Industrial. Gerencia Operativa de Servicios Industriales. Subgerencia Operativa de Tecnologías de Gestión y Conocimiento. Dirección Técnica de Tecnologías de Gestión. Departamento de Tecnologías de Gestión Buenos Aires^sINTI-GOSI-SOTGyC^pArgentina<|>^aCampoy, Carla Florencia^nInstituto Nacional de Tecnología Industrial. Dirección Operativa. Gerencia Operativa de Asistencia Regional. Subgerencia Operativa Regional Cuyo. Dirección Técnica de Industrias Extractivas y Manufactureras Cuyo. Departamento de Mejora de Productividad, Proyectos y Tecnologías de Gestión Cuyo^sINTI-GOAR^pArgentina<|>^aCarola, Luis Federico José^nInstituto Nacional de Tecnología Industrial. Gerencia Operativa de Servicios Industriales. Subgerencia Operativa de Tecnologías de Gestión y Conocimiento. Dirección Técnica de Tecnologías de Gestión. Departamento de Tecnologías de Gestión Buenos Aires^sINTI-GOSI-SOTGyC^pArgentina<|>^aGianassi, E.^nInstituto Nacional de Tecnología Industrial. Gerencia Operativa de Servicios Industriales. Subgerencia Operativa de Tecnologías de Gestión y Conocimiento. Dirección Técnica de Tecnologías de Gestión^sINTI-GOSI-SOTGyC^pArgentina<|>^aKorb, Mariel Lioren^nInstituto Nacional de Tecnología Industrial. Dirección Operativa. Gerencia Operativa de Asistencia Regional. Subgerencia Operativa Regional Cuyo. Dirección Técnica de Industrias Extractivas y Manufactureras Cuyo. Departamento de Mejora de Productividad, Proyectos y Tecnologías de Gestión Cuyo^sINTI-GOAR^pArgentina<|>^aLagier, María Eugenia^nInstituto Nacional de Tecnología Industrial. Gerencia Operativa de Servicios Industriales. Subgerencia Operativa de Tecnologías de Gestión y Conocimiento. Dirección Técnica de Tecnologías de Gestión. Departamento de Tecnologías de Gestión Buenos Aires^sINTI-GOSI-SOTGyC^pArgentina<|>^aLagier, María Eugenia^nInstituto Nacional de Tecnología Industrial. Dirección Operativa. Gerencia Operativa de Servicios Industriales. Subgerencia Operativa de Tecnologías De Gestión y Conocimiento. Departamento de Trabajo y Educación a Distancia^sINTI-GOSI-SOTGyC^pArgentina<|>^aMamone, D.^nInstituto Nacional de Tecnología Industrial. Dirección Operativa. Gerencia Operativa de Servicios Industriales. Subgerencia Operativa de Tecnologías De Gestión y Conocimiento. Departamento de Trabajo y Educación a Distancia^sINTI-GOSI-SOTGyC^pArgentina<|>^aMartínez, Emiliano^nInstituto Nacional de Tecnología Industrial. Dirección Operativa. Gerencia Operativa de Asistencia Regional. Subgerencia Operativa Regional Pampeana. Dirección Técnica Regional Buenos Aires. Departamento de Tecnologías de Gestión Pampeana^sINTI-GOAR^pArgentina<|>^aNúñez, G. M.^nInstituto Nacional de Tecnología Industrial. Gerencia Operativa de Servicios Industriales. Subgerencia Operativa de Tecnologías de Gestión y Conocimiento. Dirección Técnica de Tecnologías de Gestión. Departamento de Tecnologías de Gestión Buenos Aires^sINTI-GOSI-SOTGyC^pArgentina<|>^aOrellana, Nicolás^nInstituto Nacional de Tecnología Industrial. Dirección Operativa. Gerencia Operativa de Asistencia Regional. Subgerencia Operativa Regional Cuyo. Dirección Técnica de Industrias Extractivas y Manufactureras Cuyo. Departamento de Mejora de Productividad, Proyectos y Tecnologías de Gestión Cuyo^sINTI-GOAR^pArgentina<|>^aPeralta, D.^nInstituto Nacional de Tecnología Industrial. Dirección Operativa. Gerencia Operativa de Asistencia Regional. Subgerencia Operativa Regional Cuyo. Dirección Técnica de Industrias Extractivas y Manufactureras Cuyo. Departamento de Mejora de Productividad, Proyectos y Tecnologías de Gestión Cuyo^sINTI-GOAR^pArgentina<|>^aRichard, Ayelén^nInstituto Nacional de Tecnología Industrial. Gerencia Operativa de Servicios Industriales. Subgerencia Operativa de Tecnologías de Gestión y Conocimiento. Dirección Técnica de Tecnologías de Gestión. Departamento de Tecnologías de Gestión Buenos Aires^sINTI-GOSI-SOTGyC^pArgentina<|>^aScalvasio, R.^nInstituto Nacional de Tecnología Industrial. Gerencia Operativa de Servicios Industriales. Subgerencia Operativa de Tecnologías de Gestión y Conocimiento. Dirección Técnica de Tecnologías de Gestión^sINTI-GOAR^pArgentina<|>^aStrano, Franco^nInstituto Nacional de Tecnología Industrial. Gerencia Operativa de Servicios Industriales. Subgerencia Operativa de Tecnologías de Gestión y Conocimiento. Dirección Técnica de Tecnologías de Gestión. Departamento de Tecnologías de Gestión Buenos Aires^sINTI-GOSI-SOTGyC^pArgentina<|>^aVivas, S.^nInstituto Nacional de Tecnología Industrial. Gerencia Operativa de Servicios Industriales. Subgerencia Operativa de Tecnologías de Gestión y Conocimiento. Dirección Técnica de Tecnologías de Gestión^sINTI-GOAR^pArgentina
050893;v26_Afiliacion_del_autor;^aÁlvarez, Carolina^nInstituto Nacional de Tecnología Agropecuaria. Estación Experimental Agropecuaria Manfredi^sINTA^pArgentina<|>^aBongiovanni, R.^nInstituto Nacional de Tecnología Agropecuaria. Estación Experimental Agropecuaria Manfredi^sINTA^pArgentina<|>^aBainotti, C.^nInstituto Nacional de Tecnología Agropecuaria. Estación Experimental Agropecuaria Marcos Juárez^sINTA^pArgentina<|>^aFraschina, J.^nInstituto Nacional de Tecnología Agropecuaria. Estación Experimental Agropecuaria Marcos Juárez^sINTA^pArgentina<|>^aFalabella, C.^nInstituto Nacional de Tecnología Industrial. Gerencia Operativa de Desarrollo Tecnológico e Innovación. Subgerencia Operativa de Tecnología de Alimentos. Departamento de Desarrollo de Ingredientes^sINTI-GODTeL-SOTA^pArgentina<|>^aMinaglia, M.^nInstituto Nacional de Tecnología Industrial. Dirección Operativa. Gerencia Operativa de Asistencia Regional. Subgerencia Operativa Regional Centro. Dirección Técnica Centro Oriental. Departamento de Medio Ambiente Centro^sINTI-GOAR^pArgentina<|> ^aTuninetti, Leticia^nInstituto Nacional de Tecnología Industrial. Dirección Operativa. Gerencia Operativa de Asistencia Regional. Subgerencia Operativa Regional Centro. Dirección Técnica Centro Occidental. Departamento de Química Analítica y Residuos Urbanos Centro^sINTI-GOAR^pArgentina<|>^aZito, Diego Maximiliano^nInstituto Nacional de Tecnología Industrial. Dirección Operativa. Gerencia Operativa de Servicios Industriales. Subgerencia Operativa de Química y Ambiente. Dirección Técnica Químico Ambiental Sustentable. Departamento de Sistemas y Herramientas para el Desarrollo Sustentable^sINTI-GOSI-SOQyA^pArgentina;^aÁlvarez, Carolina^nInstituto Nacional de Tecnología Agropecuaria. Estación Experimental Agropecuaria Manfredi^sINTA^pArgentina<|>^aBongiovanni, Rodolfo^nInstituto Nacional de Tecnología Agropecuaria. Estación Experimental Agropecuaria Manfredi^sINTA^pArgentina<|>^aBainotti, Carlos Tomás^nInstituto Nacional de Tecnología Agropecuaria. Estación Experimental Agropecuaria Marcos Juárez^sINTA^pArgentina<|>^aFraschina, J.^nInstituto Nacional de Tecnología Agropecuaria. Estación Experimental Agropecuaria Marcos Juárez^sINTA^pArgentina<|>^aFalabella, C.^nInstituto Nacional de Tecnología Industrial. Gerencia Operativa de Desarrollo Tecnológico e Innovación. Subgerencia Operativa de Tecnología de Alimentos. Departamento de Desarrollo de Ingredientes^sINTI-GODTeL-SOTA^pArgentina<|>^aMinaglia, M.^nInstituto Nacional de Tecnología Industrial. Dirección Operativa. Gerencia Operativa de Asistencia Regional. Subgerencia Operativa Regional Centro. Dirección Técnica Centro Oriental. Departamento de Medio Ambiente Centro^sINTI-GOAR^pArgentina<|> ^aTuninetti, Leticia^nInstituto Nacional de Tecnología Industrial. Dirección Operativa. Gerencia Operativa de Asistencia Regional. Subgerencia Operativa Regional Centro. Dirección Técnica Centro Occidental. Departamento de Química Analítica y Residuos Urbanos Centro^sINTI-GOAR^pArgentina<|>^aZito, Diego Maximiliano^nInstituto Nacional de Tecnología Industrial. Dirección Operativa. Gerencia Operativa de Servicios Industriales. Subgerencia Operativa de Química y Ambiente. Dirección Técnica Químico Ambiental Sustentable. Departamento de Sistemas y Herramientas para el Desarrollo Sustentable^sINTI-GOSI-SOQyA^pArgentina
050896;v26_Afiliacion_del_autor;^aBabaro, Juan Pablo^nInstituto Nacional de Tecnología Industrial. Dirección Operativa. Gerencia Operativa de Metrología y Calidad. Subgerencia Operativa de Metrología Científica e Industrial. Dirección Técnica de Metrología Física. Departamento de Luminotecnia^sINTI-GOMyC-SOMCeI^pArgentina<|>^aZinzallari, Alberto^nInstituto Nacional de Tecnología Industrial. Dirección Operativa. Gerencia Operativa de Metrología y Calidad. Subgerencia Operativa de Metrología Científica e Industrial. Dirección Técnica de Metrología Física. Departamento de Luminotecnia^sINTI-GOMyC-SOMCeI^pArgentina<|>^aMantellini, A.^nInstituto Nacional de Tecnología Industrial. Dirección Operativa. Gerencia Operativa de Metrología y Calidad. Subgerencia Operativa de Metrología Científica e Industrial. Dirección Técnica de Metrología Física. Departamento de Luminotecnia^sINTI-GOMyC-SOMCeI^pArgentina<|>^aJazwinski, Edgardo Leonel^nInstituto Nacional de Tecnología Industrial. Dirección Operativa. Gerencia Operativa de Metrología y Calidad. Subgerencia Operativa de Metrología Científica e Industrial. Dirección Técnica de Metrología Física. Departamento de Luminotecnia^sINTI-GOMyC-SOMCeI^pArgentina<|>^aBonanno, C.^nInstituto Nacional de Tecnología Industrial. Dirección Operativa. Gerencia Operativa de Metrología y Calidad. Subgerencia Operativa de Metrología Científica e Industrial. Dirección Técnica de Metrología Física. Departamento de Luminotecnia^sINTI-GOMyC-SOMCeI^pArgentina<|>^aBoggio Marzet, G.^nInstituto Nacional de Tecnología Industrial. Dirección Operativa. Gerencia Operativa de Metrología y Calidad. Subgerencia Operativa de Metrología Científica e Industrial. Dirección Técnica de Metrología Física. Departamento de Luminotecnia^sINTI-GOMyC-SOMCeI^pArgentina<|>^aScatena, E.^nInstituto Nacional de Tecnología Industrial. Dirección Operativa. Gerencia Operativa de Metrología y Calidad. Subgerencia Operativa de Metrología Científica e Industrial. Dirección Técnica de Metrología Física. Departamento de Luminotecnia^sINTI-GOMyC-SOMCeI^pArgentina;^aBabaro, Juan Pablo^nInstituto Nacional de Tecnología Industrial. Dirección Operativa. Gerencia Operativa de Metrología y Calidad. Subgerencia Operativa de Metrología Científica e Industrial. Dirección Técnica de Metrología Física. Departamento de Luminotecnia^sINTI-GOMyC-SOMCeI^pArgentina<|>^aZinzallari, Alberto^nInstituto Nacional de Tecnología Industrial. Dirección Operativa. Gerencia Operativa de Metrología y Calidad. Subgerencia Operativa de Metrología Científica e Industrial. Dirección Técnica de Metrología Física. Departamento de Luminotecnia^sINTI-GOMyC-SOMCeI^pArgentina<|>^aMantellini, A.^nInstituto Nacional de Tecnología Industrial. Dirección Operativa. Gerencia Operativa de Metrología y Calidad. Subgerencia Operativa de Metrología Científica e Industrial. Dirección Técnica de Metrología Física. Departamento de Luminotecnia^sINTI-GOMyC-SOMCeI^pArgentina<|>^aJazwinski, Edgardo Leonel^nInstituto Nacional de Tecnología Industrial. Dirección Operativa. Gerencia Operativa de Metrología y Calidad. Subgerencia Operativa de Metrología Científica e Industrial. Dirección Técnica de Metrología Física. Departamento de Luminotecnia^sINTI-GOMyC-SOMCeI^pArgentina<|>^aBonanno, Claudio Mario^nInstituto Nacional de Tecnología Industrial. Dirección Operativa. Gerencia Operativa de Metrología y Calidad. Subgerencia Operativa de Metrología Científica e Industrial. Dirección Técnica de Metrología Física. Departamento de Luminotecnia^sINTI-GOMyC-SOMCeI^pArgentina<|>^aBoggio Marzet, Gustavo^nInstituto Nacional de Tecnología Industrial. Dirección Operativa. Gerencia Operativa de Metrología y Calidad. Subgerencia Operativa de Metrología Científica e Industrial. Dirección Técnica de Metrología Física. Departamento de Luminotecnia^sINTI-GOMyC-SOMCeI^pArgentina<|>^aScatena, Eduardo^nInstituto Nacional de Tecnología Industrial. Dirección Operativa. Gerencia Operativa de Metrología y Calidad. Subgerencia Operativa de Metrología Científica e Industrial. Dirección Técnica de Metrología Física. Departamento de Luminotecnia^sINTI-GOMyC-SOMCeI^pArgentina
050899;v26_Afiliacion_del_autor;^aPujol, E.^nInstituto Nacional de Tecnología Industrial. Dirección Operativa. Gerencia Operativa de Servicios Industriales. Subgerencia Operativa de Tecnologías De Gestión y Conocimiento. Departamento de Trabajo y Educación a Distancia^sINTI-GOSI-SOTGyC^pArgentina<|>^aCamargo Zorzoli, Alejandra Iris^nInstituto Nacional de Tecnología Industrial. Dirección Operativa. Gerencia Operativa de Servicios Industriales. Subgerencia Operativa de Tecnologías De Gestión y Conocimiento. Departamento de Trabajo y Educación a Distancia^sINTI-GOSI-SOTGyC^pArgentina<|>^aZilber, A.^nInstituto Nacional de Tecnología Industrial. Dirección Operativa. Gerencia Operativa de Servicios Industriales. Subgerencia Operativa de Tecnologías De Gestión y Conocimiento. Departamento de Trabajo y Educación a Distancia^sINTI-GOSI-SOTGyC^pArgentina<|>^aSan Miguel, S.^nInstituto Nacional de Tecnología Industrial. Dirección Operativa. Gerencia Operativa de Servicios Industriales. Subgerencia Operativa de Tecnologías De Gestión y Conocimiento. Departamento de Trabajo y Educación a Distancia^sINTI-GOSI-SOTGyC^pArgentina<|>^aSaul, F.^nInstituto Nacional de Tecnología Industrial. Dirección Operativa. Gerencia Operativa de Servicios Industriales. Subgerencia Operativa de Tecnologías De Gestión y Conocimiento. Departamento de Trabajo y Educación a Distancia^sINTI-GOSI-SOTGyC^pArgentina<|>^aNajul, J. C.^nInstituto Nacional de Tecnología Industrial. Dirección Operativa. Gerencia Operativa de Asistencia Regional. Subgerencia Operativa Regional Cuyo. Dirección Técnica Indust. Extractivas y Manufactureras Cuyo. Departamento de Producción Sustentable Cuyo^sINTI-GOAR^pArgentina<|>^aVanin, N.^nInstituto Nacional de Tecnología Industrial. Dirección Operativa. Gerencia Operativa de Asistencia Regional. Subgerencia Operativa Regional Cuyo. Dirección Técnica Indust. Extractivas y Manufactureras Cuyo. Departamento de Producción Sustentable Cuyo^sINTI-GOAR^pArgentina<|>^aTacaliti, Luciana^nInstituto Nacional de Tecnología Industrial. Dirección Operativa. Gerencia Operativa de Asistencia Regional. Subgerencia Operativa Regional Cuyo. Dirección Técnica Indust. Extractivas y Manufactureras Cuyo. Departamento de Producción Sustentable Cuyo^sINTI-GOAR^pArgentina;^aPujol, E.^nInstituto Nacional de Tecnología Industrial. Dirección Operativa. Gerencia Operativa de Servicios Industriales. Subgerencia Operativa de Tecnologías De Gestión y Conocimiento. Departamento de Trabajo y Educación a Distancia^sINTI-GOSI-SOTGyC^pArgentina<|>^aCamargo Zorzoli, Alejandra Iris^nInstituto Nacional de Tecnología Industrial. Dirección Operativa. Gerencia Operativa de Servicios Industriales. Subgerencia Operativa de Tecnologías De Gestión y Conocimiento. Departamento de Trabajo y Educación a Distancia^sINTI-GOSI-SOTGyC^pArgentina<|>^aZilber, Alejandra^nInstituto Nacional de Tecnología Industrial. Dirección Operativa. Gerencia Operativa de Servicios Industriales. Subgerencia Operativa de Tecnologías De Gestión y Conocimiento. Departamento de Trabajo y Educación a Distancia^sINTI-GOSI-SOTGyC^pArgentina<|>^aSan Miguel, S.^nInstituto Nacional de Tecnología Industrial. Dirección Operativa. Gerencia Operativa de Servicios Industriales. Subgerencia Operativa de Tecnologías De Gestión y Conocimiento. Departamento de Trabajo y Educación a Distancia^sINTI-GOSI-SOTGyC^pArgentina<|>^aSaul, F.^nInstituto Nacional de Tecnología Industrial. Dirección Operativa. Gerencia Operativa de Servicios Industriales. Subgerencia Operativa de Tecnologías De Gestión y Conocimiento. Departamento de Trabajo y Educación a Distancia^sINTI-GOSI-SOTGyC^pArgentina<|>^aNajul, Juan Carlos^nInstituto Nacional de Tecnología Industrial. Dirección Operativa. Gerencia Operativa de Asistencia Regional. Subgerencia Operativa Regional Cuyo. Dirección Técnica Indust. Extractivas y Manufactureras Cuyo. Departamento de Producción Sustentable Cuyo^sINTI-GOAR^pArgentina<|>^aVanin, Silvia Natalia^nInstituto Nacional de Tecnología Industrial. Dirección Operativa. Gerencia Operativa de Asistencia Regional. Subgerencia Operativa Regional Cuyo. Dirección Técnica Indust. Extractivas y Manufactureras Cuyo. Departamento de Producción Sustentable Cuyo^sINTI-GOAR^pArgentina<|>^aTacaliti, Luciana^nInstituto Nacional de Tecnología Industrial. Dirección Operativa. Gerencia Operativa de Asistencia Regional. Subgerencia Operativa Regional Cuyo. Dirección Técnica Indust. Extractivas y Manufactureras Cuyo. Departamento de Producción Sustentable Cuyo^sINTI-GOAR^pArgentina
050911;v26_Afiliacion_del_autor;^aAltamirano, P. M.^nInstituto Nacional de Tecnología Industrial. Gerencia Operativa de Desarrollo Tecnológico e Innovación. Subgerencia Operativa de Áreas del Conocimiento. Dirección Técnica de Materiales Avanzados. Departamento de Ingeniería^pINTI-GODTeI-SOAC^pArgentina<|>^aAltamirano, P. M.^nUniversidad Nacional de San Martín. Instituto Sábato^pUNSAM^pArgentina<|>^aKappes, M. A.^nUniversidad Nacional de San Martín. Instituto Sábato^pUNSAM^pArgentina<|>^aKappes, M. A.^nComisión Nacional de Energía Atómica^pCNEA^pArgentina<|>^aRodríguez, M. A.^nUniversidad Nacional de San Martín. Instituto Sábato^pUNSAM^pArgentina<|>^aRodríguez, M. A.^nComisión Nacional de Energía Atómica^pCNEA^pArgentina;^aAltamirano, Pablo Martín^nInstituto Nacional de Tecnología Industrial. Gerencia Operativa de Desarrollo Tecnológico e Innovación. Subgerencia Operativa de Áreas del Conocimiento. Dirección Técnica de Materiales Avanzados. Departamento de Ingeniería^pINTI-GODTeI-SOAC^pArgentina<|>^aAltamirano, Pablo Martín^nUniversidad Nacional de San Martín. Instituto Sábato^pUNSAM^pArgentina<|>^aKappes, M. A.^nUniversidad Nacional de San Martín. Instituto Sábato^pUNSAM^pArgentina<|>^aKappes, M. A.^nComisión Nacional de Energía Atómica^pCNEA^pArgentina<|>^aRodríguez, Matías Agustín^nUniversidad Nacional de San Martín. Instituto Sábato^pUNSAM^pArgentina<|>^aRodríguez, Matías Agustín^nComisión Nacional de Energía Atómica^pCNEA^pArgentina
050912;v26_Afiliacion_del_autor;^aAltamirano, P. M.^nInstituto Nacional de Tecnología Industrial. Gerencia Operativa de Desarrollo Tecnológico e Innovación. Subgerencia Operativa de Áreas del Conocimiento. Dirección Técnica de Materiales Avanzados. Departamento de Ingeniería^pINTI-GODTeI-SOAC^pArgentina<|>^aAltamirano, P. M.^nUniversidad Nacional de San Martín. Instituto Sábato^pUNSAM^pArgentina<|>^aKappes, M. A.^nUniversidad Nacional de San Martín. Instituto Sábato^pUNSAM^pArgentina<|>^aKappes, M. A.^nComisión Nacional de Energía Atómica^pCNEA^pArgentina<|>^aRodríguez, M. A.^nUniversidad Nacional de San Martín. Instituto Sábato^pUNSAM^pArgentina<|>^aRodríguez, M. A.^nComisión Nacional de Energía Atómica^pCNEA^pArgentina;^aAltamirano, Pablo Martín^nInstituto Nacional de Tecnología Industrial. Gerencia Operativa de Desarrollo Tecnológico e Innovación. Subgerencia Operativa de Áreas del Conocimiento. Dirección Técnica de Materiales Avanzados. Departamento de Ingeniería^pINTI-GODTeI-SOAC^pArgentina<|>^aAltamirano, Pablo Martín^nUniversidad Nacional de San Martín. Instituto Sábato^pUNSAM^pArgentina<|>^aKappes, M. A.^nUniversidad Nacional de San Martín. Instituto Sábato^pUNSAM^pArgentina<|>^aKappes, M. A.^nComisión Nacional de Energía Atómica^pCNEA^pArgentina<|>^aRodríguez, Matías Agustín^nUniversidad Nacional de San Martín. Instituto Sábato^pUNSAM^pArgentina<|>^aRodríguez, Matías Agustín^nComisión Nacional de Energía Atómica^pCNEA^pArgentina
050916;v26_Afiliacion_del_autor;^aMolina Tirado, L.^nInstituto Nacional de Tecnología Industrial. Gerencia Operativa de Desarrollo Tecnológico e Innovación. Subgerencia Operativa de Energía y Movilidad. Departamento de Gestión del Sistema Integrado^sINTI-GODTeI-SOEyM^pArgentina<|>^aAguilar, Susana Ester^nInstituto Nacional de Tecnología Industrial. Gerencia Operativa de Desarrollo Tecnológico e Innovación. Subgerencia Operativa de Energía y Movilidad. Departamento de Gestión del Sistema Integrado^sINTI-GODTeI-SOEyM^pArgentina<|>^aRosso, A.^nInstituto Nacional de Tecnología Industrial. Dirección Operativa. Gerencia Operativa de Servicios Industriales. Subgerencia Operativa de Química y Ambiente. Dirección Técnica Químico Ambiental Sustentable. Departamento de Evaluación y Control de la Contaminación^sINTI-GOSI-SOQyA^pArgentina<|>^aPinto, J.^nInstituto Nacional de Tecnología Industrial. Dirección Operativa. Gerencia Operativa de Servicios Industriales. Subgerencia Operativa de Química y Ambiente. Dirección Técnica Químico Ambiental Sustentable. Departamento de Evaluación y Control de la Contaminación^sINTI-GOSI-SOQyA^pArgentina<|>^aCzechowicz, A.^nInstituto Nacional de Tecnología Industrial. Dirección Operativa. Gerencia Operativa de Servicios Industriales. Subgerencia Operativa de Química y Ambiente. Dirección Técnica Químico Ambiental Sustentable. Departamento de Evaluación y Control de la Contaminación^sINTI-GOSI-SOQyA^pArgentina<|>^aDevia, L. ^nInstituto Nacional de Tecnología Industrial. Dirección Operativa. Gerencia Operativa de Servicios Industriales. Subgerencia Operativa de Química y Ambiente. Dirección Técnica Químico Ambiental Sustentable. Departamento de Evaluación y Control de la Contaminación^sINTI-GOSI-SOQyA^pArgentina<|>^aValdés, D.^nInstituto Nacional de Tecnología Industrial. Dirección Operativa. Gerencia Operativa de Servicios Industriales. Subgerencia Operativa de Química y Ambiente. Dirección Técnica Químico Ambiental Sustentable. Departamento de Evaluación y Control de la Contaminación^sINTI-GOSI-SOQyA^pArgentina<|>^aDi Leo, C.^nInstituto Nacional de Tecnología Industrial. Dirección Operativa. Gerencia Operativa de Servicios Industriales. Subgerencia Operativa de Química y Ambiente. Dirección Técnica Químico Ambiental Sustentable. Departamento de Evaluación y Control de la Contaminación^sINTI-GOSI-SOQyA^pArgentina;^aMolina Tirado, L.^nInstituto Nacional de Tecnología Industrial. Gerencia Operativa de Desarrollo Tecnológico e Innovación. Subgerencia Operativa de Energía y Movilidad. Departamento de Gestión del Sistema Integrado^sINTI-GODTeI-SOEyM^pArgentina<|>^aAguilar, Susana Ester^nInstituto Nacional de Tecnología Industrial. Gerencia Operativa de Desarrollo Tecnológico e Innovación. Subgerencia Operativa de Energía y Movilidad. Departamento de Gestión del Sistema Integrado^sINTI-GODTeI-SOEyM^pArgentina<|>^aRosso, A.^nInstituto Nacional de Tecnología Industrial. Dirección Operativa. Gerencia Operativa de Servicios Industriales. Subgerencia Operativa de Química y Ambiente. Dirección Técnica Químico Ambiental Sustentable. Departamento de Evaluación y Control de la Contaminación^sINTI-GOSI-SOQyA^pArgentina<|>^aPinto, J.^nInstituto Nacional de Tecnología Industrial. Dirección Operativa. Gerencia Operativa de Servicios Industriales. Subgerencia Operativa de Química y Ambiente. Dirección Técnica Químico Ambiental Sustentable. Departamento de Evaluación y Control de la Contaminación^sINTI-GOSI-SOQyA^pArgentina<|>^aCzechowicz, Anahí Amancay^nInstituto Nacional de Tecnología Industrial. Dirección Operativa. Gerencia Operativa de Servicios Industriales. Subgerencia Operativa de Química y Ambiente. Dirección Técnica Químico Ambiental Sustentable. Departamento de Evaluación y Control de la Contaminación^sINTI-GOSI-SOQyA^pArgentina<|>^aDevia, Leila^nInstituto Nacional de Tecnología Industrial. Dirección Operativa. Gerencia Operativa de Servicios Industriales. Subgerencia Operativa de Química y Ambiente. Dirección Técnica Químico Ambiental Sustentable. Departamento de Evaluación y Control de la Contaminación^sINTI-GOSI-SOQyA^pArgentina<|>^aValdés, D.^nInstituto Nacional de Tecnología Industrial. Dirección Operativa. Gerencia Operativa de Servicios Industriales. Subgerencia Operativa de Química y Ambiente. Dirección Técnica Químico Ambiental Sustentable. Departamento de Evaluación y Control de la Contaminación^sINTI-GOSI-SOQyA^pArgentina<|>^aDi Leo, Carlos^nInstituto Nacional de Tecnología Industrial. Dirección Operativa. Gerencia Operativa de Servicios Industriales. Subgerencia Operativa de Química y Ambiente. Dirección Técnica Químico Ambiental Sustentable. Departamento de Evaluación y Control de la Contaminación^sINTI-GOSI-SOQyA^pArgentina
050917;v26_Afiliacion_del_autor;^aRearte, M.^nInstituto Nacional de Tecnología Industrial. Gerencia Operativa de Asistencia Regional. Subgerencia Operativa Regional NOA. Dirección Técnica Industrias Emergentes NOA. Departamento de Energías Renovables NOA^pINTI-GOAR-SORNOA^pArgentina<|>^aRisso, M.^nInstituto Nacional de Tecnología Industrial. Gerencia Operativa de Asistencia Regional. Subgerencia Operativa Regional NOA. Dirección Técnica Industrias Emergentes NOA. Departamento de Energías Renovables NOA^pINTI-GOAR-SORNOA^pArgentina<|>^aMolina Tirado, L.^nInstituto Nacional de Tecnología Industrial. Gerencia Operativa de Desarrollo Tecnológico e Innovación. Subgerencia Operativa de Energía y Movilidad^pINTI-GODTeI^pArgentina<|>^aAbdelhamid, Sado^nInstituto Nacional de Tecnología Industrial. Dirección Operativa. Gerencia Operativa de Asistencia Regional. Subgerencia Operativa Regional NOA. Dirección Técnica de Agroindustria NOA. Departamento de Monitoreo y Control de Procesos Industriales NOA^pINTI-GOAR-SORNOA^pArgentina<|>^aLuaces, H.^nInstituto Nacional de Tecnología Industrial. Dirección Operativa. Gerencia Operativa de Asistencia Regional. Subgerencia Operativa Regional NOA. Dirección Técnica de Agroindustria NOA. Departamento de Monitoreo y Control de Procesos Industriales NOA^pINTI-GOAR-SORNOA^pArgentina<|>^aFioretti, Juan Carlos^nInstituto Nacional de Tecnología Industrial. Dirección Operativa. Gerencia Operativa de Asistencia Regional. Subgerencia Operativa Regional NOA. Dirección Técnica de Agroindustria NOA. Departamento de Monitoreo y Control de Procesos Industriales NOA^pINTI-GOAR-SORNOA^pArgentina<|>^aReginato, M.^nRío de Luna SA^pArgentina;^aRearte, M.^nInstituto Nacional de Tecnología Industrial. Gerencia Operativa de Asistencia Regional. Subgerencia Operativa Regional NOA. Dirección Técnica Industrias Emergentes NOA. Departamento de Energías Renovables NOA^pINTI-GOAR-SORNOA^pArgentina<|>^aRisso, Marcos Gabriel^nInstituto Nacional de Tecnología Industrial. Gerencia Operativa de Asistencia Regional. Subgerencia Operativa Regional NOA. Dirección Técnica Industrias Emergentes NOA. Departamento de Energías Renovables NOA^pINTI-GOAR-SORNOA^pArgentina<|>^aMolina Tirado, L.^nInstituto Nacional de Tecnología Industrial. Gerencia Operativa de Desarrollo Tecnológico e Innovación. Subgerencia Operativa de Energía y Movilidad^pINTI-GODTeI^pArgentina<|>^aAbdelhamid, Sado^nInstituto Nacional de Tecnología Industrial. Dirección Operativa. Gerencia Operativa de Asistencia Regional. Subgerencia Operativa Regional NOA. Dirección Técnica de Agroindustria NOA. Departamento de Monitoreo y Control de Procesos Industriales NOA^pINTI-GOAR-SORNOA^pArgentina<|>^aLuaces, H.^nInstituto Nacional de Tecnología Industrial. Dirección Operativa. Gerencia Operativa de Asistencia Regional. Subgerencia Operativa Regional NOA. Dirección Técnica de Agroindustria NOA. Departamento de Monitoreo y Control de Procesos Industriales NOA^pINTI-GOAR-SORNOA^pArgentina<|>^aFioretti, Juan Carlos^nInstituto Nacional de Tecnología Industrial. Dirección Operativa. Gerencia Operativa de Asistencia Regional. Subgerencia Operativa Regional NOA. Dirección Técnica de Agroindustria NOA. Departamento de Monitoreo y Control de Procesos Industriales NOA^pINTI-GOAR-SORNOA^pArgentina<|>^aReginato, M.^nRío de Luna SA^pArgentina
050919;v26_Afiliacion_del_autor;^aPeralta, F.^nInstituto Nacional de Tecnología Industrial. Gerencia Operativa de Asistencia Regional. Subgerencia Operativa Regional NOA. Dirección Técnica Industrias Emergentes NOA. Departamento de Energías Renovables NOA. Laboratorio de Biocombustibles^pINTI-GOAR-SORNOA^pArgentina<|>^aDanielsen, K.^nInstituto Nacional de Tecnología Industrial. Gerencia Operativa de Asistencia Regional. Subgerencia Operativa Regional NOA. Dirección Técnica Industrias Emergentes NOA. Departamento de Energías Renovables NOA. Laboratorio de Biocombustibles^pINTI-GOAR-SORNOA^pArgentina<|>^aRearte, M.^nInstituto Nacional de Tecnología Industrial. Gerencia Operativa de Asistencia Regional. Subgerencia Operativa Regional NOA. Dirección Técnica Industrias Emergentes NOA. Departamento de Energías Renovables NOA. Laboratorio de Biocombustibles^pINTI-GOAR-SORNOA^pArgentina<|>^aAlanis, F.^nInstituto Nacional de Tecnología Industrial. Gerencia Operativa de Asistencia Regional. Subgerencia Operativa Regional NOA. Dirección Técnica Industrias Emergentes NOA. Departamento de Energías Renovables NOA. Laboratorio de Biocombustibles^pINTI-GOAR-SORNOA^pArgentina<|>^aSchütz, A.^nInstituto Nacional de Tecnología Industrial. Dirección Operativa. Gerencia Operativa de Asistencia Regional. Subgerencia Operativa Regional Pampeana. Dirección Técnica Regional Buenos Aires. Departamento de Producción Sustentable Pampeana^pINTI-GOAR^pArgentina<|>^aGarro, E.^nAserradero El Cacique^pArgentina<|>^aGorondi, S.^nAserradero El Cacique^pArgentina;^aPeralta, F.^nInstituto Nacional de Tecnología Industrial. Gerencia Operativa de Asistencia Regional. Subgerencia Operativa Regional NOA. Dirección Técnica Industrias Emergentes NOA. Departamento de Energías Renovables NOA. Laboratorio de Biocombustibles^pINTI-GOAR-SORNOA^pArgentina<|>^aDanielsen Rodríguez, Karen^nInstituto Nacional de Tecnología Industrial. Gerencia Operativa de Asistencia Regional. Subgerencia Operativa Regional NOA. Dirección Técnica Industrias Emergentes NOA. Departamento de Energías Renovables NOA. Laboratorio de Biocombustibles^pINTI-GOAR-SORNOA^pArgentina<|>^aRearte, M.^nInstituto Nacional de Tecnología Industrial. Gerencia Operativa de Asistencia Regional. Subgerencia Operativa Regional NOA. Dirección Técnica Industrias Emergentes NOA. Departamento de Energías Renovables NOA. Laboratorio de Biocombustibles^pINTI-GOAR-SORNOA^pArgentina<|>^aAlanis, Ana Florencia^nInstituto Nacional de Tecnología Industrial. Gerencia Operativa de Asistencia Regional. Subgerencia Operativa Regional NOA. Dirección Técnica Industrias Emergentes NOA. Departamento de Energías Renovables NOA. Laboratorio de Biocombustibles^pINTI-GOAR-SORNOA^pArgentina<|>^aSchütz, A.^nInstituto Nacional de Tecnología Industrial. Dirección Operativa. Gerencia Operativa de Asistencia Regional. Subgerencia Operativa Regional Pampeana. Dirección Técnica Regional Buenos Aires. Departamento de Producción Sustentable Pampeana^pINTI-GOAR^pArgentina<|>^aGarro, E.^nAserradero El Cacique^pArgentina<|>^aGorondi, S.^nAserradero El Cacique^pArgentina
050920;v26_Afiliacion_del_autor;^aReynoso, M.^nInstituto Nacional de Tecnología Industrial. Dirección Operativa. Gerencia Operativa de Asistencia Regional. Subgerencia Operativa Regional Cuyo. Dirección Técnica Industrias Extractivas y Manufactureras Cuyo. Departamento de Energías Renovables y Gestión Energética Cuyo^pINTI-GOAR^pArgentina<|>^aMartínez Pulido, Guillermo^nInstituto Nacional de Tecnología Industrial. Dirección Operativa. Gerencia Operativa de Asistencia Regional. Subgerencia Operativa Regional NOA. Dirección Técnica Industrias Emergentes NOA. Departamento de Energías Renovables NOA^pINTI-GOAR-SORNOA^pArgentina<|>^aRearte, M.^nInstituto Nacional de Tecnología Industrial. Dirección Operativa. Gerencia Operativa de Asistencia Regional. Subgerencia Operativa Regional NOA. Dirección Técnica Industrias Emergentes NOA. Departamento de Energías Renovables NOA^pINTI-GOAR-SORNOA^pArgentina<|>^aGildeza, R.^nInstituto Nacional de Tecnología Industrial. Dirección Operativa. Gerencia Operativa de Asistencia Regional. Subgerencia Operativa Regional NOA. Dirección Técnica de Agroindustria NOA. Departamento de Monitoreo y Control de Procesos Industriales NOA^pINTI-GOAR-SORNOA^pArgentina;^aReynoso, M.^nInstituto Nacional de Tecnología Industrial. Dirección Operativa. Gerencia Operativa de Asistencia Regional. Subgerencia Operativa Regional Cuyo. Dirección Técnica Industrias Extractivas y Manufactureras Cuyo. Departamento de Energías Renovables y Gestión Energética Cuyo^pINTI-GOAR^pArgentina<|>^aMartínez Pulido, Guillermo^nInstituto Nacional de Tecnología Industrial. Dirección Operativa. Gerencia Operativa de Asistencia Regional. Subgerencia Operativa Regional NOA. Dirección Técnica Industrias Emergentes NOA. Departamento de Energías Renovables NOA^pINTI-GOAR-SORNOA^pArgentina<|>^aRearte, M.^nInstituto Nacional de Tecnología Industrial. Dirección Operativa. Gerencia Operativa de Asistencia Regional. Subgerencia Operativa Regional NOA. Dirección Técnica Industrias Emergentes NOA. Departamento de Energías Renovables NOA^pINTI-GOAR-SORNOA^pArgentina<|>^aGildeza, Ricardo^nInstituto Nacional de Tecnología Industrial. Dirección Operativa. Gerencia Operativa de Asistencia Regional. Subgerencia Operativa Regional NOA. Dirección Técnica de Agroindustria NOA. Departamento de Monitoreo y Control de Procesos Industriales NOA^pINTI-GOAR-SORNOA^pArgentina
050928;v26_Afiliacion_del_autor;^aGalli, A.^nInstituto Nacional de Tecnología Industrial. Dirección Operativa. Gerencia Operativa de Metrología y Calidad. Subgerencia Operativa de Metrología Científica e Industrial. Dirección Técnica de Metrología Química. Departamento de Metrología en Ambiente y Salud^pINTI-GOMyC-SOMCeI^pArgentina<|>^aPuelles, M.^nInstituto Nacional de Tecnología Industrial. Dirección Operativa. Gerencia Operativa de Metrología y Calidad. Subgerencia Operativa de Metrología Científica e Industrial. Dirección Técnica de Metrología Química. Departamento de Metrología en Ambiente y Salud^pINTI-GOMyC-SOMCeI^pArgentina<|>^aVázquez, J. M.^nInstituto Nacional de Tecnología Industrial. Gerencia Operativa de Desarrollo Tecnológico e Innovación. Subgerencia Operativa de Transferencia Tecnológica^pINTI-GODTeI-SOTT^pArgentina;^aGalli, A.^nInstituto Nacional de Tecnología Industrial. Dirección Operativa. Gerencia Operativa de Metrología y Calidad. Subgerencia Operativa de Metrología Científica e Industrial. Dirección Técnica de Metrología Química. Departamento de Metrología en Ambiente y Salud^pINTI-GOMyC-SOMCeI^pArgentina<|>^aPuelles, M.^nInstituto Nacional de Tecnología Industrial. Dirección Operativa. Gerencia Operativa de Metrología y Calidad. Subgerencia Operativa de Metrología Científica e Industrial. Dirección Técnica de Metrología Química. Departamento de Metrología en Ambiente y Salud^pINTI-GOMyC-SOMCeI^pArgentina<|>^aVázquez, Juan Manuel^nInstituto Nacional de Tecnología Industrial. Gerencia Operativa de Desarrollo Tecnológico e Innovación. Subgerencia Operativa de Transferencia Tecnológica^pINTI-GODTeI-SOTT^pArgentina
050930;v26_Afiliacion_del_autor;^aMartínez, M.^nInstituto Nacional de Tecnología Industrial. Gerencia Operativa de Desarrollo Tecnológico e Innovación. Subgerencia Operativa de Industrias y Servicios. Departamento de Ingredientes Activos y Biorrefinería^pINTI-GODTeI-SOIyS^pArgentina<|>^aLevin, L.^nUniversidad de Buenos Aires. Facultad de Ciencias Exactas y Naturales. Departamento de Biodeversidad y Biología Experimental. Laboratorio de Micología Experimental^pUBA-FCEyN^pArgentina<|>^aPereira, S.^nUniversidad de Buenos Aires. Facultad de Ciencias Exactas y Naturales. Departamento de Biodeversidad y Biología Experimental. Laboratorio de Micología Experimental^pUBA-FCEyN^pArgentina<|>^aBabay, P.^nComisión Nacional de Energía Atómica. Gerencia Química^pCNEA^pArgentina;^aMartínez, M.^nInstituto Nacional de Tecnología Industrial. Gerencia Operativa de Desarrollo Tecnológico e Innovación. Subgerencia Operativa de Industrias y Servicios. Departamento de Ingredientes Activos y Biorrefinería^pINTI-GODTeI-SOIyS^pArgentina<|>^aLevin, L.^nUniversidad de Buenos Aires. Facultad de Ciencias Exactas y Naturales. Departamento de Biodeversidad y Biología Experimental. Laboratorio de Micología Experimental^pUBA-FCEyN^pArgentina<|>^aPereira, S.^nUniversidad de Buenos Aires. Facultad de Ciencias Exactas y Naturales. Departamento de Biodeversidad y Biología Experimental. Laboratorio de Micología Experimental^pUBA-FCEyN^pArgentina<|>^aBabay, Paola Alejandra^nComisión Nacional de Energía Atómica. Gerencia Química^pCNEA^pArgentina
050931;v26_Afiliacion_del_autor;^aSilicaro, M. A.^nUniversidad de Buenos Aires. Instituto de Micología y Botánica. Laboratorio de Micología Experimental^pUBA-INMIBO^pArgentina<|>^aNúñez, M. P.^nUniversidad de Buenos Aires. Instituto de Micología y Botánica. Laboratorio de Micología Experimental^pUBA-INMIBO^pArgentina<|>^aMarras, C. M.^nUniversidad de Buenos Aires. Instituto de Micología y Botánica. Laboratorio de Micología Experimental^pUBA-INMIBO^pArgentina<|>^aRíos, M. B.^nUniversidad de Buenos Aires. Instituto de Micología y Botánica. Laboratorio de Micología Experimental^pUBA-INMIBO^pArgentina<|>^aBezazian, A.^nUniversidad de Buenos Aires. Instituto de Micología y Botánica. Laboratorio de Micología Experimental^pUBA-INMIBO^pArgentina<|>^aBezazian, A.^nUniversidad de Buenos Aires. Facultad de Ciencias Exactas y Naturales. Cátedra de Biología de Hongos^pUBA-FCEyN^pArgentina<|>^aMartínez, M. E.^nInstituto Nacional de Tecnología Industrial. Gerencia Operativa de Desarrollo Tecnológico e Innovación. Subgerencia Operativa de Industrias y Servicios. Departamento de Ingredientes Activos y Biorrefinería^pINTI-GODTeI-SOIyS^pArgentina<|>^aItria, R. F.^nUniversidad de Buenos Aires. Instituto de Micología y Botánica. Laboratorio de Micología Experimental^pUBA-INMIBO^pArgentina<|>^aItria, R. F.^nUniversidad de Buenos Aires. Facultad de Ciencias Exactas y Naturales. Cátedra de Biología de Hongos^pUBA-FCEyN^pArgentina<|>^aItria, R. F.^nInstituto Nacional de Tecnología Industrial. Gerencia Operativa de Desarrollo Tecnológico e Innovación^pINTI-GODTeI^pArgentina;^aSilicaro, M. A.^nUniversidad de Buenos Aires. Instituto de Micología y Botánica. Laboratorio de Micología Experimental^pUBA-INMIBO^pArgentina<|>^aNúñez, M. P.^nUniversidad de Buenos Aires. Instituto de Micología y Botánica. Laboratorio de Micología Experimental^pUBA-INMIBO^pArgentina<|>^aMarras, C. M.^nUniversidad de Buenos Aires. Instituto de Micología y Botánica. Laboratorio de Micología Experimental^pUBA-INMIBO^pArgentina<|>^aRíos, M. B.^nUniversidad de Buenos Aires. Instituto de Micología y Botánica. Laboratorio de Micología Experimental^pUBA-INMIBO^pArgentina<|>^aBezazian, Ana Lucin^nUniversidad de Buenos Aires. Instituto de Micología y Botánica. Laboratorio de Micología Experimental^pUBA-INMIBO^pArgentina<|>^aBezazian, Ana Lucin^nUniversidad de Buenos Aires. Facultad de Ciencias Exactas y Naturales. Cátedra de Biología de Hongos^pUBA-FCEyN^pArgentina<|>^aMartínez, M. E.^nInstituto Nacional de Tecnología Industrial. Gerencia Operativa de Desarrollo Tecnológico e Innovación. Subgerencia Operativa de Industrias y Servicios. Departamento de Ingredientes Activos y Biorrefinería^pINTI-GODTeI-SOIyS^pArgentina<|>^aItria, Raúl Fabio^nUniversidad de Buenos Aires. Instituto de Micología y Botánica. Laboratorio de Micología Experimental^pUBA-INMIBO^pArgentina<|>^aItria, Raúl Fabio^nUniversidad de Buenos Aires. Facultad de Ciencias Exactas y Naturales. Cátedra de Biología de Hongos^pUBA-FCEyN^pArgentina<|>^aItria, Raúl Fabio^nInstituto Nacional de Tecnología Industrial. Gerencia Operativa de Desarrollo Tecnológico e Innovación^pINTI-GODTeI^pArgentina
050934;v26_Afiliacion_del_autor;^aBarrera, Verónica Natalia^nInstituto Nacional de Tecnología Industrial. Dirección Operativa. Gerencia Operativa de Asistencia Regional. Subgerencia Operativa Regional Centro. Dirección Técnica Centro Occidental. Departamento de Química Analítica y Residuos Urbanos Centro^pINTI-GOAR^pArgentina<|>^aGarcía de Andina, C.^nInstituto Nacional de Tecnología Industrial. Dirección Operativa. Gerencia Operativa de Asistencia Regional. Subgerencia Operativa Regional Centro. Dirección Técnica Centro Occidental. Departamento de Química Analítica y Residuos Urbanos Centro^pINTI-GOAR^pArgentina<|>^aLirio, L.^nInstituto Nacional de Tecnología Industrial. Dirección Operativa. Gerencia Operativa de Asistencia Regional. Subgerencia Operativa Regional Centro. Dirección Técnica Centro Occidental. Departamento de Química Analítica y Residuos Urbanos Centro^pINTI-GOAR^pArgentina<|>^aTuninetti, L.^nInstituto Nacional de Tecnología Industrial. Dirección Operativa. Gerencia Operativa de Asistencia Regional. Subgerencia Operativa Regional Centro. Dirección Técnica Centro Occidental. Departamento de Química Analítica y Residuos Urbanos Centro^pINTI-GOAR^pArgentina<|>^aEchazarreta, J.^nInstituto Nacional de Tecnología Industrial. Dirección Operativa. Gerencia Operativa de Servicios Industriales. Subgerencia Operativa de Alimentos. Dirección Técnica de Asistencia Tecnológica^pINTI-GOSI-SOA^pArgentina<|>^aMinaglia, M.^nInstituto Nacional de Tecnología Industrial. Dirección Operativa. Gerencia Operativa de Asistencia Regional. Subgerencia Operativa Regional Centro. Dirección Técnica Centro Oriental. Departamento de Medio Ambiente Centro^pINTI-GOAR^pArgentina;^aBarrera, Verónica Natalia^nInstituto Nacional de Tecnología Industrial. Dirección Operativa. Gerencia Operativa de Asistencia Regional. Subgerencia Operativa Regional Centro. Dirección Técnica Centro Occidental. Departamento de Química Analítica y Residuos Urbanos Centro^pINTI-GOAR^pArgentina<|>^aGarcía de Andina, C.^nInstituto Nacional de Tecnología Industrial. Dirección Operativa. Gerencia Operativa de Asistencia Regional. Subgerencia Operativa Regional Centro. Dirección Técnica Centro Occidental. Departamento de Química Analítica y Residuos Urbanos Centro^pINTI-GOAR^pArgentina<|>^aLirio, L.^nInstituto Nacional de Tecnología Industrial. Dirección Operativa. Gerencia Operativa de Asistencia Regional. Subgerencia Operativa Regional Centro. Dirección Técnica Centro Occidental. Departamento de Química Analítica y Residuos Urbanos Centro^pINTI-GOAR^pArgentina<|>^aTuninetti, Leticia^nInstituto Nacional de Tecnología Industrial. Dirección Operativa. Gerencia Operativa de Asistencia Regional. Subgerencia Operativa Regional Centro. Dirección Técnica Centro Occidental. Departamento de Química Analítica y Residuos Urbanos Centro^pINTI-GOAR^pArgentina<|>^aEchazarreta, J.^nInstituto Nacional de Tecnología Industrial. Dirección Operativa. Gerencia Operativa de Servicios Industriales. Subgerencia Operativa de Alimentos. Dirección Técnica de Asistencia Tecnológica^pINTI-GOSI-SOA^pArgentina<|>^aMinaglia, M.^nInstituto Nacional de Tecnología Industrial. Dirección Operativa. Gerencia Operativa de Asistencia Regional. Subgerencia Operativa Regional Centro. Dirección Técnica Centro Oriental. Departamento de Medio Ambiente Centro^pINTI-GOAR^pArgentina
050942;v26_Afiliacion_del_autor;^aArsiniega, M.^nUniversidad Nacional de Córdoba. Facultad de Ciencias Exactas, Físicas y Naturales^pUNC-FCEFyN^pArgentina<|>^aBellelli, Diego Aldo^nInstituto Nacional de Tecnología Industrial. Dirección Operativa. Gerencia Operativa de Asistencia Regional. Subgerencia Operativa Regional Centro. Dirección Técnica Centro Occidental. Departamento de Mediciones y Calibraciones Industriales Centro. Laboratorio de Metrología Dimensional y Presión^pINTI-GOAR^pArgentina<|>^aGastaldi, B.^nInstituto Nacional de Tecnología Industrial. Dirección Operativa. Gerencia Operativa de Asistencia Regional. Subgerencia Operativa Regional Centro. Dirección Técnica Centro Occidental. Departamento de Mediciones y Calibraciones Industriales Centro. Laboratorio de Metrología Dimensional y Presión^pINTI-GOAR^pArgentina<|>^aLerda, Juan Manuel^nInstituto Nacional de Tecnología Industrial. Dirección Operativa. Gerencia Operativa de Asistencia Regional. Subgerencia Operativa Regional Centro. Dirección Técnica Centro Occidental. Departamento de Mediciones y Calibraciones Industriales Centro. Laboratorio de Metrología Dimensional y Presión^pINTI-GOAR^pArgentina<|>^aMilne, Rodrigo^nInstituto Nacional de Tecnología Industrial. Dirección Operativa. Gerencia Operativa de Asistencia Regional. Subgerencia Operativa Regional Centro. Dirección Técnica Centro Occidental. Departamento de Mediciones y Calibraciones Industriales Centro. Laboratorio de Metrología Dimensional y Presión^pINTI-GOAR^pArgentina<|>^aTabbia, M. A.^nInstituto Nacional de Tecnología Industrial. Dirección Operativa. Gerencia Operativa de Asistencia Regional. Subgerencia Operativa Regional Centro. Dirección Técnica Centro Occidental. Departamento de Mediciones y Calibraciones Industriales Centro. Laboratorio de Metrología Dimensional y Presión^pINTI-GOAR^pArgentina<|>^aSabadin, Y.^nUniversidad Nacional de Córdoba. Facultad de Ciencias Exactas, Físicas y Naturales^pUNC-FCEFyN^pArgentina;^aArsiniega, M.^nUniversidad Nacional de Córdoba. Facultad de Ciencias Exactas, Físicas y Naturales^pUNC-FCEFyN^pArgentina<|>^aBellelli, Diego Aldo^nInstituto Nacional de Tecnología Industrial. Dirección Operativa. Gerencia Operativa de Asistencia Regional. Subgerencia Operativa Regional Centro. Dirección Técnica Centro Occidental. Departamento de Mediciones y Calibraciones Industriales Centro. Laboratorio de Metrología Dimensional y Presión^pINTI-GOAR^pArgentina<|>^aGastaldi, B.^nInstituto Nacional de Tecnología Industrial. Dirección Operativa. Gerencia Operativa de Asistencia Regional. Subgerencia Operativa Regional Centro. Dirección Técnica Centro Occidental. Departamento de Mediciones y Calibraciones Industriales Centro. Laboratorio de Metrología Dimensional y Presión^pINTI-GOAR^pArgentina<|>^aLerda, Juan Manuel^nInstituto Nacional de Tecnología Industrial. Dirección Operativa. Gerencia Operativa de Asistencia Regional. Subgerencia Operativa Regional Centro. Dirección Técnica Centro Occidental. Departamento de Mediciones y Calibraciones Industriales Centro. Laboratorio de Metrología Dimensional y Presión^pINTI-GOAR^pArgentina<|>^aMilne, Rodrigo^nInstituto Nacional de Tecnología Industrial. Dirección Operativa. Gerencia Operativa de Asistencia Regional. Subgerencia Operativa Regional Centro. Dirección Técnica Centro Occidental. Departamento de Mediciones y Calibraciones Industriales Centro. Laboratorio de Metrología Dimensional y Presión^pINTI-GOAR^pArgentina<|>^aTabbia, Maximiliano Ariel^nInstituto Nacional de Tecnología Industrial. Dirección Operativa. Gerencia Operativa de Asistencia Regional. Subgerencia Operativa Regional Centro. Dirección Técnica Centro Occidental. Departamento de Mediciones y Calibraciones Industriales Centro. Laboratorio de Metrología Dimensional y Presión^pINTI-GOAR^pArgentina<|>^aSabadin, Y.^nUniversidad Nacional de Córdoba. Facultad de Ciencias Exactas, Físicas y Naturales^pUNC-FCEFyN^pArgentina
050945;v26_Afiliacion_del_autor;^aBierzychudek, M. E.^nInstituto Nacional de Tecnología Industrial. Dirección Operativa. Gerencia Operativa de Metrología y Calidad. Dirección Técnica de Calidad. Departamento de Desarrollo de la Infraestructura de la Calidad^sINTI-GOMyC^pArgentina<|>^aBierzychudek, M. E.^nInstituto Nacional de Tecnología Industrial. Dirección Operativa. Gerencia Operativa de Metrología y Calidad. Subgerencia Operativa de Metrología Científica e Industrial. Dirección Técnica de Metrología Física. Departamento de Electricidad^sINTI-GOMyC^pArgentina<|>^aDi Lillo, Lucas Daniel^nInstituto Nacional de Tecnología Industrial. Dirección Operativa. Gerencia Operativa de Metrología y Calidad. Subgerencia Operativa de Metrología Científica e Industrial. Dirección Técnica de Metrología Física. Departamento de Electricidad^sINTI-GOMyC^pArgentina<|>^aCoppa, Diego Nahuel^nInstituto Nacional de Tecnología Industrial. Dirección Operativa. Gerencia Operativa de Metrología y Calidad. Subgerencia Operativa de Metrología Científica e Industrial. Dirección Técnica de Metrología Física. Departamento de Electricidad^sINTI-GOMyC^pArgentina<|>^aToran, A.^nInstituto Nacional de Tecnología Industrial. Dirección Operativa. Gerencia Operativa de Metrología y Calidad. Subgerencia Operativa de Metrología Científica e Industrial. Dirección Técnica de Metrología Física. Departamento de Metrología Cuántica^sINTI-GOMyC-SOMCeI^pArgentina<|>^aSuárez Barón, Juan Carlos^nInstituto Nacional de Tecnología Industrial. Dirección Operativa. Gerencia Operativa de Metrología y Calidad. Subgerencia Operativa de Metrología Científica e Industrial. Dirección Técnica de Metrología Física. Departamento de Metrología Cuántica^sINTI-GOMyC-SOMCeI^pArgentina<|>^aMuzzio, C. R.^nDepartamento de Investigación y Desarrollo^sHITEC S.R.L.^pArgentina<|>^aWainstein, F. J.^nDirección de Metrología^sHITEC S.R.L.^pArgentina;^aBierzychudek, Marcos Eduardo^nInstituto Nacional de Tecnología Industrial. Dirección Operativa. Gerencia Operativa de Metrología y Calidad. Dirección Técnica de Calidad. Departamento de Desarrollo de la Infraestructura de la Calidad^sINTI-GOMyC^pArgentina<|>^aBierzychudek, Marcos Eduardo^nInstituto Nacional de Tecnología Industrial. Dirección Operativa. Gerencia Operativa de Metrología y Calidad. Subgerencia Operativa de Metrología Científica e Industrial. Dirección Técnica de Metrología Física. Departamento de Electricidad^sINTI-GOMyC^pArgentina<|>^aDi Lillo, Lucas Daniel^nInstituto Nacional de Tecnología Industrial. Dirección Operativa. Gerencia Operativa de Metrología y Calidad. Subgerencia Operativa de Metrología Científica e Industrial. Dirección Técnica de Metrología Física. Departamento de Electricidad^sINTI-GOMyC^pArgentina<|>^aCoppa, Diego Nahuel^nInstituto Nacional de Tecnología Industrial. Dirección Operativa. Gerencia Operativa de Metrología y Calidad. Subgerencia Operativa de Metrología Científica e Industrial. Dirección Técnica de Metrología Física. Departamento de Electricidad^sINTI-GOMyC^pArgentina<|>^aToran, A.^nInstituto Nacional de Tecnología Industrial. Dirección Operativa. Gerencia Operativa de Metrología y Calidad. Subgerencia Operativa de Metrología Científica e Industrial. Dirección Técnica de Metrología Física. Departamento de Metrología Cuántica^sINTI-GOMyC-SOMCeI^pArgentina<|>^aSuárez Barón, Juan Carlos^nInstituto Nacional de Tecnología Industrial. Dirección Operativa. Gerencia Operativa de Metrología y Calidad. Subgerencia Operativa de Metrología Científica e Industrial. Dirección Técnica de Metrología Física. Departamento de Metrología Cuántica^sINTI-GOMyC-SOMCeI^pArgentina<|>^aMuzzio, C. R.^nDepartamento de Investigación y Desarrollo^sHITEC S.R.L.^pArgentina<|>^aWainstein, F. J.^nDirección de Metrología^sHITEC S.R.L.^pArgentina
050946;v26_Afiliacion_del_autor;^aBenítez, Graciela Alejandra^nInstituto Nacional de Tecnología Industrial. Dirección Operativa. Gerencia Operativa de Servicios Industriales. Subgerencia Operativa de Construcciones e Infraestructura. Dirección Técnica de Tecnología del Hormigón y Aglomerantes^pINTI-GOSI-SOCeI^pArgentina<|>^aFernández Sturla, M. J.^nInstituto Nacional de Tecnología Industrial. Dirección Operativa. Gerencia Operativa de Servicios Industriales. Subgerencia Operativa de Construcciones e Infraestructura. Dirección Técnica de Tecnología del Hormigón y Aglomerantes^pINTI-GOSI-SOCeI^pArgentina<|>^aKöber, E.^nInstituto Nacional de Tecnología Industrial. Dirección Operativa. Gerencia Operativa de Servicios Industriales. Subgerencia Operativa de Construcciones e Infraestructura. Dirección Técnica de Tecnología del Hormigón y Aglomerantes^pINTI-GOSI-SOCeI^pArgentina<|>^aDelbón, M.^nInstituto Nacional de Tecnología Industrial. Dirección Operativa. Gerencia Operativa de Metrología y Calidad. Dirección Técnica de Calidad. Departamento de Calidad en las Mediciones^pINTI-GOMyC^pArgentina;^aBenítez, Graciela Alejandra^nInstituto Nacional de Tecnología Industrial. Dirección Operativa. Gerencia Operativa de Servicios Industriales. Subgerencia Operativa de Construcciones e Infraestructura. Dirección Técnica de Tecnología del Hormigón y Aglomerantes^pINTI-GOSI-SOCeI^pArgentina<|>^aFernández Sturla, María José^nInstituto Nacional de Tecnología Industrial. Dirección Operativa. Gerencia Operativa de Servicios Industriales. Subgerencia Operativa de Construcciones e Infraestructura. Dirección Técnica de Tecnología del Hormigón y Aglomerantes^pINTI-GOSI-SOCeI^pArgentina<|>^aKöber, Érica^nInstituto Nacional de Tecnología Industrial. Dirección Operativa. Gerencia Operativa de Servicios Industriales. Subgerencia Operativa de Construcciones e Infraestructura. Dirección Técnica de Tecnología del Hormigón y Aglomerantes^pINTI-GOSI-SOCeI^pArgentina<|>^aDelbón, Marisa Ester^nInstituto Nacional de Tecnología Industrial. Dirección Operativa. Gerencia Operativa de Metrología y Calidad. Dirección Técnica de Calidad. Departamento de Calidad en las Mediciones^pINTI-GOMyC^pArgentina
050951;v26_Afiliacion_del_autor;^aHernández, I.^nInstituto Nacional de Tecnología Industrial. Gerencia Operativa de Desarrollo Tecnológico e Innovación. Subgerencia Operativa de Industrias y Servicios. Departamento de Ingredientes Activos y Biorrefinería^pINTI-GODTeI-SOIyS^pArgentina<|>^aBellomo Peraza, Ana Inés^nInstituto Nacional de Tecnología Industrial. Gerencia Operativa de Desarrollo Tecnológico e Innovación. Subgerencia Operativa de Industrias y Servicios. Departamento de Ingredientes Activos y Biorrefinería^pINTI-GODTeI-SOIyS^pArgentina<|>^aLobatto, Iliana Valeria^nInstituto Nacional de Tecnología Industrial. Gerencia Operativa de Desarrollo Tecnológico e Innovación. Subgerencia Operativa de Industrias y Servicios. Departamento de Desarrollo Analítico y Control del Proceso^pINTI-GODTeI-SOIyS^pArgentina<|>^aMolinari, J.^nInstituto Nacional de Tecnología Industrial. Gerencia Operativa de Desarrollo Tecnológico e Innovación. Subgerencia Operativa de Industrias y Servicios. Departamento de Desarrollo Analítico y Control del Proceso^pINTI-GODTeI-SOIyS^pArgentina<|>^aAlberti, Cecilia^nInstituto Nacional de Tecnología Industrial. Gerencia Operativa de Desarrollo Tecnológico e Innovación. Subgerencia Operativa de Industrias y Servicios. Departamento de Desarrollo Analítico y Control del Proceso^pINTI-GODTeI-SOIyS^pArgentina<|>^aSantos, Luciano^nInstituto Nacional de Tecnología Industrial. Dirección Operativa. Gerencia Operativa de Metrología y Calidad. Subgerencia Operativa de Metrología Científica e Industrial. Dirección Técnica de Metrología Química. Departamento de Metrología en Ambiente y Salud^pINTI-GOMyC-SOMCeI^pArgentina<|>^aPuelles, M.^nInstituto Nacional de Tecnología Industrial. Dirección Operativa. Gerencia Operativa de Metrología y Calidad. Subgerencia Operativa de Metrología Científica e Industrial. Dirección Técnica de Metrología Química. Departamento de Metrología en Ambiente y Salud^pINTI-GOMyC-SOMCeI^pArgentina<|>^aSánchez, P.^nInstituto Nacional de Tecnología Industrial. Dirección Operativa. Gerencia Operativa de Metrología y Calidad. Subgerencia Operativa de Metrología Científica e Industrial. Dirección Técnica de Metrología Química. Departamento de Metrología en Ambiente y Salud^pINTI-GOMyC-SOMCeI^pArgentina<|>^aGallello, L.^nInstituto Nacional de Tecnología Industrial. Dirección Operativa. Gerencia Operativa de Metrología y Calidad. Subgerencia Operativa de Metrología Científica e Industrial. Dirección Técnica de Metrología Química. Departamento de Metrología en Ambiente y Salud^pINTI-GOMyC-SOMCeI^pArgentina<|>^aRaco, Fernando Francisco^nInstituto Nacional de Tecnología Industrial. Dirección Operativa. Gerencia Operativa de Metrología y Calidad. Subgerencia Operativa de Metrología Científica e Industrial. Dirección Técnica de Metrología Química. Departamento de Metrología en Ambiente y Salud^pINTI-GOMyC-SOMCeI^pArgentina<|>^aGandolfi, L.^nInstituto Nacional de Tecnología Industrial. Gerencia Operativa de Desarrollo Tecnológico e Innovación. Subgerencia Operativa de Industrias y Servicios. Departamento de Ingredientes Activos y Biorrefinería^pINTI-GODTeI-SOIyS^pArgentina<|>^aGandolfi, L.^nInstituto Nacional de Tecnología Industrial. Dirección Operativa. Gerencia Operativa de Metrología y Calidad. Subgerencia Operativa de Metrología Científica e Industrial^pINTI-GOMyC-SOMCeI^pArgentina<|>^aComin, J.^nInstituto Nacional de Tecnología Industrial. Dirección Operativa. Gerencia Operativa de Metrología y Calidad. Subgerencia Operativa de Metrología Científica e Industrial. Dirección Técnica de Metrología Química. Departamento de Red de Laboratorios Lácteos^pINTI-GOMyC-SOMCeI^pArgentina<|>^aComin, J.^nInstituto Nacional de Tecnología Industrial. Dirección Operativa. Gerencia Operativa de Metrología y Calidad. Subgerencia Operativa de Metrología Científica e Industrial^pINTI-GOMyC-SOMCeI^pArgentina<|>^aGatti, P.^nInstituto Nacional de Tecnología Industrial. Dirección Operativa. Gerencia Operativa de Metrología y Calidad. Subgerencia Operativa de Metrología Científica e Industrial. Dirección Técnica de Metrología Química. Departamento de Metrología en Ambiente y Salud^pINTI-GOMyC-SOMCeI^pArgentina<|>^aHermida, L.^nInstituto Nacional de Tecnología Industrial. Gerencia Operativa de Desarrollo Tecnológico e Innovación^pINTI-GODTeI^pArgentina<|>^aElhalem, E.^nInstituto Nacional de Tecnología Industrial. Gerencia Operativa de Desarrollo Tecnológico e Innovación. Subgerencia Operativa de Industrias y Servicios. Departamento de Ingredientes Activos y Biorrefinería^pINTI-GODTeI-SOIyS^pArgentina<|>^aElhalem, E.^nInstituto Nacional de Tecnología Industrial. Dirección Operativa. Gerencia Operativa de Metrología y Calidad. Subgerencia Operativa de Metrología Científica e Industrial^pINTI-GOMyC-SOMCeI^pArgentina;^aHernández, I.^nInstituto Nacional de Tecnología Industrial. Gerencia Operativa de Desarrollo Tecnológico e Innovación. Subgerencia Operativa de Industrias y Servicios. Departamento de Ingredientes Activos y Biorrefinería^pINTI-GODTeI-SOIyS^pArgentina<|>^aBellomo Peraza, Ana Inés^nInstituto Nacional de Tecnología Industrial. Gerencia Operativa de Desarrollo Tecnológico e Innovación. Subgerencia Operativa de Industrias y Servicios. Departamento de Ingredientes Activos y Biorrefinería^pINTI-GODTeI-SOIyS^pArgentina<|>^aLobatto, Iliana Valeria^nInstituto Nacional de Tecnología Industrial. Gerencia Operativa de Desarrollo Tecnológico e Innovación. Subgerencia Operativa de Industrias y Servicios. Departamento de Desarrollo Analítico y Control del Proceso^pINTI-GODTeI-SOIyS^pArgentina<|>^aMolinari, J.^nInstituto Nacional de Tecnología Industrial. Gerencia Operativa de Desarrollo Tecnológico e Innovación. Subgerencia Operativa de Industrias y Servicios. Departamento de Desarrollo Analítico y Control del Proceso^pINTI-GODTeI-SOIyS^pArgentina<|>^aAlberti, Cecilia^nInstituto Nacional de Tecnología Industrial. Gerencia Operativa de Desarrollo Tecnológico e Innovación. Subgerencia Operativa de Industrias y Servicios. Departamento de Desarrollo Analítico y Control del Proceso^pINTI-GODTeI-SOIyS^pArgentina<|>^aSantos, Luciano^nInstituto Nacional de Tecnología Industrial. Dirección Operativa. Gerencia Operativa de Metrología y Calidad. Subgerencia Operativa de Metrología Científica e Industrial. Dirección Técnica de Metrología Química. Departamento de Metrología en Ambiente y Salud^pINTI-GOMyC-SOMCeI^pArgentina<|>^aPuelles, M.^nInstituto Nacional de Tecnología Industrial. Dirección Operativa. Gerencia Operativa de Metrología y Calidad. Subgerencia Operativa de Metrología Científica e Industrial. Dirección Técnica de Metrología Química. Departamento de Metrología en Ambiente y Salud^pINTI-GOMyC-SOMCeI^pArgentina<|>^aSánchez, P.^nInstituto Nacional de Tecnología Industrial. Dirección Operativa. Gerencia Operativa de Metrología y Calidad. Subgerencia Operativa de Metrología Científica e Industrial. Dirección Técnica de Metrología Química. Departamento de Metrología en Ambiente y Salud^pINTI-GOMyC-SOMCeI^pArgentina<|>^aGallello, L.^nInstituto Nacional de Tecnología Industrial. Dirección Operativa. Gerencia Operativa de Metrología y Calidad. Subgerencia Operativa de Metrología Científica e Industrial. Dirección Técnica de Metrología Química. Departamento de Metrología en Ambiente y Salud^pINTI-GOMyC-SOMCeI^pArgentina<|>^aRaco, Fernando Francisco^nInstituto Nacional de Tecnología Industrial. Dirección Operativa. Gerencia Operativa de Metrología y Calidad. Subgerencia Operativa de Metrología Científica e Industrial. Dirección Técnica de Metrología Química. Departamento de Metrología en Ambiente y Salud^pINTI-GOMyC-SOMCeI^pArgentina<|>^aGandolfi, L.^nInstituto Nacional de Tecnología Industrial. Gerencia Operativa de Desarrollo Tecnológico e Innovación. Subgerencia Operativa de Industrias y Servicios. Departamento de Ingredientes Activos y Biorrefinería^pINTI-GODTeI-SOIyS^pArgentina<|>^aGandolfi, L.^nInstituto Nacional de Tecnología Industrial. Dirección Operativa. Gerencia Operativa de Metrología y Calidad. Subgerencia Operativa de Metrología Científica e Industrial^pINTI-GOMyC-SOMCeI^pArgentina<|>^aComin, María Julieta^nInstituto Nacional de Tecnología Industrial. Dirección Operativa. Gerencia Operativa de Metrología y Calidad. Subgerencia Operativa de Metrología Científica e Industrial. Dirección Técnica de Metrología Química. Departamento de Red de Laboratorios Lácteos^pINTI-GOMyC-SOMCeI^pArgentina<|>^aComin, María Julieta^nInstituto Nacional de Tecnología Industrial. Dirección Operativa. Gerencia Operativa de Metrología y Calidad. Subgerencia Operativa de Metrología Científica e Industrial^pINTI-GOMyC-SOMCeI^pArgentina<|>^aGatti, P.^nInstituto Nacional de Tecnología Industrial. Dirección Operativa. Gerencia Operativa de Metrología y Calidad. Subgerencia Operativa de Metrología Científica e Industrial. Dirección Técnica de Metrología Química. Departamento de Metrología en Ambiente y Salud^pINTI-GOMyC-SOMCeI^pArgentina<|>^aHermida, L.^nInstituto Nacional de Tecnología Industrial. Gerencia Operativa de Desarrollo Tecnológico e Innovación^pINTI-GODTeI^pArgentina<|>^aElhalem, E.^nInstituto Nacional de Tecnología Industrial. Gerencia Operativa de Desarrollo Tecnológico e Innovación. Subgerencia Operativa de Industrias y Servicios. Departamento de Ingredientes Activos y Biorrefinería^pINTI-GODTeI-SOIyS^pArgentina<|>^aElhalem, E.^nInstituto Nacional de Tecnología Industrial. Dirección Operativa. Gerencia Operativa de Metrología y Calidad. Subgerencia Operativa de Metrología Científica e Industrial^pINTI-GOMyC-SOMCeI^pArgentina
050957;v26_Afiliacion_del_autor;^aGarrido, G.^nInstituto Nacional de Tecnología Industrial. Dirección Operativa. Gerencia Operativa de Asistencia Regional. Subgerencia Operativa Regional Centro. Dirección Técnica Centro Occidental. Departamento de Química Analítica y Residuos Urbanos Centro^sINTI-GOAR^pArgentina<|>^aPettigiani, Eugenio^nInstituto Nacional de Tecnología Industrial. Dirección Operativa. Gerencia Operativa de Asistencia Regional. Subgerencia Operativa Regional Centro. Dirección Técnica Centro Occidental. Departamento de Química Analítica y Residuos Urbanos Centro^sINTI-GOAR^pArgentina<|>^aSilbert Voldman, V.^nInstituto Nacional de Tecnología Industrial. Dirección Operativa. Gerencia Operativa de Asistencia Regional. Subgerencia Operativa Regional Centro. Dirección Técnica Centro Occidental. Departamento de Química Analítica y Residuos Urbanos Centro^sINTI-GOAR^pArgentina<|>^aCastellano, J.^nMunicipalidad de Córdoba. Dirección de Espacios Verdes^pArgentina<|>^aGarcía, S.^nCooperativa de Trabajo Proyecto Hormiga^pArgentina<|>^aPietrarelli, L.^nUniversidad Nacional de Córdoba. Facultad de Ciencias Agropecuarias^sUNC-FCA^pArgentina<|>^aMoretti, G.^nColegio de Ingenieros Agrónomos de la Provincia de Córdoba^sCIAPC^pArgentina<|>^aRearte, M.^nColegio de Ingenieros Agrónomos de la Provincia de Córdoba^sCIAPC^pArgentina;^aGarrido, G.^nInstituto Nacional de Tecnología Industrial. Dirección Operativa. Gerencia Operativa de Asistencia Regional. Subgerencia Operativa Regional Centro. Dirección Técnica Centro Occidental. Departamento de Química Analítica y Residuos Urbanos Centro^sINTI-GOAR^pArgentina<|>^aPettigiani, Eugenio^nInstituto Nacional de Tecnología Industrial. Dirección Operativa. Gerencia Operativa de Asistencia Regional. Subgerencia Operativa Regional Centro. Dirección Técnica Centro Occidental. Departamento de Química Analítica y Residuos Urbanos Centro^sINTI-GOAR^pArgentina<|>^aSilbert Voldman, Violeta^nInstituto Nacional de Tecnología Industrial. Dirección Operativa. Gerencia Operativa de Asistencia Regional. Subgerencia Operativa Regional Centro. Dirección Técnica Centro Occidental. Departamento de Química Analítica y Residuos Urbanos Centro^sINTI-GOAR^pArgentina<|>^aCastellano, J.^nMunicipalidad de Córdoba. Dirección de Espacios Verdes^pArgentina<|>^aGarcía, S.^nCooperativa de Trabajo Proyecto Hormiga^pArgentina<|>^aPietrarelli, L.^nUniversidad Nacional de Córdoba. Facultad de Ciencias Agropecuarias^sUNC-FCA^pArgentina<|>^aMoretti, G.^nColegio de Ingenieros Agrónomos de la Provincia de Córdoba^sCIAPC^pArgentina<|>^aRearte, M.^nColegio de Ingenieros Agrónomos de la Provincia de Córdoba^sCIAPC^pArgentina
050958;v26_Afiliacion_del_autor;^aCabaleiro, J. N.^nUniversidad Nacional de San Martín. Escuela de Ciencia y Tecnología^sUNSAM-ECyT^pArgentina<|>^aCabaleiro, J. N.^nInstituto Nacional de Tecnología Industrial. Dirección Operativa. Gerencia Operativa de Metrología y Calidad. Subgerencia Operativa de Metrología Científica e Industrial. Dirección Técnica de Metrología Física. Departamento de Metrología Cuántica^sINTI-SOMCeI-GOMyC-SOMCeI^pArgentina;^aCabaleiro, Julián Nicolás^nUniversidad Nacional de San Martín. Escuela de Ciencia y Tecnología^sUNSAM-ECyT^pArgentina<|>^aCabaleiro, Julián Nicolás^nInstituto Nacional de Tecnología Industrial. Dirección Operativa. Gerencia Operativa de Metrología y Calidad. Subgerencia Operativa de Metrología Científica e Industrial. Dirección Técnica de Metrología Física. Departamento de Metrología Cuántica^sINTI-SOMCeI-GOMyC-SOMCeI^pArgentina
050984;v26_Afiliacion_del_autor;^aCazzaniga Arduzzo, Diego Santiago^nInstituto Nacional de Tecnología Industrial. Gerencia Operativa de Desarrollo Tecnológico e Innovación. Subgerencia Operativa de Tecnología de Alimentos. Departamento de Valorización de Subproductos^sINTI-GODTel-SOTA^pArgentina<|>^aSchmidt, E.^nInstituto Nacional de Tecnología Industrial. Gerencia Operativa de Desarrollo Tecnológico e Innovación. Subgerencia Operativa de Tecnología de Alimentos. Departamento de Valorización de Subproductos^sINTI-GODTel-SOTA^pArgentina<|>^aAlarcón, Mariana^nInstituto Nacional de Tecnología Industrial. Gerencia Operativa de Desarrollo Tecnológico e Innovación. Subgerencia Operativa de Tecnología de Alimentos. Departamento de Valorización de Subproductos^sINTI-GODTel-SOTA^pArgentina<|>^aNieto, I.^nInstituto Nacional de Tecnología Industrial. Gerencia Operativa de Desarrollo Tecnológico e Innovación. Subgerencia Operativa de Tecnología de Alimentos. Departamento de Valorización de Subproductos^sINTI-GODTel-SOTA^pArgentina<|>^aWarcok, Leonardo Carlos^nInstituto Nacional de Tecnología Industrial. Gerencia Operativa de Desarrollo Tecnológico e Innovación. Dirección Técnica Desarrollo e Innovación en Química^sINTI-GODTel^pArgentina<|>^aDefain Tesoriero, María Victoria^nInstituto Nacional de Tecnología Industrial. Gerencia Operativa de Desarrollo Tecnológico e Innovación. Dirección Técnica Desarrollo e Innovación en Química^sINTI-GODTel^pArgentina<|>^aArcángelo, Marisa Ruth^nInstituto Nacional de Tecnología Industrial. Gerencia Operativa de Desarrollo Tecnológico e Innovación. Dirección Técnica Desarrollo e Innovación en Química^sINTI-GODTel^pArgentina<|>^aAlberti, Cecilia^nInstituto Nacional de Tecnología Industrial. Gerencia Operativa de Desarrollo Tecnológico e Innovación. Dirección Técnica Desarrollo e Innovación en Química^sINTI-GODTel^pArgentina<|>^aStorino, A.^nInstituto Nacional de Tecnología Industrial. Dirección Operativa. Gerencia Operativa de Servicios Industriales. Subgerencia Operativa de Química y Ambiente. Dirección Técnica Químico Ambiental Sustentable. Departamento de Manejo y Gestión de Sustancias Químicas^sINTI-GOSI-SOQyA^pArgentina<|>^aPáez, R.^nInstituto de Investigación de la Cadena Láctea-EEA Rafaela^sINTA^pArgentina<|>^aPáez, R.^sCONICET^pArgentina<|>^aAudero, M. G.^nInstituto de Investigación de la Cadena Láctea-EEA Rafaela^sINTA^pArgentina<|>^aAudero, M. G.^sCONICET^pArgentina<|>^aMainez, M. E.^nInstituto de Investigación de la Cadena Láctea-EEA Rafaela^sINTA^pArgentina<|>^aMainez, M. E.^sCONICET^pArgentina<|>^aMenardi, M.^nSecretaría de Producción, Empleo e Innovación-Municipalidad de Rafaela^pArgentina<|>^aRuggia, J. I.^nSecretaría de Producción, Empleo e Innovación-Municipalidad de Rafaela^pArgentina;^aCazzaniga Arduzzo, Diego Santiago^nInstituto Nacional de Tecnología Industrial. Gerencia Operativa de Desarrollo Tecnológico e Innovación. Subgerencia Operativa de Tecnología de Alimentos. Departamento de Valorización de Subproductos^sINTI-GODTel-SOTA^pArgentina<|>^aSchmidt, E.^nInstituto Nacional de Tecnología Industrial. Gerencia Operativa de Desarrollo Tecnológico e Innovación. Subgerencia Operativa de Tecnología de Alimentos. Departamento de Valorización de Subproductos^sINTI-GODTel-SOTA^pArgentina<|>^aAlarcón, Mariana^nInstituto Nacional de Tecnología Industrial. Gerencia Operativa de Desarrollo Tecnológico e Innovación. Subgerencia Operativa de Tecnología de Alimentos. Departamento de Valorización de Subproductos^sINTI-GODTel-SOTA^pArgentina<|>^aNieto, I.^nInstituto Nacional de Tecnología Industrial. Gerencia Operativa de Desarrollo Tecnológico e Innovación. Subgerencia Operativa de Tecnología de Alimentos. Departamento de Valorización de Subproductos^sINTI-GODTel-SOTA^pArgentina<|>^aWarcok, Leonardo Carlos^nInstituto Nacional de Tecnología Industrial. Gerencia Operativa de Desarrollo Tecnológico e Innovación. Dirección Técnica Desarrollo e Innovación en Química^sINTI-GODTel^pArgentina<|>^aDefain Tesoriero, María Victoria^nInstituto Nacional de Tecnología Industrial. Gerencia Operativa de Desarrollo Tecnológico e Innovación. Dirección Técnica Desarrollo e Innovación en Química^sINTI-GODTel^pArgentina<|>^aArcángelo, Marisa Ruth^nInstituto Nacional de Tecnología Industrial. Gerencia Operativa de Desarrollo Tecnológico e Innovación. Dirección Técnica Desarrollo e Innovación en Química^sINTI-GODTel^pArgentina<|>^aAlberti, Cecilia^nInstituto Nacional de Tecnología Industrial. Gerencia Operativa de Desarrollo Tecnológico e Innovación. Dirección Técnica Desarrollo e Innovación en Química^sINTI-GODTel^pArgentina<|>^aStorino, A.^nInstituto Nacional de Tecnología Industrial. Dirección Operativa. Gerencia Operativa de Servicios Industriales. Subgerencia Operativa de Química y Ambiente. Dirección Técnica Químico Ambiental Sustentable. Departamento de Manejo y Gestión de Sustancias Químicas^sINTI-GOSI-SOQyA^pArgentina<|>^aPáez, R.^nInstituto de Investigación de la Cadena Láctea-EEA Rafaela^sINTA^pArgentina<|>^aPáez, R.^sCONICET^pArgentina<|>^aAudero, Gabriela María^nInstituto de Investigación de la Cadena Láctea-EEA Rafaela^sINTA^pArgentina<|>^aAudero, Gabriela María^sCONICET^pArgentina<|>^aMainez, M. E.^nInstituto de Investigación de la Cadena Láctea-EEA Rafaela^sINTA^pArgentina<|>^aMainez, M. E.^sCONICET^pArgentina<|>^aMenardi, M.^nSecretaría de Producción, Empleo e Innovación-Municipalidad de Rafaela^pArgentina<|>^aRuggia, J. I.^nSecretaría de Producción, Empleo e Innovación-Municipalidad de Rafaela^pArgentina
050988;v26_Afiliacion_del_autor;^aBuglioni, Luciano^nInstituto Nacional de Tecnología Industrial. Dirección Operativa. Gerencia Operativa de Servicios Industriales. Subgerencia Operativa de Mecánica y Logística. Dirección Técnica de Procesos Industriales. Departamento de Soldadura^pINTI-GOSI-SOMyL^pArgentina<|>^aSvoboda, H. G.^nUniversidad de Buenos Aires. Facultad de Ingeniería. Departamento de Ingeniería Mecánica^pUBA-FIUBA^pArgentina<|>^aSvoboda, H. G.^nConsejo Nacional de Investigaciones Científicas y Técnicas^pCONICET^pArgentina;^aBuglioni, Luciano^nInstituto Nacional de Tecnología Industrial. Dirección Operativa. Gerencia Operativa de Servicios Industriales. Subgerencia Operativa de Mecánica y Logística. Dirección Técnica de Procesos Industriales. Departamento de Soldadura^pINTI-GOSI-SOMyL^pArgentina<|>^aSvoboda, Hernán Gabriel^nUniversidad de Buenos Aires. Facultad de Ingeniería. Departamento de Ingeniería Mecánica^pUBA-FIUBA^pArgentina<|>^aSvoboda, Hernán Gabriel^nConsejo Nacional de Investigaciones Científicas y Técnicas^pCONICET^pArgentina
050990;v26_Afiliacion_del_autor;^aPaolo, Luciano Sebastián^nInstituto Nacional de Tecnología Industrial. Gerencia Operativa de Desarrollo Tecnológico e Innovación. Subgerencia Operativa de Industrias y Servicios. Departamento de Ingredientes Activos y Biorrefinerías^sINTI-GODTel-SOlyS^pArgentina<|>^aBellomo Peraza, Ana Inés^nInstituto Nacional de Tecnología Industrial. Gerencia Operativa de Desarrollo Tecnológico e Innovación. Subgerencia Operativa de Industrias y Servicios. Departamento de Ingredientes Activos y Biorrefinerías^sINTI-GODTel-SOlyS^pArgentina<|>^aAlberti, Cecilia^nInstituto Nacional de Tecnología Industrial. Gerencia Operativa de Desarrollo Tecnológico e Innovación. Subgerencia Operativa de Industrias y Servicios. Departamento de Desarrollo Analítico y Control del Proceso^sINTI-GODTel-SOlyS^pArgentina<|>^aLobato, I.^nInstituto Nacional de Tecnología Industrial. Gerencia Operativa de Desarrollo Tecnológico e Innovación. Subgerencia Operativa de Industrias y Servicios. Departamento de Desarrollo Analítico y Control del Proceso^sINTI-GODTel-SOlyS^pArgentina<|>^aHeba, J.^nInstituto Nacional de Tecnología Industrial. Gerencia Operativa de Desarrollo Tecnológico e Innovación. Subgerencia Operativa de Industrias y Servicios. Departamento de Desarrollo Analítico y Control del Proceso^sINTI-GODTel-SOlyS^pArgentina<|>^aRillo, S.^nInstituto Nacional de Tecnología Industrial. Dirección Operativa. Gerencia Operativa de Metrología y Calidad. Subgerencia Operativa de Metrología Científica e Industrial. Dirección Técnica de Metrología Química. Departamento de Metrología en Ambiente y Salud^sINTI-GODTel-SOlyS^pArgentina<|>^aMolinari, J.^nInstituto Nacional de Tecnología Industrial. Gerencia Operativa de Desarrollo Tecnológico e Innovación. Subgerencia Operativa de Industrias y Servicios. Departamento de Desarrollo Analítico y Control del Proceso^sINTI-GODTel-SOlyS^pArgentina<|>^aHermida, L.^nInstituto Nacional de Tecnología Industrial. Gerencia Operativa de Desarrollo Tecnológico e Innovación. Subgerencia Operativa de Industrias y Servicios^sINTI-GODTel-SOlyS^pArgentina<|>^aSantos, L. N.^nInstituto Nacional de Tecnología Industrial. Dirección Operativa. Gerencia Operativa de Metrología y Calidad. Subgerencia Operativa de Metrología Científica e Industrial. Dirección Técnica de Metrología Química. Departamento de Metrología en Ambiente y Salud^sINTI-GODTel-SOlyS^pArgentina<|>^aGatti, P.^nInstituto Nacional de Tecnología Industrial. Dirección Operativa. Gerencia Operativa de Metrología y Calidad. Subgerencia Operativa de Metrología Científica e Industrial. Dirección Técnica de Metrología Química. Departamento de Metrología en Ambiente y Salud^sINTI-GODTel-SOlyS^pArgentina<|>^aPuelles, M.^nInstituto Nacional de Tecnología Industrial. Dirección Operativa. Gerencia Operativa de Metrología y Calidad. Subgerencia Operativa de Metrología Científica e Industrial. Dirección Técnica de Metrología Química. Departamento de Metrología en Ambiente y Salud^sINTI-GODTel-SOlyS^pArgentina<|>^aComin, M. J.^nInstituto Nacional de Tecnología Industrial. Gerencia Operativa de Desarrollo Tecnológico e Innovación. Subgerencia Operativa de Industrias y Servicios. Departamento de Ingredientes Activos y Biorrefinerías^sINTI-GODTel-SOlyS^pArgentina<|>^aComin, M. J.^nConsejo Nacional de Investigaciones Científicas y Técnicas^sCONICET^pArgentina<|>^aGandolfi Donadío, L.^nInstituto Nacional de Tecnología Industrial. Gerencia Operativa de Desarrollo Tecnológico e Innovación. Subgerencia Operativa de Industrias y Servicios. Departamento de Ingredientes Activos y Biorrefinerías^sINTI-GODTel-SOlyS^pArgentina<|>^aGandolfi Donadío, L.^nConsejo Nacional de Investigaciones Científicas y Técnicas^sCONICET^pArgentina;^aPaolo, Luciano Sebastián^nInstituto Nacional de Tecnología Industrial. Gerencia Operativa de Desarrollo Tecnológico e Innovación. Subgerencia Operativa de Industrias y Servicios. Departamento de Ingredientes Activos y Biorrefinerías^sINTI-GODTel-SOlyS^pArgentina<|>^aBellomo Peraza, Ana Inés^nInstituto Nacional de Tecnología Industrial. Gerencia Operativa de Desarrollo Tecnológico e Innovación. Subgerencia Operativa de Industrias y Servicios. Departamento de Ingredientes Activos y Biorrefinerías^sINTI-GODTel-SOlyS^pArgentina<|>^aAlberti, Cecilia^nInstituto Nacional de Tecnología Industrial. Gerencia Operativa de Desarrollo Tecnológico e Innovación. Subgerencia Operativa de Industrias y Servicios. Departamento de Desarrollo Analítico y Control del Proceso^sINTI-GODTel-SOlyS^pArgentina<|>^aLobato, I.^nInstituto Nacional de Tecnología Industrial. Gerencia Operativa de Desarrollo Tecnológico e Innovación. Subgerencia Operativa de Industrias y Servicios. Departamento de Desarrollo Analítico y Control del Proceso^sINTI-GODTel-SOlyS^pArgentina<|>^aHeba, J.^nInstituto Nacional de Tecnología Industrial. Gerencia Operativa de Desarrollo Tecnológico e Innovación. Subgerencia Operativa de Industrias y Servicios. Departamento de Desarrollo Analítico y Control del Proceso^sINTI-GODTel-SOlyS^pArgentina<|>^aRillo, S.^nInstituto Nacional de Tecnología Industrial. Dirección Operativa. Gerencia Operativa de Metrología y Calidad. Subgerencia Operativa de Metrología Científica e Industrial. Dirección Técnica de Metrología Química. Departamento de Metrología en Ambiente y Salud^sINTI-GODTel-SOlyS^pArgentina<|>^aMolinari, J.^nInstituto Nacional de Tecnología Industrial. Gerencia Operativa de Desarrollo Tecnológico e Innovación. Subgerencia Operativa de Industrias y Servicios. Departamento de Desarrollo Analítico y Control del Proceso^sINTI-GODTel-SOlyS^pArgentina<|>^aHermida, L.^nInstituto Nacional de Tecnología Industrial. Gerencia Operativa de Desarrollo Tecnológico e Innovación. Subgerencia Operativa de Industrias y Servicios^sINTI-GODTel-SOlyS^pArgentina<|>^aSantos, L. N.^nInstituto Nacional de Tecnología Industrial. Dirección Operativa. Gerencia Operativa de Metrología y Calidad. Subgerencia Operativa de Metrología Científica e Industrial. Dirección Técnica de Metrología Química. Departamento de Metrología en Ambiente y Salud^sINTI-GODTel-SOlyS^pArgentina<|>^aGatti, P.^nInstituto Nacional de Tecnología Industrial. Dirección Operativa. Gerencia Operativa de Metrología y Calidad. Subgerencia Operativa de Metrología Científica e Industrial. Dirección Técnica de Metrología Química. Departamento de Metrología en Ambiente y Salud^sINTI-GODTel-SOlyS^pArgentina<|>^aPuelles, M.^nInstituto Nacional de Tecnología Industrial. Dirección Operativa. Gerencia Operativa de Metrología y Calidad. Subgerencia Operativa de Metrología Científica e Industrial. Dirección Técnica de Metrología Química. Departamento de Metrología en Ambiente y Salud^sINTI-GODTel-SOlyS^pArgentina<|>^aComin, María Julieta^nInstituto Nacional de Tecnología Industrial. Gerencia Operativa de Desarrollo Tecnológico e Innovación. Subgerencia Operativa de Industrias y Servicios. Departamento de Ingredientes Activos y Biorrefinerías^sINTI-GODTel-SOlyS^pArgentina<|>^aComin, María Julieta^nConsejo Nacional de Investigaciones Científicas y Técnicas^sCONICET^pArgentina<|>^aGandolfi Donadío, L.^nInstituto Nacional de Tecnología Industrial. Gerencia Operativa de Desarrollo Tecnológico e Innovación. Subgerencia Operativa de Industrias y Servicios. Departamento de Ingredientes Activos y Biorrefinerías^sINTI-GODTel-SOlyS^pArgentina<|>^aGandolfi Donadío, L.^nConsejo Nacional de Investigaciones Científicas y Técnicas^sCONICET^pArgentina
050992;v26_Afiliacion_del_autor;^aPeralta, Matías Eduardo^nInstituto Nacional de Tecnología Industrial. Dirección Operativa. Gerencia Operativa de Asistencia Regional. Subgerencia Operativa Regional Centro. Dirección Técnica Centro Litoral. Departamento de Validación de Equipos y Componentes Centro^sINTI-GOAR-SORCentro^pArgentina<|>^aDíaz, F. V.^nUniversidad Tecnológica Nacional. Facultad Regional Rafaela^sUTN^pArgentina<|>^aDíaz, F. V.^sCONICET^pArgentina<|>^aFernandino, D. O.^nUniversidad Nacional de Mar del Plata. División Metalurgia-INTEMA^sUNMDP^pArgentina<|>^aFernandino, D. O.^sCONICET^pArgentina;^aPeralta, Matías Eduardo^nInstituto Nacional de Tecnología Industrial. Dirección Operativa. Gerencia Operativa de Asistencia Regional. Subgerencia Operativa Regional Centro. Dirección Técnica Centro Litoral. Departamento de Validación de Equipos y Componentes Centro^sINTI-GOAR-SORCentro^pArgentina<|>^aDíaz, Felipe Víctor^nUniversidad Tecnológica Nacional. Facultad Regional Rafaela^sUTN^pArgentina<|>^aDíaz, Felipe Víctor^sCONICET^pArgentina<|>^aFernandino, D. O.^nUniversidad Nacional de Mar del Plata. División Metalurgia-INTEMA^sUNMDP^pArgentina<|>^aFernandino, D. O.^sCONICET^pArgentina
051027;v26_Afiliacion_del_autor;^aWasienko, Susana Aurora^nInstituto Nacional de Tecnología Industrial. Gerencia Operativa de Desarrollo Tecnológico e Innovación. Dirección Técnica de Gestión de la Innovación y Vinculación Tecnológica^sINTI-GODTeI^pArgentina<|>^aPazos, L.^nInstituto Nacional de Tecnología Industrial. Gerencia Operativa de Desarrollo Tecnológico e Innovación. Dirección Técnica de Gestión de la Innovación y Vinculación Tecnológica^sINTI-GODTeI^pArgentina<|>^aComín, M.^nInstituto Nacional de Tecnología Industrial. Gerencia Operativa de Desarrollo Tecnológico e Innovación^sINTI-GODTeI^pArgentina;^aWasienko, Susana Aurora^nInstituto Nacional de Tecnología Industrial. Gerencia Operativa de Desarrollo Tecnológico e Innovación. Dirección Técnica de Gestión de la Innovación y Vinculación Tecnológica^sINTI-GODTeI^pArgentina<|>^aPazos, Leonardo Martín^nInstituto Nacional de Tecnología Industrial. Gerencia Operativa de Desarrollo Tecnológico e Innovación. Dirección Técnica de Gestión de la Innovación y Vinculación Tecnológica^sINTI-GODTeI^pArgentina<|>^aComin, María Julieta^nInstituto Nacional de Tecnología Industrial. Gerencia Operativa de Desarrollo Tecnológico e Innovación^sINTI-GODTeI^pArgentina
051073;v26_Afiliacion_del_autor;^aAbate, G.^nInstituto Nacional de Tecnología Industrial. Dirección Operativa. Gerencia Operativa de Servicios Industriales. Subgerencia Operativa de Mecánica y Logística. Departamento de Gestión Administrativa de Mecánica y Logística^sINTI-GOSI-SOMyL^pArgentina<|>^aAbate, G.^nUniversidad Nacional de Lomas de Zamora. Facultad de Ingeniería. Laboratorio de Control Numérico y Metrología^sUNLZ^pArgentina<|>^aMaceira, G.^nInstituto Nacional de Tecnología Industrial. Dirección Operativa. Gerencia Operativa de Servicios Industriales. Subgerencia Operativa de Mecánica y Logística. Departamento de Gestión Administrativa de Mecánica y Logística^sINTI-GOSI-SOMyL^pArgentina<|>^aMaceira, G.^nUniversidad Nacional de Lomas de Zamora. Facultad de Ingeniería. Cátedra Tecnología Mecánica^sUNLZ^pArgentina<|>^aPérez, D.^nInstituto Nacional de Tecnología Industrial. Dirección Operativa. Gerencia Operativa de Servicios Industriales. Subgerencia Operativa de Mecánica y Logística. Departamento de Gestión Administrativa de Mecánica y Logística^sINTI-GOSI-SOMyL^pArgentina<|>^aMartínez Krahmer, D.^nInstituto Nacional de Tecnología Industrial. Dirección Operativa. Gerencia Operativa de Servicios Industriales. Subgerencia Operativa de Mecánica y Logística. Departamento de Gestión Administrativa de Mecánica y Logística^sINTI-GOSI-SOMyL^pArgentina<|>^aMartínez Krahmer, D.^nUniversidad Nacional de Lomas de Zamora. Facultad de Ingeniería. Laboratorio de Control Numérico y Metrología^sUNLZ^pArgentina;^aAbate, Germán Rubén^nInstituto Nacional de Tecnología Industrial. Dirección Operativa. Gerencia Operativa de Servicios Industriales. Subgerencia Operativa de Mecánica y Logística. Departamento de Gestión Administrativa de Mecánica y Logística^sINTI-GOSI-SOMyL^pArgentina<|>^aAbate, Germán Rubén^nUniversidad Nacional de Lomas de Zamora. Facultad de Ingeniería. Laboratorio de Control Numérico y Metrología^sUNLZ^pArgentina<|>^aMaceira, G.^nInstituto Nacional de Tecnología Industrial. Dirección Operativa. Gerencia Operativa de Servicios Industriales. Subgerencia Operativa de Mecánica y Logística. Departamento de Gestión Administrativa de Mecánica y Logística^sINTI-GOSI-SOMyL^pArgentina<|>^aMaceira, G.^nUniversidad Nacional de Lomas de Zamora. Facultad de Ingeniería. Cátedra Tecnología Mecánica^sUNLZ^pArgentina<|>^aPérez, D.^nInstituto Nacional de Tecnología Industrial. Dirección Operativa. Gerencia Operativa de Servicios Industriales. Subgerencia Operativa de Mecánica y Logística. Departamento de Gestión Administrativa de Mecánica y Logística^sINTI-GOSI-SOMyL^pArgentina<|>^aMartínez Krahmer, Daniel Osvaldo^nInstituto Nacional de Tecnología Industrial. Dirección Operativa. Gerencia Operativa de Servicios Industriales. Subgerencia Operativa de Mecánica y Logística. Departamento de Gestión Administrativa de Mecánica y Logística^sINTI-GOSI-SOMyL^pArgentina<|>^aMartínez Krahmer, Daniel Osvaldo^nUniversidad Nacional de Lomas de Zamora. Facultad de Ingeniería. Laboratorio de Control Numérico y Metrología^sUNLZ^pArgentina
051074;v26_Afiliacion_del_autor;^aAlarcón, R.^nInstitute of Scientific Research. Faculty of Industrial Engineering. Center of Studies and Innovation of Functional Foods^pPerú<|>^aGonzales, B.^nInstitute of Scientific Research. Faculty of Industrial Engineering. Center of Studies and Innovation of Functional Foods^pPerú<|>^aSotelo, A.^nInstitute of Scientific Research. Faculty of Industrial Engineering. Center of Studies and Innovation of Functional Foods^pPerú<|>^aChasquibol, N.^nInstitute of Scientific Research. Faculty of Industrial Engineering. Center of Studies and Innovation of Functional Foods^pPerú<|>^aGallardo, G.^nInstituto Nacional de Tecnología Industrial^sINTI^pArgentina<|>^aPérez-Camino, M.^nInstituto de la Grasa. Department of Characterization and Quality of Lipids^pEspaña;^aAlarcón, R.^nInstitute of Scientific Research. Faculty of Industrial Engineering. Center of Studies and Innovation of Functional Foods^pPerú<|>^aGonzales, B.^nInstitute of Scientific Research. Faculty of Industrial Engineering. Center of Studies and Innovation of Functional Foods^pPerú<|>^aSotelo, A.^nInstitute of Scientific Research. Faculty of Industrial Engineering. Center of Studies and Innovation of Functional Foods^pPerú<|>^aChasquibol Silva, Nancy Ascención^nInstitute of Scientific Research. Faculty of Industrial Engineering. Center of Studies and Innovation of Functional Foods^pPerú<|>^aGallardo, G.^nInstituto Nacional de Tecnología Industrial^sINTI^pArgentina<|>^aPérez-Camino, M.^nInstituto de la Grasa. Department of Characterization and Quality of Lipids^pEspaña
051082;v26_Afiliacion_del_autor;^aMolinari, F. N.^nConsiglio Nazionale delle Ricerche. Istituto sull’Inquinamento Atmosferico^sCNR-IIA^pItalia<|>^aMolinari, F. N.^nInstituto Nacional de Tecnología Industrial^sINTI^pArgentina<|>^aDe Cesare, F.^nConsiglio Nazionale delle Ricerche. Istituto sull’Inquinamento Atmosferico^sCNR-IIA^pItalia<|>^aDe Cesare, F.^nUniversità della Tuscia. Dipartamento per la Innovazione nei Sistemi Biologici, Agroalimentari e Forestali^sUNITUS-DIBAF^pItalia<|>^aMacagnano, A.^nConsiglio Nazionale delle Ricerche. Istituto sull’Inquinamento Atmosferico^sCNR-IIA^pItalia;^aMolinari, Fabricio Nicolás^nConsiglio Nazionale delle Ricerche. Istituto sull’Inquinamento Atmosferico^sCNR-IIA^pItalia<|>^aMolinari, Fabricio Nicolás^nInstituto Nacional de Tecnología Industrial^sINTI^pArgentina<|>^aDe Cesare, F.^nConsiglio Nazionale delle Ricerche. Istituto sull’Inquinamento Atmosferico^sCNR-IIA^pItalia<|>^aDe Cesare, F.^nUniversità della Tuscia. Dipartamento per la Innovazione nei Sistemi Biologici, Agroalimentari e Forestali^sUNITUS-DIBAF^pItalia<|>^aMacagnano, A.^nConsiglio Nazionale delle Ricerche. Istituto sull’Inquinamento Atmosferico^sCNR-IIA^pItalia
051085;v26_Afiliacion_del_autor;^aSupanitsky, Alicia Beatriz^nInstituto Nacional de Tecnología Industrial. Gerencia Operativa de Desarrollo Tecnológico e Innovación. Subgerencia Operativa de Áreas del Conocimiento. Dirección Técnica de Diseño Industrial^sINTI-GODTeI-SOAC^pArgentina<|>^aSupanitsky, A.^nFundación Instituto Leloir. Instituto de Investigaciones Bioquímicas Buenos Aires^sFIL-IIBBA^pArgentina;^aSupanitsky, Alicia Beatriz^nInstituto Nacional de Tecnología Industrial. Gerencia Operativa de Desarrollo Tecnológico e Innovación. Subgerencia Operativa de Áreas del Conocimiento. Dirección Técnica de Diseño Industrial^sINTI-GODTeI-SOAC^pArgentina<|>^aSupanitsky, Alicia Beatriz^nFundación Instituto Leloir. Instituto de Investigaciones Bioquímicas Buenos Aires^sFIL-IIBBA^pArgentina
051101;v26_Afiliacion_del_autor;^aPaz, P.^nInstituto Nacional de Tecnología Industrial. Gerencia Operativa de Desarrollo Tecnológico e Innovación. Subgerencia Operativa de Transferencia Tecnológica. Departamento de Vigilancia e Inteligencia Competitiva y Propiedad Intelectual^sINTI-GODTeI-SOTT^pArgentina<|>^aCamaño, C.^nInstituto Nacional de Tecnología Industrial. Gerencia Operativa de Desarrollo Tecnológico e Innovación. Subgerencia Operativa de Transferencia Tecnológica. Departamento de Vigilancia e Inteligencia Competitiva y Propiedad Intelectual^sINTI-GODTeI-SOTT^pArgentina;^aPaz, P.^nInstituto Nacional de Tecnología Industrial. Gerencia Operativa de Desarrollo Tecnológico e Innovación. Subgerencia Operativa de Transferencia Tecnológica. Departamento de Vigilancia e Inteligencia Competitiva y Propiedad Intelectual^sINTI-GODTeI-SOTT^pArgentina<|>^aCamaño, Carla Valeria^nInstituto Nacional de Tecnología Industrial. Gerencia Operativa de Desarrollo Tecnológico e Innovación. Subgerencia Operativa de Transferencia Tecnológica. Departamento de Vigilancia e Inteligencia Competitiva y Propiedad Intelectual^sINTI-GODTeI-SOTT^pArgentina
051103;v26_Afiliacion_del_autor;^aLipovetzky, J.^nUniversidad de Buenos Aires. Facultad de Ingeniería^sUBA-FIUBA^pArgentina<|>^aLipovetzky, J.^nComisión Nacional de Energía Atómica^sCNEA^pArgentina<|>^aLipovetzky, J.^nConsejo Nacional de Investigaciones Científicas y Técnicas^sCONICET^pArgentina<|>^aLipovetzky, J.^nUniversidad Nacional de Cuyo. Instituto Balseiro^sUNCuyo-IB^pArgentina<|>^aGarcia-Inza, M.^nUniversidad de Buenos Aires. Facultad de Ingeniería^sUBA-FIUBA^pArgentina<|>^aGarcia-Inza, M.^nConsejo Nacional de Investigaciones Científicas y Técnicas^sCONICET^pArgentina<|>^aRodríguez Cañete, M.^nUniversidad de Buenos Aires. Facultad de Ingeniería^sUBA-FIUBA^pArgentina<|>^aRedin, G.^nUniversidad de Buenos Aires. Facultad de Ingeniería^sUBA-FIUBA^pArgentina<|>^aCarbonetto, S.^nUniversidad de Buenos Aires. Facultad de Ingeniería^sUBA-FIUBA^pArgentina<|>^aCarbonetto, S.^nConsejo Nacional de Investigaciones Científicas y Técnicas^sCONICET^pArgentina<|>^aEcharri, M.^nInstituto Nacional de Tecnología Industrial. Dirección Operativa. Gerencia Operativa de Desarrollo Tecnológico e Innovación. Subgerencia Operativa de Áreas de Conocimiento. Dirección Técnica de Micro y Nano Tecnologías^sINTI-GODTeI-SOAC^pArgentina<|>^aGolmar, F.^nConsejo Nacional de Investigaciones Científicas y Técnicas^sCONICET^pArgentina<|>^aGolmar, F.^nInstituto Nacional de Tecnología Industrial. Dirección Operativa. Gerencia Operativa de Desarrollo Tecnológico e Innovación. Subgerencia Operativa de Áreas de Conocimiento. Dirección Técnica de Micro y Nano Tecnologías^sINTI-GODTeI-SOAC^pArgentina<|>^aGolmar, F.^nUniversidad Nacional de San Martín. Escuela de Ciencia y Tecnología^sUNSAM-ECyT^pArgentina<|>^aGomez Marlasca, F.^nComisión Nacional de Energía Atómica^sCNEA^pArgentina<|>^aBarella, M.^nComisión Nacional de Energía Atómica^sCNEA^pArgentina<|>^aBarella, M.^nConsejo Nacional de Investigaciones Científicas y Técnicas^sCONICET^pArgentina<|>^aBarella, M.^nInstituto Nacional de Tecnología Industrial. Dirección Operativa. Gerencia Operativa de Desarrollo Tecnológico e Innovación. Subgerencia Operativa de Áreas de Conocimiento. Dirección Técnica de Micro y Nano Tecnologías^sINTI-GODTeI-SOAC^pArgentina<|>^aSanca, G.^nUniversidad Nacional de San Martín. Escuela de Ciencia y Tecnología^sUNSAM-ECyT^pArgentina<|>^aLevy, P.^nComisión Nacional de Energía Atómica^sCNEA^pArgentina<|>^aLevy, P.^nConsejo Nacional de Investigaciones Científicas y Técnicas^sCONICET^pArgentina<|>^aLevy, P.^nUniversidad Nacional de San Martín. Escuela de Ciencia y Tecnología^sUNSAM-ECyT^pArgentina<|>^aFaigón, A.^nUniversidad de Buenos Aires. Facultad de Ingeniería^sUBA-FIUBA^pArgentina<|>^aFaigón, A.^nConsejo Nacional de Investigaciones Científicas y Técnicas^sCONICET^pArgentina;^aLipovetzky, J.^nUniversidad de Buenos Aires. Facultad de Ingeniería^sUBA-FIUBA^pArgentina<|>^aLipovetzky, J.^nComisión Nacional de Energía Atómica^sCNEA^pArgentina<|>^aLipovetzky, J.^nConsejo Nacional de Investigaciones Científicas y Técnicas^sCONICET^pArgentina<|>^aLipovetzky, J.^nUniversidad Nacional de Cuyo. Instituto Balseiro^sUNCuyo-IB^pArgentina<|>^aGarcia-Inza, M.^nUniversidad de Buenos Aires. Facultad de Ingeniería^sUBA-FIUBA^pArgentina<|>^aGarcia-Inza, M.^nConsejo Nacional de Investigaciones Científicas y Técnicas^sCONICET^pArgentina<|>^aRodríguez Cañete, M.^nUniversidad de Buenos Aires. Facultad de Ingeniería^sUBA-FIUBA^pArgentina<|>^aRedin, G.^nUniversidad de Buenos Aires. Facultad de Ingeniería^sUBA-FIUBA^pArgentina<|>^aCarbonetto, Sebastián Horacio^nUniversidad de Buenos Aires. Facultad de Ingeniería^sUBA-FIUBA^pArgentina<|>^aCarbonetto, Sebastián Horacio^nConsejo Nacional de Investigaciones Científicas y Técnicas^sCONICET^pArgentina<|>^aEcharri, M.^nInstituto Nacional de Tecnología Industrial. Dirección Operativa. Gerencia Operativa de Desarrollo Tecnológico e Innovación. Subgerencia Operativa de Áreas de Conocimiento. Dirección Técnica de Micro y Nano Tecnologías^sINTI-GODTeI-SOAC^pArgentina<|>^aGolmar, F.^nConsejo Nacional de Investigaciones Científicas y Técnicas^sCONICET^pArgentina<|>^aGolmar, F.^nInstituto Nacional de Tecnología Industrial. Dirección Operativa. Gerencia Operativa de Desarrollo Tecnológico e Innovación. Subgerencia Operativa de Áreas de Conocimiento. Dirección Técnica de Micro y Nano Tecnologías^sINTI-GODTeI-SOAC^pArgentina<|>^aGolmar, F.^nUniversidad Nacional de San Martín. Escuela de Ciencia y Tecnología^sUNSAM-ECyT^pArgentina<|>^aGomez Marlasca, F.^nComisión Nacional de Energía Atómica^sCNEA^pArgentina<|>^aBarella, Mariano^nComisión Nacional de Energía Atómica^sCNEA^pArgentina<|>^aBarella, Mariano^nConsejo Nacional de Investigaciones Científicas y Técnicas^sCONICET^pArgentina<|>^aBarella, Mariano^nInstituto Nacional de Tecnología Industrial. Dirección Operativa. Gerencia Operativa de Desarrollo Tecnológico e Innovación. Subgerencia Operativa de Áreas de Conocimiento. Dirección Técnica de Micro y Nano Tecnologías^sINTI-GODTeI-SOAC^pArgentina<|>^aSanca, G.^nUniversidad Nacional de San Martín. Escuela de Ciencia y Tecnología^sUNSAM-ECyT^pArgentina<|>^aLevy, Pablo^nComisión Nacional de Energía Atómica^sCNEA^pArgentina<|>^aLevy, Pablo^nConsejo Nacional de Investigaciones Científicas y Técnicas^sCONICET^pArgentina<|>^aLevy, Pablo^nUniversidad Nacional de San Martín. Escuela de Ciencia y Tecnología^sUNSAM-ECyT^pArgentina<|>^aFaigón, A.^nUniversidad de Buenos Aires. Facultad de Ingeniería^sUBA-FIUBA^pArgentina<|>^aFaigón, A.^nConsejo Nacional de Investigaciones Científicas y Técnicas^sCONICET^pArgentina
051104;v26_Afiliacion_del_autor;^aSilva, Carmen Leonilda^nInstituto Nacional de Tecnología Industrial. Dirección Operativa. Gerencia Operativa de Servicios Industriales. Subgerencia Operativa de Tecnología de Gestión y Conocimiento. Departamento de Servicios de Información y Documentación^sINTI-GOSI-SOTGyC^pArgentina<|>^aSilva, C.^nUniversidad del Museo Social Argentino^sUMSA^pArgentina;^aSilva, Carmen Leonilda^nInstituto Nacional de Tecnología Industrial. Dirección Operativa. Gerencia Operativa de Servicios Industriales. Subgerencia Operativa de Tecnología de Gestión y Conocimiento. Departamento de Servicios de Información y Documentación^sINTI-GOSI-SOTGyC^pArgentina<|>^aSilva, Carmen Leonilda^nUniversidad del Museo Social Argentino^sUMSA^pArgentina
051108;v26_Afiliacion_del_autor;^aMilano, Omar^nInstituto Nacional de Tecnología Industrial. Centro de Investigación y Desarrollo en Telecomunicaciones, Electrónica e Informática^sINTI^pArgentina<|>^aFraigi, L.^nInstituto Nacional de Tecnología Industrial. Centro de Investigación y Desarrollo en Telecomunicaciones, Electrónica e Informática^sINTI^pArgentina<|>^aPérez, H.^nInstituto Nacional de Tecnología Industrial. Centro de Investigación y Desarrollo en Procesos Superficiales^sINTI^pArgentina<|>^aBerardo, L.^nInstituto Nacional de Tecnología Industrial. Centro de Investigación y Desarrollo en Procesos Superficiales^sINTI^pArgentina<|>^aMoina, C.^nInstituto Nacional de Tecnología Industrial. Centro de Investigación y Desarrollo en Procesos Superficiales^sINTI^pArgentina;^aMilano, Omar^nInstituto Nacional de Tecnología Industrial. Centro de Investigación y Desarrollo en Telecomunicaciones, Electrónica e Informática^sINTI^pArgentina<|>^aFraigi, Liliana Beatriz^nInstituto Nacional de Tecnología Industrial. Centro de Investigación y Desarrollo en Telecomunicaciones, Electrónica e Informática^sINTI^pArgentina<|>^aPérez, H.^nInstituto Nacional de Tecnología Industrial. Centro de Investigación y Desarrollo en Procesos Superficiales^sINTI^pArgentina<|>^aBerardo, Liliana^nInstituto Nacional de Tecnología Industrial. Centro de Investigación y Desarrollo en Procesos Superficiales^sINTI^pArgentina<|>^aMoina, Carlos Alberto^nInstituto Nacional de Tecnología Industrial. Centro de Investigación y Desarrollo en Procesos Superficiales^sINTI^pArgentina
051109;v26_Afiliacion_del_autor;^aArmentano, Ricardo Luis^nUniversidad Tecnológica Nacional. Facultad Regional Buenos Aires. Departamento de Electrónica^sUTN-FRBA^pArgentina<|>^aPessana, F. M.^nUniversidad Tecnológica Nacional. Facultad Regional Buenos Aires. Departamento de Electrónica^sUTN-FRBA^pArgentina<|>^aCymberknop, Leandro Javier^nUniversidad Tecnológica Nacional. Facultad Regional Buenos Aires. Departamento de Electrónica^sUTN-FRBA^pArgentina<|>^aLozano, A.^nUniversidad Tecnológica Nacional. Facultad Regional Buenos Aires. Departamento de Electrónica^sUTN-FRBA^pArgentina<|>^aLozano, A.^nInstituto Nacional de Tecnología Industrial. Gerencia Operativa de Desarrollo Tecnológico e Innovación. Subgerencia Operativa de Áreas de Conocimiento. Dirección Técnica de Micro y Nano Tecnologías^sINTI-GODTeI-SOAC^pArgentina<|>^aFraigi, L.^nInstituto Nacional de Tecnología Industrial. Centro de Investigación y Desarrollo en Telecomunicaciones, Electrónica e Informática^sINTI^pArgentina<|>^aFraigi, L.^nUniversidad Tecnológica Nacional. Facultad Regional Buenos Aires. Departamento de Electrónica^sUTN-FRBA^pArgentina<|>^aFurfaro, A.^nUniversidad Tecnológica Nacional. Facultad Regional Buenos Aires. Departamento de Electrónica^sUTN-FRBA^pArgentina;^aArmentano, Ricardo Luis^nUniversidad Tecnológica Nacional. Facultad Regional Buenos Aires. Departamento de Electrónica^sUTN-FRBA^pArgentina<|>^aPessana, F. M.^nUniversidad Tecnológica Nacional. Facultad Regional Buenos Aires. Departamento de Electrónica^sUTN-FRBA^pArgentina<|>^aCymberknop, Leandro Javier^nUniversidad Tecnológica Nacional. Facultad Regional Buenos Aires. Departamento de Electrónica^sUTN-FRBA^pArgentina<|>^aLozano, A.^nUniversidad Tecnológica Nacional. Facultad Regional Buenos Aires. Departamento de Electrónica^sUTN-FRBA^pArgentina<|>^aLozano, A.^nInstituto Nacional de Tecnología Industrial. Gerencia Operativa de Desarrollo Tecnológico e Innovación. Subgerencia Operativa de Áreas de Conocimiento. Dirección Técnica de Micro y Nano Tecnologías^sINTI-GODTeI-SOAC^pArgentina<|>^aFraigi, Liliana Beatriz^nInstituto Nacional de Tecnología Industrial. Centro de Investigación y Desarrollo en Telecomunicaciones, Electrónica e Informática^sINTI^pArgentina<|>^aFraigi, Liliana Beatriz^nUniversidad Tecnológica Nacional. Facultad Regional Buenos Aires. Departamento de Electrónica^sUTN-FRBA^pArgentina<|>^aFurfaro, A.^nUniversidad Tecnológica Nacional. Facultad Regional Buenos Aires. Departamento de Electrónica^sUTN-FRBA^pArgentina
051110;v26_Afiliacion_del_autor;^aRoberti, M.^nInstituto Nacional de Tecnología Industrial. Dirección Operativa. Gerencia Operativa de Desarrollo Tecnológico e Innovación. Subgerencia Operativa de Áreas de Conocimiento. Dirección Técnica de Micro y Nano Tecnologías. Departamento de Prototipado Microelectrónico y Electrónica Impresa^sINTI-GODTeI-SOAC^pArgentina<|>^aGongora-Rubio, M.^nInstitute for Technological Research of São Paulo State^sIPT^pBrasil<|>^aFraigi, L.^nInstituto Nacional de Tecnología Industrial. Centro de Investigación y Desarrollo en Telecomunicaciones, Electrónica e Informática^sINTI^pArgentina<|>^aFraigi, L.^nUniversidad Tecnológica Nacional. Facultad Regional Buenos Aires. Departamento de Electrónica^sUTN-FRBA^pArgentina;^aRoberti, M.^nInstituto Nacional de Tecnología Industrial. Dirección Operativa. Gerencia Operativa de Desarrollo Tecnológico e Innovación. Subgerencia Operativa de Áreas de Conocimiento. Dirección Técnica de Micro y Nano Tecnologías. Departamento de Prototipado Microelectrónico y Electrónica Impresa^sINTI-GODTeI-SOAC^pArgentina<|>^aGongora-Rubio, M.^nInstitute for Technological Research of São Paulo State^sIPT^pBrasil<|>^aFraigi, Liliana Beatriz^nInstituto Nacional de Tecnología Industrial. Centro de Investigación y Desarrollo en Telecomunicaciones, Electrónica e Informática^sINTI^pArgentina<|>^aFraigi, Liliana Beatriz^nUniversidad Tecnológica Nacional. Facultad Regional Buenos Aires. Departamento de Electrónica^sUTN-FRBA^pArgentina
051111;v26_Afiliacion_del_autor;^aPavoni, S.^nInstituto Superior Politécnico José A. Echeverría. Centro de Investigaciones en Microelectrónica^sCUJAE-CIME^pArgentina<|>^aMoina, Carlos Alberto^nInstituto Nacional de Tecnología Industrial. Centro de Investigación y Desarrollo en Electrodeposición y Procesos Superficiales^sINTI^pArgentina<|>^aYbarra, Gabriel Omar^nInstituto Nacional de Tecnología Industrial. Centro de Investigación y Desarrollo en Electrodeposición y Procesos Superficiales^sINTI^pArgentina<|>^aMalatto, L.^nInstituto Nacional de Tecnología Industrial. Centro de Investigación y Desarrollo en Telecomunicaciones, Electrónica e Informática^sINTI^pArgentina<|>^aMilano, Omar^nInstituto Nacional de Tecnología Industrial. Centro de Investigación y Desarrollo en Telecomunicaciones, Electrónica e Informática^sINTI^pArgentina<|>^aFraigi, L.^nInstituto Nacional de Tecnología Industrial. Centro de Investigación y Desarrollo en Telecomunicaciones, Electrónica e Informática^sINTI^pArgentina<|>^aFraigi, L.^nUniversidad Tecnológica Nacional. Facultad Regional Buenos Aires. Departamento de Electrónica^sUTN-FRBA^pArgentina;^aPavoni, S.^nInstituto Superior Politécnico José A. Echeverría. Centro de Investigaciones en Microelectrónica^sCUJAE-CIME^pArgentina<|>^aMoina, Carlos Alberto^nInstituto Nacional de Tecnología Industrial. Centro de Investigación y Desarrollo en Electrodeposición y Procesos Superficiales^sINTI^pArgentina<|>^aYbarra, Gabriel Omar^nInstituto Nacional de Tecnología Industrial. Centro de Investigación y Desarrollo en Electrodeposición y Procesos Superficiales^sINTI^pArgentina<|>^aMalatto, L.^nInstituto Nacional de Tecnología Industrial. Centro de Investigación y Desarrollo en Telecomunicaciones, Electrónica e Informática^sINTI^pArgentina<|>^aMilano, Omar^nInstituto Nacional de Tecnología Industrial. Centro de Investigación y Desarrollo en Telecomunicaciones, Electrónica e Informática^sINTI^pArgentina<|>^aFraigi, Liliana Beatriz^nInstituto Nacional de Tecnología Industrial. Centro de Investigación y Desarrollo en Telecomunicaciones, Electrónica e Informática^sINTI^pArgentina<|>^aFraigi, Liliana Beatriz^nUniversidad Tecnológica Nacional. Facultad Regional Buenos Aires. Departamento de Electrónica^sUTN-FRBA^pArgentina
051179;v26_Afiliacion_del_autor;^aSimoncelli, A.^nInstituto Nacional de Tecnología Industrial. Centro de Mecánica^sINTI^pArgentina<|>^aSimoncelli, A.^nUniversidad Nacional de Lomas de Zamora. Facultad de Ingeniería^sUNLZ^pArgentina<|>^aBuglioni, L.^nInstituto Nacional de Tecnología Industrial. Centro de Mecánica^sINTI^pArgentina<|>^aBuglioni, L.^nUniversidad de Buenos Aires. Facultad de Ingeniería^sUBA-FIUBA^pArgentina<|>^aAbate, G.^nInstituto Nacional de Tecnología Industrial. Centro de Mecánica^sINTI^pArgentina<|>^aAbate, G.^nUniversidad Nacional de Lomas de Zamora. Facultad de Ingeniería^sUNLZ^pArgentina<|>^aGayol, P.^nUniversidad Nacional de Lomas de Zamora. Facultad de Ingeniería^sUNLZ^pArgentina<|>^aSánchez Egea, A.^nUniversitat Politècnica de Catalunya. Departament d’Enginyeria Mecánica^sUPC^pEspaña<|>^aMartínez Krahmer, D.^nInstituto Nacional de Tecnología Industrial. Centro de Mecánica^sINTI^pArgentina<|>^aMartínez Krahmer, D.^nUniversidad Nacional de Hurlingham. Instituto de Tecnología e Ingeniería^sUNAHUR^pArgentina;^aSimoncelli, A.^nInstituto Nacional de Tecnología Industrial. Centro de Mecánica^sINTI^pArgentina<|>^aSimoncelli, A.^nUniversidad Nacional de Lomas de Zamora. Facultad de Ingeniería^sUNLZ^pArgentina<|>^aBuglioni, Luciano^nInstituto Nacional de Tecnología Industrial. Centro de Mecánica^sINTI^pArgentina<|>^aBuglioni, Luciano^nUniversidad de Buenos Aires. Facultad de Ingeniería^sUBA-FIUBA^pArgentina<|>^aAbate, Germán Rubén^nInstituto Nacional de Tecnología Industrial. Centro de Mecánica^sINTI^pArgentina<|>^aAbate, Germán Rubén^nUniversidad Nacional de Lomas de Zamora. Facultad de Ingeniería^sUNLZ^pArgentina<|>^aGayol, P.^nUniversidad Nacional de Lomas de Zamora. Facultad de Ingeniería^sUNLZ^pArgentina<|>^aSánchez Egea, A.^nUniversitat Politècnica de Catalunya. Departament d’Enginyeria Mecánica^sUPC^pEspaña<|>^aMartínez Krahmer, Daniel Osvaldo^nInstituto Nacional de Tecnología Industrial. Centro de Mecánica^sINTI^pArgentina<|>^aMartínez Krahmer, Daniel Osvaldo^nUniversidad Nacional de Hurlingham. Instituto de Tecnología e Ingeniería^sUNAHUR^pArgentina
051229;v26_Afiliacion_del_autor;^aSierra Montes, L.^nConsejo Nacional de Investigaciones Científicas y Técnicas. Centro de Investigación y Desarrollo en Ciencia y Tecnología de los Alimentos^sCONICET-CIDCA^pArgentina<|>^aSierra Montes, L.^nUniversidad Nacional de La Plata. Facultad de Ciencias Exactas^sUNLP^pArgentina<|>^aMelaj, M.^nUniversidad de Buenos Aires. Facultad de Ingeniería^sUBA-FIUBA^pArgentina<|>^aMelaj, M.^nConsejo Nacional de Investigaciones Científicas y Técnicas. Instituto de Tecnología en Polímeros y Nanotecnología^sCONICET-ITPN^pArgentina<|>^aLorenzo, M.^nInstituto Nacional de Tecnología Industrial. Dirección Operativa. Gerencia Operativa de Desarrollo Tecnológico e Innovación. Subgerencia Operativa de Áreas De Conocimiento. Dirección Técnica de Materiales avanzados^sINTI-GODTeI-SOAC^pArgentina<|>^aLorenzo, M.^nUniversidad Nacional de San Martín. Instituto de Investigación e Ingeniería Ambiental^sUNSAM-3iA^pArgentina<|>^aRibba, L.^nUniversidad de Buenos Aires. Facultad de Ciencias Exactas y Naturales. Departamento de Física^sUBA-FCEN^pArgentina<|>^aRibba, L.^nInstituto Nacional de Tecnología Industrial. Dirección Operativa. Gerencia Operativa de Desarrollo Tecnológico e Innovación. Subgerencia Operativa de Áreas De Conocimiento. Dirección Técnica de Materiales avanzados^sINTI-GODTeI-SOAC^pArgentina<|>^aGarcía, M.^nConsejo Nacional de Investigaciones Científicas y Técnicas. Centro de Investigación y Desarrollo en Ciencia y Tecnología de los Alimentos^sCONICET-CIDCA^pArgentina<|>^aGarcía, M.^nUniversidad Nacional de La Plata. Facultad de Ciencias Exactas^sUNLP^pArgentina;^aSierra Montes, L.^nConsejo Nacional de Investigaciones Científicas y Técnicas. Centro de Investigación y Desarrollo en Ciencia y Tecnología de los Alimentos^sCONICET-CIDCA^pArgentina<|>^aSierra Montes, L.^nUniversidad Nacional de La Plata. Facultad de Ciencias Exactas^sUNLP^pArgentina<|>^aMelaj, M.^nUniversidad de Buenos Aires. Facultad de Ingeniería^sUBA-FIUBA^pArgentina<|>^aMelaj, M.^nConsejo Nacional de Investigaciones Científicas y Técnicas. Instituto de Tecnología en Polímeros y Nanotecnología^sCONICET-ITPN^pArgentina<|>^aLorenzo, María Cecilia^nInstituto Nacional de Tecnología Industrial. Dirección Operativa. Gerencia Operativa de Desarrollo Tecnológico e Innovación. Subgerencia Operativa de Áreas De Conocimiento. Dirección Técnica de Materiales avanzados^sINTI-GODTeI-SOAC^pArgentina<|>^aLorenzo, María Cecilia^nUniversidad Nacional de San Martín. Instituto de Investigación e Ingeniería Ambiental^sUNSAM-3iA^pArgentina<|>^aRibba, L.^nUniversidad de Buenos Aires. Facultad de Ciencias Exactas y Naturales. Departamento de Física^sUBA-FCEN^pArgentina<|>^aRibba, L.^nInstituto Nacional de Tecnología Industrial. Dirección Operativa. Gerencia Operativa de Desarrollo Tecnológico e Innovación. Subgerencia Operativa de Áreas De Conocimiento. Dirección Técnica de Materiales avanzados^sINTI-GODTeI-SOAC^pArgentina<|>^aGarcía, M.^nConsejo Nacional de Investigaciones Científicas y Técnicas. Centro de Investigación y Desarrollo en Ciencia y Tecnología de los Alimentos^sCONICET-CIDCA^pArgentina<|>^aGarcía, M.^nUniversidad Nacional de La Plata. Facultad de Ciencias Exactas^sUNLP^pArgentina
051256;v26_Afiliacion_del_autor;^aAudero, Gabriela María^nInstituto Nacional de Tecnología Agropecuaria. Estación Experimental Agropecuaria Rafaela^sINTA^pArgentina<|>^aCostabel, Luciana Maria^nInstituto Nacional de Tecnología Agropecuaria. Estación Experimental Agropecuaria Rafaela^sINTA^pArgentina<|>^aBilloud, A.^nInstituto Nacional de Tecnología Agropecuaria. Estación Experimental Agropecuaria Rafaela^sINTA^pArgentina<|>^aBilloud, A.^nInstituto Nacional de Tecnología Agropecuaria. Instituto de la Investigación de la Cadena Láctea^sINTA^pArgentina<|>^aKarlen, J.^nInstituto Nacional de Tecnología Industrial. Dirección Operativa. Gerencia Operativa de Desarrollo Tecnológico e Innovación. Subgerencia Operativa de Tecnología de Alimentos. Departamento de Valorización de Subproductos^sINTI-GODTeI-SOAT^pArgentina<|>^aCambursano, Patricia Noelia^nInstituto Nacional de Tecnología Industrial. Lácteos^sINTI-Lácteos^pArgentina<|>^aGuanchiale, C.^nInstituto Nacional de Tecnología Industrial. Lácteos^sINTI-Lácteos^pArgentina;^aAudero, Gabriela María^nInstituto Nacional de Tecnología Agropecuaria. Estación Experimental Agropecuaria Rafaela^sINTA^pArgentina<|>^aCostabel, Luciana Maria^nInstituto Nacional de Tecnología Agropecuaria. Estación Experimental Agropecuaria Rafaela^sINTA^pArgentina<|>^aBilloud, Ariana^nInstituto Nacional de Tecnología Agropecuaria. Estación Experimental Agropecuaria Rafaela^sINTA^pArgentina<|>^aBilloud, Ariana^nInstituto Nacional de Tecnología Agropecuaria. Instituto de la Investigación de la Cadena Láctea^sINTA^pArgentina<|>^aKarlen, J.^nInstituto Nacional de Tecnología Industrial. Dirección Operativa. Gerencia Operativa de Desarrollo Tecnológico e Innovación. Subgerencia Operativa de Tecnología de Alimentos. Departamento de Valorización de Subproductos^sINTI-GODTeI-SOAT^pArgentina<|>^aCambursano, Patricia Noelia^nInstituto Nacional de Tecnología Industrial. Lácteos^sINTI-Lácteos^pArgentina<|>^aGuanchiale, C.^nInstituto Nacional de Tecnología Industrial. Lácteos^sINTI-Lácteos^pArgentina
051262;v26_Afiliacion_del_autor;^aGallina, M.^nInstituto Nacional de Tecnología Agropecuaria. Estación Experimental Agropecuaria Alto Valle^sINTA^pArgentina<|>^aBarda, Norma Beatriz^nInstituto Nacional de Tecnología Industrial^sINTI^pArgentina<|>^aCorti, Gilda María^nInstituto Nacional de Tecnología Industrial^sINTI^pArgentina<|>^aMuzas, G. R.^nInstituto Nacional de Tecnología Agropecuaria. Estación Experimental Agropecuaria Alto Valle^sINTA^pArgentina<|>^aMiranda, M. J.^nInstituto Nacional de Tecnología Industrial^sINTI^pArgentina<|>^aSuárez, Pablo Javier^nInstituto Nacional de Tecnología Industrial. Dirección Operativa. Gerencia Operativa de Asistencia Regional. Subgerencia Operativa Regional Patagonia. Dirección Técnica Regional Patagonia Norte. Departamento de Servicios Analíticos Industriales Patagonia^sINTI-GOAR^pArgentina<|>^aMuñoz, S.^nInstituto Nacional de Tecnología Agropecuaria^sINTA^pArgentina;^aGallina, M.^nInstituto Nacional de Tecnología Agropecuaria. Estación Experimental Agropecuaria Alto Valle^sINTA^pArgentina<|>^aBarda, Norma Beatriz^nInstituto Nacional de Tecnología Industrial^sINTI^pArgentina<|>^aCorti, Gilda María^nInstituto Nacional de Tecnología Industrial^sINTI^pArgentina<|>^aMuzas, G. R.^nInstituto Nacional de Tecnología Agropecuaria. Estación Experimental Agropecuaria Alto Valle^sINTA^pArgentina<|>^aMiranda, María José^nInstituto Nacional de Tecnología Industrial^sINTI^pArgentina<|>^aSuárez, Pablo Javier^nInstituto Nacional de Tecnología Industrial. Dirección Operativa. Gerencia Operativa de Asistencia Regional. Subgerencia Operativa Regional Patagonia. Dirección Técnica Regional Patagonia Norte. Departamento de Servicios Analíticos Industriales Patagonia^sINTI-GOAR^pArgentina<|>^aMuñoz, S.^nInstituto Nacional de Tecnología Agropecuaria^sINTA^pArgentina
051271;v26_Afiliacion_del_autor;^aBarreda, Miguel^nInstituto Nacional de Tecnología Agropecuaria^sINTA^pArgentina<|>^aBarberena, María Clemencia^nInstituto Nacional de Tecnología Agropecuaria^sINTA^pArgentina<|>^aLedesma, S. E.^nInstituto Nacional de Tecnología Agropecuaria^sINTA^pArgentina<|>^aMolina Ortiz, S.^nInstituto Nacional de Tecnología Industrial. Córdoba^sINTI-Córdoba^pArgentina;^aBarreda, Miguel^nInstituto Nacional de Tecnología Agropecuaria^sINTA^pArgentina<|>^aBarberena, María Clemencia^nInstituto Nacional de Tecnología Agropecuaria^sINTA^pArgentina<|>^aLedesma, S. E.^nInstituto Nacional de Tecnología Agropecuaria^sINTA^pArgentina<|>^aMolina Ortiz, Sara Eugenia^nInstituto Nacional de Tecnología Industrial. Córdoba^sINTI-Córdoba^pArgentina
051276;v26_Afiliacion_del_autor;^aCatullo, Julio Cesar^nInstituto Nacional de Tecnología Agropecuaria. Centro de Investigaciones Agropecuarias^sINTA-CIAP^pArgentina<|>^aPietrarelli, L.^nUniversidad Nacional de Córdoba. Facultad de Ciencias Agropecuarias^sUNC-AGRO^pArgentina<|>^aSilbert Voldman, Violeta^nInstituto Nacional de Tecnología Industrial. Dirección Operativa. Gerencia Operativa de Asistencia Regional. Subgerencia Operativa Regional Centro. Dirección Técnica Centro Occidental. Departamento de Química Analítica y Residuos Urbanos Centro^sINTI-GOAR^pArgentina<|>^aArguello Caro, Evangelina Beatriz^nInstituto Nacional de Tecnología Agropecuaria. Centro de Investigaciones Agropecuarias^sINTA-CIAP^pArgentina<|>^aArguello Caro, E. B.^nUniversidad Nacional de Córdoba. Facultad de Ciencias Agropecuarias^sUNC-AGRO^pArgentina<|>^aMuñoz, N. B.^nInstituto Nacional de Tecnología Agropecuaria. Instituto de Fisiología y Recursos Genéticos Vegetales^sINTA-IFRGV^pArgentina<|>^aYosviak, M. I.^nInstituto Nacional de Tecnología Agropecuaria. Agencia de Extensión Rural Córdoba^sINTA-AER Córdoba^pArgentina<|>^aScifo, A.^nInstituto Nacional de Tecnología Agropecuaria. Centro de Investigaciones Agropecuarias^sINTA-CIAP^pArgentina<|>^aVidela, M.^nUniversidad Nacional de Córdoba. Instituto Multidisciplinario de Biología Vegetal^sUNC-IMBIV^pArgentina<|>^aAstegiano, Julia^nUniversidad Nacional de Córdoba. Instituto Multidisciplinario de Biología Vegetal^sUNC-IMBIV^pArgentina<|>^aNarmona, Luis^nInstituto Nacional de Tecnología Agropecuaria. Centro de Investigaciones Agropecuarias^sINTA-CIAP^pArgentina;^aCatullo, Julio Cesar^nInstituto Nacional de Tecnología Agropecuaria. Centro de Investigaciones Agropecuarias^sINTA-CIAP^pArgentina<|>^aPietrarelli, L.^nUniversidad Nacional de Córdoba. Facultad de Ciencias Agropecuarias^sUNC-AGRO^pArgentina<|>^aSilbert Voldman, Violeta^nInstituto Nacional de Tecnología Industrial. Dirección Operativa. Gerencia Operativa de Asistencia Regional. Subgerencia Operativa Regional Centro. Dirección Técnica Centro Occidental. Departamento de Química Analítica y Residuos Urbanos Centro^sINTI-GOAR^pArgentina<|>^aArguello Caro, Evangelina Beatriz^nInstituto Nacional de Tecnología Agropecuaria. Centro de Investigaciones Agropecuarias^sINTA-CIAP^pArgentina<|>^aArguello Caro, Evangelina Beatriz^nUniversidad Nacional de Córdoba. Facultad de Ciencias Agropecuarias^sUNC-AGRO^pArgentina<|>^aMuñoz, N. B.^nInstituto Nacional de Tecnología Agropecuaria. Instituto de Fisiología y Recursos Genéticos Vegetales^sINTA-IFRGV^pArgentina<|>^aYosviak, Maria Iohanna^nInstituto Nacional de Tecnología Agropecuaria. Agencia de Extensión Rural Córdoba^sINTA-AER Córdoba^pArgentina<|>^aScifo, A.^nInstituto Nacional de Tecnología Agropecuaria. Centro de Investigaciones Agropecuarias^sINTA-CIAP^pArgentina<|>^aVidela, M.^nUniversidad Nacional de Córdoba. Instituto Multidisciplinario de Biología Vegetal^sUNC-IMBIV^pArgentina<|>^aAstegiano, Julia^nUniversidad Nacional de Córdoba. Instituto Multidisciplinario de Biología Vegetal^sUNC-IMBIV^pArgentina<|>^aNarmona, Luis^nInstituto Nacional de Tecnología Agropecuaria. Centro de Investigaciones Agropecuarias^sINTA-CIAP^pArgentina
051292;v26_Afiliacion_del_autor;^aMolinari, F. N.^nInstituto Nacional de Tecnología Industrial. Textiles^sINTI-Textiles^pArgentina<|>^aMolinari, F. N.^nConsiglio Nazionale delle Ricerche. Istituto sull'Inquinamento Atmosferico^sCNR-IIA^pItalia<|>^aMancuso, M. A.^nConsiglio Nazionale delle Ricerche. Istituto sull'Inquinamento Atmosferico^sCNR-IIA^pItalia<|>^aBilbao, Emanuel^nInstituto Nacional de Tecnología Industrial. Micro y Nanotecnologías^sINTI^pArgentina<|>^aGiménez, G.^nInstituto Nacional de Tecnología Industrial. Micro y Nanotecnologías^sINTI^pArgentina<|>^aMonsalve, L. N.^nInstituto Nacional de Tecnología Industrial. Textiles^sINTI-Textiles^pArgentina<|>^aMonsalve, L. N.^nUniversidad Nacional de San Martín. Instituto de la Calidad Industrial^sUNSAM-INCALIN^pArgentina<|>^aMonsalve, L. N.^nConsejo Nacional de Investigaciones Científicas y Técnicas^sCONICET^pArgentina;^aMolinari, Fabricio Nicolás^nInstituto Nacional de Tecnología Industrial. Textiles^sINTI-Textiles^pArgentina<|>^aMolinari, Fabricio Nicolás^nConsiglio Nazionale delle Ricerche. Istituto sull'Inquinamento Atmosferico^sCNR-IIA^pItalia<|>^aMancuso, M. A.^nConsiglio Nazionale delle Ricerche. Istituto sull'Inquinamento Atmosferico^sCNR-IIA^pItalia<|>^aBilbao, Emanuel^nInstituto Nacional de Tecnología Industrial. Micro y Nanotecnologías^sINTI^pArgentina<|>^aGiménez, G.^nInstituto Nacional de Tecnología Industrial. Micro y Nanotecnologías^sINTI^pArgentina<|>^aMonsalve, L. N.^nInstituto Nacional de Tecnología Industrial. Textiles^sINTI-Textiles^pArgentina<|>^aMonsalve, L. N.^nUniversidad Nacional de San Martín. Instituto de la Calidad Industrial^sUNSAM-INCALIN^pArgentina<|>^aMonsalve, L. N.^nConsejo Nacional de Investigaciones Científicas y Técnicas^sCONICET^pArgentina
051297;v26_Afiliacion_del_autor;^aMolinari, F. N.^nInstituto Nacional de Tecnología Industrial. Textiles^sINTI-Textiles^pArgentina<|>^aMolinari, F. N.^nUniversity of Messina. Department of Chemical, Biological, Pharmaceutical and Environmental Sciences^sUNIME^pItalia<|>^aBilbao, Emanuel^nInstituto Nacional de Tecnología Industrial. Micro y Nanotecnologías^sINTI^pArgentina<|>^aMonsalve, L. N.^nInstituto Nacional de Tecnología Industrial. Textiles^sINTI-Textiles^pArgentina<|>^aMonsalve, L. N.^nUniversidad Nacional de San Martín. Instituto de la Calidad Industrial^sUNSAM-INCALIN^pArgentina<|>^aMonsalve, L. N.^nConsejo Nacional de Investigaciones Científicas y Técnicas^sCONICET^pArgentina;^aMolinari, Fabricio Nicolás^nInstituto Nacional de Tecnología Industrial. Textiles^sINTI-Textiles^pArgentina<|>^aMolinari, Fabricio Nicolás^nUniversity of Messina. Department of Chemical, Biological, Pharmaceutical and Environmental Sciences^sUNIME^pItalia<|>^aBilbao, Emanuel^nInstituto Nacional de Tecnología Industrial. Micro y Nanotecnologías^sINTI^pArgentina<|>^aMonsalve, L. N.^nInstituto Nacional de Tecnología Industrial. Textiles^sINTI-Textiles^pArgentina<|>^aMonsalve, L. N.^nUniversidad Nacional de San Martín. Instituto de la Calidad Industrial^sUNSAM-INCALIN^pArgentina<|>^aMonsalve, L. N.^nConsejo Nacional de Investigaciones Científicas y Técnicas^sCONICET^pArgentina
051298;v26_Afiliacion_del_autor;^aMacagnano, A.^nConsiglio Nazionale delle Ricerche. Istituto sull'Inquinamento Atmosferico^sCNR-IIA^pItalia<|>^aMolinari, F. N.^nInstituto Nacional de Tecnología Industrial. Textiles^sINTI-Textiles^pArgentina<|>^aMolinari, F. N.^nConsiglio Nazionale delle Ricerche. Istituto sull'Inquinamento Atmosferico^sCNR-IIA^pItalia<|>^aPapa, P.^nConsiglio Nazionale delle Ricerche. Istituto sull'Inquinamento Atmosferico^sCNR-IIA^pItalia<|>^aMancini, T.^nSapienza Università di Roma. Dipartimento di Fisica^sUNIROMA^pItalia<|>^aLupi, S.^nSapienza Università di Roma. Dipartimento di Fisica^sUNIROMA^pItalia<|>^aD´Arco, Annalisa^nSapienza Università di Roma. Dipartimento di Fisica^sUNIROMA^pItalia<|>^aTaddei, Anna Rita^nUniversità degli Studi della Tuscia^sUNITUS^pItalia<|>^aSerrecchia, S.^nConsiglio Nazionale delle Ricerche. Istituto sull'Inquinamento Atmosferico^sCNR-IIA^pItalia<|>^aDe Cesare, F.^nConsiglio Nazionale delle Ricerche. Istituto sull'Inquinamento Atmosferico^sCNR-IIA^pItalia<|>^aDe Cesare, F.^nUniversità degli Studi della Tuscia^sUNITUS^pItalia;^aMacagnano, A.^nConsiglio Nazionale delle Ricerche. Istituto sull'Inquinamento Atmosferico^sCNR-IIA^pItalia<|>^aMolinari, Fabricio Nicolás^nInstituto Nacional de Tecnología Industrial. Textiles^sINTI-Textiles^pArgentina<|>^aMolinari, Fabricio Nicolás^nConsiglio Nazionale delle Ricerche. Istituto sull'Inquinamento Atmosferico^sCNR-IIA^pItalia<|>^aPapa, P.^nConsiglio Nazionale delle Ricerche. Istituto sull'Inquinamento Atmosferico^sCNR-IIA^pItalia<|>^aMancini, T.^nSapienza Università di Roma. Dipartimento di Fisica^sUNIROMA^pItalia<|>^aLupi, S.^nSapienza Università di Roma. Dipartimento di Fisica^sUNIROMA^pItalia<|>^aD´Arco, Annalisa^nSapienza Università di Roma. Dipartimento di Fisica^sUNIROMA^pItalia<|>^aTaddei, Anna Rita^nUniversità degli Studi della Tuscia^sUNITUS^pItalia<|>^aSerrecchia, S.^nConsiglio Nazionale delle Ricerche. Istituto sull'Inquinamento Atmosferico^sCNR-IIA^pItalia<|>^aDe Cesare, F.^nConsiglio Nazionale delle Ricerche. Istituto sull'Inquinamento Atmosferico^sCNR-IIA^pItalia<|>^aDe Cesare, F.^nUniversità degli Studi della Tuscia^sUNITUS^pItalia
051305;v26_Afiliacion_del_autor;^aPugliotti, Javier Ángel^nInstituto Nacional de Tecnología Industrial. Dirección Operativa. Gerencia Operativa de Metrología y Calidad. Subgerencia Operativa de Metrología Científica e Industrial. Dirección Técnica de Metrología Química. Departamento de Materiales de Referencia^pINTI-GOMyC-SOMCeI^pArgentina<|>^aCostamagna, Gabriela Alejandra^nInstituto Nacional de Tecnología Industrial. Dirección Operativa. Gerencia Operativa de Metrología y Calidad. Subgerencia Operativa de Metrología Científica e Industrial. Dirección Técnica de Metrología Química. Departamento de Materiales de Referencia^pINTI-GOMyC-SOMCeI^pArgentina;^aPugliotti, Javier Ángel^nInstituto Nacional de Tecnología Industrial. Dirección Operativa. Gerencia Operativa de Metrología y Calidad. Subgerencia Operativa de Metrología Científica e Industrial. Dirección Técnica de Metrología Química. Departamento de Materiales de Referencia^pINTI-GOMyC-SOMCeI^pArgentina<|>^aCostamagna Magnarelli, Gabriela Alejandra^nInstituto Nacional de Tecnología Industrial. Dirección Operativa. Gerencia Operativa de Metrología y Calidad. Subgerencia Operativa de Metrología Científica e Industrial. Dirección Técnica de Metrología Química. Departamento de Materiales de Referencia^pINTI-GOMyC-SOMCeI^pArgentina
051306;v26_Afiliacion_del_autor;^aPapa, Paolo^nConsiglio Nazionale delle Ricerche. Istituto sull'Inquinamento Atmosferico^sCNR-IIA^pItalia<|>^aZampetti, Emiliano^nConsiglio Nazionale delle Ricerche. Istituto sull'Inquinamento Atmosferico^sCNR-IIA^pItalia<|>^aMolinari, Fabricio Nicolás^nInstituto Nacional de Tecnología Industrial. Textiles^sINTI-Textiles^pArgentina<|>^aMolinari, Fabricio Nicolás^nConsiglio Nazionale delle Ricerche. Istituto sull'Inquinamento Atmosferico^sCNR-IIA^pItalia<|>^aDe Cesare, Fabrizio^nConsiglio Nazionale delle Ricerche. Istituto sull'Inquinamento Atmosferico^sCNR-IIA^pItalia<|>^aDe Cesare, Fabrizio^nUniversità degli Studi della Tuscia^sUNITUS^pItalia<|>^aDi Natale, Corrado^nUniversità degli Studi di Roma Tor Vergata. Dipartimento di Ingegneria Elettronica^sUniRoma2^pItalia<|>^aTranfo, Giovanna^nMinistero delle infrastrutture e dei trasporti. Dipartimento di Medicina, Epidemiologia, Igiene del Lavoro ed Ambientale^sDIMEILA-INAIL^pItalia<|>^aMacagnano, Antonella^nConsiglio Nazionale delle Ricerche. Istituto sull'Inquinamento Atmosferico^sCNR-IIA^pItalia;^aPapa, Paolo^nConsiglio Nazionale delle Ricerche. Istituto sull'Inquinamento Atmosferico^sCNR-IIA^pItalia<|>^aZampetti, Emiliano^nConsiglio Nazionale delle Ricerche. Istituto sull'Inquinamento Atmosferico^sCNR-IIA^pItalia<|>^aMolinari, Fabricio Nicolás^nInstituto Nacional de Tecnología Industrial. Textiles^sINTI-Textiles^pArgentina<|>^aMolinari, Fabricio Nicolás^nConsiglio Nazionale delle Ricerche. Istituto sull'Inquinamento Atmosferico^sCNR-IIA^pItalia<|>^aDe Cesare, F.^nConsiglio Nazionale delle Ricerche. Istituto sull'Inquinamento Atmosferico^sCNR-IIA^pItalia<|>^aDe Cesare, F.^nUniversità degli Studi della Tuscia^sUNITUS^pItalia<|>^aDi Natale, Corrado^nUniversità degli Studi di Roma Tor Vergata. Dipartimento di Ingegneria Elettronica^sUniRoma2^pItalia<|>^aTranfo, Giovanna^nMinistero delle infrastrutture e dei trasporti. Dipartimento di Medicina, Epidemiologia, Igiene del Lavoro ed Ambientale^sDIMEILA-INAIL^pItalia<|>^aMacagnano, Antonella^nConsiglio Nazionale delle Ricerche. Istituto sull'Inquinamento Atmosferico^sCNR-IIA^pItalia
051325;v26_Afiliacion_del_autor;^aBrengi, Diego Javier^nInstituto Nacional de Tecnología Industrial. Gerencia Operativa de Desarrollo Tecnológico e Innovación. Subgerencia Operativa de Áreas de Conocimiento. Dirección Técnica de Micro y Nano Tecnologías. Departamento de Integración de Sistemas Micro y Nano Electrónicos^sINTI-GODTeI-SOAC^pArgentina<|>^aZacchigna, Federico^nUniversidad de Buenos Aires. Facultad de Ingeniería^sUBA-FIUBA^pArgentina<|>^aDe Micco, Luciana^nUniversidad Nacional de Mar del Plata^sUNMdP^pArgentina<|>^aDe Micco, Luciana^nComisión Nacional de Investigaciones Científicas y Técnicas^sCONICET^pArgentina<|>^aCebedio, Celeste^nUniversidad Nacional de Mar del Plata^sUNMdP^pArgentina<|>^aCebedio, Celeste^nComisión Nacional de Investigaciones Científicas y Técnicas^sCONICET^pArgentina<|>^aAntonelli, Maximiliano^nUniversidad Nacional de Mar del Plata^sUNMdP^pArgentina<|>^aAntonelli, Maximiliano^nComisión Nacional de Investigaciones Científicas y Técnicas^sCONICET^pArgentina;^aBrengi, Diego Javier^nInstituto Nacional de Tecnología Industrial. Gerencia Operativa de Desarrollo Tecnológico e Innovación. Subgerencia Operativa de Áreas de Conocimiento. Dirección Técnica de Micro y Nano Tecnologías. Departamento de Integración de Sistemas Micro y Nano Electrónicos^sINTI-GODTeI-SOAC^pArgentina<|>^aZacchigna, Federico^nUniversidad de Buenos Aires. Facultad de Ingeniería^sUBA-FIUBA^pArgentina<|>^aDe Micco, Luciana^nUniversidad Nacional de Mar del Plata^sUNMdP^pArgentina<|>^aDe Micco, Luciana^nComisión Nacional de Investigaciones Científicas y Técnicas^sCONICET^pArgentina<|>^aCebedio, María Celeste^nUniversidad Nacional de Mar del Plata^sUNMdP^pArgentina<|>^aCebedio, María Celeste^nComisión Nacional de Investigaciones Científicas y Técnicas^sCONICET^pArgentina<|>^aAntonelli, Maximiliano^nUniversidad Nacional de Mar del Plata^sUNMdP^pArgentina<|>^aAntonelli, Maximiliano^nComisión Nacional de Investigaciones Científicas y Técnicas^sCONICET^pArgentina
051326;v26_Afiliacion_del_autor;^aZacchigna, Federico^nUniversidad de Buenos Aires. Facultad de Ingeniería^sUBA-FIUBA^pArgentina<|>^aDe Micco, Luciana^nUniversidad Nacional de Mar del Plata^sUNMdP^pArgentina<|>^aDe Micco, Luciana^nComisión Nacional de Investigaciones Científicas y Técnicas^sCONICET^pArgentina<|>^aCebedio, Celeste^nUniversidad Nacional de Mar del Plata^sUNMdP^pArgentina<|>^aCebedio, Celeste^nComisión Nacional de Investigaciones Científicas y Técnicas^sCONICET^pArgentina<|>^aBrengi, Diego Javier^nInstituto Nacional de Tecnología Industrial. Gerencia Operativa de Desarrollo Tecnológico e Innovación. Subgerencia Operativa de Áreas de Conocimiento. Dirección Técnica de Micro y Nano Tecnologías. Departamento de Integración de Sistemas Micro y Nano Electrónicos^sINTI-GODTeI-SOAC^pArgentina<|>^aLipovetzky, José^nUniversidad de Buenos Aires. Facultad de Ingeniería^sUBA-FIUBA^pArgentina<|>^aLipovetzky, José^nComisión Nacional de Investigaciones Científicas y Técnicas^sCONICET^pArgentina<|>^aGak Szollosy, Joel^nUniversidad Católica del Uruguay^sUCU^pUruguay<|>^aAntonelli, Maximiliano^nUniversidad Nacional de Mar del Plata^sUNMdP^pArgentina<|>^aAntonelli, Maximiliano^nComisión Nacional de Investigaciones Científicas y Técnicas^sCONICET^pArgentina;^aZacchigna, Federico^nUniversidad de Buenos Aires. Facultad de Ingeniería^sUBA-FIUBA^pArgentina<|>^aDe Micco, Luciana^nUniversidad Nacional de Mar del Plata^sUNMdP^pArgentina<|>^aDe Micco, Luciana^nComisión Nacional de Investigaciones Científicas y Técnicas^sCONICET^pArgentina<|>^aCebedio, María Celeste^nUniversidad Nacional de Mar del Plata^sUNMdP^pArgentina<|>^aCebedio, María Celeste^nComisión Nacional de Investigaciones Científicas y Técnicas^sCONICET^pArgentina<|>^aBrengi, Diego Javier^nInstituto Nacional de Tecnología Industrial. Gerencia Operativa de Desarrollo Tecnológico e Innovación. Subgerencia Operativa de Áreas de Conocimiento. Dirección Técnica de Micro y Nano Tecnologías. Departamento de Integración de Sistemas Micro y Nano Electrónicos^sINTI-GODTeI-SOAC^pArgentina<|>^aLipovetzky, José^nUniversidad de Buenos Aires. Facultad de Ingeniería^sUBA-FIUBA^pArgentina<|>^aLipovetzky, José^nComisión Nacional de Investigaciones Científicas y Técnicas^sCONICET^pArgentina<|>^aGak Szollosy, Joel^nUniversidad Católica del Uruguay^sUCU^pUruguay<|>^aAntonelli, Maximiliano^nUniversidad Nacional de Mar del Plata^sUNMdP^pArgentina<|>^aAntonelli, Maximiliano^nComisión Nacional de Investigaciones Científicas y Técnicas^sCONICET^pArgentina
051357;v26_Afiliacion_del_autor;^aAlonso, Adrián Cesar^nUniversidad Nacional de San Martín. Instituto de Calidad Industrial^sUNSAM-INTI-INCALIN^pArgentina<|>^aAlonso, Adrián Cesar^nInstituto Nacional de Tecnología Industrial. Instituto de Calidad Industrial^sUNSAM-INTI-INCALIN^pArgentina;^aAlonso, Adrián César^nUniversidad Nacional de San Martín. Instituto de Calidad Industrial^sUNSAM-INTI-INCALIN^pArgentina<|>^aAlonso, Adrián César^nInstituto Nacional de Tecnología Industrial. Instituto de Calidad Industrial^sUNSAM-INTI-INCALIN^pArgentina
051360;v26_Afiliacion_del_autor;^aArzeno, Ricardo^nUniversidad Nacional de San Martín. Instituto de Calidad Industrial^sUNSAM-INTI-INCALIN^pArgentina<|>^aArzeno, Ricardo^nInstituto Nacional de Tecnología Industrial. Instituto de Calidad Industrial^sUNSAM-INTI-INCALIN^pArgentina;^aArzeno, Ricardo Ángel^nUniversidad Nacional de San Martín. Instituto de Calidad Industrial^sUNSAM-INTI-INCALIN^pArgentina<|>^aArzeno, Ricardo Ángel^nInstituto Nacional de Tecnología Industrial. Instituto de Calidad Industrial^sUNSAM-INTI-INCALIN^pArgentina
051361;v26_Afiliacion_del_autor;^aBaldán, Santiago Martín^nUniversidad Nacional de San Martín. Instituto de Calidad Industrial^sUNSAM-INTI-INCALIN^pArgentina<|>^aBaldán, Santiago Martín^nInstituto Nacional de Tecnología Industrial. Instituto de Calidad Industrial^sUNSAM-INTI-INCALIN^pArgentina;^aBaldan, Santiago Martín^nUniversidad Nacional de San Martín. Instituto de Calidad Industrial^sUNSAM-INTI-INCALIN^pArgentina<|>^aBaldan, Santiago Martín^nInstituto Nacional de Tecnología Industrial. Instituto de Calidad Industrial^sUNSAM-INTI-INCALIN^pArgentina
051366;v26_Afiliacion_del_autor;^aBrenta, Hernán^nUniversidad Nacional de San Martín. Instituto de Calidad Industrial^sUNSAM-INTI-INCALIN^pArgentina<|>^aBrenta, Hernán^nInstituto Nacional de Tecnología Industrial. Instituto de Calidad Industrial^sUNSAM-INTI-INCALIN^pArgentina;^aBrenta, Hernán Matías^nUniversidad Nacional de San Martín. Instituto de Calidad Industrial^sUNSAM-INTI-INCALIN^pArgentina<|>^aBrenta, Hernán Matías^nInstituto Nacional de Tecnología Industrial. Instituto de Calidad Industrial^sUNSAM-INTI-INCALIN^pArgentina
051367;v26_Afiliacion_del_autor;^aCarballal, Ludmila^nUniversidad Nacional de San Martín. Instituto de Calidad Industrial^sUNSAM-INTI-INCALIN^pArgentina<|>^aCarballal, Ludmila^nInstituto Nacional de Tecnología Industrial. Instituto de Calidad Industrial^sUNSAM-INTI-INCALIN^pArgentina;^aCarballal, Ludmila Natacha^nUniversidad Nacional de San Martín. Instituto de Calidad Industrial^sUNSAM-INTI-INCALIN^pArgentina<|>^aCarballal, Ludmila Natacha^nInstituto Nacional de Tecnología Industrial. Instituto de Calidad Industrial^sUNSAM-INTI-INCALIN^pArgentina
051373;v26_Afiliacion_del_autor;^aD'Onofrio, Enrique Mario^nUniversidad Nacional de San Martín. Instituto de Calidad Industrial^sUNSAM-INTI-INCALIN^pArgentina<|>^aD'Onofrio, Enrique Mario^nInstituto Nacional de Tecnología Industrial. Instituto de Calidad Industrial^sUNSAM-INTI-INCALIN^pArgentina;^aD’Onofrio, Enrique Mario^nUniversidad Nacional de San Martín. Instituto de Calidad Industrial^sUNSAM-INTI-INCALIN^pArgentina<|>^aD’Onofrio, Enrique Mario^nInstituto Nacional de Tecnología Industrial. Instituto de Calidad Industrial^sUNSAM-INTI-INCALIN^pArgentina
051426;v26_Afiliacion_del_autor;^aCorrea, Juan Pablo^nConsejo Nacional de Investigaciones Científicas y Técnicas^sCONICET^pArgentina<|>^aCorrea, Juan Pablo^nUniversidad Nacional de San Martín. Instituto de Investigación e Ingeniería Ambiental^sUNSAM-3iA^pArgentina<|>^aBacigalupe, Alejandro^nUniversidad Nacional de San Martín. Instituto de Investigación e Ingeniería Ambiental^sUNSAM-3iA^pArgentina<|>^aBacigalupe, Alejandro^nInstituto Nacional de Tecnología Industrial. Caucho^sINTI-Caucho^pArgentina<|>^aMaggi, Jorge^nUniversidad Nacional de La Plata. Centro de Tecnología de recursos Minerales y Cerámica^sUnLP-CETMIC^pArgentina<|>^aEisenberg, Patricia^nUniversidad Nacional de San Martín. Instituto de Investigación e Ingeniería Ambiental^sUNSAM-3iA^pArgentina<|>^aEisenberg, Patricia^nInstituto Nacional de Tecnología Industrial. Plásticos^sINTI-Plásticos^pArgentina;^aCorrea Aguirre, Juan Pablo^nConsejo Nacional de Investigaciones Científicas y Técnicas^sCONICET^pArgentina<|>^aCorrea Aguirre, Juan Pablo^nUniversidad Nacional de San Martín. Instituto de Investigación e Ingeniería Ambiental^sUNSAM-3iA^pArgentina<|>^aBacigalupe, Alejandro^nUniversidad Nacional de San Martín. Instituto de Investigación e Ingeniería Ambiental^sUNSAM-3iA^pArgentina<|>^aBacigalupe, Alejandro^nInstituto Nacional de Tecnología Industrial. Caucho^sINTI-Caucho^pArgentina<|>^aMaggi, Jorge^nUniversidad Nacional de La Plata. Centro de Tecnología de recursos Minerales y Cerámica^sUnLP-CETMIC^pArgentina<|>^aEisenberg, Patricia^nUniversidad Nacional de San Martín. Instituto de Investigación e Ingeniería Ambiental^sUNSAM-3iA^pArgentina<|>^aEisenberg, Patricia^nInstituto Nacional de Tecnología Industrial. Plásticos^sINTI-Plásticos^pArgentina
051466;v26_Afiliacion_del_autor;^aSecchi, Mariela Celina^nInstituto Nacional de Tecnología Industrial. Dirección Operativa. Gerencia Operativa de Desarrollo Tecnológico e Innovación. Subgerencia Operativa de Áreas de Conocimiento. Dirección Técnica de Diseño Industrial. Departamento de Experiencia del Usuario^sINTI-GODTeI-SOAC^pArgentina<|>^aDubois, María José^nInstituto Nacional de Tecnología Industrial. Gerencia Operativa de Desarrollo Tecnológico e Innovación. Subgerencia Operativa de Áreas del Conocimiento. Dirección Técnica de Diseño Industrial. Departamento de Experiencia del Usuario^sINTI-GODTeI-SOAC^pArgentina<|>^aRamírez, Rodrigo^nInstituto Nacional de Tecnología Industrial. Dirección Operativa. Gerencia Operativa de Desarrollo Tecnológico e Innovación. Subgerencia Operativa de Áreas de Conocimiento. Dirección Técnica de Diseño Industrial^sINTI-GODTeI-SOAC^pArgentina;^aSecchi, Mariela Celina^nInstituto Nacional de Tecnología Industrial. Dirección Operativa. Gerencia Operativa de Desarrollo Tecnológico e Innovación. Subgerencia Operativa de Áreas de Conocimiento. Dirección Técnica de Diseño Industrial. Departamento de Experiencia del Usuario^sINTI-GODTeI-SOAC^pArgentina<|>^aDubois, María José^nInstituto Nacional de Tecnología Industrial. Gerencia Operativa de Desarrollo Tecnológico e Innovación. Subgerencia Operativa de Áreas del Conocimiento. Dirección Técnica de Diseño Industrial. Departamento de Experiencia del Usuario^sINTI-GODTeI-SOAC^pArgentina<|>^aRamírez, Rodrigo Javier^nInstituto Nacional de Tecnología Industrial. Dirección Operativa. Gerencia Operativa de Desarrollo Tecnológico e Innovación. Subgerencia Operativa de Áreas de Conocimiento. Dirección Técnica de Diseño Industrial^sINTI-GODTeI-SOAC^pArgentina
