MFN;Columna;Antes;Despues
002217;v22_Autor_personal;Pedrani de Silvestri, Mirta N.<|>Gracia de Giol, María V.<|>Buljan de Manzino, María E.<|>Martínez, C.D.;Pedrani de Silvestri, Mirta N.<|>Gracia de Giol, María V.<|>Buljan de Manzino, María E.<|>Martínez, Carlos Daniel
002959;v22_Autor_personal;Garófalo, Juan<|>Esperón, Héctor O.<|>Marino, Patricia;Garófalo, Juan<|>Esperón, Héctor O.<|>Marino, Patricia Noemí
002960;v22_Autor_personal;Garófalo, Juan<|>Maciel, Carmen S.<|>Marino, Patricia<|>Larcher, Fernando;Garófalo, Juan<|>Maciel, Carmen S.<|>Marino, Patricia Noemí<|>Larcher, Fernando
002961;v22_Autor_personal;Garófalo, Juan<|>Marino, Patricia;Garófalo, Juan<|>Marino, Patricia Noemí
002962;v22_Autor_personal;Garófalo, Juan<|>Marino, Patricia;Garófalo, Juan<|>Marino, Patricia Noemí
002963;v22_Autor_personal;Garófalo, Juan<|>Marino, Patricia;Garófalo, Juan<|>Marino, Patricia Noemí
002964;v22_Autor_personal;Garófalo, Juan<|>Marino, Patricia;Garófalo, Juan<|>Marino, Patricia Noemí
002966;v22_Autor_personal;Garófalo, Juan<|>Marino, Patricia;Garófalo, Juan<|>Marino, Patricia Noemí
003022;v22_Autor_personal;Glasserman de Dayan, Hilda<|>Taibo, Lucía;Glasserman de Dayan, Hilda<|>Taibo, Lucía Noemí
003550;v22_Autor_personal;Marino, Patricia;Marino, Patricia Noemí
003551;v22_Autor_personal;Marino, Patricia<|>Garófalo, Juan;Marino, Patricia Noemí<|>Garófalo, Juan
003878;v22_Autor_personal;Taibo, Lucía<|>Behar, Alberto;Taibo, Lucía Noemí<|>Behar, Alberto
003879;v22_Autor_personal;Taibo, Lucía<|>Glasserman de Dayan, Hilda;Taibo, Lucía Noemí<|>Glasserman de Dayan, Hilda
003880;v22_Autor_personal;Taibo, Lucía<|>Glasserman de Dayan, Hilda;Taibo, Lucía Noemí<|>Glasserman de Dayan, Hilda
003994;v22_Autor_personal;Behar, Alberto<|>Taibo, Lucía;Behar, Alberto<|>Taibo, Lucía Noemí
004005;v22_Autor_personal;Behar, Alberto<|>Taibo, Lucía;Behar, Alberto<|>Taibo, Lucía Noemí
004200;v22_Autor_personal;Taibo, Lucía<|>Glasserman de Dayan, Hilda;Taibo, Lucía Noemí<|>Glasserman de Dayan, Hilda
004219;v22_Autor_personal;Behar, Alberto<|>Taibo, Lucía<|>Martin, Alan;Behar, Alberto<|>Taibo, Lucía Noemí<|>Martin, Alan
004249;v22_Autor_personal;Behar, Alberto<|>Taibo, Lucía<|>Raitzin, Carlos;Behar, Alberto<|>Taibo, Lucía Noemí<|>Raitzin, Carlos
004310;v22_Autor_personal;Marino, Patricia;Marino, Patricia Noemí
004311;v22_Autor_personal;Marino, Patricia;Marino, Patricia Noemí
004456;v22_Autor_personal;Taibo, Lucía<|>Giménez de Paz, Juan Cruz;Taibo, Lucía Noemí<|>Giménez de Paz, Juan Cruz
004458;v22_Autor_personal;Taibo, Lucía<|>Glasserman de Dayan, Hilda;Taibo, Lucía Noemí<|>Glasserman de Dayan, Hilda
004469;v22_Autor_personal;Taibo, Lucía<|>Glasserman de Dayan, Hilda;Taibo, Lucía Noemí<|>Glasserman de Dayan, Hilda
004478;v22_Autor_personal;Garófalo, Juan<|>Marino, Patricia<|>Buonamico, Héctor Daniel;Garófalo, Juan<|>Marino, Patricia Noemí<|>Buonamico, Héctor Daniel
004612;v22_Autor_personal;Taibo, Lucía<|>Glasserman de Dayan, Hilda;Taibo, Lucía Noemí<|>Glasserman de Dayan, Hilda
004732;v22_Autor_personal;Marino, Patricia;Marino, Patricia Noemí
004734;v22_Autor_personal;Marino, Patricia;Marino, Patricia Noemí
004738;v22_Autor_personal;Marino, Patricia<|>Garófalo, Juan<|>Barella Miró, Alberto<|>Manich, Alberto M.;Marino, Patricia Noemí<|>Garófalo, Juan<|>Barella Miró, Alberto<|>Manich, Alberto M.
004742;v22_Autor_personal;Marino, Patricia<|>Garófalo, Juan<|>Barella Miró, Alberto<|>Manich, Alberto M.;Marino, Patricia Noemí<|>Garófalo, Juan<|>Barella Miró, Alberto<|>Manich, Alberto M.
004857;v22_Autor_personal;Meier, Jorge H.<|>Vázquez, Héctor J.<|>Garófalo, Juan<|>Godel, Alberto M.<|>Ladrón González, Luis Alfredo<|>Marino, Patricia<|>Savignano, José;Meier, Jorge H.<|>Vázquez, Héctor J.<|>Garófalo, Juan<|>Godel, Alberto M.<|>Ladrón González, Luis Alfredo<|>Marino, Patricia Noemí<|>Savignano, José
004939;v22_Autor_personal;Marino, Patricia<|>Garófalo, Juan;Marino, Patricia Noemí<|>Garófalo, Juan
004948;v22_Autor_personal;Pasich, Luis<|>Suchowinsky, Teodoro<|>Ricciardi, Aldo A.<|>Garófalo, Juan<|>Marino, Patricia;Pasich, Luis<|>Suchowinsky, Teodoro<|>Ricciardi, Aldo A.<|>Garófalo, Juan<|>Marino, Patricia Noemí
004982;v22_Autor_personal;Taibo, Lucía;Taibo, Lucía Noemí
005000;v22_Autor_personal;Marino, Patricia<|>Buonamico, Héctor Daniel<|>Ricciardi, Aldo A.<|>Pasich, Luis;Marino, Patricia Noemí<|>Buonamico, Héctor Daniel<|>Ricciardi, Aldo A.<|>Pasich, Luis
005001;v22_Autor_personal;Ricciardi, Aldo A.<|>Pasich, Luis<|>Manoiloff, Irene T. de<|>Holtzman, Patricia<|>Garofalo, Juan<|>Marino, Patricia;Ricciardi, Aldo A.<|>Pasich, Luis<|>Manoiloff, Irene T. de<|>Holtzman, Patricia<|>Garofalo, Juan<|>Marino, Patricia Noemí
005002;v22_Autor_personal;Marino, Patricia<|>Garófalo, Juan;Marino, Patricia Noemí<|>Garófalo, Juan
005060;v22_Autor_personal;Taibo, Lucía<|>Glasserman de Dayan, Hilda;Taibo, Lucía Noemí<|>Glasserman de Dayan, Hilda
005064;v22_Autor_personal;Behrens, Alfredo<|>Noceti, Juan J.<|>Zinelli, Teresa<|>Vázquez, Héctor J.<|>Marino, Patricia;Behrens, Alfredo<|>Noceti, Juan J.<|>Zinelli, Teresa<|>Vázquez, Héctor J.<|>Marino, Patricia Noemí
005066;v22_Autor_personal;Marino, Patricia;Marino, Patricia Noemí
005067;v22_Autor_personal;Garófalo, Juan<|>Marino, Patricia<|>Buonamico, Héctor Daniel;Garófalo, Juan<|>Marino, Patricia Noemí<|>Buonamico, Héctor Daniel
005107;v22_Autor_personal;Barella Miró, Alberto<|>Manich, Alberto M.<|>Marino, Patricia<|>Garófalo, Juan;Barella Miró, Alberto<|>Manich, Alberto M.<|>Marino, Patricia Noemí<|>Garófalo, Juan
005132;v22_Autor_personal;Barella Miró, Alberto<|>Manich, Alberto M.<|>Marino, Patricia<|>Garófalo, Juan<|>Castro, L.;Barella Miró, Alberto<|>Manich, Alberto M.<|>Marino, Patricia Noemí<|>Garófalo, Juan<|>Castro, L.
005158;v22_Autor_personal;Taibo, Lucía<|>Glasserman de Dayan, Hilda<|>Lapides, Marta;Taibo, Lucía Noemí<|>Glasserman de Dayan, Hilda<|>Lapides, Marta
005239;v22_Autor_personal;Taibo, Lucía<|>Behar, Alberto<|>Raitzin, Carlos;Taibo, Lucía Noemí<|>Behar, Alberto<|>Raitzin, Carlos
005242;v22_Autor_personal;Behar, Alberto<|>Taibo, Lucía;Behar, Alberto<|>Taibo, Lucía Noemí
005244;v22_Autor_personal;Taibo, Lucía<|>Glasserman de Dayan, Hilda;Taibo, Lucía Noemí<|>Glasserman de Dayan, Hilda
005256;v22_Autor_personal;Barcelo, Lucía E.<|>Taibo, Lucía;Barcelo, Lucía E.<|>Taibo, Lucía Noemí
005277;v22_Autor_personal;Marino, Patricia<|>Garófalo, Juan;Marino, Patricia Noemí<|>Garófalo, Juan
005325;v22_Autor_personal;Garófalo, Juan<|>Marino, Patricia<|>Carpintero, Jorge;Garófalo, Juan<|>Marino, Patricia Noemí<|>Carpintero, Jorge
005357;v22_Autor_personal;Pérez Zelaschi, Marina Luisa<|>Marino, Patricia<|>Lupi, Daniel<|>Ladrón González, Luis Alfredo<|>Berset, Alberto;Pérez Zelaschi, Marina Luisa<|>Marino, Patricia Noemí<|>Lupi, Daniel<|>Ladrón González, Luis Alfredo<|>Berset, Alberto
005397;v22_Autor_personal;Berset, Alberto<|>Ladrón González, Luis Alfredo<|>Lupi, Daniel<|>Marino, Patricia<|>Pérez Zelaschi, Marina Luisa;Berset, Alberto<|>Ladrón González, Luis Alfredo<|>Lupi, Daniel<|>Marino, Patricia Noemí<|>Pérez Zelaschi, Marina Luisa
005413;v22_Autor_personal;Taibo, Lucía<|>Barcelo, Lucía E.<|>Riganti, Jorge M.;Taibo, Lucía Noemí<|>Barcelo, Lucía E.<|>Riganti, Jorge M.
005414;v22_Autor_personal;Marino, Patricia<|>Garófalo, Juan<|>Barella Miró, Alberto<|>Manich, Alberto M.<|>Castro, L.;Marino, Patricia Noemí<|>Garófalo, Juan<|>Barella Miró, Alberto<|>Manich, Alberto M.<|>Castro, L.
005506;v22_Autor_personal;Marino, Patricia<|>Bares, Patricia L.<|>Siro, María D.;Marino, Patricia Noemí<|>Bares, Patricia L.<|>Siro, María D.
005507;v22_Autor_personal;Marino, Patricia<|>Garófalo, Juan;Marino, Patricia Noemí<|>Garófalo, Juan
005508;v22_Autor_personal;Marino, Patricia<|>Garófalo, Juan<|>Carpintero, Jorge;Marino, Patricia Noemí<|>Garófalo, Juan<|>Carpintero, Jorge
005510;v22_Autor_personal;Buonamico, Héctor Daniel<|>Marino, Patricia<|>Garófalo, Juan<|>Pasich, Luis<|>Suchowinsky, Teodoro<|>Ricciardi, Aldo A.;Buonamico, Héctor Daniel<|>Marino, Patricia Noemí<|>Garófalo, Juan<|>Pasich, Luis<|>Suchowinsky, Teodoro<|>Ricciardi, Aldo A.
005627;v22_Autor_personal;Barceló, Lucía E.<|>Taibo, Lucía;Barceló, Lucía E.<|>Taibo, Lucía Noemí
005703;v22_Autor_personal;Marino, Patricia<|>Garófalo, Juan;Marino, Patricia Noemí<|>Garófalo, Juan
005796;v22_Autor_personal;Marino, Patricia;Marino, Patricia Noemí
005802;v22_Autor_personal;Marino, Patricia<|>Enciso, Carlos H.;Marino, Patricia Noemí<|>Enciso, Carlos H.
005814;v22_Autor_personal;Barella Miró, Alberto<|>Manich, Alberto M.<|>Marino, Patricia<|>Garófalo, Juan;Barella Miró, Alberto<|>Manich, Alberto M.<|>Marino, Patricia Noemí<|>Garófalo, Juan
006032;v22_Autor_personal;Marino, Patricia;Marino, Patricia Noemí
006245;v22_Autor_personal;Taibo, Lucía<|>Barcelo, Lucía E.;Taibo, Lucía Noemí<|>Barcelo, Lucía E.
006263;v22_Autor_personal;Pedrani de Silvestri, Mirta N.<|>Gracia de Giol, María V.<|>Buljan de Manzino, María E.<|>Martínez, C.D.;Pedrani de Silvestri, Mirta N.<|>Gracia de Giol, María V.<|>Buljan de Manzino, María E.<|>Martínez, Carlos Daniel
006374;v22_Autor_personal;Pedrani de Silvestri, Mirta N.<|>García, M.V.<|>Buljan de Manzino, María E.<|>Martínez, C.D.;Pedrani de Silvestri, Mirta N.<|>García, M.V.<|>Buljan de Manzino, María E.<|>Martínez, Carlos Daniel
008775;v22_Autor_personal;Degrossi, O.<|>Méndez, M.A.<|>Gotta, H.;Degrossi, O.<|>Méndez, Miguel Ángel<|>Gotta, H.
010627;v22_Autor_personal;Díaz, G.<|>Sbatella, J.A.;Díaz, G. G.<|>Sbatella, J.A.
013659;v22_Autor_personal;Cantera, C.S.<|>Greco, C.A.<|>De Giusti, M.<|>Bereciartua, P;Cantera, Carlos Santos<|>Greco, C.A.<|>De Giusti, M.<|>Bereciartua, P
013661;v22_Autor_personal;Cantera, C.S.<|>Angelinetti, Alberto R.<|>Altobelli, G.<|>Gaita, G.;Cantera, Carlos Santos<|>Angelinetti, Alberto R.<|>Altobelli, G.<|>Gaita, G.
015253;v22_Autor_personal;Torrent, R.J.;Torrent, Roberto J.
017648;v22_Autor_personal;Bainotti, C.T.<|>Fraschina, J.A.<|>Salines, J.<|>Galich, A.N.<|>Galich, M.T.V. de<|>Cuniberti, M.B.<|>Tenaglia, G.C.<|>Formica, M.B.;Bainotti, Carlos Tomás<|>Fraschina, J.A.<|>Salines, J.<|>Galich, A.N.<|>Galich, M.T.V. de<|>Cuniberti, M.B.<|>Tenaglia, G.C.<|>Formica, M.B.
019343;v22_Autor_personal;Passarelli, G.<|>Eisenberg, P.<|>Inocenti, M.C.<|>Mollo, M.<|>Lucas, J.C.;Passarelli, G.<|>Eisenberg, P.<|>Inocenti, María Cristina<|>Mollo, M.<|>Lucas, J.C.
019522;v22_Autor_personal;Bassani, L.C.<|>Di Lillo, L.D.;Bassani, L.C.<|>Di Lillo, Lucas Daniel
020220;v22_Autor_personal;García, A.<|>Navarro, C.<|>Díaz, M.<|>Villar, J.<|>Torres, O.;García, A.<|>Navarro, C.<|>Díaz, María Victoria<|>Villar, J.<|>Torres, O.
020666;v22_Autor_personal;Marino, Patricia<|>Saldivia, Marcela;Marino, Patricia Noemí<|>Saldivia, Marcela
020918;v22_Autor_personal;Frey, María Graciela<|>De Tullio, Luis<|>Marino, Patricia;Frey, María Graciela<|>De Tullio, Luis<|>Marino, Patricia Noemí
021123;v22_Autor_personal;Bassani, L.C.<|>Di Lillo, L.D.;Bassani, L.C.<|>Di Lillo, Lucas Daniel
021569;v54_Notas;Documento elaborado por una subcomisión de Recursos Humanos integrada por Moina, C., Berardo, L., Berset, A., Buttini, S., Finocchiaro, C., Giorgi, L., Martínez, B., Naucevich, A., Ocaña, J., Paladino, G., Pilot, C., Quinteiro, M., Resnik, C., Rubio, M. y Schiavone, J.C.;Documento elaborado por una subcomisión de Recursos Humanos integrada por Moina, Carlos Alberto, Berardo, Liliana, Berset, A., Buttini, S., Finocchiaro, C., Giorgi, L., Martínez, B., Naucevich, A., Ocaña, J., Paladino, G., Pilot, C., Quinteiro, M., Resnik, C., Rubio, M. y Schiavone, J.C.
022043;v22_Autor_personal;Lamas, D.G.<|>Fraigi, L.B.<|>Juárez, R.E.<|>Walsöe de Reca, N.E.;Lamas, D.G.<|>Fraigi, Liliana Beatriz<|>Juárez, R.E.<|>Walsöe de Reca, N.E.
022044;v22_Autor_personal;Fraigi, L.B.<|>Lamas, D.G.<|>Walsöe de Reca, N.E.;Fraigi, Liliana Beatriz<|>Lamas, D.G.<|>Walsöe de Reca, N.E.
022046;v22_Autor_personal;Moina, C.A.<|>Oliveira-Versic, L. de<|>Vazdar, M.;Moina, Carlos Alberto<|>Oliveira-Versic, L. de<|>Vazdar, M.
023477;v22_Autor_personal;Armesto, Javier<|>Marino, Patricia<|>Pérez Zelaschi, Marina Luisa<|>Velázquez, Graciela;Armesto, Javier<|>Marino, Patricia Noemí<|>Pérez Zelaschi, Marina Luisa<|>Velázquez, Graciela
023525;v22_Autor_personal;Marino, Patricia<|>Saldivia, Marcela<|>Garófalo, Juan;Marino, Patricia Noemí<|>Saldivia, Marcela<|>Garófalo, Juan
025458;v22_Autor_personal;Pérez, Daniela<|>Mazzone, Lucia;Pérez, Daniela Joana<|>Mazzone, Lucia
025705;v22_Autor_personal;Castañeda, Roberto Aníbal<|>Ogara, Mario<|>Storani, Eduardo<|>Fiora, Jorge A.<|>Roberts, Laura<|>Bermejo, Angel<|>González, Marcelo<|>Aguzin, Fernando<|>Gatti, Patricia<|>Speranza, Jorge<|>Feilbogen, Ernesto<|>Glaz, Damián<|>Aguilar, Leandro Javier Ceferino;Castañeda, Roberto Aníbal<|>Ogara, Mario<|>Storani, Eduardo Enrique<|>Fiora, Jorge A.<|>Roberts, Laura<|>Bermejo, Angel<|>González, Marcelo<|>Aguzin, Fernando<|>Gatti, Patricia<|>Speranza, Jorge Luis<|>Feilbogen, Ernesto<|>Glaz, Damián<|>Aguilar, Leandro Javier Ceferino
026259;v22_Autor_personal;Cogno, J.A.<|>Conno, J.C.;Cogno, Jorge Adrián<|>Conno, J.C.
026277;v22_Autor_personal;Pérez, Daniela<|>Mazzone, Lucía;Pérez, Daniela Joana<|>Mazzone, Lucía
027115;v22_Autor_personal;Alvarez, Jorge;Álvarez, José Jorge Enrique
027383;v22_Autor_personal;Pasich, Luis<|>Suchowinsky, Teodoro<|>Ricciardi, Aldo A.<|>Garófalo, Juan<|>Marino, Patricia;Pasich, Luis<|>Suchowinsky, Teodoro<|>Ricciardi, Aldo A.<|>Garófalo, Juan<|>Marino, Patricia Noemí
027386;v22_Autor_personal;Garófalo, Juan<|>Marino, Patricia<|>Buonamico, Daniel;Garófalo, Juan<|>Marino, Patricia Noemí<|>Buonamico, Daniel
027388;v22_Autor_personal;Garófalo, Juan<|>Marino, Patricia<|>Carpintero, Jorge;Garófalo, Juan<|>Marino, Patricia Noemí<|>Carpintero, Jorge
027390;v22_Autor_personal;Marino, Patricia<|>Barés, Patricia;Marino, Patricia Noemí<|>Barés, Patricia
027392;v22_Autor_personal;Meier, Jorge<|>Vázquez, Héctor<|>Garófalo, Juan<|>Godel, Alberto<|>Ladrón González, Alfredo<|>Marino,Patricia<|>Savignano, José;Meier, Jorge<|>Vázquez, Héctor<|>Garófalo, Juan<|>Godel, Alberto<|>Ladrón González, Alfredo<|>Marino, Patricia Noemí<|>Savignano, José
027395;v22_Autor_personal;Marino, Patricia<|>Garófalo, Juan<|>Barella Miró, Alberto<|>Manich, Alberto M.<|>Castro, L.;Marino, Patricia Noemí<|>Garófalo, Juan<|>Barella Miró, Alberto<|>Manich, Alberto M.<|>Castro, L.
027398;v22_Autor_personal;Marino, Patricia<|>Saldivia, Marcela<|>Garófalo, Juan;Marino, Patricia Noemí<|>Saldivia, Marcela<|>Garófalo, Juan
027399;v22_Autor_personal;Marino, Patricia<|>Garófalo, Juan<|>Levcovich, Ariel<|>Andreolli, María;Marino, Patricia Noemí<|>Garófalo, Juan<|>Levcovich, Ariel<|>Andreolli, María
027713;v22_Autor_personal;Armesto, Javier<|>Marino, Patricia<|>Pérez Zelaschi, Marina Luisa<|>Velázquez, Graciela;Armesto, Javier<|>Marino, Patricia Noemí<|>Pérez Zelaschi, Marina Luisa<|>Velázquez, Graciela
036408;v22_Autor_personal;Marino, Patricia;Marino, Patricia Noemí
036433;v22_Autor_personal;Carfagnini, Mariana<|>Jung, Sandra<|>Marino, Patricia<|>Rivero, Hernán;Carfagnini, Mariana<|>Jung, Sandra<|>Marino, Patricia Noemí<|>Rivero, Hernán
036434;v22_Autor_personal;Carfagnini, Mariana<|>Jung, Sandra<|>Marino, Patricia<|>Rivero, Hernán;Carfagnini, Mariana<|>Jung, Sandra<|>Marino, Patricia Noemí<|>Rivero, Hernán
037649;v22_Autor_personal;Alvarez, Jorge;Álvarez, José Jorge Enrique
038328;v22_Autor_personal;Garófalo, Juan<|>Esperón, Héctor O.<|>Marino, Patricia;Garófalo, Juan<|>Esperón, Héctor O.<|>Marino, Patricia Noemí
038330;v22_Autor_personal;Garófalo, Juan<|>Marino, Patricia;Garófalo, Juan<|>Marino, Patricia Noemí
038349;v22_Autor_personal;Ricciardi, Aldo A.<|>Pasich, Luis<|>Marino, Patricia<|>Buonamico, Daniel<|>Caputto, Roberto<|>Ahumada, Carlos;Ricciardi, Aldo A.<|>Pasich, Luis<|>Marino, Patricia Noemí<|>Buonamico, Daniel<|>Caputto, Roberto<|>Ahumada, Carlos
038367;v22_Autor_personal;Ricciardi, Aldo A.<|>Pasich, Luis<|>Manoiloff, Irene T. de<|>Holtzman, Patricia<|>Garófalo, Juan<|>Marino, Patricia;Ricciardi, Aldo A.<|>Pasich, Luis<|>Manoiloff, Irene T. de<|>Holtzman, Patricia<|>Garófalo, Juan<|>Marino, Patricia Noemí
038368;v22_Autor_personal;Marino, Patricia;Marino, Patricia Noemí
038425;v22_Autor_personal;Marino, Patricia<|>Garófalo, Juan;Marino, Patricia Noemí<|>Garófalo, Juan
038598;v22_Autor_personal;Miró Specos, M.M.<|>García, J.J.<|>Tornesello, J.<|>Marino, P.<|>Della Vecchia, Miguel Ángel<|>Defain Tesoriero, M.V. <|>Hermida, L.G.;Miró Specos, M.M.<|>García, J.J.<|>Tornesello, J.<|>Marino, Patricia Noemí<|>Della Vecchia, Miguel Ángel<|>Defain Tesoriero, María Victoria <|>Hermida, L.G.
038600;v22_Autor_personal;Miró Specos, M.M.<|>Escobar, Germán<|>Marino, Patricia<|>Puggia, César<|>Defain Tesoriero, María Victoria<|>Hermida, Laura;Miró Specos, M.M.<|>Escobar, Germán<|>Marino, Patricia Noemí<|>Puggia, César<|>Defain Tesoriero, María Victoria<|>Hermida, Laura
038601;v22_Autor_personal;Mammana, C.A.<|>Díaz, F.V.<|>Guidobono, A.P.M.<|>Bolmaro, R.E.;Mammana, C.A.<|>Díaz, Felipe Víctor<|>Guidobono, A.P.M.<|>Bolmaro, R.E.
038602;v22_Autor_personal;Díaz, F.V.<|>Bolmaro, R.E.<|>Guidobono, A.P.M.<|>Girini, E.F.;Díaz, Felipe Víctor<|>Bolmaro, R.E.<|>Guidobono, A.P.M.<|>Girini, E.F.
039340;v22_Autor_personal;Corengia, Pablo<|>Egidi, Daniel<|>Quinteiro, Mario<|>Alves, C.;Corengia, Pablo<|>Egidi, Daniel<|>Quinteiro, Mario<|>Alves Junior, Clodomiro
039369;v22_Autor_personal;Castañeda, Roberto Aníbal<|>Ogara, Mario<|>Storani, Eduardo<|>Fiora, Jorge A.<|>Roberts, Laura<|>Bermejo, Angel<|>González, Marcelo<|>Aguzin, Fernando<|>Speranza, Jorge<|>Feilbogen, Ernesto<|>Glaz, Damián<|>Aguilar, Leandro Javier Ceferino;Castañeda, Roberto Aníbal<|>Ogara, Mario<|>Storani, Eduardo Enrique<|>Fiora, Jorge A.<|>Roberts, Laura<|>Bermejo, Angel<|>González, Marcelo<|>Aguzin, Fernando<|>Speranza, Jorge Luis<|>Feilbogen, Ernesto<|>Glaz, Damián<|>Aguilar, Leandro Javier Ceferino
039372;v22_Autor_personal;Armesto, Javier<|>Marino, Patricia<|>Pérez Zelaschi, Marina Luisa<|>Velazquez, Graciela;Armesto, Javier<|>Marino, Patricia Noemí<|>Pérez Zelaschi, Marina Luisa<|>Velazquez, Graciela
039406;v22_Autor_personal;Díaz, F.V.<|>Bolmaro, R.E.<|>Guidobono, A.<|>Mammana, C.;Díaz, Felipe Víctor<|>Bolmaro, R.E.<|>Guidobono, A.<|>Mammana, C.
039408;v22_Autor_personal;Szombach, J.<|>Papzuck, G.<|>Torres, D.<|>Martínez Krahmer, Daniel Osvaldo<|>Urrejola, D.<|>Bruno, A.;Szombach, Juan Ignacio<|>Papzuck, G.<|>Torres, D.<|>Martínez Krahmer, Daniel Osvaldo<|>Urrejola, D.<|>Bruno, A.
039415;v22_Autor_personal;La Manna, Valeria<|>Vivino, E.<|>Drozd Borelli, D.<|>Liber, M.<|>Smutt, E.;La Manna, Valeria<|>Vivino, E.<|>Drozd Borelli, D.<|>Liber, M.<|>Smutt, Érica Fernanda
039418;v22_Autor_personal;Rodríguez, M.A.<|>Pellegrini, P.<|>Gagliostro, G.<|>Gatti, P.<|>Castañeda, Roberto Aníbal<|>Muset, G.;Rodríguez, Matías Agustín<|>Pellegrini, P.<|>Gagliostro, G.<|>Gatti, P.<|>Castañeda, Roberto Aníbal<|>Muset, G.
039419;v22_Autor_personal;Rodríguez, M.A.<|>Raco, Fernando Francisco<|>Rodríguez, Gabriela<|>Giraudo, Cintia<|>Castañeda, Roberto Aníbal<|>Murphy, Marcela;Rodríguez, Matías Agustín<|>Raco, Fernando Francisco<|>Rodríguez, Gabriela<|>Giraudo, Cintia<|>Castañeda, Roberto Aníbal<|>Murphy, Marcela
039420;v22_Autor_personal;Rodríguez, M.A.<|>Pellegrini, P.<|>Gatti, P<|>Gagliostro ,G.<|>Castañeda, Roberto Aníbal<|>Muset, G.;Rodríguez, Matías Agustín<|>Pellegrini, P.<|>Gatti, P<|>Gagliostro ,G.<|>Castañeda, Roberto Aníbal<|>Muset, G.
039425;v22_Autor_personal;Castañeda, Roberto Aníbal<|>Murno, H.<|>González, M.<|>Toledo, Antonio Edgardo<|>Castells, María Laura<|>Espinosa, V.<|>Storani, E.<|>Speranza, J.<|>Robert, L<|>Aguilar, Leandro Javier Ceferino<|>Aimar, Bruno Nicolás<|>Nieto, I.<|>Schmidt, E.;Castañeda, Roberto Aníbal<|>Murno, H.<|>González, M.<|>Toledo, Antonio Edgardo<|>Castells, María Laura<|>Espinosa, V.<|>Storani, Eduardo Enrique<|>Speranza, Jorge Luis<|>Robert, L<|>Aguilar, Leandro Javier Ceferino<|>Aimar, Bruno Nicolás<|>Nieto, I.<|>Schmidt, E.
039426;v22_Autor_personal;Storani, E.<|>Robert, L.<|>Aguilar, Leandro Javier Ceferino;Storani, Eduardo Enrique<|>Robert, L.<|>Aguilar, Leandro Javier Ceferino
039427;v22_Autor_personal;Fabro, Mabel Angélica<|>Milanesio, H.<|>Robert, L.<|>Speranza, J.<|>Murphy, M.<|>Rodríguez, Gisela Vanina<|>Castañeda, Roberto Aníbal;Fabro, Mabel Angélica<|>Milanesio, H.<|>Robert, L.<|>Speranza, Jorge Luis<|>Murphy, M.<|>Rodríguez, Gisela Vanina<|>Castañeda, Roberto Aníbal
039429;v22_Autor_personal;Robert, L.<|>Gasparoti, O.<|>Rocchi, F.<|>Ferrari, A.<|>Storani, E.<|>Aguilar, Leandro Javier Ceferino;Robert, L.<|>Gasparoti, O.<|>Rocchi, F.<|>Ferrari, A.<|>Storani, Eduardo Enrique<|>Aguilar, Leandro Javier Ceferino
039430;v22_Autor_personal;Speranza, J.<|>Fabro, Mabel Angélica<|>Taverna, M.<|>Paez, R.<|>Resconi, V.<|>Castañeda, Roberto Aníbal^rcolab.<|>Demaría, M.^rcolab.<|>Scarafia, D.^rcolab.<|>Walter, E.^rcolab.;Speranza, Jorge Luis<|>Fabro, Mabel Angélica<|>Taverna, M.<|>Paez, R.<|>Resconi, V.<|>Castañeda, Roberto Aníbal^rcolab.<|>Demaría, M.^rcolab.<|>Scarafia, D.^rcolab.<|>Walter, E.^rcolab.
039442;v22_Autor_personal;Garro, M.L.<|>Bitar,R.<|>Galarza, B.<|>Cantera, C.S.;Garro, M.L.<|>Bitar,R.<|>Galarza, B.<|>Cantera, Carlos Santos
039443;v22_Autor_personal;Garro, M.L.<|>Jurado, S.B.<|>Galarza, B.C.<|>Barbeito, C.G.<|>Cantera, C.S.;Garro, M.L.<|>Jurado, S.B.<|>Galarza, B.C.<|>Barbeito, C.G.<|>Cantera, Carlos Santos
039449;v22_Autor_personal;Babay, Paola Alejandra<|>Romero Ale, E.E.<|>Itria, R.F.<|>Becquart, E.T.<|>Gautier, E.E.<|>Batistoni, D.A.;Babay, Paola Alejandra<|>Romero Ale, E.E.<|>Itria, Raúl Fabio<|>Becquart, E.T.<|>Gautier, E.E.<|>Batistoni, D.A.
039450;v22_Autor_personal;Babay, Paola Alejandra<|>Romero Ale, E.E.<|>Itria, R.F.<|>Becquart, E.T.<|>Gautier, E.E.<|>Batistoni, D.A.;Babay, Paola Alejandra<|>Romero Ale, E.E.<|>Itria, Raúl Fabio<|>Becquart, E.T.<|>Gautier, E.E.<|>Batistoni, D.A.
039456;v22_Autor_personal;Alanis, Irene Luisa<|>Álvarez, Néstor<|>Bisciotti, Karina Rosana<|>Capo Valera, E.<|>Danelón, N.<|>Elizondo, A.<|>Ermeminto, S.<|>Gopp Pereiro, M.<|>Giannasi, E.<|>Grabois, L.<|>Iribarren, Mariela Clara<|>Niño Gómez, A.<|>Olari, C.<|>Pandolfi, G.<|>Pazos, A.L.<|>Piccinna, M.<|>Rivero, M.<|>Salamone, C.<|>Stoklosa, Daniela Nélida<|>Stratico, M.<|>Zuchiatti, A.;Alanis, Irene Luisa<|>Álvarez, Néstor<|>Bisciotti, Karina Rosana<|>Capo Valera, E.<|>Danelón, N.<|>Elizondo, A.<|>Ermeminto, S.<|>Gopp Pereiro, M.<|>Giannasi, E.<|>Grabois, L.<|>Iribarren, Mariela Clara<|>Niño Gómez, A.<|>Olari, C.<|>Pandolfi, G.<|>Pazos, A.L.<|>Piccinna, M.<|>Rivero, M.<|>Salamone, C.<|>Stoklosa, Daniela Nélida<|>Stratico, Carlos Mariano<|>Zuchiatti, A.
039457;v22_Autor_personal;Fernández Sturla, M.J.<|>Cazzasa, E.G.<|>Itria, R.F.;Fernández Sturla, María José<|>Cazzasa, Esteban Gerardo<|>Itria, Raúl Fabio
039471;v22_Autor_personal;Zampatti, M.<|>Heba, J.<|>Murano, M.<|>Dománico, Ricardo Hugo;Zampatti, Mariela<|>Heba, J.<|>Murano, M.<|>Dománico, Ricardo Hugo
039473;v22_Autor_personal;Dattilo, M.<|>Murano, M.<|>Heba, J.<|>Zampatti, M.<|>Dománico, Ricardo Hugo;Dattilo, M.<|>Murano, M.<|>Heba, J.<|>Zampatti, Mariela<|>Dománico, Ricardo Hugo
039474;v22_Autor_personal;Murano, M.<|>Dattilo, M.<|>Heba, J.<|>Zampatti, M.<|>Dománico, Ricardo Hugo;Murano, M.<|>Dattilo, M.<|>Heba, J.<|>Zampatti, Mariela<|>Dománico, Ricardo Hugo
039517;v22_Autor_personal;Galarza, B.C.<|>Garro, M.L.<|>Cavello, I.<|>Hours, R.<|>Cantera, C.S.;Galarza, B.C.<|>Garro, M.L.<|>Cavello, I.<|>Hours, R.<|>Cantera, Carlos Santos
039519;v22_Autor_personal;"Bisciotti, Karina Rosana<|>Haas, Cristina<|>Ceriotti; Andrés<|>Escola, Marcos<|>Guillerat; Mónica<|>Niño Gómez, Alicia C.<|>Pinto, Mónica<|>Poliszuk, Andrea<|>Vorobey, Alejandra";"Bisciotti, Karina Rosana<|>Haas, Cristina<|>Ceriotti, Andrés Leonardo<|>Escola, Marcos<|>Guillerat; Mónica<|>Niño Gómez, Alicia C.<|>Pinto, Mónica<|>Poliszuk, Andrea<|>Vorobey, Alejandra"
039523;v22_Autor_personal;Ariosti, A.<|>Fernández, M. R.<|>Fernández, G.<|>Munizza, Gabriela Vanina<|>Picco, P.<|>Pato, Osiris Emiliano<|>López Cabana, G.<|>Fernández, A.;Ariosti, A.<|>Fernández, M. R.<|>Fernández, G.<|>Munizza, Gabriela Vanina<|>Picco, P.<|>Pato, Osiris Emiliano<|>López Cabana, Gustavo Alejandro<|>Fernández, A.
039526;v22_Autor_personal;Munizza, Gabriela Vanina<|>Picco, P.<|>López Cabana, G.<|>Fernández, G.<|>Fernández, M. R.<|>Ariosti, A.;Munizza, Gabriela Vanina<|>Picco, P.<|>López Cabana, Gustavo Alejandro<|>Fernández, G.<|>Fernández, M. R.<|>Ariosti, A.
039555;v22_Autor_personal;Weinstock, A.<|>Malatto, L.<|>Milano, Omar<|>Fraigi, L.B.<|>Moina, C.A.<|>Ybarra, G.O.<|>Pavoni, S.;Weinstock, A.<|>Malatto, L.<|>Milano, Omar<|>Fraigi, Liliana Beatriz<|>Moina, Carlos Alberto<|>Ybarra, Gabriel Omar<|>Pavoni, S.
039560;v22_Autor_personal;Defain Tesoriero, M.V.<|>Piscitelli, H. G.<|>Hermida, Laura G.<|>Zbrun, M. V.<|>Raviolo, J. M.<|>Zielinski, G. C.;Defain Tesoriero, María Victoria<|>Piscitelli, H. G.<|>Hermida, Laura G.<|>Zbrun, M. V.<|>Raviolo, J. M.<|>Zielinski, G. C.
039565;v22_Autor_personal;Miro Specos, M.M.<|>Puggia, C.<|>Hermida, L.<|>Marino, P.<|>Escobar, G.<|>Zunino, Cristina<|>Defain Tesoriero, M.V.;Miro Specos, M.M.<|>Puggia, C.<|>Hermida, L.<|>Marino, Patricia Noemí<|>Escobar, G.<|>Zunino, Cristina<|>Defain Tesoriero, María Victoria
039566;v22_Autor_personal;Hermida, L.<|>Defain Tesoriero, M.V.<|>Lloret, P.<|>Gauna, R.<|>Moina, Carlos Alberto<|>Barnadas, R.;Hermida, L.<|>Defain Tesoriero, María Victoria<|>Lloret, P.<|>Gauna, R.<|>Moina, Carlos Alberto<|>Barnadas, R.
039567;v22_Autor_personal;Moina, C.A.<|>Ybarra, G.O.<|>Della Vecchia, M.A.<|>Fraigi, L.B.<|>Weinstock, A.F.;Moina, Carlos Alberto<|>Ybarra, Gabriel Omar<|>Della Vecchia, Miguel Ángel<|>Fraigi, Liliana Beatriz<|>Weinstock, A.F.
039568;v22_Autor_personal;Lloret, P.E.<|>Ybarra, G.O.<|>Moina, C.A.;Lloret, P.E.<|>Ybarra, Gabriel Omar<|>Moina, Carlos Alberto
039590;v22_Autor_personal;Pazos, Leonardo Martín<|>Conterno, G.<|>Parodi, M.B.<|>Roth, M.<|>Egidi, D.A.<|>Corengia, P.<|>Crosta, R.;Pazos, Leonardo Martín<|>Conterno, G.<|>Parodi, María Belén<|>Roth, M.<|>Egidi, D.A.<|>Corengia, P.<|>Crosta, R.
039671;v22_Autor_personal;Demaria, M.<|>Ottino, P.<|>Cortes, M.<|>Speranza, J.;Demaria, M.<|>Ottino, P.<|>Cortes, M.<|>Speranza, Jorge Luis
039672;v22_Autor_personal;Fabro, Mabel Angélica<|>Hajduczyk, J.<|>Speranza, J.;Fabro, Mabel Angélica<|>Hajduczyk, J.<|>Speranza, Jorge Luis
039673;v22_Autor_personal;Fabro, Mabel Angélica<|>Demaria, M.<|>Milanesio, H.<|>Ottino, P.<|>Speranza, J.;Fabro, Mabel Angélica<|>Demaria, M.<|>Milanesio, H.<|>Ottino, P.<|>Speranza, Jorge Luis
039674;v22_Autor_personal;Fabro, Mabel Angélica<|>Milanesio, H.<|>Ottino, P.<|>Scarafía, D.<|>Speranza, J.;Fabro, Mabel Angélica<|>Milanesio, H.<|>Ottino, P.<|>Scarafía, D.<|>Speranza, Jorge Luis
039675;v22_Autor_personal;Demaria, M.<|>Ottino, P.<|>Cortes, M.<|>Speranza, J.;Demaria, M.<|>Ottino, P.<|>Cortes, M.<|>Speranza, Jorge Luis
039676;v22_Autor_personal;Fabro, Mabel Angélica<|>Milanesio, H.<|>Speranza, J.;Fabro, Mabel Angélica<|>Milanesio, H.<|>Speranza, Jorge Luis
039679;v22_Autor_personal;Mahmud, Z.A.<|>Gordillo, G.<|>Dalkaine, C.V.;Mahmud, Zulema Ángela<|>Gordillo, G.<|>Dalkaine, C.V.
039687;v22_Autor_personal;Murano, M.<|>Fernández Am, J.<|>Santos, Luciano<|>Reñones, L.<|>Vieira, P.<|>Zampatti, M.<|>Bartoloni, Valeria Gabriela<|>Dománico, Ricardo Hugo;Murano, M.<|>Fernández Am, J.<|>Santos, Luciano<|>Reñones, L.<|>Vieira, P.<|>Zampatti, Mariela<|>Bartoloni, Valeria Gabriela<|>Dománico, Ricardo Hugo
039689;v22_Autor_personal;Murano, M.<|>Fernández Am, J.<|>Defain Tesoriero, M.V.<|>López, Eduardo Antonio<|>Feltrinelli, M.<|>Frangie, S.<|>Lelli, D.<|>Ibáñez, A.<|>Avila, V.<|>Alberti, Cecilia<|>Tedesco, A.<|>Dománico, Ricardo Hugo;Murano, M.<|>Fernández Am, J.<|>Defain Tesoriero, María Victoria<|>López, Eduardo Antonio<|>Feltrinelli, M.<|>Frangie, S.<|>Lelli, D.<|>Ibáñez, A.<|>Avila, V.<|>Alberti, Cecilia<|>Tedesco, A.<|>Dománico, Ricardo Hugo
039691;v22_Autor_personal;Defain Tesoriero, M.V.<|>Casas, Adriana Gabriela<|>DïOrio, M.<|>Fukuda, H.<|>Di Venosa, Gabriela Mariana<|>Batlle, A.<|>Hermida, L.;Defain Tesoriero, María Victoria<|>Casas, Adriana Gabriela<|>DïOrio, M.<|>Fukuda, H.<|>Di Venosa, Gabriela Mariana<|>Batlle, A.<|>Hermida, L.
039692;v22_Autor_personal;Defain Tesoriero, M.V.<|>Frangie, S.<|>Stratico, M.<|>Elizondo, A.<|>Murano, M.<|>Lagomarsino, A.;Defain Tesoriero, María Victoria<|>Frangie, S.<|>Stratico, Carlos Mariano<|>Elizondo, A.<|>Murano, M.<|>Lagomarsino, A.
039695;v22_Autor_personal;Defain Tesoriero, M.V.<|>Murano, M.<|>Hermida, L.;Defain Tesoriero, María Victoria<|>Murano, M.<|>Hermida, L.
039696;v22_Autor_personal;Bartoloni, Valeria Gabriela<|>Martínez, M.<|>Zampatti, M.<|>Puggia, C.<|>Riquelme, C.<|>Warcok, M.<|>Zannoni, Valeria<|>Dománico, Ricardo Hugo;Bartoloni, Valeria Gabriela<|>Martínez, M.<|>Zampatti, Mariela<|>Puggia, C.<|>Riquelme, C.<|>Warcok, M.<|>Zannoni, Valeria<|>Dománico, Ricardo Hugo
039698;v22_Autor_personal;Puggia, C.<|>Bartoloni. V.<|>Martínez, M.<|>Planes, E.<|>Samter, Paula Marcela<|>Gemini, V.<|>Dománico, Ricardo Hugo;Puggia, C.<|>Bartoloni, Valeria Gabriela<|>Martínez, M.<|>Planes, E.<|>Samter, Paula Marcela<|>Gemini, V.<|>Dománico, Ricardo Hugo
039707;v22_Autor_personal;Marino, Patricia<|>Enciso, Carlos Hugo<|>Pescio, Francisco<|>Martínez, Laura;Marino, Patricia Noemí<|>Enciso, Carlos Hugo<|>Pescio, Francisco<|>Martínez, Laura
039726;v22_Autor_personal;Katz, M.<|>Medina, R.<|>Giraudo, C.<|>Rodriguez, M.A.<|>Gatti, P.<|>González, S.;Katz, M.<|>Medina, R.<|>Giraudo, C.<|>Rodríguez, Matías Agustín<|>Gatti, P.<|>González, S.
039744;v22_Autor_personal;Freile, G.<|>Blasco, Ramiro Raúl<|>Gambarotta, L.<|>Zapico, V.<|>Stacey, E.<|>Espínola, T.<|>Gil, G.;Freile, G.<|>Blasco, Ramiro Raúl<|>Gambarotta, L.<|>Zapico, V.<|>Stacey, Érica Cecilia<|>Espínola, T.<|>Gil, G.
039745;v22_Autor_personal;Blasco, Ramiro Raúl<|>Espínola, T.<|>Freile, G.<|>Gambarotta, L.<|>Gil, G.<|>Liber, M.<|>Stacey, E.<|>Zapico, V.;Blasco, Ramiro Raúl<|>Espínola, T.<|>Freile, G.<|>Gambarotta, L.<|>Gil, G.<|>Liber, M.<|>Stacey, Érica Cecilia<|>Zapico, V.
039746;v22_Autor_personal;Gambarotta, Lucas<|>Graciela, Freile<|>Blasco, Ramiro Raúl<|>Zapico, Viviana<|>Stacey, Erica;Gambarotta, Lucas<|>Graciela, Freile<|>Blasco, Ramiro Raúl<|>Zapico, Viviana<|>Stacey, Érica Cecilia
039755;v22_Autor_personal;Bartoloni, Valeria Gabriela<|>Martínez, M.<|>Zampatti, M.<|>Puggia, C.<|>Riquelme, C.<|>Warcok, M.<|>Zannoni, Valeria<|>Dománico, Ricardo Hugo;Bartoloni, Valeria Gabriela<|>Martínez, M.<|>Zampatti, Mariela<|>Puggia, C.<|>Riquelme, C.<|>Warcok, M.<|>Zannoni, Valeria<|>Dománico, Ricardo Hugo
039853;v22_Autor_personal;Pérez Zelaschi, Marina Luisa<|>Tedesco, Mónica<|>Zander, Karen<|>Silva, Carmen Leonilda;Pérez Zelaschi, Marina Luisa<|>Tedesco, Mónica<|>Zander, Karen Elizabeth<|>Silva, Carmen Leonilda
039856;v22_Autor_personal;Castañeda, Roberto Aníbal<|>Speranza, J.<|>Roberts, L.<|>Storani, E.<|>Feilbogen, E.;Castañeda, Roberto Aníbal<|>Speranza, Jorge Luis<|>Roberts, L.<|>Storani, Eduardo Enrique<|>Feilbogen, E.
039858;v22_Autor_personal;Castañeda, Roberto Aníbal<|>Storani, E.<|>González, M.<|>Speranza, J.<|>Rodríguez, Abel Sebastián<|>Robert, L.<|>Aguilar, Leandro Javier Ceferino<|>Feilbogen, E.;Castañeda, Roberto Aníbal<|>Storani, Eduardo Enrique<|>González, M.<|>Speranza, Jorge Luis<|>Rodríguez, Abel Sebastián<|>Robert, L.<|>Aguilar, Leandro Javier Ceferino<|>Feilbogen, E.
039866;v22_Autor_personal;Castañeda, Roberto Aníbal<|>Muset, G.<|>Rodríguez, Gisela Vanina<|>Rodríguez, Matías Agustín<|>Montero, H.<|>Gatti, P.<|>Murphy, M.<|>Noseda, D.<|>Araníbar, G.<|>Paladino, M.;Castañeda, Roberto Aníbal<|>Muset, G.<|>Rodríguez, Gisela Vanina<|>Rodríguez, Matías Agustín<|>Montero, H.<|>Gatti, P.<|>Murphy, M.<|>Noseda, D.<|>Aranibar Aversa, Germán Francisco<|>Paladino, M.
039873;v22_Autor_personal;Storani, E.<|>Robert, L.<|>Aguilar, Leandro Javier Ceferino<|>Speranza, J.;Storani, Eduardo Enrique<|>Robert, L.<|>Aguilar, Leandro Javier Ceferino<|>Speranza, Jorge Luis
039900;v22_Autor_personal;Storani, E.<|>Monje, J.<|>Giraudo, F.<|>Gallino, R.<|>Comerón, E.;Storani, Eduardo Enrique<|>Monje, J.<|>Giraudo, F.<|>Gallino, R.<|>Comerón, E.
039904;v22_Autor_personal;Demaría, M.<|>Cortés, M.<|>Fabro, Mabel Angélica<|>Speranza, J.;Demaría, M.<|>Cortés, M.<|>Fabro, Mabel Angélica<|>Speranza, Jorge Luis
039936;v22_Autor_personal;Benítez, A.<|>Balzamo, H.<|>Migoya, E.;Benítez, Graciela Alejandra<|>Balzamo, H.<|>Migoya, E.
039937;v22_Autor_personal;Bénitez, A.<|>Balzamo, H.<|>Jones, A.;Benítez, Graciela Alejandra<|>Balzamo, H.<|>Jones, A.
039939;v22_Autor_personal;Benítez, A.<|>Balzamo, H.<|>Migoya, E.;Benítez, Graciela Alejandra<|>Balzamo, H.<|>Migoya, E.
039940;v22_Autor_personal;Benítez, A.<|>Balzamo, H.<|>Jones, A.;Benítez, Graciela Alejandra<|>Balzamo, H.<|>Jones, A.
039964;v22_Autor_personal;Benítez, A.<|>Balzamo, H.<|>Migoya, E.;Benítez, Graciela Alejandra<|>Balzamo, H.<|>Migoya, E.
039976;v22_Autor_personal;Speranza, J.<|>Demaría, M.;Speranza, Jorge Luis<|>Demaría, M.
040011;v22_Autor_personal;Defain Tesoriero, María Victoria<|>Murano, M.<|>Stratico, M.<|>Lagomarsino, A.;Defain Tesoriero, María Victoria<|>Murano, M.<|>Stratico, Carlos Mariano<|>Lagomarsino, A.
040053;v22_Autor_personal;Marino, P.<|>Pérez Zelaschi, Marina Luisa<|>Saldivia, M.;Marino, Patricia Noemí<|>Pérez Zelaschi, Marina Luisa<|>Saldivia, M.
040054;v22_Autor_personal;Marino, P.<|>Garofalo, J.<|>Levcovich, A.<|>Andreolli, M.;Marino, Patricia Noemí<|>Garofalo, J.<|>Levcovich, A.<|>Andreolli, M.
040055;v22_Autor_personal;Marino, P.<|>Pérez Zelaschi, Marina Luisa<|>Saldivia, M.<|>Armesto, Javier<|>Tedesco, M.;Marino, Patricia Noemí<|>Pérez Zelaschi, Marina Luisa<|>Saldivia, M.<|>Armesto, Javier<|>Tedesco, M.
040062;v22_Autor_personal;Taibo, L. N.<|>Barceló, L. E.;Taibo, Lucía Noemí<|>Barceló, L. E.
040094;v22_Autor_personal;Taibo, L. N.<|>Barceló, L. E.<|>Dittmar, W. J.<|>Riganti, J. M.;Taibo, Lucía Noemí<|>Barceló, L. E.<|>Dittmar, W. J.<|>Riganti, J. M.
040114;v22_Autor_personal;Gallino, R.<|>Storani, E.<|>Robert, L.<|>Giraudo, F.<|>Monje, J.;Gallino, R.<|>Storani, Eduardo Enrique<|>Robert, L.<|>Giraudo, F.<|>Monje, J.
040115;v22_Autor_personal;Storani, E.<|>Robert, L.<|>Gallino, R.;Storani, Eduardo Enrique<|>Robert, L.<|>Gallino, R.
040138;v22_Autor_personal;Marino, Patricia;Marino, Patricia Noemí
040142;v22_Autor_personal;Brunetto, Pedro Carlos<|>Buttini, S.<|>Cánaves, L.<|>Cruz, Alex David;Brunetto, Pedro Carlos<|>Buttini, S.<|>Canaves, Rosa Liliana<|>Cruz, Alex David
040151;v22_Autor_personal;Dománico, Ricardo Hugo<|>López,  E.<|>Marbec, E.<|>Berretta, A.<|>Lagomarsino, A.;Dománico, Ricardo Hugo<|>López, Eduardo Antonio<|>Marbec, E.<|>Berretta, A.<|>Lagomarsino, A.
040156;v22_Autor_personal;Moina, Carlos Alberto<|>Ybarra. G.<|>Florit, M. I.<|>Posadas, D.;Moina, Carlos Alberto<|>Ybarra, Gabriel Omar<|>Florit, M. I.<|>Posadas, D.
040166;v22_Autor_personal;Sacavini, C. A.<|>Rodríguez, Carlos Roberto<|>Giménez, K. E.<|>Valdés. D. A.;Sacavini, C. A.<|>Rodríguez, Carlos Roberto<|>Giménez, K. E.<|>Valdés, Daniel Alberto
040172;v22_Autor_personal;Carraté, A.<|>Zander, K.<|>Marino, P.;Carraté, A.<|>Zander, Karen Elizabeth<|>Marino, Patricia Noemí
040174;v22_Autor_personal;Manich, A.<|>Dolors de Castellar, M.<|>Marino, P.<|>Tedesco, M.<|>Saldivia, M.;Manich, A.<|>Dolors de Castellar, M.<|>Marino, Patricia Noemí<|>Tedesco, M.<|>Saldivia, M.
040175;v22_Autor_personal;Marino, P.<|>Pérez Zelaschi, Marina Luisa;Marino, Patricia Noemí<|>Pérez Zelaschi, Marina Luisa
040201;v22_Autor_personal;Ramallo, T.<|>Goldschmidt, A.<|>Checmarew, L.<|>Benítez, A.<|>Bojorge, C.<|>Lavalle, M.<|>Storani, A.<|>Chiora, E.<|>Balzamo, H.<|>Fernández Noell, R.<|>Fornasier, G.<|>Lourenço Cidades, M.;Ramallo, T.<|>Goldschmidt, A.<|>Checmarew, L.<|>Benítez, Graciela Alejandra<|>Bojorge, C.<|>Lavalle, M.<|>Storani, A.<|>Chiora, E.<|>Balzamo, H.<|>Fernández Noell, R.<|>Fornasier, G.<|>Lourenço Cidades, M.
040301;v22_Autor_personal;Freile, Graciela<|>Blasco, Ramiro Raúl<|>Stacey, Erica<|>Zapico, Viviana<|>Espínola, María Teresa<|>Tomá, Melisa Daniela<|>Puglisi, Celia<|>Castro, Liliana;Freile, Graciela<|>Blasco, Ramiro Raúl<|>Stacey, Érica Cecilia<|>Zapico, Viviana<|>Espínola, María Teresa<|>Tomá, Melisa Daniela<|>Puglisi, Celia<|>Castro, Liliana
040363;v22_Autor_personal;Páez, Roxana^rcoord.<|>Taverna, Miguel<|>Walter, Emilio<|>Speranza, Jorge<|>Schmidt, Erica<|>Fabro, Mabel Angélica;Páez, Roxana^rcoord.<|>Taverna, Miguel<|>Walter, Emilio<|>Speranza, Jorge Luis<|>Schmidt, Erica<|>Fabro, Mabel Angélica
040466;v22_Autor_personal;Miró Specosa, María Magdalena<|>Puggia, César<|>Hermida, Laura<|>Marino, Patricia<|>Zunino, Cristina<|>Escobar, Germán<|>Defain Tesoriero, María Victoria;Miró Specosa, María Magdalena<|>Puggia, César<|>Hermida, Laura<|>Marino, Patricia Noemí<|>Zunino, Cristina<|>Escobar, Germán<|>Defain Tesoriero, María Victoria
040527;v22_Autor_personal;Garro, M.L.<|>Barbeito, C.<|>Mario, R.C.<|>Galarza, B.C.<|>Cantera, C.S.;Garro, M.L.<|>Barbeito, C.<|>Mario, R.C.<|>Galarza, B.C.<|>Cantera, Carlos Santos
040573;v22_Autor_personal;Frangie, M. Sofía<|>Corts, Sergio<|>Hernández, Ana<|>Galli, Ariel<|>Planes, Estela<|>Lelli, Diego<|>Martínez, Vanina<|>Piccina, Margarita<|>Ruiz Díaz, Roberto<|>Salamone, Cristian<|>Stratico, Mariano<|>Gemini, Virginia<|>Samter, Paula Marcela<|>Storino, Alejandra<|>Valiente, Liliana;Frangie, M. Sofía<|>Corts, Sergio<|>Hernández, Ana<|>Galli, Ariel<|>Planes, Estela<|>Lelli, Diego<|>Martínez, Vanina<|>Piccina, Margarita<|>Ruiz Díaz, Roberto<|>Salamone, Cristian<|>Stratico, Mariano<|>Gemini, Virginia<|>Samter, Paula Marcela<|>Storino, Alejandra Valeria<|>Valiente, Liliana
040582;v22_Autor_personal;"Fiora, Jorge<|>Valentini, Cristobal Ramón<|>Ybarra; Gabriel<|>Cozza, Pedro";Fiora, Jorge<|>Valentini, Cristobal Ramón<|>Ybarra, Gabriel Omar<|>Cozza, Pedro
040583;v22_Autor_personal;Mingolla, María Griselda<|>Álvarez, J.<|>Álvarez, L.<|>Ilieff, S.<|>Beer, Ethel Mariana<|>Bastida, Karina Beatriz;Mingolla, María Griselda<|>Alvarez, Julio<|>Álvarez, Lucía<|>Ilieff, S.<|>Beer, Ethel Mariana<|>Bastida, Karina Beatriz
040586;v22_Autor_personal;Hermida, Laura<|>Miró Specos, María<|>Defain Tesoriero, María Victoria<|>Escobar, Germán<|>Zunino, Cristina<|>Della Vecchia, Miguel Ángel<|>Marino, Patricia<|>García, Juan J.;Hermida, Laura<|>Miró Specos, María<|>Defain Tesoriero, María Victoria<|>Escobar, Germán<|>Zunino, Cristina<|>Della Vecchia, Miguel Ángel<|>Marino, Patricia Noemí<|>García, Juan J.
040589;v22_Autor_personal;Castañeda, Roberto Aníbal<|>Speranza, Jorge<|>Di Bàrtolo, Eduardo<|>Labacá,  Patricia<|>Fabro, Mabel Angélica<|>Murphy, Marcela;Castañeda, Roberto Aníbal<|>Speranza, Jorge Luis<|>Di Bàrtolo, Eduardo<|>Labacá,  Patricia<|>Fabro, Mabel Angélica<|>Murphy, Marcela
040612;v22_Autor_personal;Itria, R.F.<|>Babay, Paola Alejandra;Itria, Raúl Fabio<|>Babay, Paola Alejandra
040614;v22_Autor_personal;Ohaco. P.<|>Vitulich, G.<|>Cuevas Carrasco, Mónica Isabel<|>Ruiz, C.<|>Iglesias, N.;Ohaco. P.<|>Vitulich, Guillermo Antonio<|>Cuevas Carrasco, Mónica Isabel<|>Ruiz, C.<|>Iglesias, N.
040627;v22_Autor_personal;Tropea, S.E.<|>Cibils, R. M.<|>Busto, A.<|>Gonella, J.L<|>Martínez, R.<|>Chielens, A.J.<|>Otero, J.M.<|>Nuñez, M.;Tropea, Salvador Eduardo<|>Cibils, R. M.<|>Busto, A.<|>Gonella, J.L<|>Martínez, R.<|>Chielens, A.J.<|>Otero, J.M.<|>Nuñez, M.
040630;v22_Autor_personal;Duzdevich, J.P.<|>Coppis, L.<|>Álvarez, L.<|>Franco, O.<|>Anesini, A.<|>Casabona, Ángel Miguel Francisco;Duzdevich, Juan Pablo<|>Coppis, L.<|>Álvarez, Lucía<|>Franco, O.<|>Anesini, A.<|>Casabona, Ángel Miguel Francisco
040633;v22_Autor_personal;Abuin, G.C.<|>Stoklosa, Daniela Nélida;Abuin, Graciela Carmen<|>Stoklosa, Daniela Nélida
040646;v22_Autor_personal;Miranda, M.J.<|>Barda, Norma Beatriz<|>Raffo, D.<|>Mañuecos, L.;Miranda, María José<|>Barda, Norma Beatriz<|>Raffo, D.<|>Mañuecos, L.
040648;v22_Autor_personal;González, M.<|>Castañeda, Roberto Aníbal<|>Murno, H.<|>Toledo, Antonio Edgardo<|>Espinosa, V.<|>Castells, María Laura<|>Speranza, J.<|>Aimar, Bruno Nicolás<|>Bonafede, Mauro<|>Nieto, I.<|>Schmidt, E<|>Ramos, E.;González, M.<|>Castañeda, Roberto Aníbal<|>Murno, H.<|>Toledo, Antonio Edgardo<|>Espinosa, V.<|>Castells, María Laura<|>Speranza, Jorge Luis<|>Aimar, Bruno Nicolás<|>Bonafede, Mauro<|>Nieto, I.<|>Schmidt, E<|>Ramos, E.
040649;v22_Autor_personal;Calvo, Paula Cecilia<|>Gittins, C.<|>Miranda, M.J.<|>Corti, Gilda María;Calvo, Paula Cecilia<|>Gittins, C.<|>Miranda, María José<|>Corti, Gilda María
040652;v22_Autor_personal;Miranda, M.J.<|>Corti, Gilda María<|>Barda, Norma Beatriz<|>Muzzas, G.<|>Gallina, M.;Miranda, María José<|>Corti, Gilda María<|>Barda, Norma Beatriz<|>Muzzas, G.<|>Gallina, M.
040663;v22_Autor_personal;Cinalli, Mariana<|>Cetrángolo, M<|>López, M.C.;Cinalli, Mariana<|>Cetrángolo, M<|>López, María Cristina
040684;v22_Autor_personal;Alvarez, L.<|>Bastida, Karina Beatriz<|>Mingolla, María Griselda;Álvarez, Lucía<|>Bastida, Karina Beatriz<|>Mingolla, María Griselda
040685;v22_Autor_personal;Brunetto, Pedro Carlos<|>Buttini, Susana<|>Percich, Carlos<|>Herrero, Pablo<|>Vadell, Emanuel<|>Viluje, Marcela;Brunetto, Pedro Carlos<|>Buttini, Susana<|>Percich, Carlos<|>Herrero, Pablo<|>Vadell, Emanuel Pablo<|>Viluje, Marcela
040686;v22_Autor_personal;Brunetto, Pedro Carlos<|>Buttini, Susana<|>Percich, Carlos<|>Burroni, Laura Valeria<|>Vadell, Emanuel<|>Viluje, Marcela;Brunetto, Pedro Carlos<|>Buttini, Susana<|>Percich, Carlos<|>Burroni, Laura Valeria<|>Vadell, Emanuel Pablo<|>Viluje, Marcela
040700;v22_Autor_personal;Mammana, C.<|>Díaz, F.V.<|>Guidobono, A.;Mammana, C.<|>Díaz, Felipe Víctor<|>Guidobono, A.
040701;v22_Autor_personal;Díaz, F.V.<|>Bolmaro, R.E.<|>Girini, E.<|>Bianchini, H.;Díaz, Felipe Víctor<|>Bolmaro, R.E.<|>Girini, E.<|>Bianchini, H.
040705;v22_Autor_personal;Silva, Hernando D.;Silva, Hernándo Damián
040706;v22_Autor_personal;Henze, Alejandro<|>Monasterios, Guillermo<|>Silva, Hernando<|>Tempone, Nicolás;Henze, Alejandro<|>Monasterios, Guillermo<|>Silva, Hernándo Damián<|>Tempone, Nicolás
040708;v22_Autor_personal;Fernández, Gabriela<|>Munizza, Gabriela Vanina<|>Fernández, María Raquel<|>Iranzo, Claudia Manuela<|>López Cabana, Gustavo;Fernández, Gabriela<|>Munizza, Gabriela Vanina<|>Fernández, María Raquel<|>Iranzo, Claudia Manuela<|>López Cabana, Gustavo Alejandro
040720;v22_Autor_personal;Aráoz, C.<|>Kohanoff, R.;Aráoz, C.<|>Kohanoff, Rafael
040722;v22_Autor_personal;Val, S. del<|>Zunino, Cristina<|>Martínez, L.<|>Bartoloni, Valeria Gabriela<|>Reñones, L.<|>Zampatti, M.<|>Dománico, Ricardo Hugo;Val, S. del<|>Zunino, Cristina<|>Martínez, L.<|>Bartoloni, Valeria Gabriela<|>Reñones, L.<|>Zampatti, Mariela<|>Dománico, Ricardo Hugo
040745;v22_Autor_personal;Kohanoff, R.<|>Khourian, C.;Kohanoff, Rafael<|>Khourian, C.
040746;v22_Autor_personal;Kohanoff, R.<|>Morassutti, M.;Kohanoff, Rafael<|>Morassutti, M.
040747;v22_Autor_personal;Copetti, J.<|>Mottola, G.<|>Alfonso, S.<|>Kohanoff, R.;Copetti, J.<|>Mottola, G.<|>Alfonso, S.<|>Kohanoff, Rafael
040748;v22_Autor_personal;Cambiazzo, G.<|>Kohanoff, R.<|>Cruder, Leonardo;Cambiazzo, G.<|>Kohanoff, Rafael<|>Cruder, Leonardo
040749;v22_Autor_personal;Kohanoff, R.<|>Cruder, Leonardo<|>Suárez, D.<|>Cibeira, J.<|>Caputo, C.<|>Fernández, A.<|>Pujol, E.<|>Aphalo, J.<|>Bargo, Emilio<|>Fisch, J.;Kohanoff, Rafael<|>Cruder, Leonardo<|>Suárez, Daniel Enrique<|>Cibeira, J.<|>Caputo, C.<|>Fernández, A.<|>Pujol, E.<|>Aphalo, J.<|>Bargo, Emilio<|>Fisch, J.
040750;v22_Autor_personal;Cambiazzo, G.<|>Kohanoff, R.;Cambiazzo, G.<|>Kohanoff, Rafael
040751;v22_Autor_personal;Garbayo, R.<|>Bueno, M.<|>Kohanoff, R.;Garbayo, R.<|>Bueno, M.<|>Kohanoff, Rafael
040752;v22_Autor_personal;Candiano, Nicolás<|>Cibeira, J.<|>Kohanoff, R.;Candiano, Nicolás<|>Cibeira, J.<|>Kohanoff, Rafael
040753;v22_Autor_personal;Kohanoff, R.<|>Suárez, D.;Kohanoff, Rafael<|>Suárez, Daniel Enrique
040754;v22_Autor_personal;Puglisi, C.<|>Kohanoff, R.<|>Vivino, E.<|>Gattucci, L.<|>Chamorro, V.<|>Pazos, A.;Puglisi, C.<|>Kohanoff, Rafael<|>Vivino, E.<|>Gattucci, L.<|>Chamorro, V.<|>Pazos, A.
040757;v22_Autor_personal;Coppis, L.<|>Oses, A.<|>Henríquez, V.<|>Duzdevich, Juan Pablo<|>Alvarez, L.;Coppis, L.<|>Oses, A.<|>Henríquez, V.<|>Duzdevich, Juan Pablo<|>Álvarez, Lucía
040762;v22_Autor_personal;Muset, Graciela<|>Suárez, María Eugenia<|>Kurlat, José<|>Zabala, Carina;Muset, Graciela<|>Suárez, María Eugenia<|>Kurlat, José<|>Zabala, Carina Paola
040765;v22_Autor_personal;Maslatón, Carlos<|>Ladrón González, Alfredo<|>Ferre, Alejandro C.<|>Zabala, Carina<|>Kurlat, José;Maslatón, Carlos<|>Ladrón González, Alfredo<|>Ferre, Alejandro C.<|>Zabala, Carina Paola<|>Kurlat, José
040767;v22_Autor_personal;Araujo, Marta Carolina<|>Duzdevich, J.P.<|>Ohaco, P.<|>Vaca Ruiz, M.L.<|>Díaz, M.C.;Araujo, Marta Carolina<|>Duzdevich, Juan Pablo<|>Ohaco, P.<|>Vaca Ruiz, María Laura<|>Díaz, María Del Carmen
040768;v22_Autor_personal;Marino, Patricia<|>Enciso, Carlos<|>Pescio, Francisco;Marino, Patricia Noemí<|>Enciso, Carlos<|>Pescio, Francisco
040788;v22_Autor_personal;Monasterios, Guillermo<|>Silva, H.<|>Henze, Alejandro<|>Tempone, N.;Monasterios, Guillermo<|>Silva, Hernándo Damián<|>Henze, Alejandro<|>Tempone, N.
040821;v22_Autor_personal;Silva, Hernando;Silva, Hernándo Damián
040822;v22_Autor_personal;Tempone, Nicolás<|>Henze, Alejandro<|>Silva, Hernando<|>Monasterios, Guillermo;Tempone, Nicolás<|>Henze, Alejandro<|>Silva, Hernándo Damián<|>Monasterios, Guillermo
040823;v22_Autor_personal;Tempone, Nicolás<|>Henze, Alejandro<|>Silva, Hernando<|>Monasterios, Guillermo;Tempone, Nicolás<|>Henze, Alejandro<|>Silva, Hernándo Damián<|>Monasterios, Guillermo
040863;v22_Autor_personal;Coppis, L.<|>Oses, A.<|>Henríquez, V.<|>Duzdevich, Juan Pablo<|>Alvarez, L.;Coppis, L.<|>Oses, A.<|>Henríquez, V.<|>Duzdevich, Juan Pablo<|>Álvarez, Lucía
040865;v22_Autor_personal;Paz, A.<|>Martín, Y.<|>Pazos, L.M.<|>Parodi, M.B.<|>Ybarra, G.O.<|>González, J.E.;Paz, A.<|>Martín, Y.<|>Pazos, Leonardo Martín<|>Parodi, María Belén<|>Ybarra, Gabriel Omar<|>González, J.E.
040870;v22_Autor_personal;Benítez, A.<|>Polzinetti, Matías Daniel<|>Chuet-Missé, P.;Benítez, Graciela Alejandra<|>Polzinetti, Matías Daniel<|>Chuet-Missé, P.
040878;v22_Autor_personal;Ohaco, Patricia<|>Vitulich, Guillermo<|>Cuevas, Mónica<|>Zanetta, Verónica<|>Ruiz, C.<|>Iglesias, Norma;Ohaco, Patricia<|>Vitulich, Guillermo Antonio<|>Cuevas, Mónica<|>Zanetta, Verónica<|>Ruiz, C.<|>Iglesias, Norma
040879;v22_Autor_personal;Nieto, Ivana<|>Speranza, Jorge<|>Storani, Eduardo<|>Casaux, Nadina<|>Gradizuela, Claudio<|>Rousset, Rubén<|>Barbagelata, José Luis<|>Mancuso, Walter<|>Rodríguez, Mabel<|>Cruañes, Josefina<|>Díaz, Ricardo<|>Ferrer, José Luis<|>Coronel, Gregorio<|>Follonier, Marcos<|>Zamero, Reinaldo;Nieto, Ivana<|>Speranza, Jorge Luis<|>Storani, Eduardo Enrique<|>Casaux, Nadina<|>Gradizuela, Claudio<|>Rousset, Rubén<|>Barbagelata, José Luis<|>Mancuso, Walter<|>Rodríguez, Mabel<|>Cruañes, Josefina<|>Díaz, Ricardo<|>Ferrer, José Luis<|>Coronel, Gregorio<|>Follonier, Marcos<|>Zamero, Reinaldo
040882;v22_Autor_personal;Tempone, Nicolás<|>Henze, Alejandro<|>Silva, Hernando<|>Monasterios, Guillermo;Tempone, Nicolás<|>Henze, Alejandro<|>Silva, Hernándo Damián<|>Monasterios, Guillermo
040888;v22_Autor_personal;Albornos, Julio<|>Pollo, Hugo<|>Enciso, Verónica<|>Vega, Jorge de la<|>Smutt, Érica;Albornos, Julio<|>Pollo, Hugo<|>Enciso, Verónica<|>Vega, Jorge de la<|>Smutt, Érica Fernanda
040891;v22_Autor_personal;Robert, Laura<|>Storani, Eduardo<|>Olivera, Santiago<|>Fabro, Mabel Angélica<|>Camargo Zorzoli, Alejandra Iris;Robert, Laura<|>Storani, Eduardo Enrique<|>Olivera, Santiago<|>Fabro, Mabel Angélica<|>Camargo Zorzoli, Alejandra Iris
040894;v22_Autor_personal;Albornos, Julio<|>Pollo, Hugo<|>Enciso, Verónica<|>Vega, Jorge de la<|>Smutt, Érica;Albornos, Julio<|>Pollo, Hugo<|>Enciso, Verónica<|>Vega, Jorge de la<|>Smutt, Érica Fernanda
040939;v22_Autor_personal;Tempone, Nicolás<|>Henze, Alejandro<|>Silva, Hernando<|>Monasterios, Guillermo;Tempone, Nicolás<|>Henze, Alejandro<|>Silva, Hernándo Damián<|>Monasterios, Guillermo
040940;v22_Autor_personal;Tempone, Nicolás<|>Henze, Alejandro<|>Silva, Hernando<|>Monasterios, Guillermo;Tempone, Nicolás<|>Henze, Alejandro<|>Silva, Hernándo Damián<|>Monasterios, Guillermo
040960;v22_Autor_personal;Silva, H.<|>Monasterios, G.uillermo<|>Henze, A.<|>Tempone, N.;Silva, Hernándo Damián<|>Monasterios, G.uillermo<|>Henze, A.<|>Tempone, N.
040965;v22_Autor_personal;Brunetto, Pedro Carlos<|>Buttini, Susana<|>Fernández Am, Javier<|>Aranda, Juan Carlos<|>Vadell, Emanuel<|>Viluje, Marcela;Brunetto, Pedro Carlos<|>Buttini, Susana<|>Fernández Am, Javier<|>Aranda, Juan Carlos<|>Vadell, Emanuel Pablo<|>Viluje, Marcela
041917;v22_Autor_personal;Cogno, J.A.<|>Méndez Díaz, I.;Cogno, Jorge Adrián<|>Méndez Díaz, I.
042437;v22_Autor_personal;Pérez, Daniela<|>Fandos, Carmina<|>Scandaliaris, Jorge<|>Mazzone, Lucía<|>Soria, Federico<|>Scandaliaris, Pablo;Pérez, Daniela Joana<|>Fandos, Carmina<|>Scandaliaris, Jorge<|>Mazzone, Lucía<|>Soria, Federico<|>Scandaliaris, Pablo
043091;v54_Notas;"Incluye: Empleo de espectroscopia FT-Raman en el análisis de la estructura lipídica de la epidermis bovina por Garro, M. L.; Alternativas tecnológicas para elaborar cueros de conejo. Propuesta INTI-Cueros frente a consulta de cunicultores por Martegani, J.";"Incluye: Empleo de espectroscopia FT-Raman en el análisis de la estructura lipídica de la epidermis bovina por Garro, M. L.; Alternativas tecnológicas para elaborar cueros de conejo. Propuesta INTI-Cueros frente a consulta de cunicultores por Martegani, José Eduardo"
043184;v22_Autor_personal;Ariza, Irene Raquel<|>Benasso, T.<|>Dorado, Cecilia<|>Flores, F.<|>Ramírez, Rodrigo Javier<|>Yoguel, V.;Ariza, Irene Raquel<|>Benasso, Tomás<|>Dorado, Cecilia<|>Flores, F.<|>Ramírez, Rodrigo Javier<|>Yoguel, Ana Victoria
043184;v26_Afiliacion_del_autor;^aAriza, Irene Raquel^nInstituto Nacional de Tecnología Industrial. INTI-Diseño Industrial^pArgentina<|>^aBenasso, T.^nInstituto Nacional de Tecnología Industrial. INTI-Diseño Industrial^pArgentina<|>^aDorado, Cecilia^nInstituto Nacional de Tecnología Industrial. INTI-Diseño Industrial^pArgentina<|>^aFlores, F.^nInstituto Nacional de Tecnología Industrial. INTI-Diseño Industrial^pArgentina<|>^aRamírez, Rodrigo Javier^nInstituto Nacional de Tecnología Industrial. INTI-Diseño Industrial^pArgentina<|>^aYoguel, V.^nInstituto Nacional de Tecnología Industrial. INTI-Diseño Industrial^pArgentina;^aAriza, Irene Raquel^nInstituto Nacional de Tecnología Industrial. INTI-Diseño Industrial^pArgentina<|>^aBenasso, Tomás^nInstituto Nacional de Tecnología Industrial. INTI-Diseño Industrial^pArgentina<|>^aDorado, Cecilia^nInstituto Nacional de Tecnología Industrial. INTI-Diseño Industrial^pArgentina<|>^aFlores, F.^nInstituto Nacional de Tecnología Industrial. INTI-Diseño Industrial^pArgentina<|>^aRamírez, Rodrigo Javier^nInstituto Nacional de Tecnología Industrial. INTI-Diseño Industrial^pArgentina<|>^aYoguel, Ana Victoria^nInstituto Nacional de Tecnología Industrial. INTI-Diseño Industrial^pArgentina
043194;v22_Autor_personal;Martínez, Laura<|>Álvarez, Horacio<|>Val, Susana del;Martínez, Laura<|>Álvarez, Juan Horacio<|>Val, Susana del
043195;v22_Autor_personal;Marino, Patricia;Marino, Patricia Noemí
043378;v22_Autor_personal;Najul, Juan Carlos<|>Alvarez, Jorge<|>Brunetto, Pedro Carlos<|>Cerchiai, Edgard<|>Pedrani, Mariela<|>Santi, Antonio<|>Martínez, Cecilia<|>Gutiérrez, Alicia;Najul, Juan Carlos<|>Álvarez, José Jorge Enrique<|>Brunetto, Pedro Carlos<|>Cerchiai, Edgard<|>Pedrani, Mariela<|>Santi, Antonio<|>Martínez, Cecilia<|>Gutiérrez, Alicia
043391;v22_Autor_personal;Bensignor, Judith<|>Parise, Claudia<|>Planes, Estela<|>Samter, Paula Marcela<|>Storino, Alejandra;Bensignor, Judith<|>Parise, Claudia<|>Planes, Estela<|>Samter, Paula Marcela<|>Storino, Alejandra Valeria
043397;v22_Autor_personal;Papczuk, Germán<|>Szombach, Juan<|>Tribiño, Gerardo Luis<|>González, J.<|>Schneebeli, Jorge Ernesto<|>Martínez Krahmer, Daniel Osvaldo;Papczuk, Germán<|>Szombach, Juan Ignacio<|>Tribiño, Gerardo Luis<|>González, J.<|>Schneebeli, Jorge Ernesto<|>Martínez Krahmer, Daniel Osvaldo
043410;v22_Autor_personal;Alvarez, Jorge<|>Barrera, Verónica Natalia<|>Poldi, Leandro Ariel<|>Rivarola, Paula<|>Zaszczynski, Cristia<|>Rodríguez, Andrés<|>Pascal, Gonzalo<|>Solano, Enrique;Álvarez, José Jorge Enrique<|>Barrera, Verónica Natalia<|>Poldi, Leandro Ariel<|>Rivarola, Paula<|>Zaszczynski, Cristia<|>Rodríguez, Andrés<|>Pascal, Gonzalo<|>Solano, Enrique
043411;v22_Autor_personal;Sánchez, Eliseo<|>Fornés, Damián<|>Canepare, Carlos Alberto<|>Fournier, Martín<|>Rodríguez, Julián<|>Apro, Nicolás<|>Ramírez, Silvio<|>Alfredo, Guillermo Javier<|>Rodríguez, M.<|>Caberta, Raúl;Sánchez, Eliseo<|>Fornés, Damián<|>Canepare, Carlos Alberto<|>Fournier, Martín<|>Rodríguez, Julián<|>Apro, Nicolás<|>Ramírez, Silvio<|>Alfredo, Guillermo Javier<|>Rodríguez, Matías Agustín<|>Caberta, Raúl
044747;v22_Autor_personal;Bainotti, C.T.<|>Salines, J.H.<|>Amigone, M.A.<|>Fraschina, J.A.<|>Formica, M.B.<|>Masiero, B.<|>Nisi, J.E.<|>Kloster, A.M.<|>Garis, M.H.<|>Navarro, C.;Bainotti, Carlos Tomás<|>Salines, J.H.<|>Amigone, M.A.<|>Fraschina, J.A.<|>Formica, M.B.<|>Masiero, B.<|>Nisi, J.E.<|>Kloster, A.M.<|>Garis, M.H.<|>Navarro, C.
045838;v22_Autor_personal;Alvarez, Jorge<|>Burroni, Laura Valeria<|>Barrera, Verónica Natalia<|>Luna, Analía;Álvarez, José Jorge Enrique<|>Burroni, Laura Valeria<|>Barrera, Verónica Natalia<|>Luna, Analía
045844;v22_Autor_personal;Hermida, Laura<|>Pérez Zelaschi, Marina Luisa<|>Miro, María<|>Marino, Patricia<|>Escobar, Germán<|>Zunino, Cristina<|>Ferreira, Esteban<|>Frangie, Sofía<|>Martínez, Vanina<|>Alberti, Cecilia<|>Peter Gauna, Regina<|>Gallardo, Gabriela<|>Buffa, Fabián<|>Ballarin, F.M.<|>Caraciollo, Pablo<|>Abraham, Gustavo;Hermida, Laura<|>Pérez Zelaschi, Marina Luisa<|>Miro, María<|>Marino, Patricia Noemí<|>Escobar, Germán<|>Zunino, Cristina<|>Ferreira, Esteban<|>Frangie, Sofía<|>Martínez, Vanina<|>Alberti, Cecilia<|>Peter Gauna, Regina<|>Gallardo, Gabriela<|>Buffa, Fabián<|>Ballarin, F.M.<|>Caraciollo, Pablo<|>Abraham, Gustavo
045868;v22_Autor_personal;Marino, Patricia<|>Mon, Laureano<|>Marré, Sofía;Marino, Patricia Noemí<|>Mon, Laureano<|>Marré, Sofía
045905;v22_Autor_personal;Egidi, D.A.<|>Martynenko, Vitaliy<|>Calahonra, C.<|>Szombach, J.<|>Martínez Krahmer, Daniel Osvaldo;Egidi, D.A.<|>Martynenko, Vitaliy<|>Calahonra, C.<|>Szombach, Juan Ignacio<|>Martínez Krahmer, Daniel Osvaldo
045921;v22_Autor_personal;Labacá,  Patricia<|>Castañeda, Roberto Aníbal<|>Speranza, J.<|>Fabro, Mabel Angélica<|>Pecorino, C.<|>Castro, Fabiana Andrea<|>Bilotta, M.<|>Roldán, G.<|>Remolina, L.;Labacá,  Patricia<|>Castañeda, Roberto Aníbal<|>Speranza, Jorge Luis<|>Fabro, Mabel Angélica<|>Pecorino, C.<|>Castro, Fabiana Andrea<|>Bilotta, M.<|>Roldán, G.<|>Remolina, L.
045922;v22_Autor_personal;Espinosa, V.<|>Gatti, P.<|>Toledo, Antonio Edgardo<|>Otheguy, L.<|>Vega, O.<|>Vall, V.<|>Kruszyn, M.S.<|>Bryk, M.<|>Giannavola, C.;Espinosa, V.<|>Gatti, P.<|>Toledo, Antonio Edgardo<|>Otheguy, L.<|>Vega, O.<|>Vall, V.<|>Kruszyn, María Soledad<|>Bryk, M.<|>Giannavola, C.
045946;v22_Autor_personal;Silva, H.<|>Monasterios, G.;Silva, Hernándo Damián<|>Monasterios, G.
045947;v22_Autor_personal;Silva, H.<|>Monasterios, G.<|>Henze, A.<|>Tempone, N.;Silva, Hernándo Damián<|>Monasterios, G.<|>Henze, A.<|>Tempone, N.
045956;v22_Autor_personal;Torri, S.I.<|>Alberti, Cecilia;Torri, Silvana Irene<|>Alberti, Cecilia
045970;v22_Autor_personal;Vallendor, Pedro^rcoord.<|>Benjamín, Manuel<|>Henze, Alejandro<|>Monasterios, Guillermo<|>Silva, Hernando<|>Tempone, Nicolás;Vallendor, Pedro^rcoord.<|>Benjamín, Manuel<|>Henze, Alejandro<|>Monasterios, Guillermo<|>Silva, Hernándo Damián<|>Tempone, Nicolás
045980;v26_Afiliacion_del_autor;^aBertrand, Karina Vanesa^nInstituto Nacional de Tecnología Industrial^sINTI^pArgentina<|>^aMarino, P.^nInstituto Nacional de Tecnología Industrial^sINTI^pArgentina<|>^aPérez Zelaschi, Marina Luisa^nInstituto Nacional de Tecnología Industrial^sINTI^pArgentina<|>^aBengolea, Jorge Domingo^nInstituto Nacional de Tecnología Industrial^sINTI^pArgentina;^aBertrand, Karina Vanesa^nInstituto Nacional de Tecnología Industrial^sINTI^pArgentina<|>^aMarino, Patricia Noemí^nInstituto Nacional de Tecnología Industrial^sINTI^pArgentina<|>^aPérez Zelaschi, Marina Luisa^nInstituto Nacional de Tecnología Industrial^sINTI^pArgentina<|>^aBengolea, Jorge Domingo^nInstituto Nacional de Tecnología Industrial^sINTI^pArgentina
046082;v22_Autor_personal;Marino, Patricia<|>Marré, Sofía<|>Mon, Laureano;Marino, Patricia Noemí<|>Marré, Sofía<|>Mon, Laureano
046138;v22_Autor_personal;Kohanoff, Rafael<|>Cruder, Leonardo<|>Suárez, Daniel<|>Aguilar, Mario Humberto<|>Fernández, Alfredo<|>Bargo, Emilio<|>Fisch, J.<|>Cibeira, José<|>Aphalo, Jorge<|>Ocampo, Natalia<|>Morassutti, Myriam<|>Guerra, Pamela<|>Gudiño, Romina<|>Khourian, Cristian;Kohanoff, Rafael<|>Cruder, Leonardo<|>Suárez, Daniel Enrique<|>Aguilar, Mario Humberto<|>Fernández, Alfredo<|>Bargo, Emilio<|>Fisch, J.<|>Cibeira, José<|>Aphalo, Jorge<|>Ocampo, Natalia<|>Morassutti, Myriam<|>Guerra, Pamela<|>Gudiño, Romina<|>Khourian, Cristian
046144;v22_Autor_personal;Baudino, Guillermo Andrés<|>Scheibengraf, Javier<|>Rodríguez, José A.<|>Jorge, L.A.<|>Pereyra, G.;Baudino, Guillermo Andrés<|>Scheibengraf, Javier<|>Rodríguez, José A.<|>Jorge, Luis Andrés<|>Pereyra, G.
046145;v22_Autor_personal;Kohanoff, Rafael<|>Cruder, Leonardo<|>Aguilar, Mario Humberto<|>Fernández, Alfredo<|>Suárez, Daniel<|>Bargo, Emilio<|>Fisch, J.<|>Cibeira, José<|>Aphalo, Jorge<|>Ocampo, Natalia<|>Morassutti, Myriam<|>Guerra, Pamela<|>Gudiño, Romina<|>Khourian, Cristian;Kohanoff, Rafael<|>Cruder, Leonardo<|>Aguilar, Mario Humberto<|>Fernández, Alfredo<|>Suárez, Daniel Enrique<|>Bargo, Emilio<|>Fisch, J.<|>Cibeira, José<|>Aphalo, Jorge<|>Ocampo, Natalia<|>Morassutti, Myriam<|>Guerra, Pamela<|>Gudiño, Romina<|>Khourian, Cristian
046148;v22_Autor_personal;Marino, Patricia<|>Mon, Laureano<|>Marré, Sofía;Marino, Patricia Noemí<|>Mon, Laureano<|>Marré, Sofía
046150;v22_Autor_personal;Marino, Patricia<|>Marré, Sofía<|>Mon, Laureano;Marino, Patricia Noemí<|>Marré, Sofía<|>Mon, Laureano
046154;v22_Autor_personal;Juárez, Lidia<|>Rueda, Leandro Félix<|>Tribiño, Gerardo Luis<|>Aimar, Bruno Nicolás<|>Nieto, Ivana<|>Bonafede, Mauro<|>Aguilar, Leandro Javier Ceferino<|>Picotti, Jorge Hugo<|>Molina Ortiz, S.E.;Juárez, Lidia<|>Rueda, Leandro Félix<|>Tribiño, Gerardo Luis<|>Aimar, Bruno Nicolás<|>Nieto, Ivana<|>Bonafede, Mauro<|>Aguilar, Leandro Javier Ceferino<|>Picotti, Jorge Hugo<|>Molina Ortiz, Sara Eugenia
046172;v22_Autor_personal;Marino, Patricia<|>Armesto, Javier<|>Martins, Andrea<|>Muñoz, Diana<|>Ferreira, Esteban<|>Choren, Adrián<|>Ferriceli, Gisella<|>Ezpeletta, Margarita<|>Stanislavsky, Verónica;Marino, Patricia Noemí<|>Armesto, Javier<|>Martins, Andrea<|>Muñoz, Diana<|>Ferreira, Esteban<|>Choren, Adrián<|>Ferriceli, Gisella<|>Ezpeletta, Margarita<|>Stanislavsky, Verónica
046189;v22_Autor_personal;Vergara, Darío<|>Jarzinski, Mario Antenor<|>Tofé, Horacio Sergio<|>Muñoz, Diana<|>Zunini, Hernán Lucas;Vergara, Darío Martín<|>Jarzinski, Mario Antenor<|>Tofé, Horacio Sergio<|>Muñoz, Diana<|>Zunini, Hernán Lucas
046293;v22_Autor_personal;López, A. M.<|>Ramírez, G.<|>Rodríguez, M.<|>Wyngaard, G. J.;López, A. M.<|>Ramírez, G.<|>Rodríguez, Matías Agustín<|>Wyngaard, G. J.
046303;v22_Autor_personal;Zbrun, M.V.<|>Zielinski, G.C.<|>Piscitelli, H.C.<|>Descarga, C.<|>Urbani, L.A.<|>Defain Tesoriero, M.V.<|>Hermida, L.G.;Zbrun, M.V.<|>Zielinski, G.C.<|>Piscitelli, H.C.<|>Descarga, C.<|>Urbani, L.A.<|>Defain Tesoriero, María Victoria<|>Hermida, L.G.
046314;v22_Autor_personal;Marino, Patricia<|>Buonamico, Daniel<|>Ricciardi, Aldo<|>Pasich, Luis;Marino, Patricia Noemí<|>Buonamico, Daniel<|>Ricciardi, Aldo<|>Pasich, Luis
046342;v22_Autor_personal;Vallejo, C.<|>Castañeda, Roberto Aníbal<|>González, M.<|>Araníbar, G.<|>Cañameras, Carlos Alfredo<|>Pino, F.<|>Nieto, I.<|>Aguilar, Leandro Javier Ceferino;Vallejo, C.<|>Castañeda, Roberto Aníbal<|>González, M.<|>Aranibar Aversa, Germán Francisco<|>Cañameras, Carlos Alfredo<|>Pino, F.<|>Nieto, I.<|>Aguilar, Leandro Javier Ceferino
046345;v22_Autor_personal;Zielinski, Ana<|>Toledo, Antonio Edgardo<|>Storani, Eduardo<|>Nieto, Ivana<|>González, Marcelo<|>Castañeda, Roberto Aníbal<|>Mathon, Yamila^rcoord.;Zielinski, Ana<|>Toledo, Antonio Edgardo<|>Storani, Eduardo Enrique<|>Nieto, Ivana<|>González, Marcelo<|>Castañeda, Roberto Aníbal<|>Mathon, Yamila^rcoord.
046348;v22_Autor_personal;Pirosanto, I.<|>Owczarczyn, L.<|>Martínez, Emiliano<|>Wyngaard, G. J.<|>Rodríguez, M.;Pirosanto, I.<|>Owczarczyn, L.<|>Martínez, Emiliano<|>Wyngaard, G. J.<|>Rodríguez, Matías Agustín
046389;v22_Autor_personal;Bobbio, Federico Sebastián<|>Serna, Alexei<|>Rico, Humberto<|>Castañena, Lina;Bobbio, Federico Sebastián<|>Serna, Alexei<|>Rico, Humberto<|>Castañeda S., Lina
046389;v26_Afiliacion_del_autor;^aBobbio, Federico Sebastián^nInstituto Nacional de Tecnología Industrial. Córdoba^sINTI-Córdoba^pArgentina<|>^aSerna, Alexei^nInstituto Antioqueño de Investigación^sIAI^pColombia<|>^aRico, Humberto^nInstituto Tecnológico Metropolitano^sITM^pColombia<|>^aCastañeda, Lina^nInstituto Tecnológico Metropolitano^sITM^pColombia;^aBobbio, Federico Sebastián^nInstituto Nacional de Tecnología Industrial. Córdoba^sINTI-Córdoba^pArgentina<|>^aSerna, Alexei^nInstituto Antioqueño de Investigación^sIAI^pColombia<|>^aRico, Humberto^nInstituto Tecnológico Metropolitano^sITM^pColombia<|>^aCastañeda S., Lina^nInstituto Tecnológico Metropolitano^sITM^pColombia
046420;v22_Autor_personal;Szombach, J.<|>Tribiño, Gerardo Luis<|>Riu, F.<|>Santos, Luciano<|>Martínez Krahmer, Daniel Osvaldo;Szombach, Juan Ignacio<|>Tribiño, Gerardo Luis<|>Riu, F.<|>Santos, Luciano<|>Martínez Krahmer, Daniel Osvaldo
046430;v22_Autor_personal;Pettigiani, Eugenio<|>Silbert, Violeta<|>Garrido, Guillermo<|>Suarez, M. F.<|>Benítez, A.;Pettigiani, Eugenio<|>Silbert, Violeta<|>Garrido, Guillermo<|>Suárez, María Fernanda<|>Benítez, Graciela Alejandra
046468;v22_Autor_personal;Henze, Alejandro<|>Tempone, Nicolás<|>Monasterios, Guillermo<|>Silva, Hernando;Henze, Alejandro<|>Tempone, Nicolás<|>Monasterios, Guillermo<|>Silva, Hernándo Damián
046534;v22_Autor_personal;Fiora, J.<|>Iglesias, A.M.<|>Mahmud, Z.A.<|>Niño Gómez, A.<|>Valentini, Cristobal Ramón;Fiora, J.<|>Iglesias, A.M.<|>Mahmud, Zulema Ángela<|>Niño Gómez, A.<|>Valentini, Cristobal Ramón
046545;v22_Autor_personal;Monasterios, G.<|>Silva, H.<|>Henze, A.<|>Tempone, N.;Monasterios, G.<|>Silva, Hernándo Damián<|>Henze, A.<|>Tempone, N.
046568;v22_Autor_personal;López, A. M.<|>Ramírez, G.<|>Rodríguez, M.<|>Wyngaard, G. J.;López, A. M.<|>Ramírez, G.<|>Rodríguez, Matías Agustín<|>Wyngaard, G. J.
046586;v22_Autor_personal;Mammana, C.A.<|>Díaz, F.V.<|>Guidobono, A.P.M.;Mammana, C.A.<|>Díaz, Felipe Víctor<|>Guidobono, A.P.M.
046587;v22_Autor_personal;Díaz, F.V.<|>Mammana, C.A.<|>Guidobono, A.P.M.;Díaz, Felipe Víctor<|>Mammana, C.A.<|>Guidobono, A.P.M.
046588;v22_Autor_personal;Díaz, F.V.<|>Mammana, C.A.<|>Guidobono, A.P.M.;Díaz, Felipe Víctor<|>Mammana, C.A.<|>Guidobono, A.P.M.
046589;v22_Autor_personal;Díaz, F.V.<|>Mammana, C.A.<|>Guidobono, A.P.M.;Díaz, Felipe Víctor<|>Mammana, C.A.<|>Guidobono, A.P.M.
046591;v22_Autor_personal;Díaz, F.V.<|>Mammana, C.A.<|>Guidobono, A.P.M.;Díaz, Felipe Víctor<|>Mammana, C.A.<|>Guidobono, A.P.M.
046615;v22_Autor_personal;Longinotti, G.<|>Lloret, P.<|>Ybarra, Gabriel Omar<|>Moina, Carlos Alberto<|>Hermida, L.<|>Milano, Omar<|>Roberti, M.<|>Malatto, L.<|>Fraigi, Liliana Beatriz;Longinotti, María Gloria<|>Lloret, P.<|>Ybarra, Gabriel Omar<|>Moina, Carlos Alberto<|>Hermida, L.<|>Milano, Omar<|>Roberti, M.<|>Malatto, L.<|>Fraigi, Liliana Beatriz
046636;v22_Autor_personal;Moina, C.A.<|>Vazdar, M.;Moina, Carlos Alberto<|>Vazdar, M.
046637;v22_Autor_personal;Bierzychudek, M.E.<|>Elmquist, R.E.;Bierzychudek, Marcos Eduardo<|>Elmquist, R.E.
046649;v22_Autor_personal;Benjamín, M.<|>Silva, H.<|>Monasterios, G.<|>Tempone, N.<|>Henze, A.;Benjamín, M.<|>Silva, Hernándo Damián<|>Monasterios, G.<|>Tempone, N.<|>Henze, A.
049112;v22_Autor_personal;Cogno, J.A.;Cogno, Jorge Adrián
049122;v22_Autor_personal;Speranza, Jorge<|>Castañeda, Roberto Aníbal<|>Muset, Graciela<|>Maggiore, Agustina<|>González, Marcelo<|>Labacá,  Patricia<|>Rodríguez, Gabriela<|>Fornero, Pedro<|>Junges, Omar;Speranza, Jorge Luis<|>Castañeda, Roberto Aníbal<|>Muset, Graciela<|>Maggiore, Agustina<|>González, Marcelo<|>Labacá,  Patricia<|>Rodríguez, Gabriela<|>Fornero, Pedro<|>Junges, Omar
049258;v22_Autor_personal;Correa, J.P.<|>Blanco Massani, Mariana Raquel<|>Molina, V.<|>Sanchez, M.<|>Eisenberg, P.<|>Kainz, Cecilia;Correa Aguirre, Juan Pablo<|>Blanco Massani, Mariana Raquel<|>Molina, V.<|>Sanchez, M.<|>Eisenberg, P.<|>Kainz, Cecilia
049600;v22_Autor_personal;Monasterios, G.<|>Silva, H.<|>Henze, A.<|>Tempone, N.;Monasterios, G.<|>Silva, Hernándo Damián<|>Henze, A.<|>Tempone, N.
049637;v22_Autor_personal;Jarzinski, Mario Antenor<|>Velazco, Jose Ricardo<|>Vergara, D.<|>Álvarez, Juan Horacio<|>Zunino, Cristina;Jarzinski, Mario Antenor<|>Velazco, Jose Ricardo<|>Vergara, Darío Martín<|>Álvarez, Juan Horacio<|>Zunino, Cristina
049637;v26_Afiliacion_del_autor;^aJarzinski, Mario Antenor^nInstituto Nacional de Tecnología Industrial. INTI-Formosa^pArgentina<|>^aVelazco, Jose Ricardo^nInstituto Nacional de Tecnología Industrial. INTI-Formosa^pArgentina<|>^aVergara, D.^nInstituto Nacional de Tecnología Industrial. INTI-Formosa^pArgentina<|>^aÁlvarez, Juan Horacio^nInstituto Nacional de Tecnología Industrial. INTI-Textiles^pArgentina<|>^aZunino, Cristina^nInstituto Nacional de Tecnología Industrial. INTI-Textiles^pArgentina;^aJarzinski, Mario Antenor^nInstituto Nacional de Tecnología Industrial. INTI-Formosa^pArgentina<|>^aVelazco, Jose Ricardo^nInstituto Nacional de Tecnología Industrial. INTI-Formosa^pArgentina<|>^aVergara, Darío Martín^nInstituto Nacional de Tecnología Industrial. INTI-Formosa^pArgentina<|>^aÁlvarez, Juan Horacio^nInstituto Nacional de Tecnología Industrial. INTI-Textiles^pArgentina<|>^aZunino, Cristina^nInstituto Nacional de Tecnología Industrial. INTI-Textiles^pArgentina
049638;v22_Autor_personal;Comin, M.J.<|>Ciarlantini, Matías Sebastián<|>Gandolfi Donadío, L.<|>Hornos, L.<|>Cardama, Georgina Alexandra<|>Lorenzano Menna, P.<|>Gonzalez, N.<|>Alonso, Daniel Fernando<|>Gómez, D.E.<|>Defelipe, Lucas Alfredo<|>Turjanski, A.G.<|>Blumberg, P.M.;Comin, María Julieta<|>Ciarlantini, Matías Sebastián<|>Gandolfi Donadío, L.<|>Hornos, L.<|>Cardama, Georgina Alexandra<|>Lorenzano Menna, P.<|>Gonzalez, N.<|>Alonso, Daniel Fernando<|>Gómez, D.E.<|>Defelipe, Lucas Alfredo<|>Turjanski, Adrián G.<|>Blumberg, P.M.
049638;v26_Afiliacion_del_autor;^aGarcía, C.L.^nInstituto Nacional de Tecnología Industrial^sINTI-Química^lBuenos Aires^pAR<|>^aCiarlantini, Matías Sebastián^nInstituto Nacional de Tecnología Industrial^sINTI-Química^lBuenos Aires^pAR<|>^aGandolfi Donadío, L.^nInstituto Nacional de Tecnología Industrial^sINTI-Química^lBuenos Aires^pAR<|>^aHornos, L.^nInstituto Nacional de Tecnología Industrial^sINTI-Química^lBuenos Aires^pAR<|>^aCardama, Georgina Alexandra^nUniversidad Nacional de Quilmes^sUNQUI^lQuilmes^pAR<|>^aLorenzano Menna, P.^nUniversidad Nacional de Quilmes^sUNQUI^lQuilmes^pAR<|>^aGonzalez, N.^nUniversidad Nacional de Quilmes^sUNQUI^lQuilmes^pAR<|>^aAlonso, Daniel Fernando^nUniversidad Nacional de Quilmes^sUNQUI^lQuilmes^pAR<|>^aGómez, D.E.^nUniversidad Nacional de Quilmes^sUNQUI^lQuilmes^pAR<|>^aDefelipe, Lucas Alfredo^nUniversidad de Buenos Aires. Facultad de Ciencias Exactas y Naturales^sUBA-FCEyN^lBuenos Aires^pAR<|>^aTurjanski, A.G.^nUniversidad de Buenos Aires. Facultad de Ciencias Exactas y Naturales^sUBA-FCEyN^lBuenos Aires^pAR<|>^aBlumberg, P.M.^nNational Cancer Institute. National Institutes of Health^sNCI^lMaryland^pUS;^aGarcía, C.L.^nInstituto Nacional de Tecnología Industrial^sINTI-Química^lBuenos Aires^pAR<|>^aCiarlantini, Matías Sebastián^nInstituto Nacional de Tecnología Industrial^sINTI-Química^lBuenos Aires^pAR<|>^aGandolfi Donadío, L.^nInstituto Nacional de Tecnología Industrial^sINTI-Química^lBuenos Aires^pAR<|>^aHornos, L.^nInstituto Nacional de Tecnología Industrial^sINTI-Química^lBuenos Aires^pAR<|>^aCardama, Georgina Alexandra^nUniversidad Nacional de Quilmes^sUNQUI^lQuilmes^pAR<|>^aLorenzano Menna, P.^nUniversidad Nacional de Quilmes^sUNQUI^lQuilmes^pAR<|>^aGonzalez, N.^nUniversidad Nacional de Quilmes^sUNQUI^lQuilmes^pAR<|>^aAlonso, Daniel Fernando^nUniversidad Nacional de Quilmes^sUNQUI^lQuilmes^pAR<|>^aGómez, D.E.^nUniversidad Nacional de Quilmes^sUNQUI^lQuilmes^pAR<|>^aDefelipe, Lucas Alfredo^nUniversidad de Buenos Aires. Facultad de Ciencias Exactas y Naturales^sUBA-FCEyN^lBuenos Aires^pAR<|>^aTurjanski, Adrián G.^nUniversidad de Buenos Aires. Facultad de Ciencias Exactas y Naturales^sUBA-FCEyN^lBuenos Aires^pAR<|>^aBlumberg, P.M.^nNational Cancer Institute. National Institutes of Health^sNCI^lMaryland^pUS
049639;v22_Autor_personal;Gandolfi Donadío, L.<|>Galetti, M.<|>Checura, Cintia Carolina<|>Comin, M.J.;Gandolfi Donadío, L.<|>Galetti, M.<|>Checura, Cintia Carolina<|>Comin, María Julieta
049639;v26_Afiliacion_del_autor;^aGandolfi Donadío, L.^nInstituto Nacional de Tecnología Industrial^sINTI-Química^lBuenos Aires^pAR<|>^aGaletti, M.^nInstituto Nacional de Tecnología Industrial^sINTI-Química^lBuenos Aires^pAR<|>^aChecura, Cintia Carolina^nInstituto Nacional de Tecnología Industrial^sINTI-Química^lBuenos Aires^pAR<|>^aComin, M.J.^nInstituto Nacional de Tecnología Industrial^sINTI-Química^lBuenos Aires^pAR;^aGandolfi Donadío, L.^nInstituto Nacional de Tecnología Industrial^sINTI-Química^lBuenos Aires^pAR<|>^aGaletti, M.^nInstituto Nacional de Tecnología Industrial^sINTI-Química^lBuenos Aires^pAR<|>^aChecura, Cintia Carolina^nInstituto Nacional de Tecnología Industrial^sINTI-Química^lBuenos Aires^pAR<|>^aComin, María Julieta^nInstituto Nacional de Tecnología Industrial^sINTI-Química^lBuenos Aires^pAR
049645;v22_Autor_personal;Guida, L.<|>Martínez, V.<|>López, M.C.<|>Blasco, Ramiro Raúl<|>Hermida, L.<|>Gallardo, G.;Guida, L.<|>Martínez, V.<|>López, María Cristina<|>Blasco, Ramiro Raúl<|>Hermida, L.<|>Gallardo, G.
049645;v26_Afiliacion_del_autor;^aGuida, L.^nInstituto Nacional de Tecnología Industrial^sINTI-Cereales y Oleaginosas^lBuenos Aires^pAR<|>^aMartínez, V.^nInstituto Nacional de Tecnología Industrial^sINTI-Química^lBuenos Aires^pAR<|>^aLópez, M.C.^nInstituto Nacional de Tecnología Industrial^sINTI-Cereales y Oleaginosas^lBuenos Aires^pAR<|>^aBlasco, Ramiro Raúl^nInstituto Nacional de Tecnología Industrial^sINTI-Cereales y Oleaginosas^lBuenos Aires^pAR<|>^aHermida, L.^nInstituto Nacional de Tecnología Industrial^sINTI-Química^lBuenos Aires^pAR<|>^aGallardo, G.^nInstituto Nacional de Tecnología Industrial^sINTI-Química^lBuenos Aires^pAR;^aGuida, L.^nInstituto Nacional de Tecnología Industrial^sINTI-Cereales y Oleaginosas^lBuenos Aires^pAR<|>^aMartínez, V.^nInstituto Nacional de Tecnología Industrial^sINTI-Química^lBuenos Aires^pAR<|>^aLópez, María Cristina^nInstituto Nacional de Tecnología Industrial^sINTI-Cereales y Oleaginosas^lBuenos Aires^pAR<|>^aBlasco, Ramiro Raúl^nInstituto Nacional de Tecnología Industrial^sINTI-Cereales y Oleaginosas^lBuenos Aires^pAR<|>^aHermida, L.^nInstituto Nacional de Tecnología Industrial^sINTI-Química^lBuenos Aires^pAR<|>^aGallardo, G.^nInstituto Nacional de Tecnología Industrial^sINTI-Química^lBuenos Aires^pAR
049646;v22_Autor_personal;Massera, A.<|>Pirola, M.B.<|>Páez, R.;Massera, A.<|>Pirola, María  Belén<|>Páez, R.
049646;v26_Afiliacion_del_autor;^aMassera, A.^nInstituto Nacional de Tecnología Agropecuaria^sINTA^lBuenos Aires^pAR<|>^aPirola, M.B.^nInstituto Nacional de Tecnología Industrial^sINTI-Lácteos^lRafaela^pAR<|>^aPáez, R.^nInstituto Nacional de Tecnología Agropecuaria^sINTA^lBuenos Aires^pAR;^aMassera, A.^nInstituto Nacional de Tecnología Agropecuaria^sINTA^lBuenos Aires^pAR<|>^aPirola, María  Belén^nInstituto Nacional de Tecnología Industrial^sINTI-Lácteos^lRafaela^pAR<|>^aPáez, R.^nInstituto Nacional de Tecnología Agropecuaria^sINTA^lBuenos Aires^pAR
049650;v26_Afiliacion_del_autor;^aCanteros Cavalcante, Carmen^nInstituto Nacional de Tecnología Industrial^sINTI-Comunicación^lBuenos Aires^pAR<|>^aCid, Pablo^nInstituto Nacional de Tecnología Industrial^sINTI-Comunicación^lBuenos Aires^pAR<|>^aCánaves, L.^nInstituto Nacional de Tecnología Industrial^sINTI-Comunicación^lBuenos Aires^pAR<|>^aMazzeo, C.^nInstituto Nacional de Tecnología Industrial^sINTI-Comunicación^lBuenos Aires^pAR<|>^aEscudero, H.^nInstituto Nacional de Tecnología Industrial^sINTI-Comunicación^lBuenos Aires^pAR<|>^aDe Marco, Soledad^nInstituto Nacional de Tecnología Industrial^sINTI-Comunicación^lBuenos Aires^pAR<|>^aSalgueiro, F.^nInstituto Nacional de Tecnología Industrial^sINTI-Comunicación^lBuenos Aires^pAR<|>^aMontenegro, V.^nInstituto Nacional de Tecnología Industrial^sINTI-Comunicación^lBuenos Aires^pAR<|>^aZenobi, María Elisa^nInstituto Nacional de Tecnología Industrial^sINTI-Comunicación^lBuenos Aires^pAR<|>^aJiménez, M.C.^nInstituto Nacional de Tecnología Industrial^sINTI-Comunicación^lBuenos Aires^pAR<|>^aCifuente, A.^nInstituto Nacional de Tecnología Industrial^sINTI-Comunicación^lBuenos Aires^pAR<|>^aYanniello, A.^nInstituto Nacional de Tecnología Industrial^sINTI-Comunicación^lBuenos Aires^pAR<|>^aNicastro, J.^nInstituto Nacional de Tecnología Industrial^sINTI-Comunicación^lBuenos Aires^pAR<|>^aNoli, P.^nInstituto Nacional de Tecnología Industrial^sINTI-Comunicación^lBuenos Aires^pAR<|>^aGuzmán, H.^nInstituto Nacional de Tecnología Industrial^sINTI-Mendoza^lMendoza^pAR<|>^aRosic, B.^nInstituto Nacional de Tecnología Industrial^sINTI-Mar del Plata^lBuenos Aires^pAR;^aCanteros Cavalcante, Carmen^nInstituto Nacional de Tecnología Industrial^sINTI-Comunicación^lBuenos Aires^pAR<|>^aCid, Pablo^nInstituto Nacional de Tecnología Industrial^sINTI-Comunicación^lBuenos Aires^pAR<|>^aCanaves, Rosa Liliana^nInstituto Nacional de Tecnología Industrial^sINTI-Comunicación^lBuenos Aires^pAR<|>^aMazzeo, C.^nInstituto Nacional de Tecnología Industrial^sINTI-Comunicación^lBuenos Aires^pAR<|>^aEscudero, H.^nInstituto Nacional de Tecnología Industrial^sINTI-Comunicación^lBuenos Aires^pAR<|>^aDe Marco, Soledad^nInstituto Nacional de Tecnología Industrial^sINTI-Comunicación^lBuenos Aires^pAR<|>^aSalgueiro, F.^nInstituto Nacional de Tecnología Industrial^sINTI-Comunicación^lBuenos Aires^pAR<|>^aMontenegro, V.^nInstituto Nacional de Tecnología Industrial^sINTI-Comunicación^lBuenos Aires^pAR<|>^aZenobi, María Elisa^nInstituto Nacional de Tecnología Industrial^sINTI-Comunicación^lBuenos Aires^pAR<|>^aJiménez, M.C.^nInstituto Nacional de Tecnología Industrial^sINTI-Comunicación^lBuenos Aires^pAR<|>^aCifuente, A.^nInstituto Nacional de Tecnología Industrial^sINTI-Comunicación^lBuenos Aires^pAR<|>^aYanniello, A.^nInstituto Nacional de Tecnología Industrial^sINTI-Comunicación^lBuenos Aires^pAR<|>^aNicastro, J.^nInstituto Nacional de Tecnología Industrial^sINTI-Comunicación^lBuenos Aires^pAR<|>^aNoli, P.^nInstituto Nacional de Tecnología Industrial^sINTI-Comunicación^lBuenos Aires^pAR<|>^aGuzmán, H.^nInstituto Nacional de Tecnología Industrial^sINTI-Mendoza^lMendoza^pAR<|>^aRosic, B.^nInstituto Nacional de Tecnología Industrial^sINTI-Mar del Plata^lBuenos Aires^pAR
049652;v22_Autor_personal;Simoncelli, A.;Simoncelli, Alejandro Ezequiel
049652;v26_Afiliacion_del_autor;^aSimoncelli, A.^nInstituto Nacional de Tecnología Industrial. INTI-Mecánica^pArgentina;^aSimoncelli, Alejandro Ezequiel^nInstituto Nacional de Tecnología Industrial. INTI-Mecánica^pArgentina
049655;v22_Autor_personal;Szombach, J.<|>Vilas, Ariel Alberto<|>Pascuzzi, A.<|>Lafrancci, F.<|>Enciso, H.;Szombach, Juan Ignacio<|>Vilas, Ariel Alberto<|>Pascuzzi, A.<|>Lafrancci, F.<|>Enciso, H.
049655;v26_Afiliacion_del_autor;^aSzombach, J.^nInstituto Nacional de Tecnología Industrial. INTI-Mecánica^pArgentina<|>^aVilas, Ariel Alberto^nInstituto Nacional de Tecnología Industrial. INTI-Mecánica^pArgentina<|>^aPascuzzi, A.^nInstituto Nacional de Tecnología Industrial. INTI-Mecánica^pArgentina<|>^aLafrancci, F.^nInstituto Nacional de Tecnología Industrial. INTI-Mecánica^pArgentina<|>^aEnciso, H.^nInstituto Nacional de Tecnología Industrial. INTI-Textiles^pArgentina;^aSzombach, Juan Ignacio^nInstituto Nacional de Tecnología Industrial. INTI-Mecánica^pArgentina<|>^aVilas, Ariel Alberto^nInstituto Nacional de Tecnología Industrial. INTI-Mecánica^pArgentina<|>^aPascuzzi, A.^nInstituto Nacional de Tecnología Industrial. INTI-Mecánica^pArgentina<|>^aLafrancci, F.^nInstituto Nacional de Tecnología Industrial. INTI-Mecánica^pArgentina<|>^aEnciso, H.^nInstituto Nacional de Tecnología Industrial. INTI-Textiles^pArgentina
049659;v22_Autor_personal;Zander, K.<|>Rodríguez, S.<|>Puhl, Julieta<|>Mon, L.<|>Deregibus, Araceli Emilce<|>Ferricelli, G.<|>Nupieri, N.;Zander, Karen Elizabeth<|>Rodríguez, S.<|>Puhl, Julieta<|>Mon, L.<|>Deregibus, Araceli Emilce<|>Ferricelli, G.<|>Nupieri, N.
049659;v26_Afiliacion_del_autor;^aZander, K.^nInstituto Nacional de Tecnología Industrial. INTI-Textiles^pArgentina<|>^aRodríguez, S.^nInstituto Nacional de Tecnología Industrial. INTI-Textiles^pArgentina<|>^aPuhl, Julieta^nInstituto Nacional de Tecnología Industrial. INTI-Textiles^pArgentina<|>^aMon, L.^nInstituto Nacional de Tecnología Industrial. INTI-Textiles^pArgentina<|>^aDeregibus, Araceli Emilce^nInstituto Nacional de Tecnología Industrial. INTI-Textiles^pArgentina<|>^aFerricelli, G.^nInstituto Nacional de Tecnología Industrial. INTI-Textiles^pArgentina<|>^aNupieri, N.^nInstituto Nacional de Tecnología Industrial. INTI-Textiles^pArgentina;^aZander, Karen Elizabeth^nInstituto Nacional de Tecnología Industrial. INTI-Textiles^pArgentina<|>^aRodríguez, S.^nInstituto Nacional de Tecnología Industrial. INTI-Textiles^pArgentina<|>^aPuhl, Julieta^nInstituto Nacional de Tecnología Industrial. INTI-Textiles^pArgentina<|>^aMon, L.^nInstituto Nacional de Tecnología Industrial. INTI-Textiles^pArgentina<|>^aDeregibus, Araceli Emilce^nInstituto Nacional de Tecnología Industrial. INTI-Textiles^pArgentina<|>^aFerricelli, G.^nInstituto Nacional de Tecnología Industrial. INTI-Textiles^pArgentina<|>^aNupieri, N.^nInstituto Nacional de Tecnología Industrial. INTI-Textiles^pArgentina
049662;v22_Autor_personal;Szombach, J.<|>Riu, F.<|>Vilas, Ariel Alberto<|>Berterreix, Claudio Javier<|>Tribiño, Gerardo Luis<|>Carfagnini, Mariana<|>Takashima, C.<|>Di Mauro, Sandra Matilde<|>Saralegui, Santiago<|>Pacheco, C.;Szombach, Juan Ignacio<|>Riu, F.<|>Vilas, Ariel Alberto<|>Berterreix, Claudio Javier<|>Tribiño, Gerardo Luis<|>Carfagnini, Mariana<|>Takashima, Cecilia Noemí<|>Di Mauro, Sandra Matilde<|>Saralegui, Santiago<|>Pacheco, C.
049662;v26_Afiliacion_del_autor;^aSzombach, J.^nInstituto Nacional de Tecnología Industrial. INTI-Mecánica^pArgentina<|>^aRiu, F.^nInstituto Nacional de Tecnología Industrial. INTI-Mecánica^pArgentina<|>^aVilas, Ariel Alberto^nInstituto Nacional de Tecnología Industrial. INTI-Mecánica^pArgentina<|>^aBerterreix, Claudio Javier^nInstituto Nacional de Tecnología Industrial. INTI-Mecánica^pArgentina<|>^aTribiño, Gerardo Luis^nInstituto Nacional de Tecnología Industrial. INTI-Córdoba^pArgentina<|>^aCarfagnini, Mariana^nInstituto Nacional de Tecnología Industrial. INTI-Textiles^pArgentina<|>^aTakashima, C.^nInstituto Nacional de Tecnología Industrial. INTI-Textiles^pArgentina<|>^aDi Mauro, Sandra Matilde^nInstituto Nacional de Tecnología Industrial. INTI-Textiles^pArgentina<|>^aSaralegui, Santiago^nInstituto Nacional de Tecnología Industrial. INTI-Textiles^pArgentina<|>^aPacheco, C.^nUniversidad Tecnológica Nacional^sUTN^pArgentina;^aSzombach, Juan Ignacio^nInstituto Nacional de Tecnología Industrial. INTI-Mecánica^pArgentina<|>^aRiu, F.^nInstituto Nacional de Tecnología Industrial. INTI-Mecánica^pArgentina<|>^aVilas, Ariel Alberto^nInstituto Nacional de Tecnología Industrial. INTI-Mecánica^pArgentina<|>^aBerterreix, Claudio Javier^nInstituto Nacional de Tecnología Industrial. INTI-Mecánica^pArgentina<|>^aTribiño, Gerardo Luis^nInstituto Nacional de Tecnología Industrial. INTI-Córdoba^pArgentina<|>^aCarfagnini, Mariana^nInstituto Nacional de Tecnología Industrial. INTI-Textiles^pArgentina<|>^aTakashima, Cecilia Noemí^nInstituto Nacional de Tecnología Industrial. INTI-Textiles^pArgentina<|>^aDi Mauro, Sandra Matilde^nInstituto Nacional de Tecnología Industrial. INTI-Textiles^pArgentina<|>^aSaralegui, Santiago^nInstituto Nacional de Tecnología Industrial. INTI-Textiles^pArgentina<|>^aPacheco, C.^nUniversidad Tecnológica Nacional^sUTN^pArgentina
049666;v22_Autor_personal;Jarzinski, Mario Antenor<|>Vergara, D.<|>Zanutti, R. O.;Jarzinski, Mario Antenor<|>Vergara, Darío Martín<|>Zanutti, R. O.
049666;v26_Afiliacion_del_autor;^aJarzinski, Mario Antenor^nInstituto Nacional de Tecnología Industrial. INTI-Formosa^pArgentina<|>^aVergara, D.^nInstituto Nacional de Tecnología Industrial. INTI-Formosa^pArgentina<|>^aZanutti, R. O.^sELECTROZOR^pArgentina;^aJarzinski, Mario Antenor^nInstituto Nacional de Tecnología Industrial. INTI-Formosa^pArgentina<|>^aVergara, Darío Martín^nInstituto Nacional de Tecnología Industrial. INTI-Formosa^pArgentina<|>^aZanutti, R. O.^sELECTROZOR^pArgentina
049681;v22_Autor_personal;Gil, G.<|>Valente, S.<|>Picolletti, A.;Gil, G.<|>Valente, Sebastián Leonardo<|>Picolletti, A.
049681;v26_Afiliacion_del_autor;^aGil, G.^nInstituto Nacional de Tecnología Industrial. INTI-Gerencia de Proyectos Especiales^pArgentina<|>^aValente, S.^nInstituto Nacional de Tecnología Industrial. INTI-Gerencia de Proyectos Especiales^pArgentina<|>^aPicollettiv, A.^nInstituto Nacional de Tecnología Industrial. INTI-Gerencia de Proyectos Especiales^pArgentina;^aGil, G.^nInstituto Nacional de Tecnología Industrial. INTI-Gerencia de Proyectos Especiales^pArgentina<|>^aValente, Sebastián Leonardo^nInstituto Nacional de Tecnología Industrial. INTI-Gerencia de Proyectos Especiales^pArgentina<|>^aPicollettiv, A.^nInstituto Nacional de Tecnología Industrial. INTI-Gerencia de Proyectos Especiales^pArgentina
049687;v22_Autor_personal;Zander, K.<|>Mon, L.<|>Martínez, L.;Zander, Karen Elizabeth<|>Mon, L.<|>Martínez, L.
049687;v26_Afiliacion_del_autor;^aZander, K.^nInstituto Nacional de Tecnología Industrial. INTI-Textiles^pArgentina<|>^aMon, L.^nInstituto Nacional de Tecnología Industrial. INTI-Textiles^pArgentina<|>^aMartínez, L.^nInstituto Nacional de Tecnología Industrial. INTI-Textiles^pArgentina;^aZander, Karen Elizabeth^nInstituto Nacional de Tecnología Industrial. INTI-Textiles^pArgentina<|>^aMon, L.^nInstituto Nacional de Tecnología Industrial. INTI-Textiles^pArgentina<|>^aMartínez, L.^nInstituto Nacional de Tecnología Industrial. INTI-Textiles^pArgentina
049695;v22_Autor_personal;Vizuara, Gabriela Alejandra<|>Tarifa, M.<|>Suárez, M. E.;Vizuara, Gabriela Alejandra<|>Tarifa, Mariana Soledad<|>Suárez, María Eugenia
049695;v26_Afiliacion_del_autor;^aVizuara, Gabriela Alejandra^nInstituto Nacional de Tecnología Industrial. INTI-Jujuy^pArgentina<|>^aTarifa, M.^nInstituto Nacional de Tecnología Industrial. INTI-Jujuy^pArgentina<|>^aSuárez, M. E.^nInstituto Nacional de Tecnología Industrial. INTI-Gerencia de Cooperación Económica e Institucional^pArgentina;^aVizuara, Gabriela Alejandra^nInstituto Nacional de Tecnología Industrial. INTI-Jujuy^pArgentina<|>^aTarifa, Mariana Soledad^nInstituto Nacional de Tecnología Industrial. INTI-Jujuy^pArgentina<|>^aSuárez, María Eugenia^nInstituto Nacional de Tecnología Industrial. INTI-Gerencia de Cooperación Económica e Institucional^pArgentina
049696;v22_Autor_personal;Jiménez, M. C.<|>Zenobi, María Elisa<|>De Marco, Soledad<|>Montenegro, V.<|>Marchini, Helena<|>Armas, Pamela Soledad<|>Arditi, Emiliano Adrián<|>Rigeau, B.<|>Díaz Garat, María Ángeles;Jiménez, M. C.<|>Zenobi, María Elisa<|>De Marco, Soledad<|>Montenegro, V.<|>Marchini, Helena<|>Armas, Pamela Soledad<|>Arditi, Emiliano Adrián<|>Rigou, María Belén<|>Díaz Garat, María Ángeles
049696;v26_Afiliacion_del_autor;^aJiménez, M. C.^nInstituto Nacional de Tecnología Industrial^pArgentina<|>^aZenobi, María Elisa^nInstituto Nacional de Tecnología Industrial^pArgentina<|>^aDe Marco, Soledad^nInstituto Nacional de Tecnología Industrial^pArgentina<|>^aMontenegro, V.^nInstituto Nacional de Tecnología Industrial. Dirección de Comunicación^pArgentina<|>^aMarchini, Helena^nInstituto Nacional de Tecnología Industrial^pArgentina<|>^aArmas, Pamela Soledad^nInstituto Nacional de Tecnología Industrial^pArgentina<|>^aArditi, Emiliano Adrián^nInstituto Nacional de Tecnología Industrial^pArgentina<|>^aRigeau, B.^nInstituto Nacional de Tecnología Industrial^pArgentina<|>^aDíaz Garat, María Ángeles^nInstituto Nacional de Tecnología Industrial^pArgentina;^aJiménez, M. C.^nInstituto Nacional de Tecnología Industrial^pArgentina<|>^aZenobi, María Elisa^nInstituto Nacional de Tecnología Industrial^pArgentina<|>^aDe Marco, Soledad^nInstituto Nacional de Tecnología Industrial^pArgentina<|>^aMontenegro, V.^nInstituto Nacional de Tecnología Industrial. Dirección de Comunicación^pArgentina<|>^aMarchini, Helena^nInstituto Nacional de Tecnología Industrial^pArgentina<|>^aArmas, Pamela Soledad^nInstituto Nacional de Tecnología Industrial^pArgentina<|>^aArditi, Emiliano Adrián^nInstituto Nacional de Tecnología Industrial^pArgentina<|>^aRigou, María Belén^nInstituto Nacional de Tecnología Industrial^pArgentina<|>^aDíaz Garat, María Ángeles^nInstituto Nacional de Tecnología Industrial^pArgentina
049704;v22_Autor_personal;Marino, P.<|>Zander, K.<|>Mon, L.<|>Bonanni, Julia Inés<|>Jater, N.<|>Rodríguez, S.<|>Deregibus, Araceli Emilce<|>Ferricelli, G.;Marino, Patricia Noemí<|>Zander, Karen Elizabeth<|>Mon, L.<|>Bonanni, Julia Inés<|>Jater, N.<|>Rodríguez, S.<|>Deregibus, Araceli Emilce<|>Ferricelli, G.
049704;v26_Afiliacion_del_autor;^aMarino, P.^nInstituto Nacional de Tecnología Industrial. INTI-Textiles^pArgentina<|>^aZander, K.^nInstituto Nacional de Tecnología Industrial. INTI-Textiles^pArgentina<|>^aMon, L.^nInstituto Nacional de Tecnología Industrial. INTI-Textiles^pArgentina<|>^aBonanni, Julia Inés^nInstituto Nacional de Tecnología Industrial^sINTI^pArgentina<|>^aJater, N.^nInstituto Nacional de Tecnología Industrial. INTI-Textiles^pArgentina<|>^aRodríguez, S.^nInstituto Nacional de Tecnología Industrial. INTI-Textiles^pArgentina<|>^aDeregibus, Araceli Emilce^nInstituto Nacional de Tecnología Industrial. INTI-Textiles^pArgentina<|>^aFerricelli, G.^nInstituto Nacional de Tecnología Industrial. INTI-Textiles^pArgentina;^aMarino, Patricia Noemí^nInstituto Nacional de Tecnología Industrial. INTI-Textiles^pArgentina<|>^aZander, Karen Elizabeth^nInstituto Nacional de Tecnología Industrial. INTI-Textiles^pArgentina<|>^aMon, L.^nInstituto Nacional de Tecnología Industrial. INTI-Textiles^pArgentina<|>^aBonanni, Julia Inés^nInstituto Nacional de Tecnología Industrial^sINTI^pArgentina<|>^aJater, N.^nInstituto Nacional de Tecnología Industrial. INTI-Textiles^pArgentina<|>^aRodríguez, S.^nInstituto Nacional de Tecnología Industrial. INTI-Textiles^pArgentina<|>^aDeregibus, Araceli Emilce^nInstituto Nacional de Tecnología Industrial. INTI-Textiles^pArgentina<|>^aFerricelli, G.^nInstituto Nacional de Tecnología Industrial. INTI-Textiles^pArgentina
049705;v22_Autor_personal;Marino, P.<|>Tofé, Horacio Sergio<|>Fracchia, Y.<|>Lourenzo, C.<|>Mauro, E.<|>Dobarro, Anabella<|>Paredes, M.;Marino, Patricia Noemí<|>Tofé, Horacio Sergio<|>Fracchia, Y.<|>Lourenzo, C.<|>Mauro, E.<|>Dobarro, Anabella<|>Paredes, M.
049705;v26_Afiliacion_del_autor;^aMarino, P.^nInstituto Nacional de Tecnología Industrial. INTI-Textiles^pArgentina<|>^aTofé, Horacio Sergio^nInstituto Nacional de Tecnología Industrial. INTI-Textiles^pArgentina<|>^aFracchia, Y.^nInstituto Nacional de Tecnología Industrial. INTI-Textiles^pArgentina<|>^aLourenzo, C.^nInstituto Nacional de Tecnología Industrial. INTI-Textiles^pArgentina<|>^aMauro, E.^nInstituto Nacional de Tecnología Industrial. INTI-Textiles^pArgentina<|>^aDobarro, Anabella^nInstituto Nacional de Tecnología Industrial. INTI-Textiles^pArgentina<|>^aParedes, M.^nInstituto Nacional de Tecnología Industrial. INTI-Tecnologías de Gestión^pArgentina;^aMarino, Patricia Noemí^nInstituto Nacional de Tecnología Industrial. INTI-Textiles^pArgentina<|>^aTofé, Horacio Sergio^nInstituto Nacional de Tecnología Industrial. INTI-Textiles^pArgentina<|>^aFracchia, Y.^nInstituto Nacional de Tecnología Industrial. INTI-Textiles^pArgentina<|>^aLourenzo, C.^nInstituto Nacional de Tecnología Industrial. INTI-Textiles^pArgentina<|>^aMauro, E.^nInstituto Nacional de Tecnología Industrial. INTI-Textiles^pArgentina<|>^aDobarro, Anabella^nInstituto Nacional de Tecnología Industrial. INTI-Textiles^pArgentina<|>^aParedes, M.^nInstituto Nacional de Tecnología Industrial. INTI-Tecnologías de Gestión^pArgentina
049706;v22_Autor_personal;Arditi, Emiliano Adrián<|>Armas, Pamela Soledad<|>Biancofiore, Claudio Daniel<|>Díaz Garat, María Ángeles<|>Grasso, L.<|>Jiménez, M. C.<|>Mazzeo, C.<|>Rigou, M. B.;Arditi, Emiliano Adrián<|>Armas, Pamela Soledad<|>Biancofiore, Claudio Daniel<|>Díaz Garat, María Ángeles<|>Grasso, L.<|>Jiménez, M. C.<|>Mazzeo, C.<|>Rigou, María Belén
049706;v26_Afiliacion_del_autor;^aArditi, Emiliano Adrián^nInstituto Nacional de Tecnología Industrial. INTI-Comunicación^pArgentina<|>^aArmas, Pamela Soledad^nInstituto Nacional de Tecnología Industrial. INTI-Comunicación^pArgentina<|>^aBiancofiore, Claudio Daniel^nInstituto Nacional de Tecnología Industrial. INTI-Comunicación^pArgentina<|>^aDíaz Garat, María Ángeles^nInstituto Nacional de Tecnología Industrial. INTI-Comunicación^pArgentina<|>^aGrasso, L.^nInstituto Nacional de Tecnología Industrial. INTI-Comunicación^pArgentina<|>^aJiménez, M. C.^nInstituto Nacional de Tecnología Industrial. INTI-Comunicación^pArgentina<|>^aMazzeo, C.^nInstituto Nacional de Tecnología Industrial. INTI-Comunicación^pArgentina<|>^aRigou, M. B.^nInstituto Nacional de Tecnología Industrial. INTI-Comunicación^pArgentina;^aArditi, Emiliano Adrián^nInstituto Nacional de Tecnología Industrial. INTI-Comunicación^pArgentina<|>^aArmas, Pamela Soledad^nInstituto Nacional de Tecnología Industrial. INTI-Comunicación^pArgentina<|>^aBiancofiore, Claudio Daniel^nInstituto Nacional de Tecnología Industrial. INTI-Comunicación^pArgentina<|>^aDíaz Garat, María Ángeles^nInstituto Nacional de Tecnología Industrial. INTI-Comunicación^pArgentina<|>^aGrasso, L.^nInstituto Nacional de Tecnología Industrial. INTI-Comunicación^pArgentina<|>^aJiménez, M. C.^nInstituto Nacional de Tecnología Industrial. INTI-Comunicación^pArgentina<|>^aMazzeo, C.^nInstituto Nacional de Tecnología Industrial. INTI-Comunicación^pArgentina<|>^aRigou, María Belén^nInstituto Nacional de Tecnología Industrial. INTI-Comunicación^pArgentina
049708;v22_Autor_personal;Ariza, Irene Raquel<|>Ramírez, Rodrigo Javier<|>Ceballos, Jorge Ceferino<|>Vergelin, P.<|>Nemcansky, K.<|>Secchi, M.<|>Marchini, Helena<|>Sandre, Cristian<|>Zunini, César Oscar;Ariza, Irene Raquel<|>Ramírez, Rodrigo Javier<|>Ceballos, Jorge Ceferino<|>Vergelin, P.<|>Nemcansky, Kevin<|>Secchi, M.<|>Marchini, Helena<|>Sandre, Cristian<|>Zunini, César Oscar
049708;v26_Afiliacion_del_autor;^aAriza, Irene Raquel^nInstituto Nacional de Tecnología Industrial. INTI-Diseño Industrial^pArgentina<|>^aRamírez, Rodrigo Javier^nInstituto Nacional de Tecnología Industrial. INTI-Diseño Industrial^pArgentina<|>^aCeballos, Jorge Ceferino^nInstituto Nacional de Tecnología Industrial. INTI-Diseño Industrial^pArgentina<|>^aVergelin, P.^nInstituto Nacional de Tecnología Industrial. INTI-Diseño Industrial^pArgentina<|>^aNemcansky, K.^nInstituto Nacional de Tecnología Industrial. INTI-Diseño Industrial^pArgentina<|>^aSecchi, M.^nInstituto Nacional de Tecnología Industrial. INTI-Diseño Industrial^pArgentina<|>^aMarchini, Helena^nInstituto Nacional de Tecnología Industrial. INTI-Diseño Industrial^pArgentina<|>^aSandre, Cristian^nInstituto Nacional de Tecnología Industrial. INTI-Diseño Industrial^pArgentina<|>^aZunini, César Oscar^nInstituto Nacional de Tecnología Industrial. INTI-Gerencia de Proyectos Especiales^pArgentina;^aAriza, Irene Raquel^nInstituto Nacional de Tecnología Industrial. INTI-Diseño Industrial^pArgentina<|>^aRamírez, Rodrigo Javier^nInstituto Nacional de Tecnología Industrial. INTI-Diseño Industrial^pArgentina<|>^aCeballos, Jorge Ceferino^nInstituto Nacional de Tecnología Industrial. INTI-Diseño Industrial^pArgentina<|>^aVergelin, P.^nInstituto Nacional de Tecnología Industrial. INTI-Diseño Industrial^pArgentina<|>^aNemcansky, Kevin^nInstituto Nacional de Tecnología Industrial. INTI-Diseño Industrial^pArgentina<|>^aSecchi, M.^nInstituto Nacional de Tecnología Industrial. INTI-Diseño Industrial^pArgentina<|>^aMarchini, Helena^nInstituto Nacional de Tecnología Industrial. INTI-Diseño Industrial^pArgentina<|>^aSandre, Cristian^nInstituto Nacional de Tecnología Industrial. INTI-Diseño Industrial^pArgentina<|>^aZunini, César Oscar^nInstituto Nacional de Tecnología Industrial. INTI-Gerencia de Proyectos Especiales^pArgentina
049710;v22_Autor_personal;Zampatti, M.<|>Castells, María Laura;Zampatti, Mariela<|>Castells, María Laura
049710;v26_Afiliacion_del_autor;^aZampatti, M.^nInstituto Nacional de Tecnología Industrial. INTI-Lácteos^pArgentina<|>^aCastells, María Laura^nInstituto Nacional de Tecnología Industrial. INTI-Lácteos^pArgentina;^aZampatti, Mariela^nInstituto Nacional de Tecnología Industrial. INTI-Lácteos^pArgentina<|>^aCastells, María Laura^nInstituto Nacional de Tecnología Industrial. INTI-Lácteos^pArgentina
049715;v22_Autor_personal;Zander, K.<|>Mon, L.<|>Martinez, L.;Zander, Karen Elizabeth<|>Mon, L.<|>Martinez, L.
049715;v26_Afiliacion_del_autor;^aZander, K.^nInstituto Nacional de Tecnología Industrial. INTI-Textiles^pArgentina<|>^aMon, L.^nInstituto Nacional de Tecnología Industrial. INTI-Textiles^pArgentina<|>^aMartinez, L.^nInstituto Nacional de Tecnología Industrial. INTI-Textiles^pArgentina;^aZander, Karen Elizabeth^nInstituto Nacional de Tecnología Industrial. INTI-Textiles^pArgentina<|>^aMon, L.^nInstituto Nacional de Tecnología Industrial. INTI-Textiles^pArgentina<|>^aMartinez, L.^nInstituto Nacional de Tecnología Industrial. INTI-Textiles^pArgentina
049716;v22_Autor_personal;Marino, P.<|>Tofé, Horacio Sergio<|>Fracchia, Y.<|>De Vincenzo, Daniel Eduardo<|>Ahumada, Cristina Edna Beatriz<|>Kulczycki, Adrián<|>Lourenzo, C.<|>Mauro, E.<|>Dobarro, Anabella<|>Bracco, Jorge Héctor<|>Kristof,  Héctor<|>Guari, S.<|>Limardo, J.<|>Scozzina, Emilio Fabián<|>Zunini, Hernán Lucas;Marino, Patricia Noemí<|>Tofé, Horacio Sergio<|>Fracchia, Y.<|>De Vincenzo, Daniel Eduardo<|>Ahumada, Cristina Edna Beatriz<|>Kulczycki, Adrián<|>Lourenzo, C.<|>Mauro, E.<|>Dobarro, Anabella<|>Bracco, Jorge Héctor<|>Kristof,  Héctor<|>Guari, S.<|>Limardo, J.<|>Scozzina, Emilio Fabián<|>Zunini, Hernán Lucas
049716;v26_Afiliacion_del_autor;^aMarino, P.^nInstituto Nacional de Tecnología Industrial. INTI-Textiles^pArgentina<|>^aTofé, Horacio Sergio^nInstituto Nacional de Tecnología Industrial. INTI-Textiles^pArgentina<|>^aFracchia, Y.^nInstituto Nacional de Tecnología Industrial. INTI-Textiles^pArgentina<|>^aDe Vincenzo, Daniel Eduardo^nInstituto Nacional de Tecnología Industrial. INTI-Textiles^pArgentina<|>^aAhumada, Cristina Edna Beatriz^nInstituto Nacional de Tecnología Industrial. INTI-Textiles^pArgentina<|>^aKulczycki, Adrián^nInstituto Nacional de Tecnología Industrial. INTI-Textiles^pArgentina<|>^aLourenzo, C.^nInstituto Nacional de Tecnología Industrial. INTI-Textiles^pArgentina<|>^aMauro, E.^nInstituto Nacional de Tecnología Industrial. INTI-Textiles^pArgentina<|>^aDobarro, Anabella^nInstituto Nacional de Tecnología Industrial. INTI-Textiles^pArgentina<|>^aBracco, Jorge Héctor^nInstituto Nacional de Tecnología Industrial. INTI-Textiles^pArgentina<|>^aKristof,  Héctor^nInstituto Nacional de Tecnología Industrial. INTI-Tucumán^pArgentina<|>^aGuari, S.^nInstituto Nacional de Tecnología Industrial. INTI-Jujuy^pArgentina<|>^aLimardo, J.^nInstituto Nacional de Tecnología Industrial. INTI-Mar del Plata^pArgentina<|>^aScozzina, Emilio Fabián^nInstituto Nacional de Tecnología Industrial. INTI-Chaco^pArgentina<|>^aZunini, Hernán Lucas^nCentro Demostrativo de Indumentaria de Barracas^sCDI^pArgentina;^aMarino, Patricia Noemí^nInstituto Nacional de Tecnología Industrial. INTI-Textiles^pArgentina<|>^aTofé, Horacio Sergio^nInstituto Nacional de Tecnología Industrial. INTI-Textiles^pArgentina<|>^aFracchia, Y.^nInstituto Nacional de Tecnología Industrial. INTI-Textiles^pArgentina<|>^aDe Vincenzo, Daniel Eduardo^nInstituto Nacional de Tecnología Industrial. INTI-Textiles^pArgentina<|>^aAhumada, Cristina Edna Beatriz^nInstituto Nacional de Tecnología Industrial. INTI-Textiles^pArgentina<|>^aKulczycki, Adrián^nInstituto Nacional de Tecnología Industrial. INTI-Textiles^pArgentina<|>^aLourenzo, C.^nInstituto Nacional de Tecnología Industrial. INTI-Textiles^pArgentina<|>^aMauro, E.^nInstituto Nacional de Tecnología Industrial. INTI-Textiles^pArgentina<|>^aDobarro, Anabella^nInstituto Nacional de Tecnología Industrial. INTI-Textiles^pArgentina<|>^aBracco, Jorge Héctor^nInstituto Nacional de Tecnología Industrial. INTI-Textiles^pArgentina<|>^aKristof,  Héctor^nInstituto Nacional de Tecnología Industrial. INTI-Tucumán^pArgentina<|>^aGuari, S.^nInstituto Nacional de Tecnología Industrial. INTI-Jujuy^pArgentina<|>^aLimardo, J.^nInstituto Nacional de Tecnología Industrial. INTI-Mar del Plata^pArgentina<|>^aScozzina, Emilio Fabián^nInstituto Nacional de Tecnología Industrial. INTI-Chaco^pArgentina<|>^aZunini, Hernán Lucas^nCentro Demostrativo de Indumentaria de Barracas^sCDI^pArgentina
049720;v22_Autor_personal;Baretta, Luis Rubén<|>Abate, Germán Rubén<|>Rosso, J.<|>Pérez, D.<|>Martínez Krahmer, Daniel Osvaldo;Baretta, Luis Rubén<|>Abate, Germán Rubén<|>Rosso, J.<|>Pérez, Daniela Joana<|>Martínez Krahmer, Daniel Osvaldo
049720;v26_Afiliacion_del_autor;^aBaretta, Luis Rubén^nInstituto Nacional de Tecnología Industrial. INTI-Tecnologías de Gestión^pArgentina<|>^aAbate, Germán Rubén^nInstituto Nacional de Tecnología Industrial. INTI-Mecánica^pArgentina<|>^aRosso, J.^nInstituto Nacional de Tecnología Industrial. INTI-Tecnologías de Gestión^pArgentina<|>^aPérez, D.^nInstituto Nacional de Tecnología Industrial. INTI-Mecánica^pArgentina<|>^aMartínez Krahmer, Daniel Osvaldo^nInstituto Nacional de Tecnología Industrial. INTI-Mecánica^pArgentina;^aBaretta, Luis Rubén^nInstituto Nacional de Tecnología Industrial. INTI-Tecnologías de Gestión^pArgentina<|>^aAbate, Germán Rubén^nInstituto Nacional de Tecnología Industrial. INTI-Mecánica^pArgentina<|>^aRosso, J.^nInstituto Nacional de Tecnología Industrial. INTI-Tecnologías de Gestión^pArgentina<|>^aPérez, Daniela Joana^nInstituto Nacional de Tecnología Industrial. INTI-Mecánica^pArgentina<|>^aMartínez Krahmer, Daniel Osvaldo^nInstituto Nacional de Tecnología Industrial. INTI-Mecánica^pArgentina
049722;v22_Autor_personal;Álvarez, Juan Horacio<|>Vergara, D.<|>Jarzinski, Mario Antenor<|>Velazco, Jose Ricardo<|>Baeza, Rosa;Álvarez, Juan Horacio<|>Vergara, Darío Martín<|>Jarzinski, Mario Antenor<|>Velazco, Jose Ricardo<|>Baeza, Rosa
049722;v26_Afiliacion_del_autor;^aÁlvarez, Juan Horacio^nInstituto Nacional de Tecnología Industrial. INTI-Textiles^pArgentina<|>^aVergara, D.^nInstituto Nacional de Tecnología Industrial. INTI-Formosa^pArgentina<|>^aJarzinski, Mario Antenor^nInstituto Nacional de Tecnología Industrial. INTI-Formosa^pArgentina<|>^aVelazco, Jose Ricardo^nInstituto Nacional de Tecnología Industrial. INTI-Formosa^pArgentina<|>^aBaeza, Rosa^nUniversidad Católica Argentina. Facultad de Ciencias Agrarias^sUCA^pArgentina;^aÁlvarez, Juan Horacio^nInstituto Nacional de Tecnología Industrial. INTI-Textiles^pArgentina<|>^aVergara, Darío Martín^nInstituto Nacional de Tecnología Industrial. INTI-Formosa^pArgentina<|>^aJarzinski, Mario Antenor^nInstituto Nacional de Tecnología Industrial. INTI-Formosa^pArgentina<|>^aVelazco, Jose Ricardo^nInstituto Nacional de Tecnología Industrial. INTI-Formosa^pArgentina<|>^aBaeza, Rosa^nUniversidad Católica Argentina. Facultad de Ciencias Agrarias^sUCA^pArgentina
049726;v22_Autor_personal;González, M. A.<|>Castells, María Laura<|>Cornacchini, Marina<|>Zampatti, M.<|>Rolón, María Laura<|>Toledo, Antonio Edgardo<|>Cañameras, Carlos Alfredo;González, M. A.<|>Castells, María Laura<|>Cornacchini, Marina<|>Zampatti, Mariela<|>Rolón, María Laura<|>Toledo, Antonio Edgardo<|>Cañameras, Carlos Alfredo
049726;v26_Afiliacion_del_autor;^aGonzález, M. A.^nInstituto Nacional de Tecnología Industrial. INTI-Lácteos^pArgentina<|>^aCastells, María Laura^nInstituto Nacional de Tecnología Industrial. INTI-Lácteos^pArgentina<|>^aCornacchini, Marina^nInstituto Nacional de Tecnología Industrial. INTI-Lácteos^pArgentina<|>^aZampatti, M.^nInstituto Nacional de Tecnología Industrial. INTI-Lácteos^pArgentina<|>^aRolón, María Laura^nInstituto Nacional de Tecnología Industrial. INTI-Lácteos^pArgentina<|>^aToledo, Antonio Edgardo^nInstituto Nacional de Tecnología Industrial. INTI-Lácteos^pArgentina<|>^aCañameras, Carlos Alfredo^nInstituto Nacional de Tecnología Industrial. INTI-Lácteos^pArgentina;^aGonzález, M. A.^nInstituto Nacional de Tecnología Industrial. INTI-Lácteos^pArgentina<|>^aCastells, María Laura^nInstituto Nacional de Tecnología Industrial. INTI-Lácteos^pArgentina<|>^aCornacchini, Marina^nInstituto Nacional de Tecnología Industrial. INTI-Lácteos^pArgentina<|>^aZampatti, Mariela^nInstituto Nacional de Tecnología Industrial. INTI-Lácteos^pArgentina<|>^aRolón, María Laura^nInstituto Nacional de Tecnología Industrial. INTI-Lácteos^pArgentina<|>^aToledo, Antonio Edgardo^nInstituto Nacional de Tecnología Industrial. INTI-Lácteos^pArgentina<|>^aCañameras, Carlos Alfredo^nInstituto Nacional de Tecnología Industrial. INTI-Lácteos^pArgentina
049728;v22_Autor_personal;Dionicio, Alejandra Victoria<|>Tribiño, Gerardo Luis<|>Szombach, J.<|>Kramher, D.<|>Schneebeli, Jorge Ernesto;Dionicio, Alejandra Victoria<|>Tribiño, Gerardo Luis<|>Szombach, Juan Ignacio<|>Kramher, D.<|>Schneebeli, Jorge Ernesto
049728;v26_Afiliacion_del_autor;^aDionicio, Alejandra Victoria^nInstituto Nacional de Tecnología Industrial^sINTI-Jujuy^lJujuy^pAR<|>^aTribiño, Gerardo Luis^nInstituto Nacional de Tecnología Industrial^sINTI-Córdoba^lCórdoba^pAR<|>^aSzombach, J.^nInstituto Nacional de Tecnología Industrial^sINTI-Mecánica^lBuenos Aires^pAR<|>^aKramher, D.^nInstituto Nacional de Tecnología Industrial^sINTI-Mecánica^lBuenos Aires^pAR<|>^aSchneebeli, Jorge Ernesto^nInstituto Nacional de Tecnología Industrial^sINTI-Mecánica^lBuenos Aires^pAR;^aDionicio, Alejandra Victoria^nInstituto Nacional de Tecnología Industrial^sINTI-Jujuy^lJujuy^pAR<|>^aTribiño, Gerardo Luis^nInstituto Nacional de Tecnología Industrial^sINTI-Córdoba^lCórdoba^pAR<|>^aSzombach, Juan Ignacio^nInstituto Nacional de Tecnología Industrial^sINTI-Mecánica^lBuenos Aires^pAR<|>^aKramher, D.^nInstituto Nacional de Tecnología Industrial^sINTI-Mecánica^lBuenos Aires^pAR<|>^aSchneebeli, Jorge Ernesto^nInstituto Nacional de Tecnología Industrial^sINTI-Mecánica^lBuenos Aires^pAR
049729;v22_Autor_personal;Tribiño, Gerardo Luis<|>Szombach, J.<|>Martínez Kramher, D.<|>Riu, F.<|>Santos, Luciano;Tribiño, Gerardo Luis<|>Szombach, Juan Ignacio<|>Martínez Kramher, D.<|>Riu, F.<|>Santos, Luciano
049729;v26_Afiliacion_del_autor;^aTribiño, Gerardo Luis^nInstituto Nacional de Tecnología Industrial^sINTI-Córdoba^lCórdoba^pAR<|>^aSzombach, J.^nInstituto Nacional de Tecnología Industrial^sINTI-Mecánica^lBuenos Aires^pAR<|>^aMartínez Kramher, D.^nInstituto Nacional de Tecnología Industrial^sINTI-Mecánica^lBuenos Aires^pAR<|>^aRiu, F.^nInstituto Nacional de Tecnología Industrial^sINTI-Mecánica^lBuenos Aires^pAR<|>^aSantos, Luciano^nInstituto Nacional de Tecnología Industrial^sINTI-Mecánica^lBuenos Aires^pAR;^aTribiño, Gerardo Luis^nInstituto Nacional de Tecnología Industrial^sINTI-Córdoba^lCórdoba^pAR<|>^aSzombach, Juan Ignacio^nInstituto Nacional de Tecnología Industrial^sINTI-Mecánica^lBuenos Aires^pAR<|>^aMartínez Kramher, D.^nInstituto Nacional de Tecnología Industrial^sINTI-Mecánica^lBuenos Aires^pAR<|>^aRiu, F.^nInstituto Nacional de Tecnología Industrial^sINTI-Mecánica^lBuenos Aires^pAR<|>^aSantos, Luciano^nInstituto Nacional de Tecnología Industrial^sINTI-Mecánica^lBuenos Aires^pAR
049730;v22_Autor_personal;Acosta, Alejandra Daniela<|>Deregibus, Araceli Emilce<|>Ferricelli, G.<|>Puhl, Julieta<|>Zander, K.;Acosta, Alejandra Daniela<|>Deregibus, Araceli Emilce<|>Ferricelli, G.<|>Puhl, Julieta<|>Zander, Karen Elizabeth
049730;v26_Afiliacion_del_autor;^aAcosta, Alejandra Daniela^nInstituto Nacional de Tecnología Industrial^sINTI-Textiles^lBuenos Aires^pAR<|>^aDeregibus, Araceli Emilce^nInstituto Nacional de Tecnología Industrial^sINTI-Textiles^lBuenos Aires^pAR<|>^aFerricelli, G.^nInstituto Nacional de Tecnología Industrial^sINTI-Textiles^lBuenos Aires^pAR<|>^aPuhl, Julieta^nInstituto Nacional de Tecnología Industrial^sINTI-Textiles^lBuenos Aires^pAR<|>^aZander, K.^nInstituto Nacional de Tecnología Industrial^sINTI-Textiles^lBuenos Aires^pAR;^aAcosta, Alejandra Daniela^nInstituto Nacional de Tecnología Industrial^sINTI-Textiles^lBuenos Aires^pAR<|>^aDeregibus, Araceli Emilce^nInstituto Nacional de Tecnología Industrial^sINTI-Textiles^lBuenos Aires^pAR<|>^aFerricelli, G.^nInstituto Nacional de Tecnología Industrial^sINTI-Textiles^lBuenos Aires^pAR<|>^aPuhl, Julieta^nInstituto Nacional de Tecnología Industrial^sINTI-Textiles^lBuenos Aires^pAR<|>^aZander, Karen Elizabeth^nInstituto Nacional de Tecnología Industrial^sINTI-Textiles^lBuenos Aires^pAR
049733;v22_Autor_personal;Marino, P.<|>Marré, S.<|>Mon, L.<|>Ferricelli, G.;Marino, Patricia Noemí<|>Marré, S.<|>Mon, L.<|>Ferricelli, G.
049733;v26_Afiliacion_del_autor;^aMarino, P.^nInstituto Nacional de Tecnología Industrial^sINTI-Textiles^lBuenos Aires^pAR<|>^aMarré, S.^nInstituto Nacional de Tecnología Industrial^sINTI-Textiles^lBuenos Aires^pAR<|>^aMon, L.^nInstituto Nacional de Tecnología Industrial^sINTI-Textiles^lBuenos Aires^pAR<|>^aFerricelli, G.^nInstituto Nacional de Tecnología Industrial^sINTI-Textiles^lBuenos Aires^pAR;^aMarino, Patricia Noemí^nInstituto Nacional de Tecnología Industrial^sINTI-Textiles^lBuenos Aires^pAR<|>^aMarré, S.^nInstituto Nacional de Tecnología Industrial^sINTI-Textiles^lBuenos Aires^pAR<|>^aMon, L.^nInstituto Nacional de Tecnología Industrial^sINTI-Textiles^lBuenos Aires^pAR<|>^aFerricelli, G.^nInstituto Nacional de Tecnología Industrial^sINTI-Textiles^lBuenos Aires^pAR
049743;v22_Autor_personal;Ariza, Irene Raquel<|>Kleinerman, J.<|>Ramírez, Rodrigo Javier<|>Albisu, María Lucila<|>Becker, Rosalba María<|>Benasso, T.<|>Casabona, Marcela Andrea<|>Ceballos, Jorge Ceferino<|>Flores, F.<|>Galanzino, C.<|>Herrero, P.<|>Marchini, Helena<|>Martínez, F.<|>Martínez, L.<|>Oneto, F.<|>Palladino, C.<|>Paterson, F.<|>Pinheiro, V.<|>Secchi, M.<|>Vigna, Alejandrina Moira<|>Waisman, V.;Ariza, Irene Raquel<|>Kleinerman, J.<|>Ramírez, Rodrigo Javier<|>Albisu, María Lucila<|>Becker, Rosalba María<|>Benasso, Tomás<|>Casabona, Marcela Andrea<|>Ceballos, Jorge Ceferino<|>Flores, F.<|>Galanzino, C.<|>Herrero, P.<|>Marchini, Helena<|>Martínez, F.<|>Martínez, L.<|>Oneto, F.<|>Palladino, C.<|>Paterson, F.<|>Pinheiro, V.<|>Secchi, M.<|>Vigna, Alejandrina Moira<|>Waisman, V.
049744;v22_Autor_personal;Smutt, E.<|>Boschi, Elena<|>Wilner, Alejandro;Smutt, Érica Fernanda<|>Boschi, Elena<|>Wilner, Alejandro
049744;v26_Afiliacion_del_autor;^aSmutt, E.^nInstituto Nacional de Tecnología Industrial. INTI-Salta^pArgentina<|>^aBoschi, Elena^nUniversidad Nacional de Lanús^sUNLa^pArgentina<|>^aWilner, Alejandro^nUniversidad Nacional de Lanús^sUNLa^pArgentina;^aSmutt, Érica Fernanda^nInstituto Nacional de Tecnología Industrial. INTI-Salta^pArgentina<|>^aBoschi, Elena^nUniversidad Nacional de Lanús^sUNLa^pArgentina<|>^aWilner, Alejandro^nUniversidad Nacional de Lanús^sUNLa^pArgentina
049749;v22_Autor_personal;Acosta, Alejandra Daniela<|>Rodríguez, H.<|>Stacey, E.<|>Arechaga, Josefina<|>Alterach, Miguel Angel;Acosta, Alejandra Daniela<|>Rodríguez, H.<|>Stacey, Érica Cecilia<|>Arechaga, Josefina<|>Alterach, Miguel Angel
049749;v26_Afiliacion_del_autor;^aAcosta, Alejandra Daniela^nInstituto Nacional de Tecnología Industrial. INTI-Misiones^pArgentina<|>^aRodríguez, H.^nInstituto Nacional de Tecnología Industrial^pArgentina<|>^aStacey, E.^nInstituto Nacional de Tecnología Industrial^pArgentina<|>^aArechaga, Josefina^nInstituto Nacional de Tecnología Industrial^pArgentina<|>^aAlterach, Miguel Angel^nInstituto Nacional de Tecnología Industrial^pArgentina;^aAcosta, Alejandra Daniela^nInstituto Nacional de Tecnología Industrial. INTI-Misiones^pArgentina<|>^aRodríguez, H.^nInstituto Nacional de Tecnología Industrial^pArgentina<|>^aStacey, Érica Cecilia^nInstituto Nacional de Tecnología Industrial^pArgentina<|>^aArechaga, Josefina^nInstituto Nacional de Tecnología Industrial^pArgentina<|>^aAlterach, Miguel Angel^nInstituto Nacional de Tecnología Industrial^pArgentina
049754;v22_Autor_personal;Silbert Voldman, Violeta<|>Stacey, E.<|>Barrera, Verónica Natalia<|>Burroni, Laura Valeria<|>Molina, S.<|>Federico, M.<|>Rivarola, Paula<|>Cerchiai, Edgar<|>Claros, Sonia Amelia<|>Ciurletti, Cristián Ricardo<|>Renaud, V.<|>Storani, E.<|>Aimar, Bruno Nicolás<|>Álvarez, J.<|>Cerutti Antonietti, Pablo;Silbert Voldman, Violeta<|>Stacey, Érica Cecilia<|>Barrera, Verónica Natalia<|>Burroni, Laura Valeria<|>Molina, S.<|>Federico, M.<|>Rivarola, Paula<|>Cerchiai, Edgar<|>Claros, Sonia Amelia<|>Ciurletti, Cristián Ricardo<|>Renaud, V.<|>Storani, Eduardo Enrique<|>Aimar, Bruno Nicolás<|>Alvarez, Julio<|>Cerutti Antonietti, Pablo
049754;v26_Afiliacion_del_autor;^aSilbert Voldman, Violeta^nInstituto Nacional de Tecnología Industrial. INTI-Córdoba^pArgentina<|>^aStacey, E.^nInstituto Nacional de Tecnología Industrial. INTI-Gerencia de Proyectos Especiales^pArgentina<|>^aBarrera, Verónica Natalia^nInstituto Nacional de Tecnología Industrial. INTI-Gerencia de Proyectos Especiales^pArgentina<|>^aBurroni, Laura Valeria^nInstituto Nacional de Tecnología Industrial. INTI-Gerencia de Proyectos Especiales^pArgentina<|>^aMolina, S.^nInstituto Nacional de Tecnología Industrial. INTI-Córdoba^pArgentina<|>^aFederico, M.^nInstituto Nacional de Tecnología Industrial. INTI-Córdoba^pArgentina<|>^aRivarola, Paula^nInstituto Nacional de Tecnología Industrial. INTI-Córdoba^pArgentina<|>^aCerchiai, Edgar^nInstituto Nacional de Tecnología Industrial. INTI-Mendoza^pArgentina<|>^aClaros, Sonia Amelia^nInstituto Nacional de Tecnología Industrial. INTI-Mendoza^pArgentina<|>^aCiurletti, Cristián Ricardo^nInstituto Nacional de Tecnología Industrial. INTI-Mendoza^pArgentina<|>^aRenaud, V.^nInstituto Nacional de Tecnología Industrial. INTI-Carnes^pArgentina<|>^aStorani, E.^nInstituto Nacional de Tecnología Industrial. INTI-Lácteos^pArgentina<|>^aAimar, Bruno Nicolás^nInstituto Nacional de Tecnología Industrial. INTI-Lácteos^pArgentina<|>^aÁlvarez, J.^nInstituto Nacional de Tecnología Industrial. INTI-Gerencia de Proyectos Especiales^pArgentina<|>^aCerutti Antonietti, Pablo^nInstituto Nacional de Tecnología Industrial. INTI-Mendoza^pArgentina;^aSilbert Voldman, Violeta^nInstituto Nacional de Tecnología Industrial. INTI-Córdoba^pArgentina<|>^aStacey, Érica Cecilia^nInstituto Nacional de Tecnología Industrial. INTI-Gerencia de Proyectos Especiales^pArgentina<|>^aBarrera, Verónica Natalia^nInstituto Nacional de Tecnología Industrial. INTI-Gerencia de Proyectos Especiales^pArgentina<|>^aBurroni, Laura Valeria^nInstituto Nacional de Tecnología Industrial. INTI-Gerencia de Proyectos Especiales^pArgentina<|>^aMolina, S.^nInstituto Nacional de Tecnología Industrial. INTI-Córdoba^pArgentina<|>^aFederico, M.^nInstituto Nacional de Tecnología Industrial. INTI-Córdoba^pArgentina<|>^aRivarola, Paula^nInstituto Nacional de Tecnología Industrial. INTI-Córdoba^pArgentina<|>^aCerchiai, Edgar^nInstituto Nacional de Tecnología Industrial. INTI-Mendoza^pArgentina<|>^aClaros, Sonia Amelia^nInstituto Nacional de Tecnología Industrial. INTI-Mendoza^pArgentina<|>^aCiurletti, Cristián Ricardo^nInstituto Nacional de Tecnología Industrial. INTI-Mendoza^pArgentina<|>^aRenaud, V.^nInstituto Nacional de Tecnología Industrial. INTI-Carnes^pArgentina<|>^aStorani, Eduardo Enrique^nInstituto Nacional de Tecnología Industrial. INTI-Lácteos^pArgentina<|>^aAimar, Bruno Nicolás^nInstituto Nacional de Tecnología Industrial. INTI-Lácteos^pArgentina<|>^aAlvarez, Julio^nInstituto Nacional de Tecnología Industrial. INTI-Gerencia de Proyectos Especiales^pArgentina<|>^aCerutti Antonietti, Pablo^nInstituto Nacional de Tecnología Industrial. INTI-Mendoza^pArgentina
049759;v22_Autor_personal;Velazco, Jose Ricardo<|>Vergara, D.<|>Rivarola, Clyber Diosnel<|>Muracciole, G.<|>Jarzinski, Mario Antenor;Velazco, Jose Ricardo<|>Vergara, Darío Martín<|>Rivarola, Clyber Diosnel<|>Muracciole, G.<|>Jarzinski, Mario Antenor
049759;v26_Afiliacion_del_autor;^aVelazco, Jose Ricardo^nInstituto Nacional de Tecnología Industrial. INTI-Formosa^pArgentina<|>^aVergara, D.^nInstituto Nacional de Tecnología Industrial. INTI-Formosa^pArgentina<|>^aRivarola, Clyber Diosnel^nInstituto Nacional de Tecnología Industrial. INTI-Formosa^pArgentina<|>^aMuracciole, G.^nInstituto Nacional de Tecnología Industrial. INTI-Formosa^pArgentina<|>^aJarzinski, Mario Antenor^nInstituto Nacional de Tecnología Industrial. INTI-Formosa^pArgentina;^aVelazco, Jose Ricardo^nInstituto Nacional de Tecnología Industrial. INTI-Formosa^pArgentina<|>^aVergara, Darío Martín^nInstituto Nacional de Tecnología Industrial. INTI-Formosa^pArgentina<|>^aRivarola, Clyber Diosnel^nInstituto Nacional de Tecnología Industrial. INTI-Formosa^pArgentina<|>^aMuracciole, G.^nInstituto Nacional de Tecnología Industrial. INTI-Formosa^pArgentina<|>^aJarzinski, Mario Antenor^nInstituto Nacional de Tecnología Industrial. INTI-Formosa^pArgentina
049760;v22_Autor_personal;Castelli, María Laura<|>Rodríguez, Abel Sebastián<|>Raco, Fernando Francisco<|>Castells, María Laura<|>Zampatti, M.<|>Rodríguez, Gisela Vanina<|>Palacios, I.<|>Balán, Matías<|>Olivera Carrión, M.;Castelli, María Laura<|>Rodríguez, Abel Sebastián<|>Raco, Fernando Francisco<|>Castells, María Laura<|>Zampatti, Mariela<|>Rodríguez, Gisela Vanina<|>Palacios, I.<|>Balán, Matías<|>Olivera Carrión, M.
049760;v26_Afiliacion_del_autor;^aCastelli, María Laura^nInstituto Nacional de Tecnología Industrial. INTI-Lácteos^pArgentina<|>^aRodríguez, Abel Sebastián^nInstituto Nacional de Tecnología Industrial. INTI-Lácteos^pArgentina<|>^aRaco, Fernando Francisco^nInstituto Nacional de Tecnología Industrial. INTI-Lácteos^pArgentina<|>^aCastells, María Laura^nInstituto Nacional de Tecnología Industrial. INTI-Lácteos^pArgentina<|>^aZampatti, M.^nInstituto Nacional de Tecnología Industrial. INTI-Lácteos^pArgentina<|>^aRodríguez, Gisela Vanina^nInstituto Nacional de Tecnología Industrial. INTI-Lácteos^pArgentina<|>^aPalacios, I.^nInstituto Nacional de Tecnología Industrial. INTI-Lácteos^pArgentina<|>^aBalán, Matías^nPRODEO^pArgentina<|>^aOlivera Carrión, M.^nUniversidad de Buenos Aires. Facultad de Farmacia y Bioquímica^sUBA-FFyB^pArgentina;^aCastelli, María Laura^nInstituto Nacional de Tecnología Industrial. INTI-Lácteos^pArgentina<|>^aRodríguez, Abel Sebastián^nInstituto Nacional de Tecnología Industrial. INTI-Lácteos^pArgentina<|>^aRaco, Fernando Francisco^nInstituto Nacional de Tecnología Industrial. INTI-Lácteos^pArgentina<|>^aCastells, María Laura^nInstituto Nacional de Tecnología Industrial. INTI-Lácteos^pArgentina<|>^aZampatti, Mariela^nInstituto Nacional de Tecnología Industrial. INTI-Lácteos^pArgentina<|>^aRodríguez, Gisela Vanina^nInstituto Nacional de Tecnología Industrial. INTI-Lácteos^pArgentina<|>^aPalacios, I.^nInstituto Nacional de Tecnología Industrial. INTI-Lácteos^pArgentina<|>^aBalán, Matías^nPRODEO^pArgentina<|>^aOlivera Carrión, M.^nUniversidad de Buenos Aires. Facultad de Farmacia y Bioquímica^sUBA-FFyB^pArgentina
049762;v22_Autor_personal;Casóliba, Ramiro Martín<|>Bravo, M.D.<|>Araya, Enrique;Casóliba, Ramiro Martín<|>Bravo, Marcos David<|>Araya, Enrique
049762;v26_Afiliacion_del_autor;^aCasóliba, Ramiro Martín^nInstituto Nacional de Tecnología Industrial. INTI-Santiago del Estero^pArgentina<|>^aBravo, M.D.^nInstituto Nacional de Tecnología Industrial. INTI-Santiago del Estero^pArgentina<|>^aAraya, Enrique^nInstituto Nacional de Tecnología Industrial. INTI-Santiago del Estero^pArgentina;^aCasóliba, Ramiro Martín^nInstituto Nacional de Tecnología Industrial. INTI-Santiago del Estero^pArgentina<|>^aBravo, Marcos David^nInstituto Nacional de Tecnología Industrial. INTI-Santiago del Estero^pArgentina<|>^aAraya, Enrique^nInstituto Nacional de Tecnología Industrial. INTI-Santiago del Estero^pArgentina
049768;v22_Autor_personal;Ingrassia, D.;Ingrassia, Danilo Juan
049768;v26_Afiliacion_del_autor;^aIngrassia, D.^nInstituto Nacional de Tecnología Industrial. INTI-Mendoza^pArgentina;^aIngrassia, Danilo Juan^nInstituto Nacional de Tecnología Industrial. INTI-Mendoza^pArgentina
049788;v22_Autor_personal;Tuninetti, Leticia<|>Garrido, G.<|>Suárez, M. F.;Tuninetti, Leticia<|>Garrido, G.<|>Suárez, María Fernanda
049788;v26_Afiliacion_del_autor;^aTuninetti, Leticia^nInstituto Nacional de Tecnología Industrial. INTI-Córdoba^pArgentina<|>^aGarrido, G.^nInstituto Nacional de Tecnología Industrial. INTI-Córdoba^pArgentina<|>^aSuárez, M. F.^nUniversidad Tecnológica Nacional. Facultad Regional Córdoba^sUTN-FRC^pArgentina;^aTuninetti, Leticia^nInstituto Nacional de Tecnología Industrial. INTI-Córdoba^pArgentina<|>^aGarrido, G.^nInstituto Nacional de Tecnología Industrial. INTI-Córdoba^pArgentina<|>^aSuárez, María Fernanda^nUniversidad Tecnológica Nacional. Facultad Regional Córdoba^sUTN-FRC^pArgentina
049791;v22_Autor_personal;Agnello, Julio Martín<|>Benítez, A.<|>Fernández Luco, L.;Agnello, Julio Martín<|>Benítez, Graciela Alejandra<|>Fernández Luco, L.
049791;v26_Afiliacion_del_autor;^aAgnello, Julio Martín^nInstituto Nacional de Tecnología Industrial. INTI-Construcciones^pArgentina<|>^aBenítez, A.^nInstituto Nacional de Tecnología Industrial. INTI-Construcciones^pArgentina<|>^aFernández Luco, L.^nUniversidad de Buenos Aires. Facultad de Ingeniería^sUBA-FI^pArgentina;^aAgnello, Julio Martín^nInstituto Nacional de Tecnología Industrial. INTI-Construcciones^pArgentina<|>^aBenítez, Graciela Alejandra^nInstituto Nacional de Tecnología Industrial. INTI-Construcciones^pArgentina<|>^aFernández Luco, L.^nUniversidad de Buenos Aires. Facultad de Ingeniería^sUBA-FI^pArgentina
049792;v22_Autor_personal;Agnello, Julio Martín<|>Benítez, A.<|>Carreño, P.<|>Verna, R.;Agnello, Julio Martín<|>Benítez, Graciela Alejandra<|>Carreño, P.<|>Verna, R.
049792;v26_Afiliacion_del_autor;^aAgnello, Julio Martín^nInstituto Nacional de Tecnología Industrial. INTI-Construcciones^pArgentina<|>^aBenítez, A.^nInstituto Nacional de Tecnología Industrial. INTI-Construcciones^pArgentina<|>^aCarreño, P.^nMateriales San Fernando S.A.^pArgentina<|>^aVerna, R.^nMateriales San Fernando S.A.^pArgentina;^aAgnello, Julio Martín^nInstituto Nacional de Tecnología Industrial. INTI-Construcciones^pArgentina<|>^aBenítez, Graciela Alejandra^nInstituto Nacional de Tecnología Industrial. INTI-Construcciones^pArgentina<|>^aCarreño, P.^nMateriales San Fernando S.A.^pArgentina<|>^aVerna, R.^nMateriales San Fernando S.A.^pArgentina
049794;v22_Autor_personal;Landeau, A.<|>Najul, J.C.<|>Poliak, R.<|>Quiroga Castelat, R.<|>Renzi, L.<|>Vanin, Silvia Natalia<|>Vázquez, S.;Landeau, A.<|>Najul, Juan Carlos<|>Poliak, R.<|>Quiroga Castelat, R.<|>Renzi, L.<|>Vanin, Silvia Natalia<|>Vázquez, S.
049794;v26_Afiliacion_del_autor;^aLandeau, A.^nEnergía Provincial Sociedad del Estado^sEPSE^pArgentina<|>^aNajul, J.C.^nInstituto Nacional de Tecnología Industrial. INTI-Mendoza^pArgentina<|>^aPoliak, R.^nInstituto Nacional de Tecnología Industrial. INTI-Calidad y Ambiente^pArgentina<|>^aQuiroga Castelat, R.^nInstalar DG^pArgentina<|>^aRenzi, L.^nInstituto Nacional de Tecnología Industrial. INTI-San Juan^pArgentina<|>^aVanin, Silvia Natalia^nInstituto Nacional de Tecnología Industrial. INTI-Mendoza^pArgentina<|>^aVázquez, S.^nSan Juan. Secretaría de Ambiente y Desarrollo Sustentable^sSEAyDS^pArgentina;^aLandeau, A.^nEnergía Provincial Sociedad del Estado^sEPSE^pArgentina<|>^aNajul, Juan Carlos^nInstituto Nacional de Tecnología Industrial. INTI-Mendoza^pArgentina<|>^aPoliak, R.^nInstituto Nacional de Tecnología Industrial. INTI-Calidad y Ambiente^pArgentina<|>^aQuiroga Castelat, R.^nInstalar DG^pArgentina<|>^aRenzi, L.^nInstituto Nacional de Tecnología Industrial. INTI-San Juan^pArgentina<|>^aVanin, Silvia Natalia^nInstituto Nacional de Tecnología Industrial. INTI-Mendoza^pArgentina<|>^aVázquez, S.^nSan Juan. Secretaría de Ambiente y Desarrollo Sustentable^sSEAyDS^pArgentina
049796;v22_Autor_personal;Storino, A.<|>Parise, C.<|>Planes, E.;Storino, Alejandra Valeria<|>Parise, C.<|>Planes, E.
049796;v26_Afiliacion_del_autor;^aStorino, A.^nInstituto Nacional de Tecnología Industrial. INTI-Química^pArgentina<|>^aParise, C.^nInstituto Nacional de Tecnología Industrial. INTI-Química^pArgentina<|>^aPlanes, E.^nInstituto Nacional de Tecnología Industrial. INTI-Química^pArgentina;^aStorino, Alejandra Valeria^nInstituto Nacional de Tecnología Industrial. INTI-Química^pArgentina<|>^aParise, C.^nInstituto Nacional de Tecnología Industrial. INTI-Química^pArgentina<|>^aPlanes, E.^nInstituto Nacional de Tecnología Industrial. INTI-Química^pArgentina
049802;v22_Autor_personal;Garro, J.<|>Valdés, D.;Garro, J.<|>Valdés, Daniel Alberto
049802;v26_Afiliacion_del_autor;^aGarro, J.^nInstituto Nacional de Tecnología Industrial. INTI-Ambiente^pArgentina<|>^aValdés, D.^nInstituto Nacional de Tecnología Industrial. INTI-Ambiente^pArgentina;^aGarro, J.^nInstituto Nacional de Tecnología Industrial. INTI-Ambiente^pArgentina<|>^aValdés, Daniel Alberto^nInstituto Nacional de Tecnología Industrial. INTI-Ambiente^pArgentina
049803;v22_Autor_personal;Takashima, C.<|>Dionicio, Alejandra Victoria<|>Agustinho, María Alejandra;Takashima, Cecilia Noemí<|>Dionicio, Alejandra Victoria<|>Agustinho, María Alejandra
049803;v26_Afiliacion_del_autor;^aTakashima, C.^nInstituto Nacional de Tecnología Industrial. INTI-Textiles^pArgentina<|>^aDionicio, Alejandra Victoria^nInstituto Nacional de Tecnología Industrial. INTI-Jujuy^pArgentina<|>^aAgustinho, María Alejandra^nInstituto Nacional de Tecnología Industrial. INTI-Jujuy^pArgentina;^aTakashima, Cecilia Noemí^nInstituto Nacional de Tecnología Industrial. INTI-Textiles^pArgentina<|>^aDionicio, Alejandra Victoria^nInstituto Nacional de Tecnología Industrial. INTI-Jujuy^pArgentina<|>^aAgustinho, María Alejandra^nInstituto Nacional de Tecnología Industrial. INTI-Jujuy^pArgentina
049805;v22_Autor_personal;Szteinberg, Silvia<|>Köber, Érica<|>Benítez, A.<|>Fernández Sturla, María José<|>Vergara, E. H.<|>Tomé, A. A.;Szteinberg, Silvia<|>Köber, Érica<|>Benítez, Graciela Alejandra<|>Fernández Sturla, María José<|>Vergara, E. H.<|>Tomé, A. A.
049805;v26_Afiliacion_del_autor;^aSzteinberg, Silvia^nInstituto Nacional de Tecnología Industrial. INTI-Construcciones^pArgentina<|>^aKöber, Érica^nInstituto Nacional de Tecnología Industrial. INTI-Construcciones^pArgentina<|>^aBenítez, A.^nInstituto Nacional de Tecnología Industrial. INTI-Construcciones^pArgentina<|>^aFernández Sturla, María José^nInstituto Nacional de Tecnología Industrial. INTI-Construcciones^pArgentina<|>^aVergara, E. H.^nSomar MV S. A.^pArgentina<|>^aTomé, A. A.^nSomar MV S. A.^pArgentina;^aSzteinberg, Silvia^nInstituto Nacional de Tecnología Industrial. INTI-Construcciones^pArgentina<|>^aKöber, Érica^nInstituto Nacional de Tecnología Industrial. INTI-Construcciones^pArgentina<|>^aBenítez, Graciela Alejandra^nInstituto Nacional de Tecnología Industrial. INTI-Construcciones^pArgentina<|>^aFernández Sturla, María José^nInstituto Nacional de Tecnología Industrial. INTI-Construcciones^pArgentina<|>^aVergara, E. H.^nSomar MV S. A.^pArgentina<|>^aTomé, A. A.^nSomar MV S. A.^pArgentina
049806;v22_Autor_personal;Fernández Sturla, María José<|>Sformo, Alcides Oscar<|>Benítez, A.<|>Carreño, P.<|>Verna, R.;Fernández Sturla, María José<|>Sformo, Alcides Oscar<|>Benítez, Graciela Alejandra<|>Carreño, P.<|>Verna, R.
049806;v26_Afiliacion_del_autor;^aFernández Sturla, María José^nInstituto Nacional de Tecnología Industrial. INTI-Construcciones^pArgentina<|>^aSformo, Alcides Oscar^nInstituto Nacional de Tecnología Industrial. INTI-Construcciones^pArgentina<|>^aBenítez, A.^nInstituto Nacional de Tecnología Industrial. INTI-Construcciones^pArgentina<|>^aCarreño, P.^nMateriales San Fernando S.A.^pArgentina<|>^aVerna, R.^nMateriales San Fernando S.A.^pArgentina;^aFernández Sturla, María José^nInstituto Nacional de Tecnología Industrial. INTI-Construcciones^pArgentina<|>^aSformo, Alcides Oscar^nInstituto Nacional de Tecnología Industrial. INTI-Construcciones^pArgentina<|>^aBenítez, Graciela Alejandra^nInstituto Nacional de Tecnología Industrial. INTI-Construcciones^pArgentina<|>^aCarreño, P.^nMateriales San Fernando S.A.^pArgentina<|>^aVerna, R.^nMateriales San Fernando S.A.^pArgentina
049813;v22_Autor_personal;Beer, Ethel Mariana<|>Giarmana, G.<|>Álvarez, L.;Beer, Ethel Mariana<|>Giarmana, G.<|>Álvarez, Lucía
049813;v26_Afiliacion_del_autor;^aBeer, Ethel Mariana^nInstituto Nacional de Tecnología Industrial. INTI-Física y Metrología^pArgentina<|>^aGiarmana, G.^nInstituto Nacional de Tecnología Industrial. INTI-Física y Metrología^pArgentina<|>^aÁlvarez, L.^nInstituto Nacional de Tecnología Industrial. INTI-Física y Metrología^pArgentina;^aBeer, Ethel Mariana^nInstituto Nacional de Tecnología Industrial. INTI-Física y Metrología^pArgentina<|>^aGiarmana, G.^nInstituto Nacional de Tecnología Industrial. INTI-Física y Metrología^pArgentina<|>^aÁlvarez, Lucía^nInstituto Nacional de Tecnología Industrial. INTI-Física y Metrología^pArgentina
049814;v22_Autor_personal;Beer, Ethel Mariana<|>Giarmana, G.<|>Álvarez, L.<|>Bastida, Karina Beatriz;Beer, Ethel Mariana<|>Giarmana, G.<|>Álvarez, Lucía<|>Bastida, Karina Beatriz
049814;v26_Afiliacion_del_autor;^aBeer, Ethel Mariana^nInstituto Nacional de Tecnología Industrial. INTI-Física y Metrología^pArgentina<|>^aGiarmana, G.^nInstituto Nacional de Tecnología Industrial. INTI-Física y Metrología^pArgentina<|>^aÁlvarez, L.^nInstituto Nacional de Tecnología Industrial. INTI-Física y Metrología^pArgentina<|>^aBastida, Karina Beatriz^nInstituto Nacional de Tecnología Industrial. INTI-Física y Metrología^pArgentina;^aBeer, Ethel Mariana^nInstituto Nacional de Tecnología Industrial. INTI-Física y Metrología^pArgentina<|>^aGiarmana, G.^nInstituto Nacional de Tecnología Industrial. INTI-Física y Metrología^pArgentina<|>^aÁlvarez, Lucía^nInstituto Nacional de Tecnología Industrial. INTI-Física y Metrología^pArgentina<|>^aBastida, Karina Beatriz^nInstituto Nacional de Tecnología Industrial. INTI-Física y Metrología^pArgentina
049816;v22_Autor_personal;Szombach, J.<|>Riu, F.<|>Santos, Luciano<|>Martínez Krahmer, Daniel Osvaldo<|>Bastía, G.;Szombach, Juan Ignacio<|>Riu, F.<|>Santos, Luciano<|>Martínez Krahmer, Daniel Osvaldo<|>Bastía, G.
049816;v26_Afiliacion_del_autor;^aSzombach, J.^nInstituto Nacional de Tecnología Industrial^sINTI-Mecánica^lBuenos Aires^pAR<|>^aRiu, F.^nInstituto Nacional de Tecnología Industrial^sINTI-Mecánica^lBuenos Aires^pAR<|>^aSantos, Luciano^nInstituto Nacional de Tecnología Industrial^sINTI-Mecánica^lBuenos Aires^pAR<|>^aMartínez Krahmer, Daniel Osvaldo^nInstituto Nacional de Tecnología Industrial^sINTI-Mecánica^lBuenos Aires^pAR<|>^aBastía, G.^nInstituto Nacional de Tecnología Industrial^sINTI-Caucho^lBuenos Aires^pAR;^aSzombach, Juan Ignacio^nInstituto Nacional de Tecnología Industrial^sINTI-Mecánica^lBuenos Aires^pAR<|>^aRiu, F.^nInstituto Nacional de Tecnología Industrial^sINTI-Mecánica^lBuenos Aires^pAR<|>^aSantos, Luciano^nInstituto Nacional de Tecnología Industrial^sINTI-Mecánica^lBuenos Aires^pAR<|>^aMartínez Krahmer, Daniel Osvaldo^nInstituto Nacional de Tecnología Industrial^sINTI-Mecánica^lBuenos Aires^pAR<|>^aBastía, G.^nInstituto Nacional de Tecnología Industrial^sINTI-Caucho^lBuenos Aires^pAR
049818;v22_Autor_personal;Aguilera, Laura Fabiana<|>Ariza, Irene Raquel<|>Llopart, L.<|>Oneto, F.<|>Albariñas, M.<|>Albisu, María Lucila<|>Arrachea, A.<|>Becker, Rosalba María<|>Burlot, A.<|>Casabona, Marcela Andrea<|>Gay, F.<|>Herrero, P.<|>Najul, J.C.<|>Palladino, C.<|>Ruiz, V.;Aguilera, Laura Fabiana<|>Ariza, Irene Raquel<|>Llopart, L.<|>Oneto, F.<|>Albariñas, M.<|>Albisu, María Lucila<|>Arrachea, A.<|>Becker, Rosalba María<|>Burlot, A.<|>Casabona, Marcela Andrea<|>Gay, F.<|>Herrero, P.<|>Najul, Juan Carlos<|>Palladino, C.<|>Ruiz, V.
049818;v26_Afiliacion_del_autor;^aAguilera, Laura Fabiana^nInstituto Nacional de Tecnología Industrial^sINTI-Mendoza^lMendoza^pAR<|>^aAriza, Irene Raquel^nInstituto Nacional de Tecnología Industrial^sINTI-Diseño Industrial^lBuenos Aires^pAR<|>^aLlopart, L.^nMendoza. Ministerio de Infraestructura y Energía. Secretaría de Infraestructura Educativa^lMendoza^pAR<|>^aOneto, F.^nInstituto Nacional de Tecnología Industrial^sINTI-Diseño Industrial^lBuenos Aires^pAR<|>^aAlbariñas, M.^nInstituto Nacional de Tecnología Industrial^sINTI-Diseño Industrial^lBuenos Aires^pAR<|>^aAlbisu, María Lucila^nInstituto Nacional de Tecnología Industrial^sINTI-Mendoza^lMendoza^pAR<|>^aArrachea, A.^nInstituto Nacional de Tecnología Industrial^sINTI-Diseño Industrial^lBuenos Aires^pAR<|>^aBecker, Rosalba María^nInstituto Nacional de Tecnología Industrial^sINTI-Diseño Industrial^lBuenos Aires^pAR<|>^aBurlot, A.^nMendoza. Ministerio de Infraestructura y Energía. Secretaría de Infraestructura Educativa^lMendoza^pAR<|>^aCasabona, Marcela Andrea^nInstituto Nacional de Tecnología Industrial^sINTI-Diseño Industrial^lBuenos Aires^pAR<|>^aGay, F.^nInstituto Nacional de Tecnología Industrial^sINTI-Diseño Industrial^lBuenos Aires^pAR<|>^aHerrero, P.^nInstituto Nacional de Tecnología Industrial^sINTI-Diseño Industrial^lBuenos Aires^pAR<|>^aNajul, J.C.^nInstituto Nacional de Tecnología Industrial^sINTI-Mendoza^lMendoza^pAR<|>^aPalladino, C.^nInstituto Nacional de Tecnología Industrial^sINTI-Diseño Industrial^lBuenos Aires^pAR<|>^aRuiz, V.^nMendoza. Ministerio de Infraestructura y Energía. Secretaría de Infraestructura Educativa^lMendoza^pAR;^aAguilera, Laura Fabiana^nInstituto Nacional de Tecnología Industrial^sINTI-Mendoza^lMendoza^pAR<|>^aAriza, Irene Raquel^nInstituto Nacional de Tecnología Industrial^sINTI-Diseño Industrial^lBuenos Aires^pAR<|>^aLlopart, L.^nMendoza. Ministerio de Infraestructura y Energía. Secretaría de Infraestructura Educativa^lMendoza^pAR<|>^aOneto, F.^nInstituto Nacional de Tecnología Industrial^sINTI-Diseño Industrial^lBuenos Aires^pAR<|>^aAlbariñas, M.^nInstituto Nacional de Tecnología Industrial^sINTI-Diseño Industrial^lBuenos Aires^pAR<|>^aAlbisu, María Lucila^nInstituto Nacional de Tecnología Industrial^sINTI-Mendoza^lMendoza^pAR<|>^aArrachea, A.^nInstituto Nacional de Tecnología Industrial^sINTI-Diseño Industrial^lBuenos Aires^pAR<|>^aBecker, Rosalba María^nInstituto Nacional de Tecnología Industrial^sINTI-Diseño Industrial^lBuenos Aires^pAR<|>^aBurlot, A.^nMendoza. Ministerio de Infraestructura y Energía. Secretaría de Infraestructura Educativa^lMendoza^pAR<|>^aCasabona, Marcela Andrea^nInstituto Nacional de Tecnología Industrial^sINTI-Diseño Industrial^lBuenos Aires^pAR<|>^aGay, F.^nInstituto Nacional de Tecnología Industrial^sINTI-Diseño Industrial^lBuenos Aires^pAR<|>^aHerrero, P.^nInstituto Nacional de Tecnología Industrial^sINTI-Diseño Industrial^lBuenos Aires^pAR<|>^aNajul, Juan Carlos^nInstituto Nacional de Tecnología Industrial^sINTI-Mendoza^lMendoza^pAR<|>^aPalladino, C.^nInstituto Nacional de Tecnología Industrial^sINTI-Diseño Industrial^lBuenos Aires^pAR<|>^aRuiz, V.^nMendoza. Ministerio de Infraestructura y Energía. Secretaría de Infraestructura Educativa^lMendoza^pAR
049823;v22_Autor_personal;Jung, S.<|>Thompson, Paulo<|>Marino, P.;Jung, S.<|>Thompson, Paulo<|>Marino, Patricia Noemí
049823;v26_Afiliacion_del_autor;^aJung, S.^nInstituto Nacional de Tecnología Industrial. INTI-Textiles^pArgentina<|>^aThompson, Paulo^nInstituto Nacional de Tecnología Industrial. INTI-Textiles^pArgentina<|>^aMarino, P.^nInstituto Nacional de Tecnología Industrial. INTI-Textiles^pArgentina;^aJung, S.^nInstituto Nacional de Tecnología Industrial. INTI-Textiles^pArgentina<|>^aThompson, Paulo^nInstituto Nacional de Tecnología Industrial. INTI-Textiles^pArgentina<|>^aMarino, Patricia Noemí^nInstituto Nacional de Tecnología Industrial. INTI-Textiles^pArgentina
049833;v22_Autor_personal;Rivara, Mariana<|>Silva, Carmen Leonilda<|>Rossi, N.<|>Trossero, Mariana<|>Castro, Á.<|>Mastromónaco, Gladys Miriam<|>Kornblit, Fernando;Rivara, Mariana<|>Silva, Carmen Leonilda<|>Rossi, N.<|>Trossero, Mariana<|>Castro, Ángel Patricio<|>Mastromónaco, Gladys Miriam<|>Kornblit, Fernando
049833;v26_Afiliacion_del_autor;^aRivara, Mariana^nInstituto Nacional de Tecnología Industrial. INTI-Carnes^pArgentina<|>^aSilva, Carmen Leonilda^nInstituto Nacional de Tecnología Industrial. INTI-Carnes^pArgentina<|>^aRossi, N.^nInstituto Nacional de Tecnología Industrial. INTI-Carnes^pArgentina<|>^aTrossero, Mariana^nInstituto Nacional de Tecnología Industrial. INTI-Entre Ríos^pArgentina<|>^aCastro, Á.^nInstituto Nacional de Tecnología Industrial. INTI-SAI^pArgentina<|>^aMastromónaco, Gladys Miriam^nInstituto Nacional de Tecnología Industrial. INTI-SAI^pArgentina<|>^aKornblit, Fernando^nInstituto Nacional de Tecnología Industrial. INTI-SAI^pArgentina;^aRivara, Mariana^nInstituto Nacional de Tecnología Industrial. INTI-Carnes^pArgentina<|>^aSilva, Carmen Leonilda^nInstituto Nacional de Tecnología Industrial. INTI-Carnes^pArgentina<|>^aRossi, N.^nInstituto Nacional de Tecnología Industrial. INTI-Carnes^pArgentina<|>^aTrossero, Mariana^nInstituto Nacional de Tecnología Industrial. INTI-Entre Ríos^pArgentina<|>^aCastro, Ángel Patricio^nInstituto Nacional de Tecnología Industrial. INTI-SAI^pArgentina<|>^aMastromónaco, Gladys Miriam^nInstituto Nacional de Tecnología Industrial. INTI-SAI^pArgentina<|>^aKornblit, Fernando^nInstituto Nacional de Tecnología Industrial. INTI-SAI^pArgentina
049834;v22_Autor_personal;Charreau, Geraldine Luján<|>Álvarez, J.<|>Kawior, J.<|>Castro, A.<|>Santis, A.<|>Berto, Antonio Fernando;Charreau, Geraldine Luján<|>Alvarez, Julio<|>Kawior, J.<|>Castro, Ángel Patricio<|>Santis, A.<|>Berto, Antonio Fernando
049834;v26_Afiliacion_del_autor;^aCharreau, Geraldine Luján^nInstituto Nacional de Tecnología Industrial. INTI-Construcciones^pArgentina<|>^aÁlvarez, J.^nInstituto Nacional de Tecnología Industrial. INTI-Construcciones^pArgentina<|>^aKawior, J.^nInstituto Nacional de Tecnología Industrial. INTI-SAI^pArgentina<|>^aCastro, A.^nInstituto Nacional de Tecnología Industrial. INTI-SAI^pArgentina<|>^aSantis, A.^nUniversidad de Chile. Centro de Investigación, Desarrollo e Innovación de Estructuras y Materiales^sUC-IDIEM^pChile<|>^aBerto, Antonio Fernando^nSão Paulo. Secretaria de Desenvolvimento Econômico, Ciência, Tecnologia e Inovação. Instituto de Pesquisas Tecnológicas^sIPT^pBrasil;^aCharreau, Geraldine Luján^nInstituto Nacional de Tecnología Industrial. INTI-Construcciones^pArgentina<|>^aAlvarez, Julio^nInstituto Nacional de Tecnología Industrial. INTI-Construcciones^pArgentina<|>^aKawior, J.^nInstituto Nacional de Tecnología Industrial. INTI-SAI^pArgentina<|>^aCastro, Ángel Patricio^nInstituto Nacional de Tecnología Industrial. INTI-SAI^pArgentina<|>^aSantis, A.^nUniversidad de Chile. Centro de Investigación, Desarrollo e Innovación de Estructuras y Materiales^sUC-IDIEM^pChile<|>^aBerto, Antonio Fernando^nSão Paulo. Secretaria de Desenvolvimento Econômico, Ciência, Tecnologia e Inovação. Instituto de Pesquisas Tecnológicas^sIPT^pBrasil
049840;v22_Autor_personal;Arditi, Emiliano Adrián<|>Armas, Pamela Soledad<|>Biacofiore, C.<|>Grasso, L.<|>Rigou, M.B.;Arditi, Emiliano Adrián<|>Armas, Pamela Soledad<|>Biacofiore, C.<|>Grasso, L.<|>Rigou, María Belén
049840;v26_Afiliacion_del_autor;^aArditi, Emiliano Adrián^nInstituto Nacional de Tecnología Industrial^sINTI-Comunicación^lBuenos Aires^pAR<|>^aArmas, Pamela Soledad^nInstituto Nacional de Tecnología Industrial^sINTI-Comunicación^lBuenos Aires^pAR<|>^aBiacofiore, C.^nInstituto Nacional de Tecnología Industrial^sINTI-Comunicación^lBuenos Aires^pAR<|>^aGrasso, L.^nInstituto Nacional de Tecnología Industrial^sINTI-Comunicación^lBuenos Aires^pAR<|>^aRigou, M.B.^nInstituto Nacional de Tecnología Industrial^sINTI-Comunicación^lBuenos Aires^pAR;^aArditi, Emiliano Adrián^nInstituto Nacional de Tecnología Industrial^sINTI-Comunicación^lBuenos Aires^pAR<|>^aArmas, Pamela Soledad^nInstituto Nacional de Tecnología Industrial^sINTI-Comunicación^lBuenos Aires^pAR<|>^aBiacofiore, C.^nInstituto Nacional de Tecnología Industrial^sINTI-Comunicación^lBuenos Aires^pAR<|>^aGrasso, L.^nInstituto Nacional de Tecnología Industrial^sINTI-Comunicación^lBuenos Aires^pAR<|>^aRigou, María Belén^nInstituto Nacional de Tecnología Industrial^sINTI-Comunicación^lBuenos Aires^pAR
049842;v22_Autor_personal;López, Eduardo Emilio<|>Stratico, M.<|>Lobatto, Iliana Valeria<|>Alberti, Cecilia<|>Rzeznik, M.;López, Eduardo Emilio<|>Stratico, Carlos Mariano<|>Lobatto, Iliana Valeria<|>Alberti, Cecilia<|>Rzeznik, M.
049842;v26_Afiliacion_del_autor;^aLópez, Eduardo Emilio^nInstituto Nacional de Tecnología Industrial. INTI-Química^pArgentina<|>^aStratico, M.^nInstituto Nacional de Tecnología Industrial. INTI-Química^pArgentina<|>^aLobatto, Iliana Valeria^nInstituto Nacional de Tecnología Industrial. INTI-Química^pArgentina<|>^aAlberti, Cecilia^nInstituto Nacional de Tecnología Industrial. INTI-Química^pArgentina<|>^aRzeznik, M.^nInstituto Nacional de Tecnología Industrial. INTI-Química^pArgentina;^aLópez, Eduardo Emilio^nInstituto Nacional de Tecnología Industrial. INTI-Química^pArgentina<|>^aStratico, Carlos Mariano^nInstituto Nacional de Tecnología Industrial. INTI-Química^pArgentina<|>^aLobatto, Iliana Valeria^nInstituto Nacional de Tecnología Industrial. INTI-Química^pArgentina<|>^aAlberti, Cecilia^nInstituto Nacional de Tecnología Industrial. INTI-Química^pArgentina<|>^aRzeznik, M.^nInstituto Nacional de Tecnología Industrial. INTI-Química^pArgentina
049853;v22_Autor_personal;Abate, Germán Rubén<|>Pérez, D.<|>Martínez Krahmer, Daniel Osvaldo<|>Bigot, Régis;Abate, Germán Rubén<|>Pérez, Daniela Joana<|>Martínez Krahmer, Daniel Osvaldo<|>Bigot, Régis
049853;v26_Afiliacion_del_autor;^aAbate, Germán Rubén^nInstituto Nacional de Tecnología Industrial. INTI-Mecánica^pArgentina<|>^aPérez, D.^nInstituto Nacional de Tecnología Industrial. INTI-Mecánica^pArgentina<|>^aMartínez Krahmer, Daniel Osvaldo^nInstituto Nacional de Tecnología Industrial. INTI-Mecánica^pArgentina<|>^aBigot, Régis^nÉcole Nationale Supérieure d'Arts et Métiers^sENSAM^lMetz^pFR;^aAbate, Germán Rubén^nInstituto Nacional de Tecnología Industrial. INTI-Mecánica^pArgentina<|>^aPérez, Daniela Joana^nInstituto Nacional de Tecnología Industrial. INTI-Mecánica^pArgentina<|>^aMartínez Krahmer, Daniel Osvaldo^nInstituto Nacional de Tecnología Industrial. INTI-Mecánica^pArgentina<|>^aBigot, Régis^nÉcole Nationale Supérieure d'Arts et Métiers^sENSAM^lMetz^pFR
049857;v22_Autor_personal;Abate, Germán Rubén<|>Pérez, D.<|>Pouton, J.<|>Brignone, Julieta<|>Martínez Krahmer, Daniel Osvaldo;Abate, Germán Rubén<|>Pérez, Daniela Joana<|>Pouton, J.<|>Brignone, Julieta<|>Martínez Krahmer, Daniel Osvaldo
049857;v26_Afiliacion_del_autor;^aAbate, Germán Rubén^nInstituto Nacional de Tecnología Industrial. INTI-Mecánica^pArgentina<|>^aPérez, D.^nInstituto Nacional de Tecnología Industrial. INTI-Mecánica^pArgentina<|>^aPouton, J.^nInstituto Nacional de Tecnología Industrial. INTI-Mecánica^pArgentina<|>^aBrignone, Julieta^nBrignone & Asociados^pArgentina<|>^aMartínez Krahmer, Daniel Osvaldo^nInstituto Nacional de Tecnología Industrial. INTI-Mecánica^pArgentina;^aAbate, Germán Rubén^nInstituto Nacional de Tecnología Industrial. INTI-Mecánica^pArgentina<|>^aPérez, Daniela Joana^nInstituto Nacional de Tecnología Industrial. INTI-Mecánica^pArgentina<|>^aPouton, J.^nInstituto Nacional de Tecnología Industrial. INTI-Mecánica^pArgentina<|>^aBrignone, Julieta^nBrignone & Asociados^pArgentina<|>^aMartínez Krahmer, Daniel Osvaldo^nInstituto Nacional de Tecnología Industrial. INTI-Mecánica^pArgentina
049859;v22_Autor_personal;Longinotti, G.<|>Montserrat, J.<|>Ybarra, Gabriel Omar;Longinotti, María Gloria<|>Montserrat, J.<|>Ybarra, Gabriel Omar
049859;v26_Afiliacion_del_autor;^aLonginotti, G.^nInstituto Nacional de Tecnología Industrial. INTI-Procesos Superficiales^pArgentina<|>^aMontserrat, J.^nConsejo Nacional de Investigaciones Científicas y Técnicas. Instituto de Investigaciones en Ingeniería Genética y Biología Molecular “Dr. Héctor N. Torres”^sCONICET-INGEBI^pArgentina<|>^aYbarra, Gabriel Omar^nInstituto Nacional de Tecnología Industrial. INTI-Procesos Superficiales^pArgentina;^aLonginotti, María Gloria^nInstituto Nacional de Tecnología Industrial. INTI-Procesos Superficiales^pArgentina<|>^aMontserrat, J.^nConsejo Nacional de Investigaciones Científicas y Técnicas. Instituto de Investigaciones en Ingeniería Genética y Biología Molecular “Dr. Héctor N. Torres”^sCONICET-INGEBI^pArgentina<|>^aYbarra, Gabriel Omar^nInstituto Nacional de Tecnología Industrial. INTI-Procesos Superficiales^pArgentina
049862;v22_Autor_personal;Carfagnini, Mariana<|>Takashima, C.<|>Di Mauro, Sandra Matilde<|>Saralegui, Santiago<|>Dionicio, Alejandra Victoria<|>Pacheco, R.;Carfagnini, Mariana<|>Takashima, Cecilia Noemí<|>Di Mauro, Sandra Matilde<|>Saralegui, Santiago<|>Dionicio, Alejandra Victoria<|>Pacheco, R.
049862;v26_Afiliacion_del_autor;^aCarfagnini, Mariana^nInstituto Nacional de Tecnología Industrial. INTI-Textiles^pArgentina<|>^aTakashima, C.^nInstituto Nacional de Tecnología Industrial. INTI-Textiles^pArgentina<|>^aDi Mauro, Sandra Matilde^nInstituto Nacional de Tecnología Industrial. INTI-Textiles^pArgentina<|>^aSaralegui, Santiago^nInstituto Nacional de Tecnología Industrial. INTI-Textiles^pArgentina<|>^aDionicio, Alejandra Victoria^nInstituto Nacional de Tecnología Industrial. INTI-Jujuy^pArgentina<|>^aPacheco, R.^nUniversidad Tecnológica Nacional^sUTN^pArgentina;^aCarfagnini, Mariana^nInstituto Nacional de Tecnología Industrial. INTI-Textiles^pArgentina<|>^aTakashima, Cecilia Noemí^nInstituto Nacional de Tecnología Industrial. INTI-Textiles^pArgentina<|>^aDi Mauro, Sandra Matilde^nInstituto Nacional de Tecnología Industrial. INTI-Textiles^pArgentina<|>^aSaralegui, Santiago^nInstituto Nacional de Tecnología Industrial. INTI-Textiles^pArgentina<|>^aDionicio, Alejandra Victoria^nInstituto Nacional de Tecnología Industrial. INTI-Jujuy^pArgentina<|>^aPacheco, R.^nUniversidad Tecnológica Nacional^sUTN^pArgentina
049863;v22_Autor_personal;Carfagnini, Mariana<|>Takashima, C.<|>Di Mauro, Sandra Matilde<|>Saralegui, Santiago<|>Pacheco, R.<|>Szombach, J.<|>Riu, F.<|>Tribiño, Gerardo Luis;Carfagnini, Mariana<|>Takashima, Cecilia Noemí<|>Di Mauro, Sandra Matilde<|>Saralegui, Santiago<|>Pacheco, R.<|>Szombach, Juan Ignacio<|>Riu, F.<|>Tribiño, Gerardo Luis
049863;v26_Afiliacion_del_autor;^aCarfagnini, Mariana^nInstituto Nacional de Tecnología Industrial. INTI-Textiles^pArgentina<|>^aTakashima, C.^nInstituto Nacional de Tecnología Industrial. INTI-Textiles^pArgentina<|>^aDi Mauro, Sandra Matilde^nInstituto Nacional de Tecnología Industrial. INTI-Textiles^pArgentina<|>^aSaralegui, Santiago^nInstituto Nacional de Tecnología Industrial. INTI-Textiles^pArgentina<|>^aPacheco, R.^nUniversidad Tecnológica Nacional^sUTN^pArgentina<|>^aSzombach, J.^nInstituto Nacional de Tecnología Industrial. INTI-Mecánica^pArgentina<|>^aRiu, F.^nInstituto Nacional de Tecnología Industrial. INTI-Mecánica^pArgentina<|>^aTribiño, Gerardo Luis^nInstituto Nacional de Tecnología Industrial. INTI-Mecánica^pArgentina;^aCarfagnini, Mariana^nInstituto Nacional de Tecnología Industrial. INTI-Textiles^pArgentina<|>^aTakashima, Cecilia Noemí^nInstituto Nacional de Tecnología Industrial. INTI-Textiles^pArgentina<|>^aDi Mauro, Sandra Matilde^nInstituto Nacional de Tecnología Industrial. INTI-Textiles^pArgentina<|>^aSaralegui, Santiago^nInstituto Nacional de Tecnología Industrial. INTI-Textiles^pArgentina<|>^aPacheco, R.^nUniversidad Tecnológica Nacional^sUTN^pArgentina<|>^aSzombach, Juan Ignacio^nInstituto Nacional de Tecnología Industrial. INTI-Mecánica^pArgentina<|>^aRiu, F.^nInstituto Nacional de Tecnología Industrial. INTI-Mecánica^pArgentina<|>^aTribiño, Gerardo Luis^nInstituto Nacional de Tecnología Industrial. INTI-Mecánica^pArgentina
049864;v22_Autor_personal;Carfagnini, Mariana<|>Takashima, C.<|>Di Mauro, Sandra Matilde<|>Saralegui, Santiago<|>Pacheco, R.<|>Enciso, H.<|>Bezzi, Walter<|>Marino, P.<|>Passalacqua, C.<|>Correa, A.;Carfagnini, Mariana<|>Takashima, Cecilia Noemí<|>Di Mauro, Sandra Matilde<|>Saralegui, Santiago<|>Pacheco, R.<|>Enciso, H.<|>Bezzi, Walter<|>Marino, Patricia Noemí<|>Passalacqua, C.<|>Correa, A.
049864;v26_Afiliacion_del_autor;^aCarfagnini, Mariana^nInstituto Nacional de Tecnología Industrial. INTI-Textiles^pArgentina<|>^aTakashima, C.^nInstituto Nacional de Tecnología Industrial. INTI-Textiles^pArgentina<|>^aDi Mauro, Sandra Matilde^nInstituto Nacional de Tecnología Industrial. INTI-Textiles^pArgentina<|>^aSaralegui, Santiago^nInstituto Nacional de Tecnología Industrial. INTI-Textiles^pArgentina<|>^aPacheco, R.^nUniversidad Tecnológica Nacional^sUTN^pArgentina<|>^aEnciso, H.^nInstituto Nacional de Tecnología Industrial. INTI-Textiles^pArgentina<|>^aBezzi, Walter^nInstituto Nacional de Tecnología Industrial. INTI-Textiles^pArgentina<|>^aMarino, P.^nInstituto Nacional de Tecnología Industrial. INTI-Textiles^pArgentina<|>^aPassalacqua, C.^nInstituto Nacional de Tecnología Industrial. INTI-Jujuy^pArgentina<|>^aCorrea, A.^nArgentina. Ministerio de Agroindustria^pArgentina;^aCarfagnini, Mariana^nInstituto Nacional de Tecnología Industrial. INTI-Textiles^pArgentina<|>^aTakashima, Cecilia Noemí^nInstituto Nacional de Tecnología Industrial. INTI-Textiles^pArgentina<|>^aDi Mauro, Sandra Matilde^nInstituto Nacional de Tecnología Industrial. INTI-Textiles^pArgentina<|>^aSaralegui, Santiago^nInstituto Nacional de Tecnología Industrial. INTI-Textiles^pArgentina<|>^aPacheco, R.^nUniversidad Tecnológica Nacional^sUTN^pArgentina<|>^aEnciso, H.^nInstituto Nacional de Tecnología Industrial. INTI-Textiles^pArgentina<|>^aBezzi, Walter^nInstituto Nacional de Tecnología Industrial. INTI-Textiles^pArgentina<|>^aMarino, Patricia Noemí^nInstituto Nacional de Tecnología Industrial. INTI-Textiles^pArgentina<|>^aPassalacqua, C.^nInstituto Nacional de Tecnología Industrial. INTI-Jujuy^pArgentina<|>^aCorrea, A.^nArgentina. Ministerio de Agroindustria^pArgentina
049865;v22_Autor_personal;Agnello, Julio Martín<|>Benítez, A.<|>Rillos, Graciela Elba<|>Ezpeleta, M.<|>Lemme, N.<|>Moretti, Juan Manuel<|>Pérez, R.;Agnello, Julio Martín<|>Benítez, Graciela Alejandra<|>Rillos, Graciela Elba<|>Ezpeleta, M.<|>Lemme, N.<|>Moretti, Juan Manuel<|>Pérez, R.
049865;v26_Afiliacion_del_autor;^aAgnello, Julio Martín^nInstituto Nacional de Tecnología Industrial. INTI-Construcciones^pArgentina<|>^aBenítez, A.^nInstituto Nacional de Tecnología Industrial. INTI-Construcciones^pArgentina<|>^aRillos, Graciela Elba^nInstituto Nacional de Tecnología Industrial. INTI-Construcciones^pArgentina<|>^aEzpeleta, M.^nInstituto Nacional de Tecnología Industrial. INTI-Electrónica e Informática^pArgentina<|>^aLemme, N.^nInstituto Nacional de Tecnología Industrial. INTI-Electrónica e Informática^pArgentina<|>^aMoretti, Juan Manuel^nInstituto Nacional de Tecnología Industrial. INTI-Electrónica e Informática^pArgentina<|>^aPérez, R.^nInstituto Nacional de Tecnología Industrial. INTI-Electrónica e Informática^pArgentina;^aAgnello, Julio Martín^nInstituto Nacional de Tecnología Industrial. INTI-Construcciones^pArgentina<|>^aBenítez, Graciela Alejandra^nInstituto Nacional de Tecnología Industrial. INTI-Construcciones^pArgentina<|>^aRillos, Graciela Elba^nInstituto Nacional de Tecnología Industrial. INTI-Construcciones^pArgentina<|>^aEzpeleta, M.^nInstituto Nacional de Tecnología Industrial. INTI-Electrónica e Informática^pArgentina<|>^aLemme, N.^nInstituto Nacional de Tecnología Industrial. INTI-Electrónica e Informática^pArgentina<|>^aMoretti, Juan Manuel^nInstituto Nacional de Tecnología Industrial. INTI-Electrónica e Informática^pArgentina<|>^aPérez, R.^nInstituto Nacional de Tecnología Industrial. INTI-Electrónica e Informática^pArgentina
049867;v22_Autor_personal;Baretta, Luis Rubén<|>Rosso, J.<|>Martínez, L.<|>Abate, Germán Rubén<|>Martínez Krahmer, Daniel Osvaldo<|>Pérez, D.<|>Martynenko, Vitaliy;Baretta, Luis Rubén<|>Rosso, J.<|>Martínez, L.<|>Abate, Germán Rubén<|>Martínez Krahmer, Daniel Osvaldo<|>Pérez, Daniela Joana<|>Martynenko, Vitaliy
049867;v26_Afiliacion_del_autor;^aBaretta, Luis Rubén^nInstituto Nacional de Tecnología Industrial. INTI-Extensión y Desarrollo^pArgentina<|>^aRosso, J.^nInstituto Nacional de Tecnología Industrial. INTI-Extensión y Desarrollo^pArgentina<|>^aMartínez, L.^nInstituto Nacional de Tecnología Industrial. INTI-Extensión y Desarrollo^pArgentina<|>^aAbate, Germán Rubén^nInstituto Nacional de Tecnología Industrial. INTI-Mecánica^pArgentina<|>^aMartínez Krahmer, Daniel Osvaldo^nInstituto Nacional de Tecnología Industrial. INTI-Mecánica^pArgentina<|>^aPérez, D.^nInstituto Nacional de Tecnología Industrial. INTI-Mecánica^pArgentina<|>^aMartynenko, Vitaliy^nInstituto Nacional de Tecnología Industrial. INTI-Mecánica^pArgentina;^aBaretta, Luis Rubén^nInstituto Nacional de Tecnología Industrial. INTI-Extensión y Desarrollo^pArgentina<|>^aRosso, J.^nInstituto Nacional de Tecnología Industrial. INTI-Extensión y Desarrollo^pArgentina<|>^aMartínez, L.^nInstituto Nacional de Tecnología Industrial. INTI-Extensión y Desarrollo^pArgentina<|>^aAbate, Germán Rubén^nInstituto Nacional de Tecnología Industrial. INTI-Mecánica^pArgentina<|>^aMartínez Krahmer, Daniel Osvaldo^nInstituto Nacional de Tecnología Industrial. INTI-Mecánica^pArgentina<|>^aPérez, Daniela Joana^nInstituto Nacional de Tecnología Industrial. INTI-Mecánica^pArgentina<|>^aMartynenko, Vitaliy^nInstituto Nacional de Tecnología Industrial. INTI-Mecánica^pArgentina
049868;v22_Autor_personal;Benítez, A.<|>Agnello, Julio Martín<|>Ruiz, Adrián Alejandro;Benítez, Graciela Alejandra<|>Agnello, Julio Martín<|>Ruiz, Adrián Alejandro
049868;v26_Afiliacion_del_autor;^aBenítez, A.^nInstituto Nacional de Tecnología Industrial. INTI-Construcciones^pArgentina<|>^aAgnello, Julio Martín^nInstituto Nacional de Tecnología Industrial. INTI-Construcciones^pArgentina<|>^aRuiz, A.A.^nInstituto Nacional de Tecnología Industrial. INTI-Construcciones^pArgentina;^aBenítez, Graciela Alejandra^nInstituto Nacional de Tecnología Industrial. INTI-Construcciones^pArgentina<|>^aAgnello, Julio Martín^nInstituto Nacional de Tecnología Industrial. INTI-Construcciones^pArgentina<|>^aRuiz, Adrián Alejandro^nInstituto Nacional de Tecnología Industrial. INTI-Construcciones^pArgentina
049875;v22_Autor_personal;Agnello, Julio Martín<|>Benítez, A.;Agnello, Julio Martín<|>Benítez, Graciela Alejandra
049875;v26_Afiliacion_del_autor;^aAgnello, Julio Martín^nInstituto Nacional de Tecnología Industrial. INTI-Construcciones^pArgentina<|>^aBenítez, A.^nInstituto Nacional de Tecnología Industrial. INTI-Construcciones^pArgentina;^aAgnello, Julio Martín^nInstituto Nacional de Tecnología Industrial. INTI-Construcciones^pArgentina<|>^aBenítez, Graciela Alejandra^nInstituto Nacional de Tecnología Industrial. INTI-Construcciones^pArgentina
049907;v22_Autor_personal;Iannelli, L.<|>Bezzo, E.J.<|>Bermejo, A.P.<|>Cozza, L.<|>Fiora, J.A.<|>Niño, J.A.<|>Prieto, R.<|>Romero, P.<|>Gil, S.;Iannelli, L.<|>Bezzo, E.J.<|>Bermejo, A.P.<|>Cozza, L.<|>Fiora, J.A.<|>Niño, Jorge Andrés<|>Prieto, R.<|>Romero, P.<|>Gil, S.
049907;v26_Afiliacion_del_autor;^aIannelli, L.^nUniversidad Nacional de San Martín^sUNSAM^lBuenos Aires^pAR<|>^aBezzo, E.J.^nEnte Nacional Regulador del Gas^sENARGAS^lBuenos Aires^pAR<|>^aBermejo, A.P.^nInstituto Nacional de Tecnología Industrial^sINTI-Energía^lBuenos Aires^pAR<|>^aCozza, L.^nInstituto Nacional de Tecnología Industrial^sINTI-Energía^lBuenos Aires^pAR<|>^aFiora, J.A.^nInstituto Nacional de Tecnología Industrial^sINTI-Energía^lBuenos Aires^pAR<|>^aNiño, J.A.^nInstituto Nacional de Tecnología Industrial^sINTI-Energía^lBuenos Aires^pAR<|>^aPrieto, R.^nEnte Nacional Regulador del Gas^sENARGAS^lBuenos Aires^pAR<|>^aRomero, P.^nInstituto Nacional de Tecnología Industrial^sINTI-Energía^lBuenos Aires^pAR<|>^aGil, S.^nInstituto Nacional de Tecnología Industrial^sINTI-Energía^lBuenos Aires^pAR;^aIannelli, L.^nUniversidad Nacional de San Martín^sUNSAM^lBuenos Aires^pAR<|>^aBezzo, E.J.^nEnte Nacional Regulador del Gas^sENARGAS^lBuenos Aires^pAR<|>^aBermejo, A.P.^nInstituto Nacional de Tecnología Industrial^sINTI-Energía^lBuenos Aires^pAR<|>^aCozza, L.^nInstituto Nacional de Tecnología Industrial^sINTI-Energía^lBuenos Aires^pAR<|>^aFiora, J.A.^nInstituto Nacional de Tecnología Industrial^sINTI-Energía^lBuenos Aires^pAR<|>^aNiño, Jorge Andrés^nInstituto Nacional de Tecnología Industrial^sINTI-Energía^lBuenos Aires^pAR<|>^aPrieto, R.^nEnte Nacional Regulador del Gas^sENARGAS^lBuenos Aires^pAR<|>^aRomero, P.^nInstituto Nacional de Tecnología Industrial^sINTI-Energía^lBuenos Aires^pAR<|>^aGil, S.^nInstituto Nacional de Tecnología Industrial^sINTI-Energía^lBuenos Aires^pAR
049908;v22_Autor_personal;Díaz, L.A.<|>Corti, H.R.;Díaz, Liliana Analía<|>Corti, H.R.
049908;v26_Afiliacion_del_autor;^aDíaz, L.A.^nInstituto Nacional de Tecnología Industrial^sINTI-Procesos Superficiales^lBuenos Aires^pAR<|>^aCorti, H.R.^nComisión Nacional de Energía Atómica. Grupo de Celdas de combustible^sCNEA-CAC^lBuenos Aires^pAR;^aDíaz, Liliana Analía^nInstituto Nacional de Tecnología Industrial^sINTI-Procesos Superficiales^lBuenos Aires^pAR<|>^aCorti, H.R.^nComisión Nacional de Energía Atómica. Grupo de Celdas de combustible^sCNEA-CAC^lBuenos Aires^pAR
049910;v22_Autor_personal;Zappa, Andrés Enrique<|>Duzdevich, Juan Pablo<|>Martín, G.<|>Álvarez, L.<|>Oses, A.;Zappa, Andrés Enrique<|>Duzdevich, Juan Pablo<|>Martín, G.<|>Álvarez, Lucía<|>Oses, A.
049910;v26_Afiliacion_del_autor;^aZappa, Andrés Enrique^nInstituto Nacional de Tecnología Industrial^sINTI-Neuquén^lNeuquén^pAR<|>^aDuzdevich, Juan Pablo^nInstituto Nacional de Tecnología Industrial^sINTI-Neuquén^lNeuquén^pAR<|>^aMartín, G.^nInstituto Nacional de Tecnología Industrial^sINTI-Neuquén^lNeuquén^pAR<|>^aÁlvarez, L.^nInstituto Nacional de Tecnología Industrial^sINTI-Neuquén^lNeuquén^pAR<|>^aOses, A.^nInstituto Nacional de Tecnología Industrial^sINTI-Neuquén^lNeuquén^pAR;^aZappa, Andrés Enrique^nInstituto Nacional de Tecnología Industrial^sINTI-Neuquén^lNeuquén^pAR<|>^aDuzdevich, Juan Pablo^nInstituto Nacional de Tecnología Industrial^sINTI-Neuquén^lNeuquén^pAR<|>^aMartín, G.^nInstituto Nacional de Tecnología Industrial^sINTI-Neuquén^lNeuquén^pAR<|>^aÁlvarez, Lucía^nInstituto Nacional de Tecnología Industrial^sINTI-Neuquén^lNeuquén^pAR<|>^aOses, A.^nInstituto Nacional de Tecnología Industrial^sINTI-Neuquén^lNeuquén^pAR
049915;v22_Autor_personal;Cordi, Pablo Martín<|>Gil, G.<|>Valente, S.<|>Ceballos, Jorge Ceferino<|>Pintos, M.<|>Elvira, G.;Cordi, Pablo Martín<|>Gil, G.<|>Valente, Sebastián Leonardo<|>Ceballos, Jorge Ceferino<|>Pintos, M.<|>Elvira, G.
049918;v22_Autor_personal;Cordi, Pablo Martín<|>Valente, S.;Cordi, Pablo Martín<|>Valente, Sebastián Leonardo
049918;v26_Afiliacion_del_autor;^aCordi, Pablo Martín^nInstituto Nacional de Tecnología Industrial^sINTI-Ambiente^lBuenos Aires^pAR<|>^aValente, S.^nInstituto Nacional de Tecnología Industrial^sINTI-Ambiente^lBuenos Aires^pAR;^aCordi, Pablo Martín^nInstituto Nacional de Tecnología Industrial^sINTI-Ambiente^lBuenos Aires^pAR<|>^aValente, Sebastián Leonardo^nInstituto Nacional de Tecnología Industrial^sINTI-Ambiente^lBuenos Aires^pAR
049919;v22_Autor_personal;Cordi, Pablo Martín<|>Valente, S.;Cordi, Pablo Martín<|>Valente, Sebastián Leonardo
049919;v26_Afiliacion_del_autor;^aCordi, Pablo Martín^nInstituto Nacional de Tecnología Industrial^sINTI-Ambiente^lBuenos Aires^pAR<|>^aValente, S.^nInstituto Nacional de Tecnología Industrial^sINTI-Ambiente^lBuenos Aires^pAR;^aCordi, Pablo Martín^nInstituto Nacional de Tecnología Industrial^sINTI-Ambiente^lBuenos Aires^pAR<|>^aValente, Sebastián Leonardo^nInstituto Nacional de Tecnología Industrial^sINTI-Ambiente^lBuenos Aires^pAR
049920;v22_Autor_personal;Valente, S.<|>Gil, G.;Valente, Sebastián Leonardo<|>Gil, G.
049920;v26_Afiliacion_del_autor;^aValente, S.^nInstituto Nacional de Tecnología Industrial^sINTI-Ambiente^lBuenos Aires^pAR<|>^aGil, G.^nInstituto Nacional de Tecnología Industrial^sINTI-Ambiente^lBuenos Aires^pAR;^aValente, Sebastián Leonardo^nInstituto Nacional de Tecnología Industrial^sINTI-Ambiente^lBuenos Aires^pAR<|>^aGil, G.^nInstituto Nacional de Tecnología Industrial^sINTI-Ambiente^lBuenos Aires^pAR
049922;v22_Autor_personal;Casais, J.L.<|>Schweitzer, D.A.;Casais, José Luis<|>Schweitzer, D.A.
049922;v26_Afiliacion_del_autor;^aCasais, J.L.^nInstituto Nacional de Tecnología Industrial^sINTI-Física y Metrología^lBuenos Aires^pAR<|>^aSchweitzer, D.A.^nInstituto Nacional de Tecnología Industrial^sINTI-Física y Metrología^lBuenos Aires^pAR;^aCasais, José Luis^nInstituto Nacional de Tecnología Industrial^sINTI-Física y Metrología^lBuenos Aires^pAR<|>^aSchweitzer, D.A.^nInstituto Nacional de Tecnología Industrial^sINTI-Física y Metrología^lBuenos Aires^pAR
049924;v22_Autor_personal;Silva, H.<|>Monasterios, G.<|>Tempone, N.<|>Henze, A.;Silva, Hernándo Damián<|>Monasterios, G.<|>Tempone, N.<|>Henze, A.
049924;v26_Afiliacion_del_autor;^aSilva, H.^nInstituto Nacional de Tecnología Industrial^sINTI-Electrónica e Informática^lBuenos Aires^pAR<|>^aMonasterios, G.^nInstituto Nacional de Tecnología Industrial^sINTI-Electrónica e Informática^lBuenos Aires^pAR<|>^aTempone, N.^nInstituto Nacional de Tecnología Industrial^sINTI-Electrónica e Informática^lBuenos Aires^pAR<|>^aHenze, A.^nInstituto Nacional de Tecnología Industrial^sINTI-Electrónica e Informática^lBuenos Aires^pAR;^aSilva, Hernándo Damián^nInstituto Nacional de Tecnología Industrial^sINTI-Electrónica e Informática^lBuenos Aires^pAR<|>^aMonasterios, G.^nInstituto Nacional de Tecnología Industrial^sINTI-Electrónica e Informática^lBuenos Aires^pAR<|>^aTempone, N.^nInstituto Nacional de Tecnología Industrial^sINTI-Electrónica e Informática^lBuenos Aires^pAR<|>^aHenze, A.^nInstituto Nacional de Tecnología Industrial^sINTI-Electrónica e Informática^lBuenos Aires^pAR
049933;v22_Autor_personal;Benítez, A.<|>Anfossi, Lionel Alexis<|>Puglisi, C.<|>Forastieri, S.<|>Mastromónaco, Gladys Miriam;Benítez, Graciela Alejandra<|>Anfossi, Lionel Alexis<|>Puglisi, C.<|>Forastieri, S.<|>Mastromónaco, Gladys Miriam
049933;v26_Afiliacion_del_autor;^aBenítez, A.^nInstituto Nacional de Tecnología Industrial^sINTI-Construcciones^lBuenos Aires^pAR<|>^aAnfossi, Lionel Alexis^nInstituto Nacional de Tecnología Industrial^sINTI-Construcciones^lBuenos Aires^pAR<|>^aPuglisi, C.^nInstituto Nacional de Tecnología Industrial^sINTI-SAI^lBuenos Aires^pAR<|>^aForastieri, S.^nInstituto Nacional de Tecnología Industrial^sINTI-SAI^lBuenos Aires^pAR<|>^aMastromónaco, Gladys Miriam^nInstituto Nacional de Tecnología Industrial^sINTI-SAI^lBuenos Aires^pAR;^aBenítez, Graciela Alejandra^nInstituto Nacional de Tecnología Industrial^sINTI-Construcciones^lBuenos Aires^pAR<|>^aAnfossi, Lionel Alexis^nInstituto Nacional de Tecnología Industrial^sINTI-Construcciones^lBuenos Aires^pAR<|>^aPuglisi, C.^nInstituto Nacional de Tecnología Industrial^sINTI-SAI^lBuenos Aires^pAR<|>^aForastieri, S.^nInstituto Nacional de Tecnología Industrial^sINTI-SAI^lBuenos Aires^pAR<|>^aMastromónaco, Gladys Miriam^nInstituto Nacional de Tecnología Industrial^sINTI-SAI^lBuenos Aires^pAR
049934;v22_Autor_personal;Casais, J.L.<|>Pecorelli, M.;Casais, José Luis<|>Pecorelli, M.
049934;v26_Afiliacion_del_autor;^aCasais, J.L.^nInstituto Nacional de Tecnología Industrial^sINTI-Física y Metrología^lBuenos Aires^pAR<|>^aPecorelli, M.^nInstituto Nacional de Tecnología Industrial^sINTI-Física y Metrología^lBuenos Aires^pAR;^aCasais, José Luis^nInstituto Nacional de Tecnología Industrial^sINTI-Física y Metrología^lBuenos Aires^pAR<|>^aPecorelli, M.^nInstituto Nacional de Tecnología Industrial^sINTI-Física y Metrología^lBuenos Aires^pAR
049936;v22_Autor_personal;Beer, Ethel Mariana<|>Álvarez, L.<|>Bastida, Karina Beatriz<|>Giarmana, G.;Beer, Ethel Mariana<|>Álvarez, Lucía<|>Bastida, Karina Beatriz<|>Giarmana, G.
049936;v26_Afiliacion_del_autor;^aBeer, Ethel Mariana^nInstituto Nacional de Tecnología Industrial^sINTI-Física y Metrología^lBuenos Aires^pAR<|>^aÁlvarez, L.^nInstituto Nacional de Tecnología Industrial^sINTI-Física y Metrología^lBuenos Aires^pAR<|>^aBastida, Karina Beatriz^nInstituto Nacional de Tecnología Industrial^sINTI-Física y Metrología^lBuenos Aires^pAR<|>^aGiarmana, G.^nInstituto Nacional de Tecnología Industrial^sINTI-Física y Metrología^lBuenos Aires^pAR;^aBeer, Ethel Mariana^nInstituto Nacional de Tecnología Industrial^sINTI-Física y Metrología^lBuenos Aires^pAR<|>^aÁlvarez, Lucía^nInstituto Nacional de Tecnología Industrial^sINTI-Física y Metrología^lBuenos Aires^pAR<|>^aBastida, Karina Beatriz^nInstituto Nacional de Tecnología Industrial^sINTI-Física y Metrología^lBuenos Aires^pAR<|>^aGiarmana, G.^nInstituto Nacional de Tecnología Industrial^sINTI-Física y Metrología^lBuenos Aires^pAR
049937;v22_Autor_personal;Álvarez, L.<|>Bastida, Karina Beatriz<|>Yapur, Fernando Gabriel;Álvarez, Lucía<|>Bastida, Karina Beatriz<|>Yapur, Fernando Gabriel
049937;v26_Afiliacion_del_autor;^aÁlvarez, L.^nInstituto Nacional de Tecnología Industrial^sINTI-Física y Metrología^lBuenos Aires^pAR<|>^aBastida, Karina Beatriz^nInstituto Nacional de Tecnología Industrial^sINTI-Física y Metrología^lBuenos Aires^pAR<|>^aYapur, Fernando Gabriel^nInstituto Nacional de Tecnología Industrial^sINTI-Física y Metrología^lBuenos Aires^pAR;^aÁlvarez, Lucía^nInstituto Nacional de Tecnología Industrial^sINTI-Física y Metrología^lBuenos Aires^pAR<|>^aBastida, Karina Beatriz^nInstituto Nacional de Tecnología Industrial^sINTI-Física y Metrología^lBuenos Aires^pAR<|>^aYapur, Fernando Gabriel^nInstituto Nacional de Tecnología Industrial^sINTI-Física y Metrología^lBuenos Aires^pAR
049938;v22_Autor_personal;Álvarez, L.<|>Bastida, Karina Beatriz<|>Yapur, Fernando Gabriel;Álvarez, Lucía<|>Bastida, Karina Beatriz<|>Yapur, Fernando Gabriel
049938;v26_Afiliacion_del_autor;^aÁlvarez, L.^nInstituto Nacional de Tecnología Industrial^sINTI-Física y Metrología^lBuenos Aires^pAR<|>^aBastida, Karina Beatriz^nInstituto Nacional de Tecnología Industrial^sINTI-Física y Metrología^lBuenos Aires^pAR<|>^aYapur, Fernando Gabriel^nInstituto Nacional de Tecnología Industrial^sINTI-Física y Metrología^lBuenos Aires^pAR;^aÁlvarez, Lucía^nInstituto Nacional de Tecnología Industrial^sINTI-Física y Metrología^lBuenos Aires^pAR<|>^aBastida, Karina Beatriz^nInstituto Nacional de Tecnología Industrial^sINTI-Física y Metrología^lBuenos Aires^pAR<|>^aYapur, Fernando Gabriel^nInstituto Nacional de Tecnología Industrial^sINTI-Física y Metrología^lBuenos Aires^pAR
049941;v22_Autor_personal;Planes, E.<|>Bensignor, Judith<|>Samter, Paula Marcela<|>Storino, A.<|>Parise, C.;Planes, E.<|>Bensignor, Judith<|>Samter, Paula Marcela<|>Storino, Alejandra Valeria<|>Parise, C.
049941;v26_Afiliacion_del_autor;^aPlanes, E.^nInstituto Nacional de Tecnología Industrial^sINTI-Química^lBuenos Aires^pAR<|>^aBensignor, Judith^nInstituto Nacional de Tecnología Industrial^sINTI-Química^lBuenos Aires^pAR<|>^aSamter, Paula Marcela^nInstituto Nacional de Tecnología Industrial^sINTI-Química^lBuenos Aires^pAR<|>^aStorino, A.^nInstituto Nacional de Tecnología Industrial^sINTI-Química^lBuenos Aires^pAR<|>^aParise, C.^nInstituto Nacional de Tecnología Industrial^sINTI-Química^lBuenos Aires^pAR;^aPlanes, E.^nInstituto Nacional de Tecnología Industrial^sINTI-Química^lBuenos Aires^pAR<|>^aBensignor, Judith^nInstituto Nacional de Tecnología Industrial^sINTI-Química^lBuenos Aires^pAR<|>^aSamter, Paula Marcela^nInstituto Nacional de Tecnología Industrial^sINTI-Química^lBuenos Aires^pAR<|>^aStorino, Alejandra Valeria^nInstituto Nacional de Tecnología Industrial^sINTI-Química^lBuenos Aires^pAR<|>^aParise, C.^nInstituto Nacional de Tecnología Industrial^sINTI-Química^lBuenos Aires^pAR
049950;v22_Autor_personal;Planes, E.<|>Bensignor, Judith<|>Samter, Paula Marcela<|>Storino, A.<|>Parise, C.<|>Poliszuk, A.<|>Pinto, M.<|>Moina, Carlos Alberto;Planes, E.<|>Bensignor, Judith<|>Samter, Paula Marcela<|>Storino, Alejandra Valeria<|>Parise, C.<|>Poliszuk, A.<|>Pinto, M.<|>Moina, Carlos Alberto
049951;v22_Autor_personal;Fiora, J.<|>Mahmud, Z.A.<|>Valentini, C.R.;Fiora, J.<|>Mahmud, Zulema Ángela<|>Valentini, Cristobal Ramón
049951;v26_Afiliacion_del_autor;^aFiora, J.^nInstituto Nacional de Tecnología Industrial^sINTI-Energía^lBuenos Aires^pAR<|>^aMahmud, Z.A.^nInstituto Nacional de Tecnología Industrial^sINTI-Procesos Superficiales^lBuenos Aires^pAR<|>^aValentini, C.R.^nInstituto Nacional de Tecnología Industrial^sINTI-Mecánica^lBuenos Aires^pAR;^aFiora, J.^nInstituto Nacional de Tecnología Industrial^sINTI-Energía^lBuenos Aires^pAR<|>^aMahmud, Zulema Ángela^nInstituto Nacional de Tecnología Industrial^sINTI-Procesos Superficiales^lBuenos Aires^pAR<|>^aValentini, Cristobal Ramón^nInstituto Nacional de Tecnología Industrial^sINTI-Mecánica^lBuenos Aires^pAR
049958;v22_Autor_personal;Lloret, P.<|>Longinotti, G.<|>Moina, Carlos Alberto<|>Ybarra, Gabriel Omar;Lloret, P.<|>Longinotti, María Gloria<|>Moina, Carlos Alberto<|>Ybarra, Gabriel Omar
049958;v26_Afiliacion_del_autor;^aLloret, P.^nInstituto Nacional de Tecnología Industrial^sINTI-Procesos Superficiales^lBuenos Aires^pAR<|>^aLonginotti, G.^nInstituto Nacional de Tecnología Industrial^sINTI-Procesos Superficiales^lBuenos Aires^pAR<|>^aMoina, Carlos Alberto^nInstituto Nacional de Tecnología Industrial^sINTI-Procesos Superficiales^lBuenos Aires^pAR<|>^aYbarra, Gabriel Omar^nInstituto Nacional de Tecnología Industrial^sINTI-Procesos Superficiales^lBuenos Aires^pAR;^aLloret, P.^nInstituto Nacional de Tecnología Industrial^sINTI-Procesos Superficiales^lBuenos Aires^pAR<|>^aLonginotti, María Gloria^nInstituto Nacional de Tecnología Industrial^sINTI-Procesos Superficiales^lBuenos Aires^pAR<|>^aMoina, Carlos Alberto^nInstituto Nacional de Tecnología Industrial^sINTI-Procesos Superficiales^lBuenos Aires^pAR<|>^aYbarra, Gabriel Omar^nInstituto Nacional de Tecnología Industrial^sINTI-Procesos Superficiales^lBuenos Aires^pAR
049960;v22_Autor_personal;De la Concepción María, V.L.<|>Lorusso, Hernán Norberto<|>Svoboda, Hernán Gabriel;De La Concepción María, Valeria Luján<|>Lorusso, Hernán Norberto<|>Svoboda, Hernán Gabriel
049960;v26_Afiliacion_del_autor;^aDe la Concepción María, V.L.^nInstituto Nacional de Tecnología Industrial^sINTI-Mecánica^lBuenos Aires^pAR<|>^aLorusso, Hernán Norberto^nInstituto Nacional de Tecnología Industrial^sINTI-Mecánica^lBuenos Aires^pAR<|>^aSvoboda, Hernán Gabriel^nUniversidad de Buenos Aires. Facultad de Ingeniería. Instituto de Tecnologías y Ciencias de la Ingeniería Hilario Fernández Long^sUBA-FI-INTECIN^lBuenos Aires^pAR;^aDe La Concepción María, Valeria Luján^nInstituto Nacional de Tecnología Industrial^sINTI-Mecánica^lBuenos Aires^pAR<|>^aLorusso, Hernán Norberto^nInstituto Nacional de Tecnología Industrial^sINTI-Mecánica^lBuenos Aires^pAR<|>^aSvoboda, Hernán Gabriel^nUniversidad de Buenos Aires. Facultad de Ingeniería. Instituto de Tecnologías y Ciencias de la Ingeniería Hilario Fernández Long^sUBA-FI-INTECIN^lBuenos Aires^pAR
049961;v22_Autor_personal;Tufaro, L.N.<|>Svoboda, Hernán Gabriel;Tufaro, Leonardo Nicolás<|>Svoboda, Hernán Gabriel
049961;v26_Afiliacion_del_autor;^aTufaro, L.N.^nInstituto Nacional de Tecnología Industrial^sINTI-Mecánica^lBuenos Aires^pAR<|>^aSvoboda, Hernán Gabriel^nUniversidad de Buenos Aires. Facultad de Ingeniería. Instituto de Tecnologías y Ciencias de la Ingeniería Hilario Fernández Long^sUBA-FI-INTECIN^lBuenos Aires^pAR;^aTufaro, Leonardo Nicolás^nInstituto Nacional de Tecnología Industrial^sINTI-Mecánica^lBuenos Aires^pAR<|>^aSvoboda, Hernán Gabriel^nUniversidad de Buenos Aires. Facultad de Ingeniería. Instituto de Tecnologías y Ciencias de la Ingeniería Hilario Fernández Long^sUBA-FI-INTECIN^lBuenos Aires^pAR
049962;v22_Autor_personal;Tufaro, L.N.<|>Svoboda, Hernán Gabriel;Tufaro, Leonardo Nicolás<|>Svoboda, Hernán Gabriel
049962;v26_Afiliacion_del_autor;^aTufaro, L.N.^nInstituto Nacional de Tecnología Industrial^sINTI-Mecánica^lBuenos Aires^pAR<|>^aSvoboda, Hernán Gabriel^nUniversidad de Buenos Aires. Facultad de Ingeniería. Instituto de Tecnologías y Ciencias de la Ingeniería Hilario Fernández Long^sUBA-FI-INTECIN^lBuenos Aires^pAR;^aTufaro, Leonardo Nicolás^nInstituto Nacional de Tecnología Industrial^sINTI-Mecánica^lBuenos Aires^pAR<|>^aSvoboda, Hernán Gabriel^nUniversidad de Buenos Aires. Facultad de Ingeniería. Instituto de Tecnologías y Ciencias de la Ingeniería Hilario Fernández Long^sUBA-FI-INTECIN^lBuenos Aires^pAR
049963;v22_Autor_personal;Tufaro, L.N.<|>Svoboda, Hernán Gabriel;Tufaro, Leonardo Nicolás<|>Svoboda, Hernán Gabriel
049963;v26_Afiliacion_del_autor;^aTufaro, L.N.^nInstituto Nacional de Tecnología Industrial^sINTI-Mecánica^lBuenos Aires^pAR<|>^aSvoboda, Hernán Gabriel^nUniversidad de Buenos Aires. Facultad de Ingeniería. Instituto de Tecnologías y Ciencias de la Ingeniería Hilario Fernández Long^sUBA-FI-INTECIN^lBuenos Aires^pAR;^aTufaro, Leonardo Nicolás^nInstituto Nacional de Tecnología Industrial^sINTI-Mecánica^lBuenos Aires^pAR<|>^aSvoboda, Hernán Gabriel^nUniversidad de Buenos Aires. Facultad de Ingeniería. Instituto de Tecnologías y Ciencias de la Ingeniería Hilario Fernández Long^sUBA-FI-INTECIN^lBuenos Aires^pAR
049964;v22_Autor_personal;Benítez, A.<|>Polzinetti, Matías Daniel<|>Agnello, Julio Martín;Benítez, Graciela Alejandra<|>Polzinetti, Matías Daniel<|>Agnello, Julio Martín
049964;v26_Afiliacion_del_autor;^aBenítez, A.^nInstituto Nacional de Tecnología Industrial^sINTI-Construcciones^lBuenos Aires^pAR<|>^aPolzinetti, Matías Daniel^nInstituto Nacional de Tecnología Industrial^sINTI-Construcciones^lBuenos Aires^pAR<|>^aAgnello, Julio Martín^nInstituto Nacional de Tecnología Industrial^sINTI-Construcciones^lBuenos Aires^pAR;^aBenítez, Graciela Alejandra^nInstituto Nacional de Tecnología Industrial^sINTI-Construcciones^lBuenos Aires^pAR<|>^aPolzinetti, Matías Daniel^nInstituto Nacional de Tecnología Industrial^sINTI-Construcciones^lBuenos Aires^pAR<|>^aAgnello, Julio Martín^nInstituto Nacional de Tecnología Industrial^sINTI-Construcciones^lBuenos Aires^pAR
049967;v22_Autor_personal;Benítez, A.<|>Polzinetti, Matías Daniel<|>Agnello, Julio Martín;Benítez, Graciela Alejandra<|>Polzinetti, Matías Daniel<|>Agnello, Julio Martín
049967;v26_Afiliacion_del_autor;^aBenítez, A.^nInstituto Nacional de Tecnología Industrial^sINTI-Construcciones^lBuenos Aires^pAR<|>^aPolzinetti, Matías Daniel^nInstituto Nacional de Tecnología Industrial^sINTI-Construcciones^lBuenos Aires^pAR<|>^aAgnello, Julio Martín^nInstituto Nacional de Tecnología Industrial^sINTI-Construcciones^lBuenos Aires^pAR;^aBenítez, Graciela Alejandra^nInstituto Nacional de Tecnología Industrial^sINTI-Construcciones^lBuenos Aires^pAR<|>^aPolzinetti, Matías Daniel^nInstituto Nacional de Tecnología Industrial^sINTI-Construcciones^lBuenos Aires^pAR<|>^aAgnello, Julio Martín^nInstituto Nacional de Tecnología Industrial^sINTI-Construcciones^lBuenos Aires^pAR
049972;v22_Autor_personal;Inocenti, M.C.<|>Escalante, G.<|>Carbonell, A.<|>Rosic, N.<|>Quartino, R.<|>Lenscak, M.<|>Iglesias, N.<|>Gabriel, E.L.<|>Mora, J.<|>Czepulis, J.;Inocenti, María Cristina<|>Escalante, G.<|>Carbonell, A.<|>Rosic, N.<|>Quartino, R.<|>Lenscak, M.<|>Iglesias, N.<|>Gabriel, E.L.<|>Mora, J.<|>Czepulis, J.
049972;v26_Afiliacion_del_autor;^aInocenti, M.C^nInstituto Nacional de Tecnología Industrial^sINTI-Plásticos^lBuenos Aires^pAR.<|>^aEscalante, G.^nInstituto Nacional de Tecnología Industrial^sINTI-Plásticos^lBuenos Aires^pAR<|>^aCarbonell, A.^nInstituto Nacional de Tecnología Industrial^sINTI-Plásticos^lBuenos Aires^pAR<|>^aRosic, N.^nInstituto Nacional de Tecnología Industrial^sINTI-Plásticos^lBuenos Aires^pAR<|>^aQuartino, R.^nInstituto Nacional de Tecnología Industrial^sINTI-Plásticos^lBuenos Aires^pAR<|>^aLenscak, M.^nInstituto Nacional de Tecnología Agropecuaria^sINTA^pAR<|>^aIglesias, N.^nInstituto Nacional de Tecnología Agropecuaria^sINTA^pAR<|>^aGabriel, E.L.^nInstituto Nacional de Tecnología Agropecuaria^sINTA^pAR<|>^aMora, J.^nInstituto Nacional de Tecnología Agropecuaria^sINTA^pAR<|>^aCzepulis, J.^nInstituto Nacional de Tecnología Agropecuaria^sINTA^pAR;^aInocenti, María Cristina^nInstituto Nacional de Tecnología Industrial^sINTI-Plásticos^lBuenos Aires^pAR.<|>^aEscalante, G.^nInstituto Nacional de Tecnología Industrial^sINTI-Plásticos^lBuenos Aires^pAR<|>^aCarbonell, A.^nInstituto Nacional de Tecnología Industrial^sINTI-Plásticos^lBuenos Aires^pAR<|>^aRosic, N.^nInstituto Nacional de Tecnología Industrial^sINTI-Plásticos^lBuenos Aires^pAR<|>^aQuartino, R.^nInstituto Nacional de Tecnología Industrial^sINTI-Plásticos^lBuenos Aires^pAR<|>^aLenscak, M.^nInstituto Nacional de Tecnología Agropecuaria^sINTA^pAR<|>^aIglesias, N.^nInstituto Nacional de Tecnología Agropecuaria^sINTA^pAR<|>^aGabriel, E.L.^nInstituto Nacional de Tecnología Agropecuaria^sINTA^pAR<|>^aMora, J.^nInstituto Nacional de Tecnología Agropecuaria^sINTA^pAR<|>^aCzepulis, J.^nInstituto Nacional de Tecnología Agropecuaria^sINTA^pAR
049976;v22_Autor_personal;Mahmud, Z.A.<|>Pina, J.<|>Mingolo, N.<|>Gassa, L.<|>Gordillo, G.<|>Tulio, Paulo;Mahmud, Zulema Ángela<|>Pina, J.<|>Mingolo, N.<|>Gassa, L.<|>Gordillo, G.<|>Tulio, Paulo
049976;v26_Afiliacion_del_autor;^aMahmud, Z.A.^nInstituto Nacional de Tecnología Industrial^sINTI-Procesos Superficiales^lBuenos Aires^pAR<|>^aPina, J.^nInstituto Nacional de Tecnología Industrial^sINTI-Mecánica^lBuenos Aires^pAR<|>^aMingolo, N.^nComisión Nacional de Energía Atómica^sCNEA^lBuenos Aires^pAR<|>^aGassa, L.^nUniversidad Nacional de La Plata. Facultad de Ciencias Exactas. Instituto de Investigaciones Fisicoquímicas Teóricas y Aplicadas^sUNLP-INIFTA^lLa Plata^pAR<|>^aGordillo, G.^nUniversidad de Buenos Aires. Facultad de Ciencias Exactas y Naturales^sUBA-FCEyN^lBuenos Aires^pAR<|>^aTulio, Paulo^nUniversidad Tecnológica Federal do Paraná^sUTFPR^lParaná^pBR;^aMahmud, Zulema Ángela^nInstituto Nacional de Tecnología Industrial^sINTI-Procesos Superficiales^lBuenos Aires^pAR<|>^aPina, J.^nInstituto Nacional de Tecnología Industrial^sINTI-Mecánica^lBuenos Aires^pAR<|>^aMingolo, N.^nComisión Nacional de Energía Atómica^sCNEA^lBuenos Aires^pAR<|>^aGassa, L.^nUniversidad Nacional de La Plata. Facultad de Ciencias Exactas. Instituto de Investigaciones Fisicoquímicas Teóricas y Aplicadas^sUNLP-INIFTA^lLa Plata^pAR<|>^aGordillo, G.^nUniversidad de Buenos Aires. Facultad de Ciencias Exactas y Naturales^sUBA-FCEyN^lBuenos Aires^pAR<|>^aTulio, Paulo^nUniversidad Tecnológica Federal do Paraná^sUTFPR^lParaná^pBR
049979;v22_Autor_personal;Cattapan, R.<|>Cellerino, Karina<|>Binaghi, M.J.<|>Cinalli, Mariana<|>Cetrangolo, M.<|>Hostench, M.C.<|>Álvarez, Marcela Andrea<|>López, M.C.<|>López, L.;Cattapan, R.<|>Cellerino, Karina<|>Binaghi, María Julieta<|>Cinalli, Mariana<|>Cetrangolo, M.<|>Hostench, M.C.<|>Álvarez, Marcela Andrea<|>López, María Cristina<|>López, L.
049979;v26_Afiliacion_del_autor;^aCattapan, R.^nInstituto Nacional de Tecnología Industrial^sINTI-Agroalimentos^lBuenos Aires^pAR<|>^aCellerino, Karina^nUniversidad de Buenos Aires. Facultad de Farmacia y Bioquímica^sUBA-FFyB^lBuenos Aires^pAR<|>^aBinaghi, M.J.^nUniversidad de Buenos Aires. Facultad de Farmacia y Bioquímica^sUBA-FFyB^lBuenos Aires^pAR<|>^aCinalli, Mariana^nInstituto Nacional de Tecnología Industrial^sINTI-Agroalimentos^lBuenos Aires^pAR<|>^aCetrangolo, M.^nInstituto Nacional de Tecnología Industrial^sINTI-Agroalimentos^lBuenos Aires^pAR<|>^aHostench, M.C.^nInstituto Nacional de Tecnología Industrial^sINTI-Agroalimentos^lBuenos Aires^pAR<|>^aÁlvarez, Marcela Andrea^nInstituto Nacional de Tecnología Industrial^sINTI-Agroalimentos^lBuenos Aires^pAR<|>^aLópez, M.C.^nInstituto Nacional de Tecnología Industrial^sINTI-Agroalimentos^lBuenos Aires^pAR<|>^aLópez, L. B.^nUniversidad de Buenos Aires. Facultad de Farmacia y Bioquímica^sUBA-FFyB^lBuenos Aires^pAR;^aCattapan, R.^nInstituto Nacional de Tecnología Industrial^sINTI-Agroalimentos^lBuenos Aires^pAR<|>^aCellerino, Karina^nUniversidad de Buenos Aires. Facultad de Farmacia y Bioquímica^sUBA-FFyB^lBuenos Aires^pAR<|>^aBinaghi, María Julieta^nUniversidad de Buenos Aires. Facultad de Farmacia y Bioquímica^sUBA-FFyB^lBuenos Aires^pAR<|>^aCinalli, Mariana^nInstituto Nacional de Tecnología Industrial^sINTI-Agroalimentos^lBuenos Aires^pAR<|>^aCetrangolo, M.^nInstituto Nacional de Tecnología Industrial^sINTI-Agroalimentos^lBuenos Aires^pAR<|>^aHostench, M.C.^nInstituto Nacional de Tecnología Industrial^sINTI-Agroalimentos^lBuenos Aires^pAR<|>^aÁlvarez, Marcela Andrea^nInstituto Nacional de Tecnología Industrial^sINTI-Agroalimentos^lBuenos Aires^pAR<|>^aLópez, María Cristina^nInstituto Nacional de Tecnología Industrial^sINTI-Agroalimentos^lBuenos Aires^pAR<|>^aLópez, L. B.^nUniversidad de Buenos Aires. Facultad de Farmacia y Bioquímica^sUBA-FFyB^lBuenos Aires^pAR
049980;v22_Autor_personal;Álvarez, J.<|>Burroni, Laura Valeria<|>Barrera, Verónica Natalia<|>Rivarola, Paula<|>Poldi, Leandro Ariel<|>Zaszczynski, Cristian Gabriel;Alvarez, Julio<|>Burroni, Laura Valeria<|>Barrera, Verónica Natalia<|>Rivarola, Paula<|>Poldi, Leandro Ariel<|>Zaszczynski, Cristian Gabriel
049980;v26_Afiliacion_del_autor;^aÁlvarez, J.^nInstituto Nacional de Tecnología Industrial^sINTI-Córdoba^lCórdoba^pAR<|>^aBurroni, Laura Valeria^nInstituto Nacional de Tecnología Industrial^sINTI-Córdoba^lCórdoba^pAR<|>^aBarrera, Verónica Natalia^nInstituto Nacional de Tecnología Industrial^sINTI-Córdoba^lCórdoba^pAR<|>^aRivarola, Paula^nInstituto Nacional de Tecnología Industrial^sINTI-Córdoba^lCórdoba^pAR<|>^aPoldi, Leandro Ariel^nInstituto Nacional de Tecnología Industrial^sINTI-Córdoba^lCórdoba^pAR<|>^aZaszczynski, Cristian Gabriel^nInstituto Nacional de Tecnología Industrial^sINTI-Córdoba^lCórdoba^pAR;^aAlvarez, Julio^nInstituto Nacional de Tecnología Industrial^sINTI-Córdoba^lCórdoba^pAR<|>^aBurroni, Laura Valeria^nInstituto Nacional de Tecnología Industrial^sINTI-Córdoba^lCórdoba^pAR<|>^aBarrera, Verónica Natalia^nInstituto Nacional de Tecnología Industrial^sINTI-Córdoba^lCórdoba^pAR<|>^aRivarola, Paula^nInstituto Nacional de Tecnología Industrial^sINTI-Córdoba^lCórdoba^pAR<|>^aPoldi, Leandro Ariel^nInstituto Nacional de Tecnología Industrial^sINTI-Córdoba^lCórdoba^pAR<|>^aZaszczynski, Cristian Gabriel^nInstituto Nacional de Tecnología Industrial^sINTI-Córdoba^lCórdoba^pAR
049983;v22_Autor_personal;Bollini, Fernando Rubén<|>Palacios, D.L.<|>Buffa, L.M.<|>Bonecco, M.B.<|>Martínez Sáenz, M.G.;Bollini, Fernando Rubén<|>Palacios, Diego Luis<|>Buffa, Lautaro Martín<|>Bonecco, María Belén<|>Martínez Sáenz, María Guadalupe
049983;v26_Afiliacion_del_autor;^aBollini, Fernando Rubén^nInstituto Nacional de Tecnología Industrial^sINTI-Mar del Plata^lBuenos Aires^pAR<|>^aPalacios, D.L.^nInstituto Nacional de Tecnología Industrial^sINTI-Mar del Plata^lBuenos Aires^pAR<|>^aBuffa, L.M.^nInstituto Nacional de Tecnología Industrial^sINTI-Mar del Plata^lBuenos Aires^pAR<|>^aBonecco, M.B.^nInstituto Nacional de Tecnología Industrial^sINTI-Mar del Plata^lBuenos Aires^pAR<|>^aMartínez Sáenz, M.G.^nInstituto Nacional de Tecnología Industrial^sINTI-Mar del Plata^lBuenos Aires^pAR;^aBollini, Fernando Rubén^nInstituto Nacional de Tecnología Industrial^sINTI-Mar del Plata^lBuenos Aires^pAR<|>^aPalacios, Diego Luis^nInstituto Nacional de Tecnología Industrial^sINTI-Mar del Plata^lBuenos Aires^pAR<|>^aBuffa, Lautaro Martín^nInstituto Nacional de Tecnología Industrial^sINTI-Mar del Plata^lBuenos Aires^pAR<|>^aBonecco, María Belén^nInstituto Nacional de Tecnología Industrial^sINTI-Mar del Plata^lBuenos Aires^pAR<|>^aMartínez Sáenz, María Guadalupe^nInstituto Nacional de Tecnología Industrial^sINTI-Mar del Plata^lBuenos Aires^pAR
049987;v22_Autor_personal;Rodríguez, M.A.<|>Castelli, M.L.<|>Zampatti, M.<|>Gallello, L.<|>Castañeda, Roberto Aníbal;Rodríguez, Matías Agustín<|>Castelli, María Laura<|>Zampatti, Mariela<|>Gallello, L.<|>Castañeda, Roberto Aníbal
049987;v26_Afiliacion_del_autor;^aRodríguez, M.A.^nInstituto Nacional de Tecnología Industrial^sINTI-Lácteos^lBuenos Aires^pAR<|>^aCastelli, M.L.^nInstituto Nacional de Tecnología Industrial^sINTI-Lácteos^lBuenos Aires^pAR<|>^aZampatti, M.^nInstituto Nacional de Tecnología Industrial^sINTI-Lácteos^lBuenos Aires^pAR<|>^aGallello, L.^nInstituto Nacional de Tecnología Industrial^sINTI-Lácteos^lBuenos Aires^pAR<|>^aCastañeda, Roberto Aníbal^nInstituto Nacional de Tecnología Industrial^sINTI-Lácteos^lBuenos Aires^pAR;^aRodríguez, Matías Agustín^nInstituto Nacional de Tecnología Industrial^sINTI-Lácteos^lBuenos Aires^pAR<|>^aCastelli, María Laura^nInstituto Nacional de Tecnología Industrial^sINTI-Lácteos^lBuenos Aires^pAR<|>^aZampatti, Mariela^nInstituto Nacional de Tecnología Industrial^sINTI-Lácteos^lBuenos Aires^pAR<|>^aGallello, L.^nInstituto Nacional de Tecnología Industrial^sINTI-Lácteos^lBuenos Aires^pAR<|>^aCastañeda, Roberto Aníbal^nInstituto Nacional de Tecnología Industrial^sINTI-Lácteos^lBuenos Aires^pAR
049988;v22_Autor_personal;Hostench, M.C.<|>Olmedo, M.C.<|>De Andrade Cattapan, R.<|>Monzón, C.<|>Vivas, Lis Mariana<|>Álvarez, Marcela Andrea;Hostench, M.C.<|>Olmedo, Mariana Cecilia<|>De Andrade Cattapan, R.<|>Monzón, C.<|>Vivas, Lis Mariana<|>Álvarez, Marcela Andrea
049988;v26_Afiliacion_del_autor;^aHostench, M.C.^nInstituto Nacional de Tecnología Industrial^sINTI-Agroalimentos^lBuenos Aires^pAR<|>^aOlmedo, M.C.^nInstituto Nacional de Tecnología Industrial^sINTI-Agroalimentos^lBuenos Aires^pAR<|>^aDe Andrade Cattapan, R.^nInstituto Nacional de Tecnología Industrial^sINTI-Agroalimentos^lBuenos Aires^pAR<|>^aMonzón, C.^nInstituto Nacional de Tecnología Industrial^sINTI-Agroalimentos^lBuenos Aires^pAR<|>^aVivas, Lis Mariana^nInstituto Nacional de Tecnología Industrial^sINTI-Agroalimentos^lBuenos Aires^pAR<|>^aÁlvarez, Marcela Andrea^nInstituto Nacional de Tecnología Industrial^sINTI-Agroalimentos^lBuenos Aires^pAR;^aHostench, M.C.^nInstituto Nacional de Tecnología Industrial^sINTI-Agroalimentos^lBuenos Aires^pAR<|>^aOlmedo, Mariana Cecilia^nInstituto Nacional de Tecnología Industrial^sINTI-Agroalimentos^lBuenos Aires^pAR<|>^aDe Andrade Cattapan, R.^nInstituto Nacional de Tecnología Industrial^sINTI-Agroalimentos^lBuenos Aires^pAR<|>^aMonzón, C.^nInstituto Nacional de Tecnología Industrial^sINTI-Agroalimentos^lBuenos Aires^pAR<|>^aVivas, Lis Mariana^nInstituto Nacional de Tecnología Industrial^sINTI-Agroalimentos^lBuenos Aires^pAR<|>^aÁlvarez, Marcela Andrea^nInstituto Nacional de Tecnología Industrial^sINTI-Agroalimentos^lBuenos Aires^pAR
049991;v22_Autor_personal;Corrales, Diego David<|>Castells, M.L.<|>Pino, F.<|>Kuba, D.<|>Rolón, M.L.;Corrales, Diego David<|>Castells, María Laura<|>Pino, F.<|>Kuba, D.<|>Rolón, María Laura
049991;v26_Afiliacion_del_autor;^aCorrales, Diego David^nInstituto Nacional de Tecnología Industrial^sINTI-Lácteos^lBuenos Aires^pAR<|>^aCastells, M.L.^nInstituto Nacional de Tecnología Industrial^sINTI-Lácteos^lBuenos Aires^pAR<|>^aPino, F.^nInstituto Nacional de Tecnología Industrial^sINTI-Lácteos^lBuenos Aires^pAR<|>^aKuba, D.^nInstituto Nacional de Tecnología Industrial^sINTI-Lácteos^lBuenos Aires^pAR<|>^aRolón, M.L.^nInstituto Nacional de Tecnología Industrial^sINTI-Lácteos^lBuenos Aires^pAR;^aCorrales, Diego David^nInstituto Nacional de Tecnología Industrial^sINTI-Lácteos^lBuenos Aires^pAR<|>^aCastells, María Laura^nInstituto Nacional de Tecnología Industrial^sINTI-Lácteos^lBuenos Aires^pAR<|>^aPino, F.^nInstituto Nacional de Tecnología Industrial^sINTI-Lácteos^lBuenos Aires^pAR<|>^aKuba, D.^nInstituto Nacional de Tecnología Industrial^sINTI-Lácteos^lBuenos Aires^pAR<|>^aRolón, María Laura^nInstituto Nacional de Tecnología Industrial^sINTI-Lácteos^lBuenos Aires^pAR
049992;v22_Autor_personal;Castells, María Laura<|>Rolón, M.L.<|>Sarquis, S.<|>Rodríguez, Gisela Vanina<|>Epifane, M.;Castells, María Laura<|>Rolón, María Laura<|>Sarquis, S.<|>Rodríguez, Gisela Vanina<|>Epifane, M.
049992;v26_Afiliacion_del_autor;^aCastells, María Laura^nInstituto Nacional de Tecnología Industrial^sINTI-Lácteos^lBuenos Aires^pAR<|>^aRolón, M.L.^nInstituto Nacional de Tecnología Industrial^sINTI-Lácteos^lBuenos Aires^pAR<|>^aSarquis, S.^nInstituto Nacional de Tecnología Industrial^sINTI-Lácteos^lBuenos Aires^pAR<|>^aRodríguez, Gisela Vanina^nInstituto Nacional de Tecnología Industrial^sINTI-Lácteos^lBuenos Aires^pAR<|>^aEpifane, M.^nInstituto Nacional de Tecnología Industrial^sINTI-Carnes^lBuenos Aires^pAR;^aCastells, María Laura^nInstituto Nacional de Tecnología Industrial^sINTI-Lácteos^lBuenos Aires^pAR<|>^aRolón, María Laura^nInstituto Nacional de Tecnología Industrial^sINTI-Lácteos^lBuenos Aires^pAR<|>^aSarquis, S.^nInstituto Nacional de Tecnología Industrial^sINTI-Lácteos^lBuenos Aires^pAR<|>^aRodríguez, Gisela Vanina^nInstituto Nacional de Tecnología Industrial^sINTI-Lácteos^lBuenos Aires^pAR<|>^aEpifane, M.^nInstituto Nacional de Tecnología Industrial^sINTI-Carnes^lBuenos Aires^pAR
049998;v22_Autor_personal;Nieto, I.<|>Aimar, Bruno Nicolás<|>Picotti, Jorge Hugo<|>Bonafede, M.F.<|>Molina Ortiz, Sara Eugenia;Nieto, I.<|>Aimar, Bruno Nicolás<|>Picotti, Jorge Hugo<|>Bonafede, Mauro<|>Molina Ortiz, Sara Eugenia
049998;v26_Afiliacion_del_autor;^aNieto, I.^nInstituto Nacional de Tecnología Industrial^sINTI-Lácteos^lRafaela^pAR<|>^aAimar, Bruno Nicolás^nInstituto Nacional de Tecnología Industrial^sINTI-Lácteos^lRafaela^pAR<|>^aPicotti, Jorge Hugo^nInstituto Nacional de Tecnología Industrial^sINTI-Lácteos^lRafaela^pAR<|>^aBonafede, M.F.^nInstituto Nacional de Tecnología Industrial^sINTI-Lácteos^lRafaela^pAR<|>^aMolina Ortiz, Sara Eugenia^nInstituto Nacional de Tecnología Industrial^sINTI-Córdoba^lCórdoba^pAR;^aNieto, I.^nInstituto Nacional de Tecnología Industrial^sINTI-Lácteos^lRafaela^pAR<|>^aAimar, Bruno Nicolás^nInstituto Nacional de Tecnología Industrial^sINTI-Lácteos^lRafaela^pAR<|>^aPicotti, Jorge Hugo^nInstituto Nacional de Tecnología Industrial^sINTI-Lácteos^lRafaela^pAR<|>^aBonafede, Mauro^nInstituto Nacional de Tecnología Industrial^sINTI-Lácteos^lRafaela^pAR<|>^aMolina Ortiz, Sara Eugenia^nInstituto Nacional de Tecnología Industrial^sINTI-Córdoba^lCórdoba^pAR
049999;v22_Autor_personal;Bonafede, M.F.<|>Aimar, Bruno Nicolás<|>Nieto, I.<|>Picotti, Jorge Hugo<|>Molina Ortiz, Sara Eugenia;Bonafede, Mauro<|>Aimar, Bruno Nicolás<|>Nieto, I.<|>Picotti, Jorge Hugo<|>Molina Ortiz, Sara Eugenia
049999;v26_Afiliacion_del_autor;^aBonafede, M.F.^nInstituto Nacional de Tecnología Industrial^sINTI-Lácteos^lRafaela^pAR<|>^aAimar, Bruno Nicolás^nInstituto Nacional de Tecnología Industrial^sINTI-Lácteos^lRafaela^pAR<|>^aNieto, I.^nInstituto Nacional de Tecnología Industrial^sINTI-Lácteos^lRafaela^pAR<|>^aPicotti, Jorge Hugo^nInstituto Nacional de Tecnología Industrial^sINTI-Lácteos^lRafaela^pAR<|>^aMolina Ortiz, Sara Eugenia^nInstituto Nacional de Tecnología Industrial^sINTI-Córdoba^lCórdoba^pAR;^aBonafede, Mauro^nInstituto Nacional de Tecnología Industrial^sINTI-Lácteos^lRafaela^pAR<|>^aAimar, Bruno Nicolás^nInstituto Nacional de Tecnología Industrial^sINTI-Lácteos^lRafaela^pAR<|>^aNieto, I.^nInstituto Nacional de Tecnología Industrial^sINTI-Lácteos^lRafaela^pAR<|>^aPicotti, Jorge Hugo^nInstituto Nacional de Tecnología Industrial^sINTI-Lácteos^lRafaela^pAR<|>^aMolina Ortiz, Sara Eugenia^nInstituto Nacional de Tecnología Industrial^sINTI-Córdoba^lCórdoba^pAR
050002;v22_Autor_personal;Cazaux, Nadina Magalí<|>Gradizuela, C.<|>Rousset, R.<|>Speranza, J.<|>Nieto, I.<|>Storani, E.<|>Barbagelata, J.<|>Cruañes, M.<|>Díaz, R.<|>Schunk, R.<|>Rodríguez, L.<|>Ferrer, J.<|>Mancuso, W.<|>Rodríguez, M.<|>Coronel Troncoso, G.<|>Follonier, M.<|>Lauritto, J.E.;Cazaux, Nadina Magalí<|>Gradizuela, C.<|>Rousset, R.<|>Speranza, Jorge Luis<|>Nieto, I.<|>Storani, Eduardo Enrique<|>Barbagelata, J.<|>Cruañes, M.<|>Díaz, R.<|>Schunk, R.<|>Rodríguez, L.<|>Ferrer, J.<|>Mancuso, W.<|>Rodríguez, Matías Agustín<|>Coronel Troncoso, G.<|>Follonier, M.<|>Lauritto, J.E.
050002;v26_Afiliacion_del_autor;^aCazaux, Nadina Magalí^nInstituto Nacional de Tecnología Industrial^sINTI-Concepción del Uruguay^lEntre Ríos^pAR<|>^aGradizuela, C.^nInstituto Nacional de Tecnología Industrial^sINTI-Concepción del Uruguay^lEntre Ríos^pAR<|>^aRousset, R.^nInstituto Nacional de Tecnología Industrial^sINTI-Concepción del Uruguay^lEntre Ríos^pAR<|>^aSperanza, J.^nInstituto Nacional de Tecnología Industrial^sINTI-Concepción del Uruguay^lEntre Ríos^pAR<|>^aNieto, I.^nInstituto Nacional de Tecnología Industrial^sINTI-Lácteos^lRafaela^pAR<|>^aStorani, E.^nInstituto Nacional de Tecnología Industrial^sINTI-Lácteos^lRafaela^pAR<|>^aBarbagelata, J.^nUniversidad Tecnológica Nacional. Facultad Regional Paraná^sUTN^lEntre Ríos^pAR<|>^aCruañes, M.^nUniversidad Nacional de Entre Ríos^sUNER^lEntre Ríos^pAR<|>^aDíaz, R.^nUniversidad Nacional de Entre Ríos^sUNER^lEntre Ríos^pAR<|>^aSchunk, R.^nEntre Ríos. Ministerio de producción de la Provincia^lEntre Ríos^pAR<|>^aRodríguez, L.^nEntre Ríos. Ministerio de producción de la Provincia^lEntre Ríos^pAR<|>^aFerrer, J.^nEntre Ríos. Ministerio de producción de la Provincia^lEntre Ríos^pAR<|>^aMancuso, W.^nInstituto Nacional de Tecnología Agropecuaria^sINTA^pAR<|>^aRodríguez, M.^nInstituto Nacional de Tecnología Agropecuaria^sINTA^pAR<|>^aCoronel Troncoso, G.^nUniversidad Autónoma de Entre Ríos^sUADER^lEntre Ríos^pAR<|>^aFollonier, M.^nUniversidad Nacional de Entre Ríos^sUNER^lEntre Ríos^pAR;^aCazaux, Nadina Magalí^nInstituto Nacional de Tecnología Industrial^sINTI-Concepción del Uruguay^lEntre Ríos^pAR<|>^aGradizuela, C.^nInstituto Nacional de Tecnología Industrial^sINTI-Concepción del Uruguay^lEntre Ríos^pAR<|>^aRousset, R.^nInstituto Nacional de Tecnología Industrial^sINTI-Concepción del Uruguay^lEntre Ríos^pAR<|>^aSperanza, Jorge Luis^nInstituto Nacional de Tecnología Industrial^sINTI-Concepción del Uruguay^lEntre Ríos^pAR<|>^aNieto, I.^nInstituto Nacional de Tecnología Industrial^sINTI-Lácteos^lRafaela^pAR<|>^aStorani, Eduardo Enrique^nInstituto Nacional de Tecnología Industrial^sINTI-Lácteos^lRafaela^pAR<|>^aBarbagelata, J.^nUniversidad Tecnológica Nacional. Facultad Regional Paraná^sUTN^lEntre Ríos^pAR<|>^aCruañes, M.^nUniversidad Nacional de Entre Ríos^sUNER^lEntre Ríos^pAR<|>^aDíaz, R.^nUniversidad Nacional de Entre Ríos^sUNER^lEntre Ríos^pAR<|>^aSchunk, R.^nEntre Ríos. Ministerio de producción de la Provincia^lEntre Ríos^pAR<|>^aRodríguez, L.^nEntre Ríos. Ministerio de producción de la Provincia^lEntre Ríos^pAR<|>^aFerrer, J.^nEntre Ríos. Ministerio de producción de la Provincia^lEntre Ríos^pAR<|>^aMancuso, W.^nInstituto Nacional de Tecnología Agropecuaria^sINTA^pAR<|>^aRodríguez, Matías Agustín^nInstituto Nacional de Tecnología Agropecuaria^sINTA^pAR<|>^aCoronel Troncoso, G.^nUniversidad Autónoma de Entre Ríos^sUADER^lEntre Ríos^pAR<|>^aFollonier, M.^nUniversidad Nacional de Entre Ríos^sUNER^lEntre Ríos^pAR
050004;v22_Autor_personal;Ohaco, P.<|>Vitulich, G.<|>Cuevas Carrasco, Mónica Isabel<|>Zanetta, V.<|>Ruiz, C.<|>Iglesias, N.;Ohaco, P.<|>Vitulich, Guillermo Antonio<|>Cuevas Carrasco, Mónica Isabel<|>Zanetta, V.<|>Ruiz, C.<|>Iglesias, N.
050004;v26_Afiliacion_del_autor;^aOhaco, P.^nInstituto Nacional de Tecnología Industrial^sINTI-Neuquén^lNeuquén^pAR<|>^aVitulich, G.^nInstituto Nacional de Tecnología Industrial^sINTI-Neuquén^lNeuquén^pAR<|>^aCuevas Carrasco, Mónica Isabel^nInstituto Nacional de Tecnología Industrial^sINTI-Neuquén^lNeuquén^pAR<|>^aZanetta, V.^nConsejo Federal de Inversiones^sCFI^lBuenos Aires^pAR<|>^aRuiz, C.^nProvincia de Neuquén^lNeuquén^pAR<|>^aIglesias, N.^nInstituto Nacional de Tecnología Agropecuaria^sINTA^pAR;^aOhaco, P.^nInstituto Nacional de Tecnología Industrial^sINTI-Neuquén^lNeuquén^pAR<|>^aVitulich, Guillermo Antonio^nInstituto Nacional de Tecnología Industrial^sINTI-Neuquén^lNeuquén^pAR<|>^aCuevas Carrasco, Mónica Isabel^nInstituto Nacional de Tecnología Industrial^sINTI-Neuquén^lNeuquén^pAR<|>^aZanetta, V.^nConsejo Federal de Inversiones^sCFI^lBuenos Aires^pAR<|>^aRuiz, C.^nProvincia de Neuquén^lNeuquén^pAR<|>^aIglesias, N.^nInstituto Nacional de Tecnología Agropecuaria^sINTA^pAR
050008;v22_Autor_personal;Fernández, M.P.<|>Álvarez, L.;Fernández, M.P.<|>Álvarez, Lucía
050008;v26_Afiliacion_del_autor;^aFernández, M.P.^nInstituto Nacional de Tecnología Industrial^sINTI-Mendoza^lMendoza^pAR<|>^aÁlvarez, L.^nInstituto Nacional de Tecnología Industrial^sINTI-Mendoza^lMendoza^pAR;^aFernández, M.P.^nInstituto Nacional de Tecnología Industrial^sINTI-Mendoza^lMendoza^pAR<|>^aÁlvarez, Lucía^nInstituto Nacional de Tecnología Industrial^sINTI-Mendoza^lMendoza^pAR
050013;v22_Autor_personal;Aimar, Bruno Nicolás<|>Karlen, J.<|>Páez, R.<|>Schmidt, E.<|>Speranza, J.<|>Taverna, M.;Aimar, Bruno Nicolás<|>Karlen, J.<|>Páez, R.<|>Schmidt, E.<|>Speranza, Jorge Luis<|>Taverna, M.
050013;v26_Afiliacion_del_autor;^aAimar, Bruno Nicolás^nInstituto Nacional de Tecnología Industrial^sINTI-Lácteos^lRafaela^pAR<|>^aKarlen, J.^nInstituto Nacional de Tecnología Industrial^sINTI-Lácteos^lRafaela^pAR<|>^aPáez, R.^nInstituto Nacional de Tecnología Agropecuaria^sINTA^pAR<|>^aSchmidt, E.^nInstituto Nacional de Tecnología Industrial^sINTI-Lácteos^lRafaela^pAR<|>^aSperanza, J.^nInstituto Nacional de Tecnología Industrial^sINTI-Lácteos^lRafaela^pAR<|>^aTaverna, M.^nInstituto Nacional de Tecnología Agropecuaria^sINTA^pAR;^aAimar, Bruno Nicolás^nInstituto Nacional de Tecnología Industrial^sINTI-Lácteos^lRafaela^pAR<|>^aKarlen, J.^nInstituto Nacional de Tecnología Industrial^sINTI-Lácteos^lRafaela^pAR<|>^aPáez, R.^nInstituto Nacional de Tecnología Agropecuaria^sINTA^pAR<|>^aSchmidt, E.^nInstituto Nacional de Tecnología Industrial^sINTI-Lácteos^lRafaela^pAR<|>^aSperanza, Jorge Luis^nInstituto Nacional de Tecnología Industrial^sINTI-Lácteos^lRafaela^pAR<|>^aTaverna, M.^nInstituto Nacional de Tecnología Agropecuaria^sINTA^pAR
050014;v22_Autor_personal;Pirola, M.B.<|>Noseda, Y.<|>Adjad, María Mercedes<|>Zandomeni, R.<|>Amadio, Ariel Fernando;Pirola, María  Belén<|>Noseda, Y.<|>Adjad, María Mercedes<|>Zandomeni, R.<|>Amadio, Ariel Fernando
050014;v26_Afiliacion_del_autor;^aPirola, M.B.^nInstituto Nacional de Tecnología Industrial^sINTI-Lácteos^lRafaela^pAR<|>^aNoseda, Y.^nInstituto Nacional de Tecnología Industrial^sINTI-Lácteos^lRafaela^pAR<|>^aAdjad, María Mercedes^nInstituto Nacional de Tecnología Agropecuaria^sINTA^pAR<|>^aZandomeni, R.^nInstituto Nacional de Tecnología Agropecuaria^sINTA^pAR<|>^aAmadio, Ariel Fernando^nInstituto Nacional de Tecnología Agropecuaria^sINTA^pAR;^aPirola, María  Belén^nInstituto Nacional de Tecnología Industrial^sINTI-Lácteos^lRafaela^pAR<|>^aNoseda, Y.^nInstituto Nacional de Tecnología Industrial^sINTI-Lácteos^lRafaela^pAR<|>^aAdjad, María Mercedes^nInstituto Nacional de Tecnología Agropecuaria^sINTA^pAR<|>^aZandomeni, R.^nInstituto Nacional de Tecnología Agropecuaria^sINTA^pAR<|>^aAmadio, Ariel Fernando^nInstituto Nacional de Tecnología Agropecuaria^sINTA^pAR
050015;v22_Autor_personal;Ingrassia, D.<|>Bajuk, María Elena;Ingrassia, Danilo Juan<|>Bajuk, María Elena
050015;v26_Afiliacion_del_autor;^aIngrassia, D.^nInstituto Nacional de Tecnología Industrial^sINTI-Mendoza^lMendoza^pAR<|>^aBajuk, María Elena^nInstituto Nacional de Tecnología Industrial^sINTI-Mendoza^lMendoza^pAR;^aIngrassia, Danilo Juan^nInstituto Nacional de Tecnología Industrial^sINTI-Mendoza^lMendoza^pAR<|>^aBajuk, María Elena^nInstituto Nacional de Tecnología Industrial^sINTI-Mendoza^lMendoza^pAR
050016;v22_Autor_personal;Fiora, J.A.<|>Cozza, P.L.<|>Niño, J.A.;Fiora, J.A.<|>Cozza, P.L.<|>Niño, Jorge Andrés
050016;v26_Afiliacion_del_autor;^aFiora, J.A.^nInstituto Nacional de Tecnología Industrial^sINTI-Energía^lBuenos Aires^pAR<|>^aCozza, P.L.^nInstituto Nacional de Tecnología Industrial^sINTI-Energía^lBuenos Aires^pAR<|>^aNiño, J.A.^nInstituto Nacional de Tecnología Industrial^sINTI-Energía^lBuenos Aires^pAR;^aFiora, J.A.^nInstituto Nacional de Tecnología Industrial^sINTI-Energía^lBuenos Aires^pAR<|>^aCozza, P.L.^nInstituto Nacional de Tecnología Industrial^sINTI-Energía^lBuenos Aires^pAR<|>^aNiño, Jorge Andrés^nInstituto Nacional de Tecnología Industrial^sINTI-Energía^lBuenos Aires^pAR
050024;v22_Autor_personal;Fornés, D.<|>Sánchez, E.<|>Canepare, Carlos Alberto<|>Curia, Ana Valeria<|>Flores, A.<|>Ramirez, S.<|>Caberta, R.<|>Alfredo, Guillermo Javier<|>Rodríguez, M.<|>Apro, Nicolás<|>Rodríguez López, J.;Fornés, D.<|>Sánchez, E.<|>Canepare, Carlos Alberto<|>Curia, Ana Valeria<|>Flores, A.<|>Ramirez, S.<|>Caberta, R.<|>Alfredo, Guillermo Javier<|>Rodríguez, Matías Agustín<|>Apro, Nicolás<|>Rodríguez López, J.
050024;v26_Afiliacion_del_autor;^aFornés, D.^nInstituto Nacional de Tecnología Industrial^sINTI-Cereales y Oleaginosas^lBuenos Aires^pAR<|>^aSánchez, E.^nInstituto Nacional de Tecnología Industrial^sINTI-Cereales y Oleaginosas^lBuenos Aires^pAR<|>^aCanepare, Carlos Alberto^nInstituto Nacional de Tecnología Industrial^sINTI-Cereales y Oleaginosas^lBuenos Aires^pAR<|>^aCuria, Ana Valeria^nInstituto Nacional de Tecnología Industrial^sINTI-Cereales y Oleaginosas^lBuenos Aires^pAR<|>^aFlores, A.^nInstituto Nacional de Tecnología Industrial^sINTI-Cereales y Oleaginosas^lBuenos Aires^pAR<|>^aRamirez, S.^nInstituto Nacional de Tecnología Industrial^sINTI-Cereales y Oleaginosas^lBuenos Aires^pAR<|>^aCaberta, R.^nInstituto Nacional de Tecnología Industrial^sINTI-Cereales y Oleaginosas^lBuenos Aires^pAR<|>^aAlfredo, Guillermo Javier^nInstituto Nacional de Tecnología Industrial^sINTI-Cereales y Oleaginosas^lBuenos Aires^pAR<|>^aRodríguez, M.^nInstituto Nacional de Tecnología Industrial^sINTI-Cereales y Oleaginosas^lBuenos Aires^pAR<|>^aApro, Nicolás^nInstituto Nacional de Tecnología Industrial^sINTI-Cereales y Oleaginosas^lBuenos Aires^pAR<|>^aRodríguez López, J.^nInstituto Nacional de Tecnología Industrial^sINTI-Cereales y Oleaginosas^lBuenos Aires^pAR;^aFornés, D.^nInstituto Nacional de Tecnología Industrial^sINTI-Cereales y Oleaginosas^lBuenos Aires^pAR<|>^aSánchez, E.^nInstituto Nacional de Tecnología Industrial^sINTI-Cereales y Oleaginosas^lBuenos Aires^pAR<|>^aCanepare, Carlos Alberto^nInstituto Nacional de Tecnología Industrial^sINTI-Cereales y Oleaginosas^lBuenos Aires^pAR<|>^aCuria, Ana Valeria^nInstituto Nacional de Tecnología Industrial^sINTI-Cereales y Oleaginosas^lBuenos Aires^pAR<|>^aFlores, A.^nInstituto Nacional de Tecnología Industrial^sINTI-Cereales y Oleaginosas^lBuenos Aires^pAR<|>^aRamirez, S.^nInstituto Nacional de Tecnología Industrial^sINTI-Cereales y Oleaginosas^lBuenos Aires^pAR<|>^aCaberta, R.^nInstituto Nacional de Tecnología Industrial^sINTI-Cereales y Oleaginosas^lBuenos Aires^pAR<|>^aAlfredo, Guillermo Javier^nInstituto Nacional de Tecnología Industrial^sINTI-Cereales y Oleaginosas^lBuenos Aires^pAR<|>^aRodríguez, Matías Agustín^nInstituto Nacional de Tecnología Industrial^sINTI-Cereales y Oleaginosas^lBuenos Aires^pAR<|>^aApro, Nicolás^nInstituto Nacional de Tecnología Industrial^sINTI-Cereales y Oleaginosas^lBuenos Aires^pAR<|>^aRodríguez López, J.^nInstituto Nacional de Tecnología Industrial^sINTI-Cereales y Oleaginosas^lBuenos Aires^pAR
050025;v22_Autor_personal;Fornés, D.<|>Sánchez, E.<|>Canepare, Carlos Alberto<|>Fournier, M.<|>Curia, Ana Valeria<|>Flores, A.<|>Ramirez, S.<|>Caberta, R.<|>Alfredo, Guillermo Javier<|>Rodríguez, M.<|>Apro, Nicolás<|>Rodríguez López, J.;Fornés, D.<|>Sánchez, E.<|>Canepare, Carlos Alberto<|>Fournier, M.<|>Curia, Ana Valeria<|>Flores, A.<|>Ramirez, S.<|>Caberta, R.<|>Alfredo, Guillermo Javier<|>Rodríguez, Matías Agustín<|>Apro, Nicolás<|>Rodríguez López, J.
050025;v26_Afiliacion_del_autor;^aFornés, D.^nInstituto Nacional de Tecnología Industrial^sINTI-Cereales y Oleaginosas^lBuenos Aires^pAR<|>^aSánchez, E.^nInstituto Nacional de Tecnología Industrial^sINTI-Cereales y Oleaginosas^lBuenos Aires^pAR<|>^aCanepare, Carlos Alberto^nInstituto Nacional de Tecnología Industrial^sINTI-Cereales y Oleaginosas^lBuenos Aires^pAR<|>^aFournier, M.^nInstituto Nacional de Tecnología Industrial^sINTI-Cereales y Oleaginosas^lBuenos Aires^pAR<|>^aCuria, Ana Valeria^nInstituto Nacional de Tecnología Industrial^sINTI-Cereales y Oleaginosas^lBuenos Aires^pAR<|>^aFlores, A.^nInstituto Nacional de Tecnología Industrial^sINTI-Cereales y Oleaginosas^lBuenos Aires^pAR<|>^aRamirez, S.^nInstituto Nacional de Tecnología Industrial^sINTI-Cereales y Oleaginosas^lBuenos Aires^pAR<|>^aCaberta, R.^nInstituto Nacional de Tecnología Industrial^sINTI-Cereales y Oleaginosas^lBuenos Aires^pAR<|>^aAlfredo, Guillermo Javier^nInstituto Nacional de Tecnología Industrial^sINTI-Cereales y Oleaginosas^lBuenos Aires^pAR<|>^aRodríguez, M.^nInstituto Nacional de Tecnología Industrial^sINTI-Cereales y Oleaginosas^lBuenos Aires^pAR<|>^aApro, Nicolás^nInstituto Nacional de Tecnología Industrial^sINTI-Cereales y Oleaginosas^lBuenos Aires^pAR<|>^aRodríguez López, J.^nInstituto Nacional de Tecnología Industrial^sINTI-Cereales y Oleaginosas^lBuenos Aires^pAR;^aFornés, D.^nInstituto Nacional de Tecnología Industrial^sINTI-Cereales y Oleaginosas^lBuenos Aires^pAR<|>^aSánchez, E.^nInstituto Nacional de Tecnología Industrial^sINTI-Cereales y Oleaginosas^lBuenos Aires^pAR<|>^aCanepare, Carlos Alberto^nInstituto Nacional de Tecnología Industrial^sINTI-Cereales y Oleaginosas^lBuenos Aires^pAR<|>^aFournier, M.^nInstituto Nacional de Tecnología Industrial^sINTI-Cereales y Oleaginosas^lBuenos Aires^pAR<|>^aCuria, Ana Valeria^nInstituto Nacional de Tecnología Industrial^sINTI-Cereales y Oleaginosas^lBuenos Aires^pAR<|>^aFlores, A.^nInstituto Nacional de Tecnología Industrial^sINTI-Cereales y Oleaginosas^lBuenos Aires^pAR<|>^aRamirez, S.^nInstituto Nacional de Tecnología Industrial^sINTI-Cereales y Oleaginosas^lBuenos Aires^pAR<|>^aCaberta, R.^nInstituto Nacional de Tecnología Industrial^sINTI-Cereales y Oleaginosas^lBuenos Aires^pAR<|>^aAlfredo, Guillermo Javier^nInstituto Nacional de Tecnología Industrial^sINTI-Cereales y Oleaginosas^lBuenos Aires^pAR<|>^aRodríguez, Matías Agustín^nInstituto Nacional de Tecnología Industrial^sINTI-Cereales y Oleaginosas^lBuenos Aires^pAR<|>^aApro, Nicolás^nInstituto Nacional de Tecnología Industrial^sINTI-Cereales y Oleaginosas^lBuenos Aires^pAR<|>^aRodríguez López, J.^nInstituto Nacional de Tecnología Industrial^sINTI-Cereales y Oleaginosas^lBuenos Aires^pAR
050028;v22_Autor_personal;Zugarramurdi, A.<|>Booman, Alejandro Carlos<|>Parin, M.A.<|>Luxardo, M.E.<|>Corrales, E.;Zugarramurdi, A.<|>Booman, Alejandro Carlos<|>Parin, M.A.<|>Luxardo, María Eugenia<|>Corrales, E.
050028;v26_Afiliacion_del_autor;^aZugarramurdi, A.^nInstituto Nacional de Tecnología Industrial^sINTI-Mar del Plata^lBuenos Aires^pAR<|>^aBooman, Alejandro Carlos^nInstituto Nacional de Tecnología Industrial^sINTI-Mar del Plata^lBuenos Aires^pAR<|>^aParin, M.A.^nInstituto Nacional de Tecnología Industrial^sINTI-Mar del Plata^lBuenos Aires^pAR<|>^aLuxardo, M.E.^nInstituto Nacional de Tecnología Industrial^sINTI-Mar del Plata^lBuenos Aires^pAR<|>^aCorrales, E.^nInstituto Nacional de Tecnología Industrial^sINTI-Mar del Plata^lBuenos Aires^pAR;^aZugarramurdi, A.^nInstituto Nacional de Tecnología Industrial^sINTI-Mar del Plata^lBuenos Aires^pAR<|>^aBooman, Alejandro Carlos^nInstituto Nacional de Tecnología Industrial^sINTI-Mar del Plata^lBuenos Aires^pAR<|>^aParin, M.A.^nInstituto Nacional de Tecnología Industrial^sINTI-Mar del Plata^lBuenos Aires^pAR<|>^aLuxardo, María Eugenia^nInstituto Nacional de Tecnología Industrial^sINTI-Mar del Plata^lBuenos Aires^pAR<|>^aCorrales, E.^nInstituto Nacional de Tecnología Industrial^sINTI-Mar del Plata^lBuenos Aires^pAR
050031;v22_Autor_personal;Vaca Ruiz, M.L.<|>Díaz, M.C.<|>Jacob, M.A.<|>Gastaldo, M.V.<|>Ginnobili, A.S.;Vaca Ruiz, María Laura<|>Díaz, María Del Carmen<|>Jacob, M.A.<|>Gastaldo, M.V.<|>Ginnobili, A.S.
050031;v26_Afiliacion_del_autor;^aVaca Ruiz, M.L.^nInstituto Nacional de Tecnología Industrial^sINTI-Neuquén^lNeuquén^pAR<|>^aDíaz, M.C.^nInstituto Nacional de Tecnología Industrial^sINTI-Neuquén^lNeuquén^pAR<|>^aJacob, M.A.^nInstituto Nacional de Tecnología Industrial^sINTI-Neuquén^lNeuquén^pAR<|>^aGastaldo, M.V.^nInstituto Nacional de Tecnología Industrial^sINTI-Neuquén^lNeuquén^pAR<|>^aGinnobili, A.S.^nInstituto Nacional de Tecnología Industrial^sINTI-Neuquén^lNeuquén^pAR;^aVaca Ruiz, María Laura^nInstituto Nacional de Tecnología Industrial^sINTI-Neuquén^lNeuquén^pAR<|>^aDíaz, María Del Carmen^nInstituto Nacional de Tecnología Industrial^sINTI-Neuquén^lNeuquén^pAR<|>^aJacob, M.A.^nInstituto Nacional de Tecnología Industrial^sINTI-Neuquén^lNeuquén^pAR<|>^aGastaldo, M.V.^nInstituto Nacional de Tecnología Industrial^sINTI-Neuquén^lNeuquén^pAR<|>^aGinnobili, A.S.^nInstituto Nacional de Tecnología Industrial^sINTI-Neuquén^lNeuquén^pAR
050036;v22_Autor_personal;Espinosa, V.<|>Gatti, P.<|>Toledo, Antonio Edgardo<|>Otheguy, L.<|>Vega, O.<|>Vall, V.<|>Kruszyn, M.S.<|>Bryk, M.<|>Giannavola, C.;Espinosa, V.<|>Gatti, P.<|>Toledo, Antonio Edgardo<|>Otheguy, L.<|>Vega, O.<|>Vall, V.<|>Kruszyn, María Soledad<|>Bryk, M.<|>Giannavola, C.
050036;v26_Afiliacion_del_autor;^aEspinosa, V.^nInstituto Nacional de Tecnología Industrial^sINTI-Lácteos^lBuenos Aires^pAR<|>^aGatti, P.^nInstituto Nacional de Tecnología Industrial^sINTI-Lácteos^lBuenos Aires^pAR<|>^aToledo, Antonio Edgardo^nInstituto Nacional de Tecnología Industrial^sINTI-Lácteos^lBuenos Aires^pAR<|>^aOtheguy, L.^nHospital Materno Infantil Ramón Sardá^lBuenos Aires^pAR<|>^aVega, O.^nHospital Materno Infantil Ramón Sardá^lBuenos Aires^pAR<|>^aVall, V.^nHospital Materno Infantil Ramón Sardá^lBuenos Aires^pAR<|>^aKruszyn, M.S.^nInstituto Nacional de Tecnología Industrial^sINTI-Carnes^lBuenos Aires^pAR<|>^aBryk, M.^nInstituto Nacional de Tecnología Industrial^sINTI-Carnes^lBuenos Aires^pAR<|>^aGiannavola, C.^nInstituto Nacional de Tecnología Industrial^sINTI-Carnes^lBuenos Aires^pAR;^aEspinosa, V.^nInstituto Nacional de Tecnología Industrial^sINTI-Lácteos^lBuenos Aires^pAR<|>^aGatti, P.^nInstituto Nacional de Tecnología Industrial^sINTI-Lácteos^lBuenos Aires^pAR<|>^aToledo, Antonio Edgardo^nInstituto Nacional de Tecnología Industrial^sINTI-Lácteos^lBuenos Aires^pAR<|>^aOtheguy, L.^nHospital Materno Infantil Ramón Sardá^lBuenos Aires^pAR<|>^aVega, O.^nHospital Materno Infantil Ramón Sardá^lBuenos Aires^pAR<|>^aVall, V.^nHospital Materno Infantil Ramón Sardá^lBuenos Aires^pAR<|>^aKruszyn, María Soledad^nInstituto Nacional de Tecnología Industrial^sINTI-Carnes^lBuenos Aires^pAR<|>^aBryk, M.^nInstituto Nacional de Tecnología Industrial^sINTI-Carnes^lBuenos Aires^pAR<|>^aGiannavola, C.^nInstituto Nacional de Tecnología Industrial^sINTI-Carnes^lBuenos Aires^pAR
050039;v26_Afiliacion_del_autor;^aGatti, P.^nInstituto Nacional de Tecnología Industrial^sINTI-Lácteos^lBuenos Aires^pAR<|>^aRodríguez, M.A.^nInstituto Nacional de Tecnología Industrial^sINTI-Lácteos^lBuenos Aires^pAR;^aGatti, P.^nInstituto Nacional de Tecnología Industrial^sINTI-Lácteos^lBuenos Aires^pAR<|>^aRodríguez, Matías Agustín^nInstituto Nacional de Tecnología Industrial^sINTI-Lácteos^lBuenos Aires^pAR
050042;v22_Autor_personal;Vizuara, Gabriela Alejandra<|>Arias, M.<|>Cruz, M.<|>Wyngaard, Guillermo<|>Castellano, M.<|>Rodríguez, M.A.;Vizuara, Gabriela Alejandra<|>Arias, M.<|>Cruz, M.<|>Wyngaard, Guillermo<|>Castellano, M.<|>Rodríguez, Matías Agustín
050042;v26_Afiliacion_del_autor;^aVizuara, Gabriela Alejandra^nInstituto Nacional de Tecnología Industrial^sINTI-Jujuy^lJujuy^pAR<|>^aArias, M.^nInstituto Nacional de Tecnología Industrial^sINTI-Jujuy^lJujuy^pAR<|>^aCruz, M.^nInstituto Nacional de Tecnología Industrial^sINTI-Jujuy^lJujuy^pAR<|>^aWyngaard, Guillermo^nInstituto Nacional de Tecnología Industrial^sINTI-Mar del Plata^lBuenos Aires^pAR<|>^aCastellano, M.^nInstituto Nacional de Tecnología Industrial^sINTI-Extensión y Desarrollo^lBuenos Aires^pAR<|>^aRodríguez, M.A.^nInstituto Nacional de Tecnología Industrial^sINTI-Extensión y Desarrollo^lBuenos Aires^pAR;^aVizuara, Gabriela Alejandra^nInstituto Nacional de Tecnología Industrial^sINTI-Jujuy^lJujuy^pAR<|>^aArias, M.^nInstituto Nacional de Tecnología Industrial^sINTI-Jujuy^lJujuy^pAR<|>^aCruz, M.^nInstituto Nacional de Tecnología Industrial^sINTI-Jujuy^lJujuy^pAR<|>^aWyngaard, Guillermo^nInstituto Nacional de Tecnología Industrial^sINTI-Mar del Plata^lBuenos Aires^pAR<|>^aCastellano, M.^nInstituto Nacional de Tecnología Industrial^sINTI-Extensión y Desarrollo^lBuenos Aires^pAR<|>^aRodríguez, Matías Agustín^nInstituto Nacional de Tecnología Industrial^sINTI-Extensión y Desarrollo^lBuenos Aires^pAR
050047;v22_Autor_personal;Labacá,  Patricia<|>Castañeda, Roberto Aníbal<|>Speranza, J.<|>Fabro, Mabel Angélica<|>Pecorino, C.<|>Castro, Fabiana Andrea<|>Bilotta, M.<|>Roldán, G.<|>Remolina, L.;Labacá,  Patricia<|>Castañeda, Roberto Aníbal<|>Speranza, Jorge Luis<|>Fabro, Mabel Angélica<|>Pecorino, C.<|>Castro, Fabiana Andrea<|>Bilotta, M.<|>Roldán, G.<|>Remolina, L.
050047;v26_Afiliacion_del_autor;^aLabacá,  Patricia^nInstituto Nacional de Tecnología Industrial^sINTI-Lácteos^lBuenos Aires^pAR<|>^aCastañeda, Roberto Aníbal^nInstituto Nacional de Tecnología Industrial^sINTI-Lácteos^lBuenos Aires^pAR<|>^aSperanza, J.^nInstituto Nacional de Tecnología Industrial^sINTI-Lácteos^lBuenos Aires^pAR<|>^aFabro, Mabel Angélica^nInstituto Nacional de Tecnología Industrial^sINTI-Lácteos^lBuenos Aires^pAR<|>^aPecorino, C.^nInstituto Nacional de Tecnología Industrial^sINTI-Lácteos^lBuenos Aires^pAR<|>^aCastro, Fabiana Andrea^nInstituto Nacional de Tecnología Industrial^sINTI-Lácteos^lBuenos Aires^pAR<|>^aBilotta, M.^nInstituto Nacional de Tecnología Industrial^sINTI-Lácteos^lBuenos Aires^pAR<|>^aRoldán, G.^nInstituto Nacional de Tecnología Industrial^sINTI-Lácteos^lBuenos Aires^pAR<|>^aRemolina, L.^nInstituto Nacional de Tecnología Industrial^sINTI-Lácteos^lBuenos Aires^pAR;^aLabacá,  Patricia^nInstituto Nacional de Tecnología Industrial^sINTI-Lácteos^lBuenos Aires^pAR<|>^aCastañeda, Roberto Aníbal^nInstituto Nacional de Tecnología Industrial^sINTI-Lácteos^lBuenos Aires^pAR<|>^aSperanza, Jorge Luis^nInstituto Nacional de Tecnología Industrial^sINTI-Lácteos^lBuenos Aires^pAR<|>^aFabro, Mabel Angélica^nInstituto Nacional de Tecnología Industrial^sINTI-Lácteos^lBuenos Aires^pAR<|>^aPecorino, C.^nInstituto Nacional de Tecnología Industrial^sINTI-Lácteos^lBuenos Aires^pAR<|>^aCastro, Fabiana Andrea^nInstituto Nacional de Tecnología Industrial^sINTI-Lácteos^lBuenos Aires^pAR<|>^aBilotta, M.^nInstituto Nacional de Tecnología Industrial^sINTI-Lácteos^lBuenos Aires^pAR<|>^aRoldán, G.^nInstituto Nacional de Tecnología Industrial^sINTI-Lácteos^lBuenos Aires^pAR<|>^aRemolina, L.^nInstituto Nacional de Tecnología Industrial^sINTI-Lácteos^lBuenos Aires^pAR
050054;v22_Autor_personal;Marino, P.<|>Armesto, Javier<|>Martins, A.<|>Choren, A.<|>Muñoz, D.<|>Lupi, B.<|>Bisciotti, Karina Rosana<|>Li Puma, L.<|>Cartamil, R.<|>Piluso, G.<|>Capo, E.;Marino, Patricia Noemí<|>Armesto, Javier<|>Martins, A.<|>Choren, A.<|>Muñoz, D.<|>Lupi, B.<|>Bisciotti, Karina Rosana<|>Li Puma, L.<|>Cartamil, R.<|>Piluso, G.<|>Capo, E.
050057;v22_Autor_personal;Elena, P.<|>Lagier, M.E.<|>Meilán, C.J.;Elena, P.<|>Lagier, María Eugenia<|>Meilán, C.J.
050061;v22_Autor_personal;Marino, P.<|>Enciso, H.<|>Pescio, F.;Marino, Patricia Noemí<|>Enciso, H.<|>Pescio, F.
050061;v26_Afiliacion_del_autor;^aMarino, P.^nInstituto Nacional de Tecnología Industrial. INTI-Textiles^pArgentina<|>^aEnciso, H.^nInstituto Nacional de Tecnología Industrial. INTI-Textiles^pArgentina<|>^aPescio, F.^nInstituto Nacional de Tecnología Agropecuaria^sINTA^pArgentina;^aMarino, Patricia Noemí^nInstituto Nacional de Tecnología Industrial. INTI-Textiles^pArgentina<|>^aEnciso, H.^nInstituto Nacional de Tecnología Industrial. INTI-Textiles^pArgentina<|>^aPescio, F.^nInstituto Nacional de Tecnología Agropecuaria^sINTA^pArgentina
050063;v22_Autor_personal;Suárez, M.E.<|>Rodríguez, M.A.;Suárez, María Eugenia<|>Rodríguez, Matías Agustín
050063;v26_Afiliacion_del_autor;^aSuárez, M.E.^nInstituto Nacional de Tecnología Industrial. INTI-Gerencia de Cooperación Económica e Institucional^pArgentina<|>^aRodríguez, M.A.^nInstituto Nacional de Tecnología Industrial. INTI-Extensión y Desarrollo^pArgentina;^aSuárez, María Eugenia^nInstituto Nacional de Tecnología Industrial. INTI-Gerencia de Cooperación Económica e Institucional^pArgentina<|>^aRodríguez, Matías Agustín^nInstituto Nacional de Tecnología Industrial. INTI-Extensión y Desarrollo^pArgentina
050067;v22_Autor_personal;Carfagnini, Mariana<|>Marino, P.<|>Jater, N.<|>Escobar, G.<|>Takashima, C.<|>Berterreix, Claudio Javier<|>Szombach, J.<|>Olivero, M.<|>Pacheco, R.;Carfagnini, Mariana<|>Marino, Patricia Noemí<|>Jater, N.<|>Escobar, G.<|>Takashima, Cecilia Noemí<|>Berterreix, Claudio Javier<|>Szombach, Juan Ignacio<|>Olivero, M.<|>Pacheco, R.
050067;v26_Afiliacion_del_autor;^aCarfagnini, Mariana^nInstituto Nacional de Tecnología Industrial. INTI-Textiles^pArgentina<|>^aMarino, P.^nInstituto Nacional de Tecnología Industrial. INTI-Textiles^pArgentina<|>^aJater, N.^nInstituto Nacional de Tecnología Industrial. INTI-Textiles^pArgentina<|>^aEscobar, G.^nInstituto Nacional de Tecnología Industrial. INTI-Textiles^pArgentina<|>^aTakashima, C.^nInstituto Nacional de Tecnología Industrial. INTI-Textiles^pArgentina<|>^aBerterreix, Claudio Javier^nInstituto Nacional de Tecnología Industrial. INTI-Mecánica^pArgentina<|>^aSzombach, J.^nInstituto Nacional de Tecnología Industrial. INTI-Mecánica^pArgentina<|>^aOlivero, M.^nUniversidad Tecnológica Nacional^sUTN^pArgentina<|>^aPacheco, R.^nUniversidad Tecnológica Nacional^sUTN^pArgentina;^aCarfagnini, Mariana^nInstituto Nacional de Tecnología Industrial. INTI-Textiles^pArgentina<|>^aMarino, Patricia Noemí^nInstituto Nacional de Tecnología Industrial. INTI-Textiles^pArgentina<|>^aJater, N.^nInstituto Nacional de Tecnología Industrial. INTI-Textiles^pArgentina<|>^aEscobar, G.^nInstituto Nacional de Tecnología Industrial. INTI-Textiles^pArgentina<|>^aTakashima, Cecilia Noemí^nInstituto Nacional de Tecnología Industrial. INTI-Textiles^pArgentina<|>^aBerterreix, Claudio Javier^nInstituto Nacional de Tecnología Industrial. INTI-Mecánica^pArgentina<|>^aSzombach, Juan Ignacio^nInstituto Nacional de Tecnología Industrial. INTI-Mecánica^pArgentina<|>^aOlivero, M.^nUniversidad Tecnológica Nacional^sUTN^pArgentina<|>^aPacheco, R.^nUniversidad Tecnológica Nacional^sUTN^pArgentina
050083;v22_Autor_personal;Storino, A.<|>Parise, C.<|>Rojas, A.<|>Planes, E.;Storino, Alejandra Valeria<|>Parise, C.<|>Rojas, A.<|>Planes, E.
050083;v26_Afiliacion_del_autor;^aStorino, A.^nInstituto Nacional de Tecnología Industrial. INTI-Química^pArgentina<|>^aParise, C.^nInstituto Nacional de Tecnología Industrial. INTI-Química^pArgentina<|>^aRojas, A.^nInstituto Nacional de Tecnología Industrial. INTI-Química^pArgentina<|>^aPlanes, E.^nInstituto Nacional de Tecnología Industrial. INTI-Química^pArgentina;^aStorino, Alejandra Valeria^nInstituto Nacional de Tecnología Industrial. INTI-Química^pArgentina<|>^aParise, C.^nInstituto Nacional de Tecnología Industrial. INTI-Química^pArgentina<|>^aRojas, A.^nInstituto Nacional de Tecnología Industrial. INTI-Química^pArgentina<|>^aPlanes, E.^nInstituto Nacional de Tecnología Industrial. INTI-Química^pArgentina
050084;v22_Autor_personal;Areco, M.M.<|>de Titto, G.A.<|>Perrone, Sebastián<|>Wallace, D.<|>Eisenberg, P.<|>Curutchet, Gustavo Andrés;Areco, M.M.<|>De Titto, Guido Andrés<|>Perrone, Sebastián<|>Wallace, D.<|>Eisenberg, P.<|>Curutchet, Gustavo Andrés
050084;v26_Afiliacion_del_autor;^aAreco, M.M.^nUniversidad Nacional de San Martín^sUNSAM^pArgentina<|>^ade Titto, G.A.^nInstituto Nacional de Tecnología Industrial. INTI-Plásticos^pArgentina<|>^aPerrone, Sebastián^nInstituto Nacional de Tecnología Industrial. INTI-Plásticos^pArgentina<|>^aEisenberg, P.^nInstituto Nacional de Tecnología Industrial. INTI-Plásticos^pArgentina<|>^aCurutchet, Gustavo Andrés^nUniversidad Nacional de San Martín^sUNSAM^pArgentina;^aAreco, M.M.^nUniversidad Nacional de San Martín^sUNSAM^pArgentina<|>^aDe Titto, Guido Andrés^nInstituto Nacional de Tecnología Industrial. INTI-Plásticos^pArgentina<|>^aPerrone, Sebastián^nInstituto Nacional de Tecnología Industrial. INTI-Plásticos^pArgentina<|>^aEisenberg, P.^nInstituto Nacional de Tecnología Industrial. INTI-Plásticos^pArgentina<|>^aCurutchet, Gustavo Andrés^nUniversidad Nacional de San Martín^sUNSAM^pArgentina
050086;v22_Autor_personal;Medel, Nicolás<|>Armas, Juan José<|>Pereira, Gustavo<|>Belistri, Cecilia Laura<|>Iglesias, Carolina<|>Baudino, Guillermo Andrés<|>Mery, H.<|>Gómez, F.<|>Barconty, José Luis<|>Andrés, J.<|>Almada, Carolina;Medel, Nicolás<|>Armas, Juan José<|>Pereira, Gustavo<|>Belistri, Cecilia Laura<|>Iglesias, Carolina<|>Baudino, Guillermo Andrés<|>Mery, H.<|>Gómez, F.<|>Barconty, José Luis<|>Jorge, Luis Andrés<|>Almada, Carolina
050086;v26_Afiliacion_del_autor;^aMedel, Nicolás^nInstituto Nacional de Tecnología Industrial. INTI-Programa de Tecnología para la Agricultura Familiar^pArgentina<|>^aArmas, Juan José^nInstituto Nacional de Tecnología Industrial. INTI-Programa de Tecnología para la Agricultura Familiar^pArgentina<|>^aPereira, Gustavo^nInstituto Nacional de Tecnología Industrial. INTI-Programa de Tecnología para la Agricultura Familiar^pArgentina<|>^aBelistri, Cecilia Laura^nInstituto Nacional de Tecnología Industrial. INTI-Programa de Tecnología para la Agricultura Familiar^pArgentina<|>^aIglesias, Carolina^nInstituto Nacional de Tecnología Industrial. INTI-Programa de Tecnología para la Agricultura Familiar^pArgentina<|>^aBaudino, Guillermo Andrés^nInstituto Nacional de Tecnología Industrial. INTI-Salta^pArgentina<|>^aMery, H.^nInstituto Nacional de Tecnología Industrial. INTI-Salta^pArgentina<|>^aGómez, F.^nInstituto Nacional de Tecnología Industrial. INTI-Salta^pArgentina<|>^aBarconty, José Luis^nInstituto Nacional de Tecnología Industrial. INTI-Salta^pArgentina<|>^aAndrés, J.^nInstituto Nacional de Tecnología Industrial. INTI-Entre Ríos^pArgentina<|>^aAlmada, Carolina^nInstituto Nacional de Tecnología Industrial. INTI-Corrientes^pArgentina;^aMedel, Nicolás^nInstituto Nacional de Tecnología Industrial. INTI-Programa de Tecnología para la Agricultura Familiar^pArgentina<|>^aArmas, Juan José^nInstituto Nacional de Tecnología Industrial. INTI-Programa de Tecnología para la Agricultura Familiar^pArgentina<|>^aPereira, Gustavo^nInstituto Nacional de Tecnología Industrial. INTI-Programa de Tecnología para la Agricultura Familiar^pArgentina<|>^aBelistri, Cecilia Laura^nInstituto Nacional de Tecnología Industrial. INTI-Programa de Tecnología para la Agricultura Familiar^pArgentina<|>^aIglesias, Carolina^nInstituto Nacional de Tecnología Industrial. INTI-Programa de Tecnología para la Agricultura Familiar^pArgentina<|>^aBaudino, Guillermo Andrés^nInstituto Nacional de Tecnología Industrial. INTI-Salta^pArgentina<|>^aMery, H.^nInstituto Nacional de Tecnología Industrial. INTI-Salta^pArgentina<|>^aGómez, F.^nInstituto Nacional de Tecnología Industrial. INTI-Salta^pArgentina<|>^aBarconty, José Luis^nInstituto Nacional de Tecnología Industrial. INTI-Salta^pArgentina<|>^aJorge, Luis Andrés^nInstituto Nacional de Tecnología Industrial. INTI-Entre Ríos^pArgentina<|>^aAlmada, Carolina^nInstituto Nacional de Tecnología Industrial. INTI-Corrientes^pArgentina
050088;v22_Autor_personal;Claret, Sara<|>Gaspart, V.<|>González, D.<|>Guibaudo, C.<|>Larrivey, A.<|>Minaglia, M.<|>Ochoteco, A.<|>Rodríguez, Gisela Vanina<|>Toledo, María Fernanda<|>Trossero, Mariana<|>Uchitel, Virginia<|>Villamonte, I.<|>Walser, Vanesa Soledad;Claret, Sara<|>Gaspart, V.<|>González, D.<|>Guibaudo, C.<|>Larrivey, A.<|>Minaglia, M.<|>Ochoteco, A.<|>Rodríguez, Gisela Vanina<|>Toledo, María Fernanda<|>Trossero, Mariana<|>Uchitel, Virginia<|>Villa Monte, Ignacio<|>Walser, Vanesa Soledad
050088;v26_Afiliacion_del_autor;^aClaret, Sara^nInstituto Nacional de Tecnología Industrial. INTI-Entre Ríos^pArgentina<|>^aGaspart, V.^nInstituto Nacional de Tecnología Industrial. INTI-Entre Ríos^pArgentina<|>^aGonzález, D.^nInstituto Nacional de Tecnología Industrial. INTI-Entre Ríos^pArgentina<|>^aGuibaudo, C.^nInstituto Nacional de Tecnología Industrial. INTI-Entre Ríos^pArgentina<|>^aLarrivey, A.^nInstituto Nacional de Tecnología Industrial. INTI-Entre Ríos^pArgentina<|>^aMinaglia, M.^nInstituto Nacional de Tecnología Industrial. INTI-Entre Ríos^pArgentina<|>^aOchoteco, A.^nInstituto Nacional de Tecnología Industrial. INTI-Entre Ríos^pArgentina<|>^aRodríguez, Gisela Vanina^nInstituto Nacional de Tecnología Industrial. INTI-Entre Ríos^pArgentina<|>^aToledo, María Fernanda^nInstituto Nacional de Tecnología Industrial. INTI-Entre Ríos^pArgentina<|>^aTrossero, Mariana^nInstituto Nacional de Tecnología Industrial. INTI-Entre Ríos^pArgentina<|>^aUchitel, Virginia^nInstituto Nacional de Tecnología Industrial. INTI-Entre Ríos^pArgentina<|>^aVillamonte, I.^nInstituto Nacional de Tecnología Industrial. INTI-Entre Ríos^pArgentina<|>^aWalser, Vanesa Soledad^nInstituto Nacional de Tecnología Industrial. INTI-Entre Ríos^pArgentina;^aClaret, Sara^nInstituto Nacional de Tecnología Industrial. INTI-Entre Ríos^pArgentina<|>^aGaspart, V.^nInstituto Nacional de Tecnología Industrial. INTI-Entre Ríos^pArgentina<|>^aGonzález, D.^nInstituto Nacional de Tecnología Industrial. INTI-Entre Ríos^pArgentina<|>^aGuibaudo, C.^nInstituto Nacional de Tecnología Industrial. INTI-Entre Ríos^pArgentina<|>^aLarrivey, A.^nInstituto Nacional de Tecnología Industrial. INTI-Entre Ríos^pArgentina<|>^aMinaglia, M.^nInstituto Nacional de Tecnología Industrial. INTI-Entre Ríos^pArgentina<|>^aOchoteco, A.^nInstituto Nacional de Tecnología Industrial. INTI-Entre Ríos^pArgentina<|>^aRodríguez, Gisela Vanina^nInstituto Nacional de Tecnología Industrial. INTI-Entre Ríos^pArgentina<|>^aToledo, María Fernanda^nInstituto Nacional de Tecnología Industrial. INTI-Entre Ríos^pArgentina<|>^aTrossero, Mariana^nInstituto Nacional de Tecnología Industrial. INTI-Entre Ríos^pArgentina<|>^aUchitel, Virginia^nInstituto Nacional de Tecnología Industrial. INTI-Entre Ríos^pArgentina<|>^aVilla Monte, Ignacio^nInstituto Nacional de Tecnología Industrial. INTI-Entre Ríos^pArgentina<|>^aWalser, Vanesa Soledad^nInstituto Nacional de Tecnología Industrial. INTI-Entre Ríos^pArgentina
050093;v22_Autor_personal;Takashima, C.<|>Dionicio, Alejandra Victoria<|>Carfagnini, Mariana<|>Saralegui, Santiago<|>Regente Pacheco, C.;Takashima, Cecilia Noemí<|>Dionicio, Alejandra Victoria<|>Carfagnini, Mariana<|>Saralegui, Santiago<|>Regente Pacheco, C.
050093;v26_Afiliacion_del_autor;^aTakashima, C.^nInstituto Nacional de Tecnología Industrial. INTI-Textiles^pArgentina<|>^aDionicio, Alejandra Victoria^nInstituto Nacional de Tecnología Industrial. INTI-Jujuy^pArgentina<|>^aCarfagnini, Mariana^nInstituto Nacional de Tecnología Industrial. INTI-Textiles^pArgentina<|>^aSaralegui, Santiago^nInstituto Nacional de Tecnología Industrial. INTI-Textiles^pArgentina<|>^aRegente Pacheco, C.^nUniversidad Tecnológica Nacional. Departamento de Ingeniería Textil^sUTN^pArgentina;^aTakashima, Cecilia Noemí^nInstituto Nacional de Tecnología Industrial. INTI-Textiles^pArgentina<|>^aDionicio, Alejandra Victoria^nInstituto Nacional de Tecnología Industrial. INTI-Jujuy^pArgentina<|>^aCarfagnini, Mariana^nInstituto Nacional de Tecnología Industrial. INTI-Textiles^pArgentina<|>^aSaralegui, Santiago^nInstituto Nacional de Tecnología Industrial. INTI-Textiles^pArgentina<|>^aRegente Pacheco, C.^nUniversidad Tecnológica Nacional. Departamento de Ingeniería Textil^sUTN^pArgentina
050099;v22_Autor_personal;Benítez, A.<|>Ruiz, Adrián Alejandro<|>Köber, Érica<|>Leiberman, M.<|>Scarano, A.;Benítez, Graciela Alejandra<|>Ruiz, Adrián Alejandro<|>Köber, Érica<|>Leiberman, M.<|>Scarano, A.
050099;v26_Afiliacion_del_autor;^aBenítez, A.^nInstituto Nacional de Tecnología Industrial. INTI-Construcciones^pArgentina<|>^aRuiz, Adrián Alejandro^nInstituto Nacional de Tecnología Industrial. INTI-Construcciones^pArgentina<|>^aKöber, Érica^nInstituto Nacional de Tecnología Industrial. INTI-Construcciones^pArgentina<|>^aLeiberman, M.^nMatermix S.R.L.^pArgentina<|>^aScarano, A.^nMatermix S.R.L.^pArgentina;^aBenítez, Graciela Alejandra^nInstituto Nacional de Tecnología Industrial. INTI-Construcciones^pArgentina<|>^aRuiz, Adrián Alejandro^nInstituto Nacional de Tecnología Industrial. INTI-Construcciones^pArgentina<|>^aKöber, Érica^nInstituto Nacional de Tecnología Industrial. INTI-Construcciones^pArgentina<|>^aLeiberman, M.^nMatermix S.R.L.^pArgentina<|>^aScarano, A.^nMatermix S.R.L.^pArgentina
050100;v26_Afiliacion_del_autor;^aRodríguez, R.A.^nInstituto Nacional de Tecnología Industrial. INTI-Ambiente^pArgentina<|>^aBailat, F.L.^nInstituto Nacional de Tecnología Industrial. INTI-Ambiente^pArgentina<|>^aFarías, C.B.^nInstituto Nacional de Tecnología Industrial. INTI-Ambiente^pArgentina<|>^aMiño, M.A.^nInstituto Nacional de Tecnología Industrial. INTI-Ambiente^pArgentina;^aRodríguez, Ruth Alejandra^nInstituto Nacional de Tecnología Industrial. INTI-Ambiente^pArgentina<|>^aBailat, Federico Luis^nInstituto Nacional de Tecnología Industrial. INTI-Ambiente^pArgentina<|>^aFarías, C.B.^nInstituto Nacional de Tecnología Industrial. INTI-Ambiente^pArgentina<|>^aMiño, M.A.^nInstituto Nacional de Tecnología Industrial. INTI-Ambiente^pArgentina
050102;v22_Autor_personal;Zander, K.<|>Martinez, L.<|>Marre, S.<|>Mon, L.;Zander, Karen Elizabeth<|>Martinez, L.<|>Marre, S.<|>Mon, L.
050102;v26_Afiliacion_del_autor;^aZander, K.^nInstituto Nacional de Tecnología Industrial. INTI-Textiles^pArgentina<|>^aMartinez, L.^nInstituto Nacional de Tecnología Industrial. INTI-Textiles^pArgentina<|>^aMarre, S.^nInstituto Nacional de Tecnología Industrial. INTI-Textiles^pArgentina<|>^aMon, L.^nInstituto Nacional de Tecnología Industrial. INTI-Textiles^pArgentina;^aZander, Karen Elizabeth^nInstituto Nacional de Tecnología Industrial. INTI-Textiles^pArgentina<|>^aMartinez, L.^nInstituto Nacional de Tecnología Industrial. INTI-Textiles^pArgentina<|>^aMarre, S.^nInstituto Nacional de Tecnología Industrial. INTI-Textiles^pArgentina<|>^aMon, L.^nInstituto Nacional de Tecnología Industrial. INTI-Textiles^pArgentina
050108;v22_Autor_personal;Pozzo, M.<|>Carrizo, Fabián Lucio<|>Narváez Erazo, D.<|>Smutt, É.<|>Trasciatti, Rodrigo<|>Del Frate, Érica<|>Noro, C.<|>Amado, Pedro;Pozzo, M.<|>Carrizo, Fabián Lucio<|>Narváez Erazo, D.<|>Smutt, Érica Fernanda<|>Trasciatti, Rodrigo<|>Del Frate, Érica<|>Noro, C.<|>Amado, Pedro
050108;v26_Afiliacion_del_autor;^aPozzo, M.^nInstituto Nacional de Tecnología Industrial. INTI-Programa de Apoyo a la Comercialización de la Economía Social^pArgentina<|>^aCarrizo, Fabián Lucio^nInstituto Nacional de Tecnología Industrial. INTI-Programa de Apoyo a la Comercialización de la Economía Social^pArgentina<|>^aNarváez Erazo, D.^nInstituto Nacional de Tecnología Industrial. INTI-Diseño Industrial^pArgentina<|>^aSmutt, É.^nInstituto Nacional de Tecnología Industrial. INTI-Gerencia de Comercialización^pArgentina<|>^aTrasciatti, Rodrigo^nCooperativa de Trabajo El Andamio^pArgentina<|>^aDel Frate, Érica^nCooperativa de Trabajo El Andamio^pArgentina<|>^aNoro, C.^nCooperativa de Trabajo El Andamio^pArgentina<|>^aAmado, Pedro^nCooperativa de Trabajo Maxim^pArgentina;^aPozzo, M.^nInstituto Nacional de Tecnología Industrial. INTI-Programa de Apoyo a la Comercialización de la Economía Social^pArgentina<|>^aCarrizo, Fabián Lucio^nInstituto Nacional de Tecnología Industrial. INTI-Programa de Apoyo a la Comercialización de la Economía Social^pArgentina<|>^aNarváez Erazo, D.^nInstituto Nacional de Tecnología Industrial. INTI-Diseño Industrial^pArgentina<|>^aSmutt, Érica Fernanda^nInstituto Nacional de Tecnología Industrial. INTI-Gerencia de Comercialización^pArgentina<|>^aTrasciatti, Rodrigo^nCooperativa de Trabajo El Andamio^pArgentina<|>^aDel Frate, Érica^nCooperativa de Trabajo El Andamio^pArgentina<|>^aNoro, C.^nCooperativa de Trabajo El Andamio^pArgentina<|>^aAmado, Pedro^nCooperativa de Trabajo Maxim^pArgentina
050110;v22_Autor_personal;Cenzano, Ana Carolina<|>Vergara, D.<|>Zárate, Alfonso Guillermo;Cenzano, Ana Carolina<|>Vergara, Darío Martín<|>Zárate, Alfonso Guillermo
050110;v26_Afiliacion_del_autor;^aCenzano, Ana Carolina^nInstituto Nacional de Tecnología Industrial. INTI-Chaco^pArgentina<|>^aVergara, D.^nInstituto Nacional de Tecnología Industrial. INTI-Formosa^pArgentina<|>^aZárate, Alfonso Guillermo^nInstituto Nacional de Tecnología Industrial. INTI-Corrientes^pArgentina;^aCenzano, Ana Carolina^nInstituto Nacional de Tecnología Industrial. INTI-Chaco^pArgentina<|>^aVergara, Darío Martín^nInstituto Nacional de Tecnología Industrial. INTI-Formosa^pArgentina<|>^aZárate, Alfonso Guillermo^nInstituto Nacional de Tecnología Industrial. INTI-Corrientes^pArgentina
050114;v22_Autor_personal;Ariza, Irene Raquel<|>Sandre, Cristian<|>Nemkansky, K.<|>Ramírez, Rodrigo Javier<|>Martínez, L.<|>Goglino, M.<|>Reiner, Walter<|>Vergelín, P.<|>Herrero, P.<|>Becker, Rosalba María;Ariza, Irene Raquel<|>Sandre, Cristian<|>Nemcansky, Kevin<|>Ramírez, Rodrigo Javier<|>Martínez, L.<|>Goglino, M.<|>Reiner, Walter<|>Vergelín, P.<|>Herrero, P.<|>Becker, Rosalba María
050114;v26_Afiliacion_del_autor;^aAriza, Irene Raquel^nInstituto Nacional de Tecnología Industrial. INTI-Diseño Industrial^pArgentina<|>^aSandre, Cristian^nInstituto Nacional de Tecnología Industrial. INTI-Diseño Industrial^pArgentina<|>^aNemkansky, K.^nInstituto Nacional de Tecnología Industrial. INTI-Diseño Industrial^pArgentina<|>^aRamírez, Rodrigo Javier^nInstituto Nacional de Tecnología Industrial. INTI-Diseño Industrial^pArgentina<|>^aMartínez, L.^nInstituto Nacional de Tecnología Industrial. INTI-Diseño Industrial^pArgentina<|>^aGoglino, M.^nInstituto Nacional de Tecnología Industrial. INTI-Diseño Industrial^pArgentina<|>^aReiner, Walter^nInstituto Nacional de Tecnología Industrial. INTI-Diseño Industrial^pArgentina<|>^aVergelín, P.^nInstituto Nacional de Tecnología Industrial. INTI-Diseño Industrial^pArgentina<|>^aHerrero, P.^nInstituto Nacional de Tecnología Industrial. INTI-Diseño Industrial^pArgentina<|>^aBecker, Rosalba María^nInstituto Nacional de Tecnología Industrial. INTI-Diseño Industrial^pArgentina;^aAriza, Irene Raquel^nInstituto Nacional de Tecnología Industrial. INTI-Diseño Industrial^pArgentina<|>^aSandre, Cristian^nInstituto Nacional de Tecnología Industrial. INTI-Diseño Industrial^pArgentina<|>^aNemcansky, Kevin^nInstituto Nacional de Tecnología Industrial. INTI-Diseño Industrial^pArgentina<|>^aRamírez, Rodrigo Javier^nInstituto Nacional de Tecnología Industrial. INTI-Diseño Industrial^pArgentina<|>^aMartínez, L.^nInstituto Nacional de Tecnología Industrial. INTI-Diseño Industrial^pArgentina<|>^aGoglino, M.^nInstituto Nacional de Tecnología Industrial. INTI-Diseño Industrial^pArgentina<|>^aReiner, Walter^nInstituto Nacional de Tecnología Industrial. INTI-Diseño Industrial^pArgentina<|>^aVergelín, P.^nInstituto Nacional de Tecnología Industrial. INTI-Diseño Industrial^pArgentina<|>^aHerrero, P.^nInstituto Nacional de Tecnología Industrial. INTI-Diseño Industrial^pArgentina<|>^aBecker, Rosalba María^nInstituto Nacional de Tecnología Industrial. INTI-Diseño Industrial^pArgentina
050116;v22_Autor_personal;Fernández, A.<|>Bargo, Emilio<|>Fisch, J.<|>Kohanoff, R.<|>Cruder, Leonardo;Fernández, A.<|>Bargo, Emilio<|>Fisch, J.<|>Kohanoff, Rafael<|>Cruder, Leonardo
050116;v26_Afiliacion_del_autor;^aFernández, A.^nInstituto Nacional de Tecnología Industrial. INTI-Tecnologías para la Salud y Discapacidad^pArgentina<|>^aBargo, Emilio^nInstituto Nacional de Tecnología Industrial. INTI-Tecnologías para la Salud y Discapacidad^pArgentina<|>^aFisch, J.^nInstituto Nacional de Tecnología Industrial. INTI-Tecnologías para la Salud y Discapacidad^pArgentina<|>^aKohanoff, R.^nInstituto Nacional de Tecnología Industrial. INTI-Tecnologías para la Salud y Discapacidad^pArgentina<|>^aCruder, Leonardo^nInstituto Nacional de Tecnología Industrial. INTI-Tecnologías para la Salud y Discapacidad^pArgentina;^aFernández, A.^nInstituto Nacional de Tecnología Industrial. INTI-Tecnologías para la Salud y Discapacidad^pArgentina<|>^aBargo, Emilio^nInstituto Nacional de Tecnología Industrial. INTI-Tecnologías para la Salud y Discapacidad^pArgentina<|>^aFisch, J.^nInstituto Nacional de Tecnología Industrial. INTI-Tecnologías para la Salud y Discapacidad^pArgentina<|>^aKohanoff, Rafael^nInstituto Nacional de Tecnología Industrial. INTI-Tecnologías para la Salud y Discapacidad^pArgentina<|>^aCruder, Leonardo^nInstituto Nacional de Tecnología Industrial. INTI-Tecnologías para la Salud y Discapacidad^pArgentina
050117;v22_Autor_personal;Candiano, Nicolás<|>Fisch, J.<|>Suárez, D.;Candiano, Nicolás<|>Fisch, J.<|>Suárez, Daniel Enrique
050117;v26_Afiliacion_del_autor;^aCandiano, Nicolás^nInstituto Nacional de Tecnología Industrial. INTI-Tecnologías para la Salud y Discapacidad^pArgentina<|>^aFisch, J.^nInstituto Nacional de Tecnología Industrial. INTI-Tecnologías para la Salud y Discapacidad^pArgentina<|>^aSuárez, D.^nInstituto Nacional de Tecnología Industrial. INTI-Tecnologías para la Salud y Discapacidad^pArgentina;^aCandiano, Nicolás^nInstituto Nacional de Tecnología Industrial. INTI-Tecnologías para la Salud y Discapacidad^pArgentina<|>^aFisch, J.^nInstituto Nacional de Tecnología Industrial. INTI-Tecnologías para la Salud y Discapacidad^pArgentina<|>^aSuárez, Daniel Enrique^nInstituto Nacional de Tecnología Industrial. INTI-Tecnologías para la Salud y Discapacidad^pArgentina
050136;v22_Autor_personal;Rodríguez, M.<|>Pujol, E.<|>Ponce, F.;Rodríguez, Matías Agustín<|>Pujol, E.<|>Ponce, F.
050136;v26_Afiliacion_del_autor;^aRodríguez, M.^nInstituto Nacional de Tecnología Industrial. INTI-Tecnologías de Gestión^pArgentina<|>^aPujol, E.^nInstituto Nacional de Tecnología Industrial. INTI-Trabajo y Educación a Distancia^pArgentina<|>^aPonce, F.^nInstituto Nacional de Tecnología Industrial. INTI-Trabajo y Educación a Distancia^pArgentina;^aRodríguez, Matías Agustín^nInstituto Nacional de Tecnología Industrial. INTI-Tecnologías de Gestión^pArgentina<|>^aPujol, E.^nInstituto Nacional de Tecnología Industrial. INTI-Trabajo y Educación a Distancia^pArgentina<|>^aPonce, F.^nInstituto Nacional de Tecnología Industrial. INTI-Trabajo y Educación a Distancia^pArgentina
050138;v22_Autor_personal;Mass, Mijal Inés<|>Roberti, M.<|>Ricalde, D.<|>Marinoni, J.<|>Affre, P.<|>Biondo, Oscar Alberto<|>Fraigi, Liliana Beatriz;Mass, Mijal Inés<|>Roberti, M.<|>Ricalde, D.<|>Marinoni, Julián Nicolás<|>Affre, P.<|>Biondo, Oscar Alberto<|>Fraigi, Liliana Beatriz
050138;v26_Afiliacion_del_autor;^aMass, Mijal Inés^nInstituto Nacional de Tecnología Industrial. INTI-Micro y Nanoelectrónica^pArgentina<|>^aRoberti, M.^nInstituto Nacional de Tecnología Industrial. INTI-Micro y Nanoelectrónica^pArgentina<|>^aRicalde, D.^nInstituto Nacional de Tecnología Industrial. INTI-Micro y Nanoelectrónica^pArgentina<|>^aMarinoni, J.^nInstituto Nacional de Tecnología Industrial. INTI-Micro y Nanoelectrónica^pArgentina<|>^aAffre, P.^nFábricas Argentinas S.A.^pArgentina<|>^aBiondo, Oscar Alberto^nFábricas Argentinas S.A.^pArgentina<|>^aFraigi, Liliana Beatriz^nInstituto Nacional de Tecnología Industrial. INTI-Micro y Nanoelectrónica^pArgentina;^aMass, Mijal Inés^nInstituto Nacional de Tecnología Industrial. INTI-Micro y Nanoelectrónica^pArgentina<|>^aRoberti, M.^nInstituto Nacional de Tecnología Industrial. INTI-Micro y Nanoelectrónica^pArgentina<|>^aRicalde, D.^nInstituto Nacional de Tecnología Industrial. INTI-Micro y Nanoelectrónica^pArgentina<|>^aMarinoni, Julián Nicolás^nInstituto Nacional de Tecnología Industrial. INTI-Micro y Nanoelectrónica^pArgentina<|>^aAffre, P.^nFábricas Argentinas S.A.^pArgentina<|>^aBiondo, Oscar Alberto^nFábricas Argentinas S.A.^pArgentina<|>^aFraigi, Liliana Beatriz^nInstituto Nacional de Tecnología Industrial. INTI-Micro y Nanoelectrónica^pArgentina
050139;v22_Autor_personal;Roa, R.D.<|>Yasan, Eduardo David<|>Rodríguez, M.;Roa, Ruy Diego<|>Yasan, Eduardo David<|>Rodríguez, Matías Agustín
050139;v26_Afiliacion_del_autor;^aRoa, R.D.^nInstituto Nacional de Tecnología Industrial. INTI-Gerencia de proyectos especiales^pArgentina<|>^aYasan, Eduardo David^nInstituto Nacional de Tecnología Industrial. INTI-Física y Metrología^pArgentina<|>^aRodríguez, M.^nInstituto Nacional de Tecnología Industrial. INTI-Gerencia de proyectos especiales^pArgentina;^aRoa, Ruy Diego^nInstituto Nacional de Tecnología Industrial. INTI-Gerencia de proyectos especiales^pArgentina<|>^aYasan, Eduardo David^nInstituto Nacional de Tecnología Industrial. INTI-Física y Metrología^pArgentina<|>^aRodríguez, Matías Agustín^nInstituto Nacional de Tecnología Industrial. INTI-Gerencia de proyectos especiales^pArgentina
050142;v22_Autor_personal;Roberti, M.<|>Marinoni, J.<|>Ricalde, D.<|>Acevedo, Marcelo Ricardo<|>Medrano, Anahí Vanesa<|>Giménez, G.<|>Tovi Alvero, Iván Maximiliano<|>Ferreira, A.<|>Warcok, Leonardo Carlos<|>Mass, Mijal Inés<|>Monsalve, L.N.;Roberti, M.<|>Marinoni, Julián Nicolás<|>Ricalde, D.<|>Acevedo, Marcelo Ricardo<|>Medrano, Anahí Vanesa<|>Giménez, G.<|>Tovi Alvero, Iván Maximiliano<|>Ferreira, A.<|>Warcok, Leonardo Carlos<|>Mass, Mijal Inés<|>Monsalve, L.N.
050142;v26_Afiliacion_del_autor;^aRoberti, M.^nInstituto Nacional de Tecnología Industrial. INTI-Micro y Nanoelectrónica^pArgentina<|>^aMarinoni, J.^nInstituto Nacional de Tecnología Industrial. INTI-Micro y Nanoelectrónica^pArgentina<|>^aRicalde, D.^nInstituto Nacional de Tecnología Industrial. INTI-Micro y Nanoelectrónica^pArgentina<|>^aAcevedo, Marcelo Ricardo^nInstituto Nacional de Tecnología Industrial. INTI-Micro y Nanoelectrónica^pArgentina<|>^aMedrano, Anahí Vanesa^nInstituto Nacional de Tecnología Industrial. INTI-Micro y Nanoelectrónica^pArgentina<|>^aGiménez, G.^nInstituto Nacional de Tecnología Industrial. INTI-Micro y Nanoelectrónica^pArgentina<|>^aTovi Alvero, Iván Maximiliano^nInstituto Nacional de Tecnología Industrial. INTI-Procesos Superficiales^pArgentina<|>^aFerreira, A.^nInstituto Nacional de Tecnología Industrial. INTI-Química^pArgentina<|>^aWarcok, Leonardo Carlos^nInstituto Nacional de Tecnología Industrial. INTI-Química^pArgentina<|>^aMass, Mijal Inés^nInstituto Nacional de Tecnología Industrial. INTI-Micro y Nanoelectrónica^pArgentina<|>^aMonsalve, L.N.^nInstituto Nacional de Tecnología Industrial. INTI-Micro y Nanoelectrónica^pArgentina;^aRoberti, M.^nInstituto Nacional de Tecnología Industrial. INTI-Micro y Nanoelectrónica^pArgentina<|>^aMarinoni, Julián Nicolás^nInstituto Nacional de Tecnología Industrial. INTI-Micro y Nanoelectrónica^pArgentina<|>^aRicalde, D.^nInstituto Nacional de Tecnología Industrial. INTI-Micro y Nanoelectrónica^pArgentina<|>^aAcevedo, Marcelo Ricardo^nInstituto Nacional de Tecnología Industrial. INTI-Micro y Nanoelectrónica^pArgentina<|>^aMedrano, Anahí Vanesa^nInstituto Nacional de Tecnología Industrial. INTI-Micro y Nanoelectrónica^pArgentina<|>^aGiménez, G.^nInstituto Nacional de Tecnología Industrial. INTI-Micro y Nanoelectrónica^pArgentina<|>^aTovi Alvero, Iván Maximiliano^nInstituto Nacional de Tecnología Industrial. INTI-Procesos Superficiales^pArgentina<|>^aFerreira, A.^nInstituto Nacional de Tecnología Industrial. INTI-Química^pArgentina<|>^aWarcok, Leonardo Carlos^nInstituto Nacional de Tecnología Industrial. INTI-Química^pArgentina<|>^aMass, Mijal Inés^nInstituto Nacional de Tecnología Industrial. INTI-Micro y Nanoelectrónica^pArgentina<|>^aMonsalve, L.N.^nInstituto Nacional de Tecnología Industrial. INTI-Micro y Nanoelectrónica^pArgentina
050145;v22_Autor_personal;Roa, Ruy Diego<|>Díaz Monnier, Silvia Laura<|>Blas, Luciano Sebastián<|>Rodríguez, M.;Roa, Ruy Diego<|>Díaz Monnier, Silvia Laura<|>Blas, Luciano Sebastián<|>Rodríguez, Matías Agustín
050145;v26_Afiliacion_del_autor;^aRoa, Ruy Diego^nInstituto Nacional de Tecnología Industrial. INTI-Gerencia de Proyectos Especiales^pArgentina<|>^aDíaz Monnier, Silvia Laura^nInstituto Nacional de Tecnología Industrial. INTI-Electrónica e Informática^pArgentina<|>^aBlas, Luciano Sebastián^nInstituto Nacional de Tecnología Industrial. INTI-Electrónica e Informática^pArgentina<|>^aRodríguez, M.^nInstituto Nacional de Tecnología Industrial. INTI-Gerencia de Proyectos Especiales^pArgentina;^aRoa, Ruy Diego^nInstituto Nacional de Tecnología Industrial. INTI-Gerencia de Proyectos Especiales^pArgentina<|>^aDíaz Monnier, Silvia Laura^nInstituto Nacional de Tecnología Industrial. INTI-Electrónica e Informática^pArgentina<|>^aBlas, Luciano Sebastián^nInstituto Nacional de Tecnología Industrial. INTI-Electrónica e Informática^pArgentina<|>^aRodríguez, Matías Agustín^nInstituto Nacional de Tecnología Industrial. INTI-Gerencia de Proyectos Especiales^pArgentina
050146;v22_Autor_personal;Acevedo, Marcelo Ricardo<|>Mass, Mijal Inés<|>Roberti, M.<|>Marinoni, J.<|>Ricalde, D.<|>Fraigi, Liliana Beatriz<|>Ybarra, Gabriel Omar<|>Radrizzani, M.;Acevedo, Marcelo Ricardo<|>Mass, Mijal Inés<|>Roberti, M.<|>Marinoni, Julián Nicolás<|>Ricalde, D.<|>Fraigi, Liliana Beatriz<|>Ybarra, Gabriel Omar<|>Radrizzani, M.
050146;v26_Afiliacion_del_autor;^aAcevedo, Marcelo Ricardo^nInstituto Nacional de Tecnología Industrial^sINTI-Micro y Nanoelectrónica^pArgentina<|>^aMass, Mijal Inés^nInstituto Nacional de Tecnología Industrial. INTI-Micro y Nanoelectrónica^pArgentina<|>^aRoberti, M.^nInstituto Nacional de Tecnología Industrial. INTI-Micro y Nanoelectrónica^pArgentina<|>^aMarinoni, J.^nInstituto Nacional de Tecnología Industrial. INTI-Micro y Nanoelectrónica^pArgentina<|>^aRicalde, D.^nInstituto Nacional de Tecnología Industrial. INTI-Micro y Nanoelectrónica^pArgentina<|>^aFraigi, Liliana Beatriz^nInstituto Nacional de Tecnología Industrial. INTI-Micro y Nanoelectrónica^pArgentina<|>^aYbarra, Gabriel Omar^nInstituto Nacional de Tecnología Industrial. INTI-Procesos Superficiales^pArgentina<|>^aRadrizzani, M.^nUniversidad Nacional de San Martín. Laboratorio de Neuro y Citogenéticas^sUNSAM-ECYT^pArgentina;^aAcevedo, Marcelo Ricardo^nInstituto Nacional de Tecnología Industrial^sINTI-Micro y Nanoelectrónica^pArgentina<|>^aMass, Mijal Inés^nInstituto Nacional de Tecnología Industrial. INTI-Micro y Nanoelectrónica^pArgentina<|>^aRoberti, M.^nInstituto Nacional de Tecnología Industrial. INTI-Micro y Nanoelectrónica^pArgentina<|>^aMarinoni, Julián Nicolás^nInstituto Nacional de Tecnología Industrial. INTI-Micro y Nanoelectrónica^pArgentina<|>^aRicalde, D.^nInstituto Nacional de Tecnología Industrial. INTI-Micro y Nanoelectrónica^pArgentina<|>^aFraigi, Liliana Beatriz^nInstituto Nacional de Tecnología Industrial. INTI-Micro y Nanoelectrónica^pArgentina<|>^aYbarra, Gabriel Omar^nInstituto Nacional de Tecnología Industrial. INTI-Procesos Superficiales^pArgentina<|>^aRadrizzani, M.^nUniversidad Nacional de San Martín. Laboratorio de Neuro y Citogenéticas^sUNSAM-ECYT^pArgentina
050156;v22_Autor_personal;Ariza, Irene Raquel<|>Brunetto, Pedro Carlos<|>Oneto, F.<|>Aranda, J.<|>Arrachea, A.<|>Becker, Rosalba María<|>Buttini, S.<|>Casabona, Marcela Andrea<|>Díaz, María Victoria<|>Dorado, Cecilia<|>Flores, F.<|>Gay, F.<|>Herrero, P.<|>Martínez, F.<|>Martínez, L.<|>Osés, F.<|>Vadell, E.;Ariza, Irene Raquel<|>Brunetto, Pedro Carlos<|>Oneto, F.<|>Aranda, J.<|>Arrachea, A.<|>Becker, Rosalba María<|>Buttini, S.<|>Casabona, Marcela Andrea<|>Díaz, María Victoria<|>Dorado, Cecilia<|>Flores, F.<|>Gay, F.<|>Herrero, P.<|>Martínez, F.<|>Martínez, L.<|>Osés, F.<|>Vadell, Emanuel Pablo
050156;v26_Afiliacion_del_autor;^aAriza, Irene Raquel^nInstituto Nacional de Tecnología Industrial. INTI-Diseño Industrial^pArgentina<|>^aBrunetto, Pedro Carlos^nInstituto Nacional de Tecnología Industrial. INTI-Programa de Desempeño de Productos^pArgentina<|>^aOneto, F.^nInstituto Nacional de Tecnología Industrial. INTI-Diseño Industrial^pArgentina<|>^aAranda, J.^nInstituto Nacional de Tecnología Industrial. INTI-Programa de Desempeño de Productos^pArgentina<|>^aArrachea, A.^nInstituto Nacional de Tecnología Industrial. INTI-Diseño Industrial^pArgentina<|>^aBecker, Rosalba María^nInstituto Nacional de Tecnología Industrial. INTI-Diseño Industrial^pArgentina<|>^aButtini, S.^nInstituto Nacional de Tecnología Industrial. INTI-Programa de Desempeño de Productos^pArgentina<|>^aCasabona, Marcela Andrea^nInstituto Nacional de Tecnología Industrial. INTI-Diseño Industrial^pArgentina<|>^aDíaz, María Victoria^nInstituto Nacional de Tecnología Industrial. INTI-Diseño Industrial^pArgentina<|>^aDorado, Cecilia^nInstituto Nacional de Tecnología Industrial. INTI-Diseño Industrial^pArgentina<|>^aFlores, F.^nInstituto Nacional de Tecnología Industrial. INTI-Diseño Industrial^pArgentina<|>^aGay, F.^nInstituto Nacional de Tecnología Industrial. INTI-Diseño Industrial^pArgentina<|>^aHerrero, P.^nInstituto Nacional de Tecnología Industrial. INTI-Diseño Industrial^pArgentina<|>^aMartínez, F.^nInstituto Nacional de Tecnología Industrial. INTI-Diseño Industrial^pArgentina<|>^aMartínez, L.^nInstituto Nacional de Tecnología Industrial. INTI-Diseño Industrial^pArgentina<|>^aOsés, F.^nInstituto Nacional de Tecnología Industrial. INTI-Programa de Desempeño de Productos^pArgentina<|>^aVadell, E.^nInstituto Nacional de Tecnología Industrial. INTI-Programa de Desempeño de Productos^pArgentina;^aAriza, Irene Raquel^nInstituto Nacional de Tecnología Industrial. INTI-Diseño Industrial^pArgentina<|>^aBrunetto, Pedro Carlos^nInstituto Nacional de Tecnología Industrial. INTI-Programa de Desempeño de Productos^pArgentina<|>^aOneto, F.^nInstituto Nacional de Tecnología Industrial. INTI-Diseño Industrial^pArgentina<|>^aAranda, J.^nInstituto Nacional de Tecnología Industrial. INTI-Programa de Desempeño de Productos^pArgentina<|>^aArrachea, A.^nInstituto Nacional de Tecnología Industrial. INTI-Diseño Industrial^pArgentina<|>^aBecker, Rosalba María^nInstituto Nacional de Tecnología Industrial. INTI-Diseño Industrial^pArgentina<|>^aButtini, S.^nInstituto Nacional de Tecnología Industrial. INTI-Programa de Desempeño de Productos^pArgentina<|>^aCasabona, Marcela Andrea^nInstituto Nacional de Tecnología Industrial. INTI-Diseño Industrial^pArgentina<|>^aDíaz, María Victoria^nInstituto Nacional de Tecnología Industrial. INTI-Diseño Industrial^pArgentina<|>^aDorado, Cecilia^nInstituto Nacional de Tecnología Industrial. INTI-Diseño Industrial^pArgentina<|>^aFlores, F.^nInstituto Nacional de Tecnología Industrial. INTI-Diseño Industrial^pArgentina<|>^aGay, F.^nInstituto Nacional de Tecnología Industrial. INTI-Diseño Industrial^pArgentina<|>^aHerrero, P.^nInstituto Nacional de Tecnología Industrial. INTI-Diseño Industrial^pArgentina<|>^aMartínez, F.^nInstituto Nacional de Tecnología Industrial. INTI-Diseño Industrial^pArgentina<|>^aMartínez, L.^nInstituto Nacional de Tecnología Industrial. INTI-Diseño Industrial^pArgentina<|>^aOsés, F.^nInstituto Nacional de Tecnología Industrial. INTI-Programa de Desempeño de Productos^pArgentina<|>^aVadell, Emanuel Pablo^nInstituto Nacional de Tecnología Industrial. INTI-Programa de Desempeño de Productos^pArgentina
050160;v22_Autor_personal;Zander, K.<|>Martínez, L.<|>Trujillo, R.<|>Pescio, F.<|>Enciso, H.;Zander, Karen Elizabeth<|>Martínez, L.<|>Trujillo, R.<|>Pescio, F.<|>Enciso, H.
050160;v26_Afiliacion_del_autor;^aZander, K.^nInstituto Nacional de Tecnología Industrial. INTI-Textiles^pArgentina<|>^aMartínez, L.^nInstituto Nacional de Tecnología Industrial. INTI-Textiles^pArgentina<|>^aPescio, F.^nInstituto Nacional de Tecnología Agropecuaria^sINTA^pArgentina<|>^aEnciso, H.^nInstituto Nacional de Tecnología Industrial. INTI-Textiles^pArgentina;^aZander, Karen Elizabeth^nInstituto Nacional de Tecnología Industrial. INTI-Textiles^pArgentina<|>^aMartínez, L.^nInstituto Nacional de Tecnología Industrial. INTI-Textiles^pArgentina<|>^aPescio, F.^nInstituto Nacional de Tecnología Agropecuaria^sINTA^pArgentina<|>^aEnciso, H.^nInstituto Nacional de Tecnología Industrial. INTI-Textiles^pArgentina
050175;v22_Autor_personal;Labanca, JM.<|>Pérez, D.<|>Antunez, Nazareno Nahuel<|>Martínez Krahmer, Daniel Osvaldo<|>Schneebeli, Jorge Ernesto;Labanca, JM.<|>Pérez, Daniela Joana<|>Antunez, Nazareno Nahuel<|>Martínez Krahmer, Daniel Osvaldo<|>Schneebeli, Jorge Ernesto
050175;v26_Afiliacion_del_autor;^aLabanca, JM.^nInstituto Nacional de Tecnología Industrial. INTI-Mecánica^pArgentina<|>^aPérez, D.^nInstituto Nacional de Tecnología Industrial. INTI-Mecánica^pArgentina<|>^aAntunez, Nazareno Nahuel^nInstituto Nacional de Tecnología Industrial. INTI-Mecánica^pArgentina<|>^aMartínez Krahmer, Daniel Osvaldo^nInstituto Nacional de Tecnología Industrial. INTI-Mecánica^pArgentina<|>^aSchneebeli, Jorge Ernesto^nInstituto Nacional de Tecnología Industrial. INTI-Mecánica^pArgentina;^aLabanca, JM.^nInstituto Nacional de Tecnología Industrial. INTI-Mecánica^pArgentina<|>^aPérez, Daniela Joana^nInstituto Nacional de Tecnología Industrial. INTI-Mecánica^pArgentina<|>^aAntunez, Nazareno Nahuel^nInstituto Nacional de Tecnología Industrial. INTI-Mecánica^pArgentina<|>^aMartínez Krahmer, Daniel Osvaldo^nInstituto Nacional de Tecnología Industrial. INTI-Mecánica^pArgentina<|>^aSchneebeli, Jorge Ernesto^nInstituto Nacional de Tecnología Industrial. INTI-Mecánica^pArgentina
050177;v22_Autor_personal;Dobler, Samanta<|>Enciso, H.<|>Levy, Virginia Laura<|>Maggiore, Agustina<|>Marino, P.<|>Muset, G.<|>Pescio, F.<|>Pasetti, G.<|>Sicari, O.<|>Pujol, Rocío;Dobler, Samanta<|>Enciso, H.<|>Levy, Virginia Laura<|>Maggiore, Agustina<|>Marino, Patricia Noemí<|>Muset, G.<|>Pescio, F.<|>Pasetti, G.<|>Sicari, O.<|>Pujol, Rocío
050177;v26_Afiliacion_del_autor;^aDobler, Samanta^nInstituto Nacional de Tecnología Industrial. INTI-Textiles^pArgentina<|>^aEnciso, H.^nInstituto Nacional de Tecnología Industrial. INTI-Textiles^pArgentina<|>^aLevy, Virginia Laura^nInstituto Nacional de Tecnología Industrial. INTI-Gerencia de Desarrollo^pArgentina<|>^aMaggiore, Agustina^nInstituto Nacional de Tecnología Industrial. INTI-Gerencia de Cooperación Económica e Internacional^pArgentina<|>^aMarino, P.^nInstituto Nacional de Tecnología Industrial. INTI-Textiles^pArgentina<|>^aMuset, G.^nInstituto Nacional de Tecnología Industrial. INTI-Gerencia de Cooperación Económica e Internacional^pArgentina<|>^aPescio, F.^nInstituto Nacional de Tecnología Agropecuaria^sINTA^pArgentina<|>^aPasetti, G.^nInstituto Nacional de Tecnología Industrial. INTI-Gerencia Técnica^pArgentina<|>^aSicari, O.^nInstituto Nacional de Tecnología Industrial. INTI-Gerencia de Desarrollo^pArgentina<|>^aPujol, Rocío^nInstituto Nacional de Tecnología Industrial. INTI-Textiles^pArgentina;^aDobler, Samanta^nInstituto Nacional de Tecnología Industrial. INTI-Textiles^pArgentina<|>^aEnciso, H.^nInstituto Nacional de Tecnología Industrial. INTI-Textiles^pArgentina<|>^aLevy, Virginia Laura^nInstituto Nacional de Tecnología Industrial. INTI-Gerencia de Desarrollo^pArgentina<|>^aMaggiore, Agustina^nInstituto Nacional de Tecnología Industrial. INTI-Gerencia de Cooperación Económica e Internacional^pArgentina<|>^aMarino, Patricia Noemí^nInstituto Nacional de Tecnología Industrial. INTI-Textiles^pArgentina<|>^aMuset, G.^nInstituto Nacional de Tecnología Industrial. INTI-Gerencia de Cooperación Económica e Internacional^pArgentina<|>^aPescio, F.^nInstituto Nacional de Tecnología Agropecuaria^sINTA^pArgentina<|>^aPasetti, G.^nInstituto Nacional de Tecnología Industrial. INTI-Gerencia Técnica^pArgentina<|>^aSicari, O.^nInstituto Nacional de Tecnología Industrial. INTI-Gerencia de Desarrollo^pArgentina<|>^aPujol, Rocío^nInstituto Nacional de Tecnología Industrial. INTI-Textiles^pArgentina
050179;v22_Autor_personal;Ortiz, N.D.<|>Galli, A.H.;Ortiz, Nancy Dolores<|>Galli, A.H.
050179;v26_Afiliacion_del_autor;^aOrtiz, N.D.^nInstituto Nacional de Tecnología Industrial. INTI-Química^pArgentina<|>^aGalli, A.H.^nInstituto Nacional de Tecnología Industrial. INTI-Química^pArgentina;^aOrtiz, Nancy Dolores^nInstituto Nacional de Tecnología Industrial. INTI-Química^pArgentina<|>^aGalli, A.H.^nInstituto Nacional de Tecnología Industrial. INTI-Química^pArgentina
050183;v22_Autor_personal;Speranza, J.<|>Castañeda, Roberto Aníbal<|>Muset, G.<|>Maggiore, Agustina<|>González, M.<|>Labacá,  Patricia<|>Rodríguez, Gisela Vanina<|>Fornero, P.<|>Junges, O.;Speranza, Jorge Luis<|>Castañeda, Roberto Aníbal<|>Muset, G.<|>Maggiore, Agustina<|>González, M.<|>Labacá,  Patricia<|>Rodríguez, Gisela Vanina<|>Fornero, P.<|>Junges, O.
050183;v26_Afiliacion_del_autor;^aSperanza, J.^nInstituto Nacional de Tecnología Industrial. INTI-Lácteos^pArgentina<|>^aCastañeda, Roberto Aníbal^nInstituto Nacional de Tecnología Industrial. INTI-Lácteos^pArgentina<|>^aMuset, G.^nInstituto Nacional de Tecnología Industrial. INTI-Gerencia de Cooperación Económica e Internacional^pArgentina<|>^aMaggiore, Agustina^nInstituto Nacional de Tecnología Industrial. INTI-Gerencia de Cooperación Económica e Internacional^pArgentina<|>^aGonzález, M.^nInstituto Nacional de Tecnología Industrial. INTI-Lácteos^pArgentina<|>^aLabacá,  Patricia^nInstituto Nacional de Tecnología Industrial. INTI-Lácteos^pArgentina<|>^aRodríguez, Gisela Vanina^nInstituto Nacional de Tecnología Industrial. INTI-Lácteos^pArgentina<|>^aFornero, P.^nInstituto Nacional de Tecnología Industrial. INTI-Lácteos^pArgentina<|>^aJunges, O.^nInstituto Nacional de Tecnología Industrial. INTI-Lácteos^pArgentina;^aSperanza, Jorge Luis^nInstituto Nacional de Tecnología Industrial. INTI-Lácteos^pArgentina<|>^aCastañeda, Roberto Aníbal^nInstituto Nacional de Tecnología Industrial. INTI-Lácteos^pArgentina<|>^aMuset, G.^nInstituto Nacional de Tecnología Industrial. INTI-Gerencia de Cooperación Económica e Internacional^pArgentina<|>^aMaggiore, Agustina^nInstituto Nacional de Tecnología Industrial. INTI-Gerencia de Cooperación Económica e Internacional^pArgentina<|>^aGonzález, M.^nInstituto Nacional de Tecnología Industrial. INTI-Lácteos^pArgentina<|>^aLabacá,  Patricia^nInstituto Nacional de Tecnología Industrial. INTI-Lácteos^pArgentina<|>^aRodríguez, Gisela Vanina^nInstituto Nacional de Tecnología Industrial. INTI-Lácteos^pArgentina<|>^aFornero, P.^nInstituto Nacional de Tecnología Industrial. INTI-Lácteos^pArgentina<|>^aJunges, O.^nInstituto Nacional de Tecnología Industrial. INTI-Lácteos^pArgentina
050186;v22_Autor_personal;Milano, Omar<|>Marino, P.<|>Salvatierra, Natalia<|>Thompson, Paulo<|>Zampar, Alejandro Damián<|>Lozano, A.<|>Casóliba, Ramiro Martín<|>Veletta, Marybel Alicia<|>Areal, Luis Alberto;Milano, Omar<|>Marino, Patricia Noemí<|>Salvatierra, Natalia<|>Thompson, Paulo<|>Zampar, Alejandro Damián<|>Lozano, A.<|>Casóliba, Ramiro Martín<|>Veletta, Marybel Alicia<|>Areal, Luis Alberto
050186;v26_Afiliacion_del_autor;^aMilano, Omar^nInstituto Nacional de Tecnología Industrial. INTI-Micro y Nanoelectrónica^pArgentina<|>^aMarino, P.^nInstituto Nacional de Tecnología Industrial. INTI-Textiles^pArgentina<|>^aSalvatierra, Natalia^nInstituto Nacional de Tecnología Industrial. INTI-Textiles^pArgentina<|>^aThompson, Paulo^nInstituto Nacional de Tecnología Industrial. INTI-Textiles^pArgentina<|>^aZampar, Alejandro Damián^nInstituto Nacional de Tecnología Industrial. INTI-Santiago del Estero^pArgentina<|>^aLozano, A.^nInstituto Nacional de Tecnología Industrial. INTI-Micro y Nanoelectrónica^pArgentina<|>^aCasóliba, Ramiro Martín^nInstituto Nacional de Tecnología Industrial. INTI-Reconquista^pArgentina<|>^aVeletta, Marybel Alicia^nInstituto Nacional de Tecnología Industrial. INTI-Reconquista^pArgentina<|>^aAreal, Luis Alberto^nInstituto Nacional de Tecnología Industrial. INTI-Reconquista^pArgentina;^aMilano, Omar^nInstituto Nacional de Tecnología Industrial. INTI-Micro y Nanoelectrónica^pArgentina<|>^aMarino, Patricia Noemí^nInstituto Nacional de Tecnología Industrial. INTI-Textiles^pArgentina<|>^aSalvatierra, Natalia^nInstituto Nacional de Tecnología Industrial. INTI-Textiles^pArgentina<|>^aThompson, Paulo^nInstituto Nacional de Tecnología Industrial. INTI-Textiles^pArgentina<|>^aZampar, Alejandro Damián^nInstituto Nacional de Tecnología Industrial. INTI-Santiago del Estero^pArgentina<|>^aLozano, A.^nInstituto Nacional de Tecnología Industrial. INTI-Micro y Nanoelectrónica^pArgentina<|>^aCasóliba, Ramiro Martín^nInstituto Nacional de Tecnología Industrial. INTI-Reconquista^pArgentina<|>^aVeletta, Marybel Alicia^nInstituto Nacional de Tecnología Industrial. INTI-Reconquista^pArgentina<|>^aAreal, Luis Alberto^nInstituto Nacional de Tecnología Industrial. INTI-Reconquista^pArgentina
050187;v22_Autor_personal;Baretta, Luis Rubén<|>Rodríguez, M.<|>Suárez, M. E.<|>Zabala, C.<|>Vázquez, N.;Baretta, Luis Rubén<|>Rodríguez, Matías Agustín<|>Suárez, María Eugenia<|>Zabala, Carina Paola<|>Vázquez, Natalia Andrea
050187;v26_Afiliacion_del_autor;^aBaretta, Luis Rubén^nInstituto Nacional de Tecnología Industrial. INTI-Tecnologías de Gestión^pArgentina<|>^aRodríguez, M.^nInstituto Nacional de Tecnología Industrial. INTI-Tecnologías de Gestión^pArgentina<|>^aSuárez, M. E.^nInstituto Nacional de Tecnología Industrial. INTI-Gerencia de Cooperación Económica e Institucional^pArgentina<|>^aZabala, C.^nInstituto Nacional de Tecnología Industrial. INTI-Gerencia de Cooperación Económica e Institucional^pArgentina<|>^aVázquez, N.^nInstituto Nacional de Tecnología Industrial. INTI-Gerencia de Proyectos Especiales^pArgentina;^aBaretta, Luis Rubén^nInstituto Nacional de Tecnología Industrial. INTI-Tecnologías de Gestión^pArgentina<|>^aRodríguez, Matías Agustín^nInstituto Nacional de Tecnología Industrial. INTI-Tecnologías de Gestión^pArgentina<|>^aSuárez, María Eugenia^nInstituto Nacional de Tecnología Industrial. INTI-Gerencia de Cooperación Económica e Institucional^pArgentina<|>^aZabala, Carina Paola^nInstituto Nacional de Tecnología Industrial. INTI-Gerencia de Cooperación Económica e Institucional^pArgentina<|>^aVázquez, Natalia Andrea^nInstituto Nacional de Tecnología Industrial. INTI-Gerencia de Proyectos Especiales^pArgentina
050213;v22_Autor_personal;Curia, Ana Valeria<|>Dyner, Luis<|>Ferreyra, V.<|>Cagnasso, C.E.<|>Fournier, M.<|>Olivera Carrión, M.;Curia, Ana Valeria<|>Dyner, Luis<|>Ferreyra, V.<|>Cagnasso, Carolina Elisa<|>Fournier, M.<|>Olivera Carrión, M.
050213;v26_Afiliacion_del_autor;^aCuria, Ana Valeria^nInstituto Nacional de Tecnología Industrial. INTI-Cereales y Oleaginosas^pArgentina<|>^aDyner, Luis^nUniversidad de Buenos Aires. Facultad de Farmacia y Bioquímica^sUBA-FFyB^pArgentina<|>^aFerreyra, V.^nInstituto Nacional de Tecnología Industrial. INTI-Cereales y Oleaginosas^pArgentina<|>^aCagnasso, C.E.^nUniversidad de Buenos Aires. Facultad de Farmacia y Bioquímica^sUBA-FFyB^pArgentina<|>^aFournier, M.^nInstituto Nacional de Tecnología Industrial. INTI-Cereales y Oleaginosas^pArgentina<|>^aOlivera Carrión, M.^nUniversidad de Buenos Aires. Facultad de Farmacia y Bioquímica^sUBA-FFyB^pArgentina;^aCuria, Ana Valeria^nInstituto Nacional de Tecnología Industrial. INTI-Cereales y Oleaginosas^pArgentina<|>^aDyner, Luis^nUniversidad de Buenos Aires. Facultad de Farmacia y Bioquímica^sUBA-FFyB^pArgentina<|>^aFerreyra, V.^nInstituto Nacional de Tecnología Industrial. INTI-Cereales y Oleaginosas^pArgentina<|>^aCagnasso, Carolina Elisa^nUniversidad de Buenos Aires. Facultad de Farmacia y Bioquímica^sUBA-FFyB^pArgentina<|>^aFournier, M.^nInstituto Nacional de Tecnología Industrial. INTI-Cereales y Oleaginosas^pArgentina<|>^aOlivera Carrión, M.^nUniversidad de Buenos Aires. Facultad de Farmacia y Bioquímica^sUBA-FFyB^pArgentina
050222;v22_Autor_personal;Caló, Julieta María Inés<|>Elena, P.<|>La Manna, Valeria<|>Pérez, M.<|>Campagna, M.;Caló, Julieta María Inés<|>Elena, P.<|>La Manna, Valeria<|>Pérez, M.<|>Campagna, Melina
050222;v26_Afiliacion_del_autor;^aCaló, Julieta María Inés^nInstituto Nacional de Tecnología Industrial. INTI-Bariloche^pArgentina<|>^aElena, P.^nInstituto Nacional de Tecnología Industrial. INTI-Bariloche^pArgentina<|>^aLa Manna, Valeria^nInstituto Nacional de Tecnología Industrial. INTI-Bariloche^pArgentina<|>^aPérez, M.^nInstituto Nacional de Tecnología Industrial. INTI-Bariloche^pArgentina<|>^aCampagna, M.^nInstituto Nacional de Tecnología Industrial. INTI-Bariloche^pArgentina;^aCaló, Julieta María Inés^nInstituto Nacional de Tecnología Industrial. INTI-Bariloche^pArgentina<|>^aElena, P.^nInstituto Nacional de Tecnología Industrial. INTI-Bariloche^pArgentina<|>^aLa Manna, Valeria^nInstituto Nacional de Tecnología Industrial. INTI-Bariloche^pArgentina<|>^aPérez, M.^nInstituto Nacional de Tecnología Industrial. INTI-Bariloche^pArgentina<|>^aCampagna, Melina^nInstituto Nacional de Tecnología Industrial. INTI-Bariloche^pArgentina
050226;v22_Autor_personal;Barda, Norma Beatriz<|>Calvo, Paula Cecilia<|>De Ángelis, Verónica<|>Miranda, María José<|>Suárez, Pablo Javier<|>Toscana, M. F.;Barda, Norma Beatriz<|>Calvo, Paula Cecilia<|>De Ángelis, Verónica<|>Miranda, María José<|>Suárez, Pablo Javier<|>Toscana, María Fernanda
050226;v26_Afiliacion_del_autor;^aBarda, Norma Beatriz^nInstituto Nacional de Tecnología Industrial. INTI-Villa Regina^pArgentina<|>^aCalvo, Paula Cecilia^nInstituto Nacional de Tecnología Agropecuaria^sINTA^pArgentina<|>^aDe Ángelis, Verónica^nInstituto Nacional de Tecnología Agropecuaria^sINTA^pArgentina<|>^aMiranda, María José^nInstituto Nacional de Tecnología Industrial. INTI-Villa Regina^pArgentina<|>^aSuárez, Pablo Javier^nInstituto Nacional de Tecnología Industrial. INTI-Villa Regina^pArgentina<|>^aToscana, M. F.^nInstituto Nacional de Tecnología Industrial. INTI-Villa Regina^pArgentina;^aBarda, Norma Beatriz^nInstituto Nacional de Tecnología Industrial. INTI-Villa Regina^pArgentina<|>^aCalvo, Paula Cecilia^nInstituto Nacional de Tecnología Agropecuaria^sINTA^pArgentina<|>^aDe Ángelis, Verónica^nInstituto Nacional de Tecnología Agropecuaria^sINTA^pArgentina<|>^aMiranda, María José^nInstituto Nacional de Tecnología Industrial. INTI-Villa Regina^pArgentina<|>^aSuárez, Pablo Javier^nInstituto Nacional de Tecnología Industrial. INTI-Villa Regina^pArgentina<|>^aToscana, María Fernanda^nInstituto Nacional de Tecnología Industrial. INTI-Villa Regina^pArgentina
050235;v22_Autor_personal;Álvarez, J.<|>Barrera, Verónica Natalia<|>Burroni, Laura Valeria<|>Poldi, Leandro Ariel<|>Zaszczynski, Cristian Gabriel;Alvarez, Julio<|>Barrera, Verónica Natalia<|>Burroni, Laura Valeria<|>Poldi, Leandro Ariel<|>Zaszczynski, Cristian Gabriel
050235;v26_Afiliacion_del_autor;^aÁlvarez, J.^nInstituto Nacional de Tecnología Industrial. INTI-Gerencia de proyectos especiales^pArgentina<|>^aBarrera, Verónica Natalia^nInstituto Nacional de Tecnología Industrial. INTI-Gerencia de proyectos especiales^pArgentina<|>^aBurroni, Laura Valeria^nInstituto Nacional de Tecnología Industrial. INTI-Gerencia de proyectos especiales^pArgentina<|>^aPoldi, Leandro Ariel^nInstituto Nacional de Tecnología Industrial. INTI-Gerencia de proyectos especiales^pArgentina<|>^aZaszczynski, Cristian Gabriel^nInstituto Nacional de Tecnología Industrial. INTI-Gerencia de proyectos especiales^pArgentina;^aAlvarez, Julio^nInstituto Nacional de Tecnología Industrial. INTI-Gerencia de proyectos especiales^pArgentina<|>^aBarrera, Verónica Natalia^nInstituto Nacional de Tecnología Industrial. INTI-Gerencia de proyectos especiales^pArgentina<|>^aBurroni, Laura Valeria^nInstituto Nacional de Tecnología Industrial. INTI-Gerencia de proyectos especiales^pArgentina<|>^aPoldi, Leandro Ariel^nInstituto Nacional de Tecnología Industrial. INTI-Gerencia de proyectos especiales^pArgentina<|>^aZaszczynski, Cristian Gabriel^nInstituto Nacional de Tecnología Industrial. INTI-Gerencia de proyectos especiales^pArgentina
050239;v22_Autor_personal;Álvarez, J.<|>Barrera, Verónica Natalia<|>Burroni, Laura Valeria<|>Poldi, Leandro Ariel<|>Zaszczynski, Cristian Gabriel;Alvarez, Julio<|>Barrera, Verónica Natalia<|>Burroni, Laura Valeria<|>Poldi, Leandro Ariel<|>Zaszczynski, Cristian Gabriel
050239;v26_Afiliacion_del_autor;^aÁlvarez, J.^nInstituto Nacional de Tecnología Industrial. INTI-Gerencia de proyectos especiales^pArgentina<|>^aBarrera, Verónica Natalia^nInstituto Nacional de Tecnología Industrial. INTI-Gerencia de proyectos especiales^pArgentina<|>^aBurroni, Laura Valeria^nInstituto Nacional de Tecnología Industrial. INTI-Gerencia de proyectos especiales^pArgentina<|>^aPoldi, Leandro Ariel^nInstituto Nacional de Tecnología Industrial. INTI-Gerencia de proyectos especiales^pArgentina<|>^aZaszczynski, Cristian Gabriel^nInstituto Nacional de Tecnología Industrial. INTI-Gerencia de proyectos especiales^pArgentina;^aAlvarez, Julio^nInstituto Nacional de Tecnología Industrial. INTI-Gerencia de proyectos especiales^pArgentina<|>^aBarrera, Verónica Natalia^nInstituto Nacional de Tecnología Industrial. INTI-Gerencia de proyectos especiales^pArgentina<|>^aBurroni, Laura Valeria^nInstituto Nacional de Tecnología Industrial. INTI-Gerencia de proyectos especiales^pArgentina<|>^aPoldi, Leandro Ariel^nInstituto Nacional de Tecnología Industrial. INTI-Gerencia de proyectos especiales^pArgentina<|>^aZaszczynski, Cristian Gabriel^nInstituto Nacional de Tecnología Industrial. INTI-Gerencia de proyectos especiales^pArgentina
050241;v22_Autor_personal;Álvarez, J.<|>Barrera, Verónica Natalia<|>Burroni, Laura Valeria<|>Poldi, Leandro Ariel<|>Zaszczynski, Cristian Gabriel;Alvarez, Julio<|>Barrera, Verónica Natalia<|>Burroni, Laura Valeria<|>Poldi, Leandro Ariel<|>Zaszczynski, Cristian Gabriel
050241;v26_Afiliacion_del_autor;^aÁlvarez, J.^nInstituto Nacional de Tecnología Industrial. INTI-Gerencia de proyectos especiales^pArgentina<|>^aBarrera, Verónica Natalia^nInstituto Nacional de Tecnología Industrial. INTI-Gerencia de proyectos especiales^pArgentina<|>^aBurroni, Laura Valeria^nInstituto Nacional de Tecnología Industrial. INTI-Gerencia de proyectos especiales^pArgentina<|>^aPoldi, Leandro Ariel^nInstituto Nacional de Tecnología Industrial. INTI-Gerencia de proyectos especiales^pArgentina<|>^aZaszczynski, Cristian Gabriel^nInstituto Nacional de Tecnología Industrial. INTI-Gerencia de proyectos especiales^pArgentina;^aAlvarez, Julio^nInstituto Nacional de Tecnología Industrial. INTI-Gerencia de proyectos especiales^pArgentina<|>^aBarrera, Verónica Natalia^nInstituto Nacional de Tecnología Industrial. INTI-Gerencia de proyectos especiales^pArgentina<|>^aBurroni, Laura Valeria^nInstituto Nacional de Tecnología Industrial. INTI-Gerencia de proyectos especiales^pArgentina<|>^aPoldi, Leandro Ariel^nInstituto Nacional de Tecnología Industrial. INTI-Gerencia de proyectos especiales^pArgentina<|>^aZaszczynski, Cristian Gabriel^nInstituto Nacional de Tecnología Industrial. INTI-Gerencia de proyectos especiales^pArgentina
050245;v22_Autor_personal;Stacey, E.<|>Cruder, Leonardo<|>Candiano, Nicolás<|>Toma, Ezequiel Roberto;Stacey, Érica Cecilia<|>Cruder, Leonardo<|>Candiano, Nicolás<|>Toma, Ezequiel Roberto
050245;v26_Afiliacion_del_autor;^aStacey, E.^nInstituto Nacional de Tecnología Industrial. INTI-Agroalimentos^pArgentina<|>^aCruder, Leonardo^nInstituto Nacional de Tecnología Industrial. INTI-Salud y Discapacidad^pArgentina<|>^aCandiano, Nicolás^nInstituto Nacional de Tecnología Industrial. INTI-Salud y Discapacidad^pArgentina<|>^aToma, Ezequiel Roberto^nInstituto Nacional de Tecnología Industrial. INTI-Agroalimentos^pArgentina;^aStacey, Érica Cecilia^nInstituto Nacional de Tecnología Industrial. INTI-Agroalimentos^pArgentina<|>^aCruder, Leonardo^nInstituto Nacional de Tecnología Industrial. INTI-Salud y Discapacidad^pArgentina<|>^aCandiano, Nicolás^nInstituto Nacional de Tecnología Industrial. INTI-Salud y Discapacidad^pArgentina<|>^aToma, Ezequiel Roberto^nInstituto Nacional de Tecnología Industrial. INTI-Agroalimentos^pArgentina
050254;v22_Autor_personal;Martynenko, Vitaliy<|>Simoncelli, A.<|>Pérez, D.<|>Benítez, A.<|>Martínez Krahmer, Daniel Osvaldo;Martynenko, Vitaliy<|>Simoncelli, Alejandro Ezequiel<|>Pérez, Daniela Joana<|>Benítez, Graciela Alejandra<|>Martínez Krahmer, Daniel Osvaldo
050254;v26_Afiliacion_del_autor;^aMartynenko, Vitaliy^nInstituto Nacional de Tecnología Industrial. INTI-Mecánica^pArgentina<|>^aSimoncelli, A.^nInstituto Nacional de Tecnología Industrial. INTI-Mecánica^pArgentina<|>^aPérez, D.^nInstituto Nacional de Tecnología Industrial. INTI-Mecánica^pArgentina<|>^aBenítez, A.^nInstituto Nacional de Tecnología Industrial. INTI-Construcciones^pArgentina<|>^aMartínez Krahmer, Daniel Osvaldo^nInstituto Nacional de Tecnología Industrial. INTI-Mecánica^pArgentina;^aMartynenko, Vitaliy^nInstituto Nacional de Tecnología Industrial. INTI-Mecánica^pArgentina<|>^aSimoncelli, Alejandro Ezequiel^nInstituto Nacional de Tecnología Industrial. INTI-Mecánica^pArgentina<|>^aPérez, Daniela Joana^nInstituto Nacional de Tecnología Industrial. INTI-Mecánica^pArgentina<|>^aBenítez, Graciela Alejandra^nInstituto Nacional de Tecnología Industrial. INTI-Construcciones^pArgentina<|>^aMartínez Krahmer, Daniel Osvaldo^nInstituto Nacional de Tecnología Industrial. INTI-Mecánica^pArgentina
050256;v22_Autor_personal;Pérez, D.<|>Martínez Krahmer, Daniel Osvaldo<|>Pouton, J.<|>Cagnoli, Alberto Martín;Pérez, Daniela Joana<|>Martínez Krahmer, Daniel Osvaldo<|>Pouton, J.<|>Cagnoli, Alberto Martín
050256;v26_Afiliacion_del_autor;^aPérez, D.^nInstituto Nacional de Tecnología Industrial. INTI-Mecánica^pArgentina<|>^aMartínez Krahmer, Daniel Osvaldo^nInstituto Nacional de Tecnología Industrial. INTI-Mecánica^pArgentina<|>^aPouton, J.^nInstituto Nacional de Tecnología Industrial. INTI-Mecánica^pArgentina<|>^aCagnoli, Alberto Martín^nInstituto Nacional de Tecnología Industrial. INTI-Mecánica^pArgentina;^aPérez, Daniela Joana^nInstituto Nacional de Tecnología Industrial. INTI-Mecánica^pArgentina<|>^aMartínez Krahmer, Daniel Osvaldo^nInstituto Nacional de Tecnología Industrial. INTI-Mecánica^pArgentina<|>^aPouton, J.^nInstituto Nacional de Tecnología Industrial. INTI-Mecánica^pArgentina<|>^aCagnoli, Alberto Martín^nInstituto Nacional de Tecnología Industrial. INTI-Mecánica^pArgentina
050257;v26_Afiliacion_del_autor;^aMolina, V.^nInstituto Nacional de Tecnología Industrial. INTI-Plásticos^pArgentina<|>^aCorrea, J.  P.^nInstituto Nacional de Tecnología Industrial. INTI-Plásticos^pArgentina^nUniversidad Nacional de San Martín. Instituto de investigación de Ingeniería Ambiental (3iA-UNSAM)^pArgentina^nConsejo Nacional de Investigaciones Científicas y Técnicas (CONICET)^pArgentina<|>^aEisenberg, P.^nInstituto Nacional de Tecnología Industrial. INTI-Plásticos^pArgentina^nUniversidad Nacional de San Martín. Instituto de investigación de Ingeniería Ambiental (3iA-UNSAM)^pArgentina<|>^aSánchez, M.^nInstituto Nacional de Tecnología Industrial. INTI-Carnes^pArgentina<|>^aVerdi, María Clara^nInstituto Nacional de Tecnología Industrial. INTI-Plásticos^pArgentina<|>^aBlanco Massani, Mariana Raquel^nInstituto Nacional de Tecnología Industrial. INTI-Plásticos^pArgentina;^aMolina, V.^nInstituto Nacional de Tecnología Industrial. INTI-Plásticos^pArgentina<|>^aCorrea Aguirre, Juan Pablo^nInstituto Nacional de Tecnología Industrial. INTI-Plásticos^pArgentina^nUniversidad Nacional de San Martín. Instituto de investigación de Ingeniería Ambiental (3iA-UNSAM)^pArgentina^nConsejo Nacional de Investigaciones Científicas y Técnicas (CONICET)^pArgentina<|>^aEisenberg, P.^nInstituto Nacional de Tecnología Industrial. INTI-Plásticos^pArgentina^nUniversidad Nacional de San Martín. Instituto de investigación de Ingeniería Ambiental (3iA-UNSAM)^pArgentina<|>^aSánchez, M.^nInstituto Nacional de Tecnología Industrial. INTI-Carnes^pArgentina<|>^aVerdi, María Clara^nInstituto Nacional de Tecnología Industrial. INTI-Plásticos^pArgentina<|>^aBlanco Massani, Mariana Raquel^nInstituto Nacional de Tecnología Industrial. INTI-Plásticos^pArgentina
050260;v22_Autor_personal;Antunez, Nazareno Nahuel<|>Martynenko, Vitaliy<|>Abate, Germán Rubén<|>Pérez, D.<|>Chiapparoli, Wadi<|>Martínez Krahmer, Daniel Osvaldo;Antunez, Nazareno Nahuel<|>Martynenko, Vitaliy<|>Abate, Germán Rubén<|>Pérez, Daniela Joana<|>Chiapparoli, Wadi<|>Martínez Krahmer, Daniel Osvaldo
050260;v26_Afiliacion_del_autor;^aAntunez, Nazareno Nahuel^nInstituto Nacional de Tecnología Industrial. INTI-Mecánica^pArgentina<|>^aMartynenko, Vitaliy^nInstituto Nacional de Tecnología Industrial. INTI-Mecánica^pArgentina<|>^aAbate, Germán Rubén^nInstituto Nacional de Tecnología Industrial. INTI-Mecánica^pArgentina<|>^aPérez, D.^nInstituto Nacional de Tecnología Industrial. INTI-Mecánica^pArgentina<|>^aChiapparoli, Wadi^nInstituto Argentino de Siderurgia^sIAS^pArgentina<|>^aMartínez Krahmer, Daniel Osvaldo^nInstituto Nacional de Tecnología Industrial. INTI-Mecánica^pArgentina;^aAntunez, Nazareno Nahuel^nInstituto Nacional de Tecnología Industrial. INTI-Mecánica^pArgentina<|>^aMartynenko, Vitaliy^nInstituto Nacional de Tecnología Industrial. INTI-Mecánica^pArgentina<|>^aAbate, Germán Rubén^nInstituto Nacional de Tecnología Industrial. INTI-Mecánica^pArgentina<|>^aPérez, Daniela Joana^nInstituto Nacional de Tecnología Industrial. INTI-Mecánica^pArgentina<|>^aChiapparoli, Wadi^nInstituto Argentino de Siderurgia^sIAS^pArgentina<|>^aMartínez Krahmer, Daniel Osvaldo^nInstituto Nacional de Tecnología Industrial. INTI-Mecánica^pArgentina
050261;v22_Autor_personal;Abate, Germán Rubén<|>Parodi, María Belén<|>Pérez, D.<|>Martínez Krahmer, Daniel Osvaldo;Abate, Germán Rubén<|>Parodi, María Belén<|>Pérez, Daniela Joana<|>Martínez Krahmer, Daniel Osvaldo
050261;v26_Afiliacion_del_autor;^aAbate, Germán Rubén^nInstituto Nacional de Tecnología Industrial. INTI-Mecánica^pArgentina<|>^aParodi, María Belén^nInstituto Nacional de Tecnología Industrial. INTI-Mecánica^pArgentina<|>^aPérez, D.^nInstituto Nacional de Tecnología Industrial. INTI-Mecánica^pArgentina<|>^aMartínez Krahmer, Daniel Osvaldo^nInstituto Nacional de Tecnología Industrial. INTI-Mecánica^pArgentina;^aAbate, Germán Rubén^nInstituto Nacional de Tecnología Industrial. INTI-Mecánica^pArgentina<|>^aParodi, María Belén^nInstituto Nacional de Tecnología Industrial. INTI-Mecánica^pArgentina<|>^aPérez, Daniela Joana^nInstituto Nacional de Tecnología Industrial. INTI-Mecánica^pArgentina<|>^aMartínez Krahmer, Daniel Osvaldo^nInstituto Nacional de Tecnología Industrial. INTI-Mecánica^pArgentina
050269;v22_Autor_personal;Di Mauro, Sandra Matilde<|>Escobar, G.<|>Takashima, C.<|>Saralegui, Santiago<|>Pacheco, C.<|>Carfagnini, Mariana<|>Jater, N.<|>Marino, P.;Di Mauro, Sandra Matilde<|>Escobar, G.<|>Takashima, Cecilia Noemí<|>Saralegui, Santiago<|>Pacheco, C.<|>Carfagnini, Mariana<|>Jater, N.<|>Marino, Patricia Noemí
050269;v26_Afiliacion_del_autor;^aDi Mauro, Sandra Matilde^nInstituto Nacional de Tecnología Industrial. INTI-Textiles^pArgentina<|>^aEscobar, G.^nInstituto Nacional de Tecnología Industrial. INTI-Textiles^pArgentina<|>^aTakashima, C.^nInstituto Nacional de Tecnología Industrial. INTI-Textiles^pArgentina<|>^aSaralegui, Santiago^nInstituto Nacional de Tecnología Industrial. INTI-Textiles^pArgentina<|>^aPacheco, C.^nUniversidad Tecnológica Nacional. Departamento de Ingeniería Textil^sUTN^pArgentina<|>^aCarfagnini, Mariana^nInstituto Nacional de Tecnología Industrial. INTI-Textiles^pArgentina<|>^aJater, N.^nInstituto Nacional de Tecnología Industrial. INTI-Textiles^pArgentina<|>^aMarino, P.^nInstituto Nacional de Tecnología Industrial. INTI-Textiles^pArgentina;^aDi Mauro, Sandra Matilde^nInstituto Nacional de Tecnología Industrial. INTI-Textiles^pArgentina<|>^aEscobar, G.^nInstituto Nacional de Tecnología Industrial. INTI-Textiles^pArgentina<|>^aTakashima, Cecilia Noemí^nInstituto Nacional de Tecnología Industrial. INTI-Textiles^pArgentina<|>^aSaralegui, Santiago^nInstituto Nacional de Tecnología Industrial. INTI-Textiles^pArgentina<|>^aPacheco, C.^nUniversidad Tecnológica Nacional. Departamento de Ingeniería Textil^sUTN^pArgentina<|>^aCarfagnini, Mariana^nInstituto Nacional de Tecnología Industrial. INTI-Textiles^pArgentina<|>^aJater, N.^nInstituto Nacional de Tecnología Industrial. INTI-Textiles^pArgentina<|>^aMarino, Patricia Noemí^nInstituto Nacional de Tecnología Industrial. INTI-Textiles^pArgentina
050271;v22_Autor_personal;Di Mauro, Sandra Matilde<|>Escobar, G.<|>Takashima, C.<|>Saralegui, Santiago<|>Pacheco, R.<|>Carfagnini, Mariana<|>Jater, N.<|>Marino, P.;Di Mauro, Sandra Matilde<|>Escobar, G.<|>Takashima, Cecilia Noemí<|>Saralegui, Santiago<|>Pacheco, R.<|>Carfagnini, Mariana<|>Jater, N.<|>Marino, Patricia Noemí
050271;v26_Afiliacion_del_autor;^aEscobar, G.^nInstituto Nacional de Tecnología Industrial. INTI-Textiles^pArgentina<|>^aTakashima, C.^nInstituto Nacional de Tecnología Industrial. INTI-Textiles^pArgentina<|>^aSaralegui, Santiago^nInstituto Nacional de Tecnología Industrial. INTI-Textiles^pArgentina<|>^aPacheco, R.^nUniversidad Tecnológica Nacional. Departamento de Ingeniería Textil^sUTN^pArgentina<|>^aCarfagnini, Mariana^nInstituto Nacional de Tecnología Industrial. INTI-Textiles^pArgentina<|>^aJater, N.^nInstituto Nacional de Tecnología Industrial. INTI-Textiles^pArgentina;^aEscobar, G.^nInstituto Nacional de Tecnología Industrial. INTI-Textiles^pArgentina<|>^aTakashima, Cecilia Noemí^nInstituto Nacional de Tecnología Industrial. INTI-Textiles^pArgentina<|>^aSaralegui, Santiago^nInstituto Nacional de Tecnología Industrial. INTI-Textiles^pArgentina<|>^aPacheco, R.^nUniversidad Tecnológica Nacional. Departamento de Ingeniería Textil^sUTN^pArgentina<|>^aCarfagnini, Mariana^nInstituto Nacional de Tecnología Industrial. INTI-Textiles^pArgentina<|>^aJater, N.^nInstituto Nacional de Tecnología Industrial. INTI-Textiles^pArgentina
050274;v22_Autor_personal;Carfagnini, Mariana<|>Takashima, C.<|>Di Mauro, Sandra Matilde<|>Saralegui, Santiago<|>Jater, N.<|>Szombach, J.<|>Tribiño, Gerardo Luis<|>Riu, F.<|>Simoncelli, A.<|>Regente Pacheco, C.<|>Marino, P.;Carfagnini, Mariana<|>Takashima, Cecilia Noemí<|>Di Mauro, Sandra Matilde<|>Saralegui, Santiago<|>Jater, N.<|>Szombach, Juan Ignacio<|>Tribiño, Gerardo Luis<|>Riu, F.<|>Simoncelli, Alejandro Ezequiel<|>Regente Pacheco, C.<|>Marino, Patricia Noemí
050274;v26_Afiliacion_del_autor;^aCarfagnini, Mariana^nInstituto Nacional de Tecnología Industrial. INTI-Textiles^pArgentina<|>^aTakashima, C.^nInstituto Nacional de Tecnología Industrial. INTI-Textiles^pArgentina<|>^aDi Mauro, Sandra Matilde^nInstituto Nacional de Tecnología Industrial. INTI-Textiles^pArgentina<|>^aSaralegui, Santiago^nInstituto Nacional de Tecnología Industrial. INTI-Textiles^pArgentina<|>^aJater, N.^nInstituto Nacional de Tecnología Industrial. INTI-Textiles^pArgentina<|>^aSzombach, J.^nInstituto Nacional de Tecnología Industrial. INTI-Mecánica^pArgentina<|>^aTribiño, Gerardo Luis^nInstituto Nacional de Tecnología Industrial. INTI-Mecánica^pArgentina<|>^aRiu, F.^nInstituto Nacional de Tecnología Industrial. INTI-Mecánica^pArgentina<|>^aSimoncelli, A.^nInstituto Nacional de Tecnología Industrial. INTI-Mecánica^pArgentina<|>^aRegente Pacheco, C.^nUniversidad Tecnológica Nacional. Departamento de Ingeniería Textil^sUTN^pArgentina<|>^aMarino, P.^nInstituto Nacional de Tecnología Industrial. INTI-Textiles^pArgentina;^aCarfagnini, Mariana^nInstituto Nacional de Tecnología Industrial. INTI-Textiles^pArgentina<|>^aTakashima, Cecilia Noemí^nInstituto Nacional de Tecnología Industrial. INTI-Textiles^pArgentina<|>^aDi Mauro, Sandra Matilde^nInstituto Nacional de Tecnología Industrial. INTI-Textiles^pArgentina<|>^aSaralegui, Santiago^nInstituto Nacional de Tecnología Industrial. INTI-Textiles^pArgentina<|>^aJater, N.^nInstituto Nacional de Tecnología Industrial. INTI-Textiles^pArgentina<|>^aSzombach, Juan Ignacio^nInstituto Nacional de Tecnología Industrial. INTI-Mecánica^pArgentina<|>^aTribiño, Gerardo Luis^nInstituto Nacional de Tecnología Industrial. INTI-Mecánica^pArgentina<|>^aRiu, F.^nInstituto Nacional de Tecnología Industrial. INTI-Mecánica^pArgentina<|>^aSimoncelli, Alejandro Ezequiel^nInstituto Nacional de Tecnología Industrial. INTI-Mecánica^pArgentina<|>^aRegente Pacheco, C.^nUniversidad Tecnológica Nacional. Departamento de Ingeniería Textil^sUTN^pArgentina<|>^aMarino, Patricia Noemí^nInstituto Nacional de Tecnología Industrial. INTI-Textiles^pArgentina
050275;v22_Autor_personal;Takashima, C.<|>Carfagnini, Mariana<|>Saralegui, Santiago<|>Regente Pacheco, C.;Takashima, Cecilia Noemí<|>Carfagnini, Mariana<|>Saralegui, Santiago<|>Regente Pacheco, C.
050275;v26_Afiliacion_del_autor;^aCarfagnini, Mariana^nInstituto Nacional de Tecnología Industrial. INTI-Textiles^pArgentina<|>^aTakashima, C.^nInstituto Nacional de Tecnología Industrial. INTI-Textiles^pArgentina<|>^aSaralegui, Santiago^nInstituto Nacional de Tecnología Industrial. INTI-Textiles^pArgentina<|>^aRegente Pacheco, C.^nUniversidad Tecnológica Nacional. Departamento de Ingeniería Textil^sUTN^pArgentina;^aCarfagnini, Mariana^nInstituto Nacional de Tecnología Industrial. INTI-Textiles^pArgentina<|>^aTakashima, Cecilia Noemí^nInstituto Nacional de Tecnología Industrial. INTI-Textiles^pArgentina<|>^aSaralegui, Santiago^nInstituto Nacional de Tecnología Industrial. INTI-Textiles^pArgentina<|>^aRegente Pacheco, C.^nUniversidad Tecnológica Nacional. Departamento de Ingeniería Textil^sUTN^pArgentina
050279;v22_Autor_personal;Torres, M.<|>Castells, María Laura<|>Cañameras, Carlos Alfredo<|>Lorenzo, María Cecilia<|>Verdi, María Clara<|>Blanco Massani, Mariana Raquel<|>Eisenberg, P.<|>González, M.;Torres, Matías Rodrigo<|>Castells, María Laura<|>Cañameras, Carlos Alfredo<|>Lorenzo, María Cecilia<|>Verdi, María Clara<|>Blanco Massani, Mariana Raquel<|>Eisenberg, P.<|>González, M.
050279;v26_Afiliacion_del_autor;^aTorres, M.^nInstituto Nacional de Tecnología Industrial. INTI-Plásticos^pArgentina<|>^aCastells, María Laura^nInstituto Nacional de Tecnología Industrial. INTI-Lácteos^pArgentina<|>^aCañameras, Carlos Alfredo^nInstituto Nacional de Tecnología Industrial. INTI-Lácteos^pArgentina<|>^aLorenzo, María Cecilia^nInstituto Nacional de Tecnología Industrial. INTI-Plásticos^pArgentina^nUniversidad Nacional de San Martín. 3iA Instituto de Investigación de Ingeniería Ambiental (UNSAM)^pArgentina<|>^aVerdi, María Clara^nInstituto Nacional de Tecnología Industrial. INTI-Plásticos^pArgentina<|>^aBlanco Massani, Mariana Raquel^nInstituto Nacional de Tecnología Industrial. INTI-Plásticos^pArgentina<|>^aEisenberg, P.^nInstituto Nacional de Tecnología Industrial. INTI-Plásticos^pArgentina^nUniversidad Nacional de San Martín. 3iA Instituto de Investigación de Ingeniería Ambiental (UNSAM)^pArgentina<|>^aGonzález, M.^nInstituto Nacional de Tecnología Industrial. INTI-Lácteos^pArgentina;^aTorres, Matías Rodrigo^nInstituto Nacional de Tecnología Industrial. INTI-Plásticos^pArgentina<|>^aCastells, María Laura^nInstituto Nacional de Tecnología Industrial. INTI-Lácteos^pArgentina<|>^aCañameras, Carlos Alfredo^nInstituto Nacional de Tecnología Industrial. INTI-Lácteos^pArgentina<|>^aLorenzo, María Cecilia^nInstituto Nacional de Tecnología Industrial. INTI-Plásticos^pArgentina^nUniversidad Nacional de San Martín. 3iA Instituto de Investigación de Ingeniería Ambiental (UNSAM)^pArgentina<|>^aVerdi, María Clara^nInstituto Nacional de Tecnología Industrial. INTI-Plásticos^pArgentina<|>^aBlanco Massani, Mariana Raquel^nInstituto Nacional de Tecnología Industrial. INTI-Plásticos^pArgentina<|>^aEisenberg, P.^nInstituto Nacional de Tecnología Industrial. INTI-Plásticos^pArgentina^nUniversidad Nacional de San Martín. 3iA Instituto de Investigación de Ingeniería Ambiental (UNSAM)^pArgentina<|>^aGonzález, M.^nInstituto Nacional de Tecnología Industrial. INTI-Lácteos^pArgentina
050280;v22_Autor_personal;Hirak, M.<|>Szombach, J.;Hirak, M.<|>Szombach, Juan Ignacio
050280;v26_Afiliacion_del_autor;^aHirak, M.^nInstituto Nacional de Tecnología Industrial. INTI-Mecánica^pArgentina<|>^aSzombach, J.^nInstituto Nacional de Tecnología Industrial. INTI-Mecánica^pArgentina;^aHirak, M.^nInstituto Nacional de Tecnología Industrial. INTI-Mecánica^pArgentina<|>^aSzombach, Juan Ignacio^nInstituto Nacional de Tecnología Industrial. INTI-Mecánica^pArgentina
050285;v22_Autor_personal;Benítez, Graciela Alejandra<|>Anfossi, Lionel Alexis<|>Rodríguez, M.<|>Polzinetti, Matías Daniel<|>Curria, Maria C.;Benítez, Graciela Alejandra<|>Anfossi, Lionel Alexis<|>Rodríguez, Matías Agustín<|>Polzinetti, Matías Daniel<|>Curria, Maria C.
050285;v26_Afiliacion_del_autor;^aBenítez, Graciela Alejandra^nInstituto Nacional de Tecnología Industrial. INTI-Construcciones^pArgentina<|>^aAnfossi, Lionel Alexis^nInstituto Nacional de Tecnología Industrial. INTI-Construcciones^pArgentina<|>^aRodríguez, M.^nInstituto Nacional de Tecnología Industrial. INTI-Construcciones^pArgentina<|>^aPolzinetti, Matías Daniel^nInstituto del Cemento Portland Argentino^sICPA^pArgentina<|>^aCurria, Maria C.^nInstituto del Cemento Portland Argentino^sICPA^pArgentina;^aBenítez, Graciela Alejandra^nInstituto Nacional de Tecnología Industrial. INTI-Construcciones^pArgentina<|>^aAnfossi, Lionel Alexis^nInstituto Nacional de Tecnología Industrial. INTI-Construcciones^pArgentina<|>^aRodríguez, Matías Agustín^nInstituto Nacional de Tecnología Industrial. INTI-Construcciones^pArgentina<|>^aPolzinetti, Matías Daniel^nInstituto del Cemento Portland Argentino^sICPA^pArgentina<|>^aCurria, Maria C.^nInstituto del Cemento Portland Argentino^sICPA^pArgentina
050300;v22_Autor_personal;Aguyaro, M. J.<|>Ungaro, Pablo;Aguyaro, Mariano<|>Ungaro, Pablo
050300;v26_Afiliacion_del_autor;^aAguyaro, M. J.^nInstituto Nacional de Tecnología Industrial. INTI-Cueros^pArgentina;^aAguyaro, Mariano^nInstituto Nacional de Tecnología Industrial. INTI-Cueros^pArgentina
050313;v22_Autor_personal;Aguyaro, M. J.<|>Ungaro, Pablo;Aguyaro, Mariano<|>Ungaro, Pablo
050313;v26_Afiliacion_del_autor;^aAguyaro, M. J.^nInstituto Nacional de Tecnología Industrial. INTI-Cueros^pArgentina;^aAguyaro, Mariano^nInstituto Nacional de Tecnología Industrial. INTI-Cueros^pArgentina
050318;v22_Autor_personal;Silva, H.<|>Monasterios, G.;Silva, Hernándo Damián<|>Monasterios, G.
050318;v26_Afiliacion_del_autor;^aSilva, H.^nInstituto Nacional de Tecnología Industrial^sINTI^lBuenos Aires^pArgentina<|>^aMonasterios, G.^nInstituto Nacional de Tecnología Industrial^sINTI^lBuenos Aires^pArgentina;^aSilva, Hernándo Damián^nInstituto Nacional de Tecnología Industrial^sINTI^lBuenos Aires^pArgentina<|>^aMonasterios, G.^nInstituto Nacional de Tecnología Industrial^sINTI^lBuenos Aires^pArgentina
050327;v26_Afiliacion_del_autor;^aPujol, Rocío^nInstituto Nacional de Tecnología Industrial^sINTI^pArgentina<|>^aMarino, P.^nInstituto Nacional de Tecnología Industrial^sINTI^pArgentina<|>^aCharreau, Geraldine Luján^nInstituto Nacional de Tecnología Industrial^sINTI^pArgentina<|>^aWasienko, Susana Aurora^nInstituto Nacional de Tecnología Industrial^sINTI^pArgentina;^aPujol, Rocío^nInstituto Nacional de Tecnología Industrial^sINTI^pArgentina<|>^aMarino, Patricia Noemí^nInstituto Nacional de Tecnología Industrial^sINTI^pArgentina<|>^aCharreau, Geraldine Luján^nInstituto Nacional de Tecnología Industrial^sINTI^pArgentina<|>^aWasienko, Susana Aurora^nInstituto Nacional de Tecnología Industrial^sINTI^pArgentina
050328;v22_Autor_personal;Abate, Germán Rubén<|>Perez, D.<|>Martínez Krahmer, Daniel Osvaldo<|>Bigot, Régis<|>Radev, R.;Abate, Germán Rubén<|>Pérez, Daniela Joana<|>Martínez Krahmer, Daniel Osvaldo<|>Bigot, Régis<|>Radev, R.
050328;v26_Afiliacion_del_autor;^aAbate, Germán Rubén^nInstituto Nacional de Tecnología Industrial. INTI-Mecánica^pArgentina^nUniversidad Nacional de Lomas de Zamora. Facultad de Ingeniería^pArgentina<|>^aPerez, D.^nInstituto Nacional de Tecnología Industrial. INTI-Mecánica^pArgentina^nUniversidad Nacional de Lomas de Zamora. Facultad de Ingeniería^pArgentina<|>^aMartínez Krahmer, Daniel Osvaldo^nInstituto Nacional de Tecnología Industrial. INTI-Mecánica^pArgentina^nUniversidad Nacional de Lomas de Zamora. Facultad de Ingeniería^pArgentina<|>^aBigot, Régis^nEcole Nationale Supérieure d'Arts et Métiers^pFrancia<|>^aRadev, R.^nUniversidad de Ruse^pBulgaria;^aAbate, Germán Rubén^nInstituto Nacional de Tecnología Industrial. INTI-Mecánica^pArgentina^nUniversidad Nacional de Lomas de Zamora. Facultad de Ingeniería^pArgentina<|>^aPérez, Daniela Joana^nInstituto Nacional de Tecnología Industrial. INTI-Mecánica^pArgentina^nUniversidad Nacional de Lomas de Zamora. Facultad de Ingeniería^pArgentina<|>^aMartínez Krahmer, Daniel Osvaldo^nInstituto Nacional de Tecnología Industrial. INTI-Mecánica^pArgentina^nUniversidad Nacional de Lomas de Zamora. Facultad de Ingeniería^pArgentina<|>^aBigot, Régis^nEcole Nationale Supérieure d'Arts et Métiers^pFrancia<|>^aRadev, R.^nUniversidad de Ruse^pBulgaria
050335;v22_Autor_personal;Gagliostro, G. A.<|>Patiño, E. M.<|>Sánchez Negrette, M.<|>Sager, G.<|>Castelli, María Laura<|>Antonacci, Liliana Elisabet<|>Raco, Fernando Francisco<|>Gallello, L.<|>Rodríguez, Matías Agustín<|>Cañameras, Carlos Alfredo<|>Zampatti, M. L.<|>Bernal, Celina Raquel;Gagliostro, G. A.<|>Patiño, E. M.<|>Sánchez Negrette, M.<|>Sager, G.<|>Castelli, María Laura<|>Antonacci, Liliana Elisabet<|>Raco, Fernando Francisco<|>Gallello, L.<|>Rodríguez, Matías Agustín<|>Cañameras, Carlos Alfredo<|>Zampatti, Mariela<|>Bernal, Celina Raquel
050335;v26_Afiliacion_del_autor;^aGagliostro, G. A.^nInstituto Nacional de Tecnología Agropecuaria^sINTA^pArgentina<|>^aPatiño, E. M.^nUniversidad Nacional del Nordeste. Facultad de Ciencias Veterinarias^sUNNE^pArgentina<|>^aSánchez Negrette, M.^nUniversidad Nacional del Nordeste. Facultad de Ciencias Veterinarias^sUNNE^pArgentina<|>^aSager, G.^nUniversidad Nacional del Nordeste. Facultad de Ciencias Veterinarias^sUNNE^pArgentina<|>^aCastelli, María Laura^nInstituto Nacional de Tecnología Industrial. INTI-Lácteos^pArgentina<|>^aAntonacci, Liliana Elisabet^nInstituto Nacional de Tecnología Agropecuaria^sINTA^pArgentina<|>^aRaco, Fernando Francisco^nInstituto Nacional de Tecnología Industrial. INTI-Lácteos^pArgentina<|>^aGallello, L.^nInstituto Nacional de Tecnología Industrial. INTI-Lácteos^pArgentina<|>^aRodríguez, Matías Agustín^nUniversidad Nacional del Nordeste. Facultad de Ciencias Veterinarias^sUNNE^pArgentina<|>^aCañameras, Carlos Alfredo^nInstituto Nacional de Tecnología Industrial. INTI-Lácteos^pArgentina<|>^aZampatti, M. L.^nInstituto Nacional de Tecnología Industrial. INTI-Lácteos^pArgentina<|>^aBernal, Celina Raquel^nUniversidad Nacional del Litoral. Facultad de Bioquímica y Ciencias Biológicas^sUNL^pArgentina;^aGagliostro, G. A.^nInstituto Nacional de Tecnología Agropecuaria^sINTA^pArgentina<|>^aPatiño, E. M.^nUniversidad Nacional del Nordeste. Facultad de Ciencias Veterinarias^sUNNE^pArgentina<|>^aSánchez Negrette, M.^nUniversidad Nacional del Nordeste. Facultad de Ciencias Veterinarias^sUNNE^pArgentina<|>^aSager, G.^nUniversidad Nacional del Nordeste. Facultad de Ciencias Veterinarias^sUNNE^pArgentina<|>^aCastelli, María Laura^nInstituto Nacional de Tecnología Industrial. INTI-Lácteos^pArgentina<|>^aAntonacci, Liliana Elisabet^nInstituto Nacional de Tecnología Agropecuaria^sINTA^pArgentina<|>^aRaco, Fernando Francisco^nInstituto Nacional de Tecnología Industrial. INTI-Lácteos^pArgentina<|>^aGallello, L.^nInstituto Nacional de Tecnología Industrial. INTI-Lácteos^pArgentina<|>^aRodríguez, Matías Agustín^nUniversidad Nacional del Nordeste. Facultad de Ciencias Veterinarias^sUNNE^pArgentina<|>^aCañameras, Carlos Alfredo^nInstituto Nacional de Tecnología Industrial. INTI-Lácteos^pArgentina<|>^aZampatti, Mariela^nInstituto Nacional de Tecnología Industrial. INTI-Lácteos^pArgentina<|>^aBernal, Celina Raquel^nUniversidad Nacional del Litoral. Facultad de Bioquímica y Ciencias Biológicas^sUNL^pArgentina
050349;v22_Autor_personal;Abate, Germán Rubén<|>Perez, Daniela<|>Vilas, Ariel Alberto<|>Martínez Krahmer, Daniel Osvaldo;Abate, Germán Rubén<|>Pérez, Daniela Joana<|>Vilas, Ariel Alberto<|>Martínez Krahmer, Daniel Osvaldo
050349;v26_Afiliacion_del_autor;^aAbate, Germán Rubén^nInstituto Nacional de Tecnología Industrial. INTI-Mecánica^pArgentina<|>^aPerez, Daniela^nInstituto Nacional de Tecnología Industrial. INTI-Mecánica^pArgentina<|>^aVilas, Ariel Alberto^nInstituto Nacional de Tecnología Industrial. INTI-Mecánica^pArgentina<|>^aMartínez Krahmer, Daniel Osvaldo^nInstituto Nacional de Tecnología Industrial. INTI-Mecánica^pArgentina;^aAbate, Germán Rubén^nInstituto Nacional de Tecnología Industrial. INTI-Mecánica^pArgentina<|>^aPérez, Daniela Joana^nInstituto Nacional de Tecnología Industrial. INTI-Mecánica^pArgentina<|>^aVilas, Ariel Alberto^nInstituto Nacional de Tecnología Industrial. INTI-Mecánica^pArgentina<|>^aMartínez Krahmer, Daniel Osvaldo^nInstituto Nacional de Tecnología Industrial. INTI-Mecánica^pArgentina
050354;v22_Autor_personal;Crosa, María José<|>Tihista, Hugo<|>Próspero, M. I.<|>Cadenazzi, Mónica<|>Souto, L.<|>Curucthet, A.<|>Ferreyra, V.<|>Suburú, Gabriela<|>Escudero, J.;Crosa, María José<|>Tihista, Hugo<|>Próspero, M. I.<|>Cadenazzi, Mónica<|>Souto, L.<|>Curucthet, Ana<|>Ferreyra, V.<|>Suburú, Gabriela<|>Escudero, J.
050354;v26_Afiliacion_del_autor;^aCrosa, María José^nLaboratorio Tecnológico del Uruguay^sLATU^pUruguay<|>^aTihista, Hugo^nCentro de Panaderos del Uruguay^pUruguay<|>^aPróspero, M. I.^nCentro de Panaderos del Uruguay^pUruguay<|>^aCadenazzi, Mónica^nCooperativa Agraria Nacional Uruguay^pUruguay<|>^aSouto, L.^nLaboratorio Tecnológico del Uruguay^sLATU^pUruguay<|>^aCuructhet, A.^nLaboratorio Tecnológico del Uruguay^sLATU^pUruguay<|>^aFerreyra, V.^nInstituto Nacional de Tecnología Industrial. INTI-Cereales y Oleaginosas^pArgentina<|>^aSuburú, Gabriela^nLaboratorio Tecnológico del Uruguay^sLATU^pUruguay<|>^aEscudero, J.^nCooperativa Agraria Nacional Uruguay^pUruguay;^aCrosa, María José^nLaboratorio Tecnológico del Uruguay^sLATU^pUruguay<|>^aTihista, Hugo^nCentro de Panaderos del Uruguay^pUruguay<|>^aPróspero, M. I.^nCentro de Panaderos del Uruguay^pUruguay<|>^aCadenazzi, Mónica^nCooperativa Agraria Nacional Uruguay^pUruguay<|>^aSouto, L.^nLaboratorio Tecnológico del Uruguay^sLATU^pUruguay<|>^aCuructhet, Ana^nLaboratorio Tecnológico del Uruguay^sLATU^pUruguay<|>^aFerreyra, V.^nInstituto Nacional de Tecnología Industrial. INTI-Cereales y Oleaginosas^pArgentina<|>^aSuburú, Gabriela^nLaboratorio Tecnológico del Uruguay^sLATU^pUruguay<|>^aEscudero, J.^nCooperativa Agraria Nacional Uruguay^pUruguay
050368;v22_Autor_personal;Martínez Krahmer, Daniel Osvaldo<|>Hameed, S.<|>Sánchez Egea, A. J.<|>Pérez, D.<|>Canales Abaitua, Javier<|>López de Lacalle, L. N.;Martínez Krahmer, Daniel Osvaldo<|>Hameed, S.<|>Sánchez Egea, A. J.<|>Pérez, Daniela Joana<|>Canales Abaitua, Javier<|>López de Lacalle, L. N.
050368;v26_Afiliacion_del_autor;^aMartínez Krahmer, Daniel Osvaldo^nInstituto Nacional Tecnología Industrial^sINTI^lBuenos Aires^pArgentina<|>^aHameed, S.^nUniversitat Politècnica de Catalunya^lBarcelona^pEspaña<|>^aSánchez Egea, A. J.^nUniversitat Politècnica de Catalunya^lBarcelona^pEspaña<|>^aPérez, D.^nInstituto Nacional de Tecnología Industrial^sINTI^lBuenos Aires^pArgentina<|>^aCanales Abaitua, Javier^nUniversidad del País Vasco. Escuela de Ingeniería de Bilbao^lBilbao^pEspaña<|>^aLópez de Lacalle, L. N.^nUniversidad del País Vasco. Escuela de Ingeniería de Bilbao^lBilbao^pEspaña;^aMartínez Krahmer, Daniel Osvaldo^nInstituto Nacional Tecnología Industrial^sINTI^lBuenos Aires^pArgentina<|>^aHameed, S.^nUniversitat Politècnica de Catalunya^lBarcelona^pEspaña<|>^aSánchez Egea, A. J.^nUniversitat Politècnica de Catalunya^lBarcelona^pEspaña<|>^aPérez, Daniela Joana^nInstituto Nacional de Tecnología Industrial^sINTI^lBuenos Aires^pArgentina<|>^aCanales Abaitua, Javier^nUniversidad del País Vasco. Escuela de Ingeniería de Bilbao^lBilbao^pEspaña<|>^aLópez de Lacalle, L. N.^nUniversidad del País Vasco. Escuela de Ingeniería de Bilbao^lBilbao^pEspaña
050379;v22_Autor_personal;Sánchez Egea, A. J.<|>Martynenko, Vitaliy<|>Martínez Krahmer, Daniel Osvaldo<|>López de Lacalle, L. N.<|>Benítez, A.<|>Genovese, G.;Sánchez Egea, A. J.<|>Martynenko, Vitaliy<|>Martínez Krahmer, Daniel Osvaldo<|>López de Lacalle, L. N.<|>Benítez, Graciela Alejandra<|>Genovese, G.
050379;v26_Afiliacion_del_autor;^aSánchez Egea, A. J.^nUniversidad del País Vasco. Escuela de Ingeniería de Bilbao^pEspaña<|>^aMartynenko, Vitaliy^nInstituto Nacional de Tecnología Industrial. INTI-Mecánica^pArgentina<|>^aMartínez Krahmer, Daniel Osvaldo^nInstituto Nacional de Tecnología Industrial. INTI-Mecánica^pArgentina<|>^aLópez de Lacalle, L. N.^nUniversidad del País Vasco. Escuela de Ingeniería de Bilbao^lBibao^pEspaña<|>^aBenítez, A.^nInstituto Nacional de Tecnología Industrial. INTI-Construcciones^pArgentina<|>^aGenovese, G.^nAll Import^pArgentina;^aSánchez Egea, A. J.^nUniversidad del País Vasco. Escuela de Ingeniería de Bilbao^pEspaña<|>^aMartynenko, Vitaliy^nInstituto Nacional de Tecnología Industrial. INTI-Mecánica^pArgentina<|>^aMartínez Krahmer, Daniel Osvaldo^nInstituto Nacional de Tecnología Industrial. INTI-Mecánica^pArgentina<|>^aLópez de Lacalle, L. N.^nUniversidad del País Vasco. Escuela de Ingeniería de Bilbao^lBibao^pEspaña<|>^aBenítez, Graciela Alejandra^nInstituto Nacional de Tecnología Industrial. INTI-Construcciones^pArgentina<|>^aGenovese, G.^nAll Import^pArgentina
050384;v22_Autor_personal;Beer, Ethel Mariana<|>Álvarez, L.<|>Bastida, Karina Beatriz<|>Giarmana, G.<|>Di Lillo, Lucas Daniel;Beer, Ethel Mariana<|>Álvarez, Lucía<|>Bastida, Karina Beatriz<|>Giarmana, G.<|>Di Lillo, Lucas Daniel
050384;v26_Afiliacion_del_autor;^aBeer, Ethel Mariana^nInstituto Nacional de Tecnología Industrial^sINTI^lBuenos Aires^pArgentina<|>^aÁlvarez, L.^nInstituto Nacional de Tecnología Industrial^sINTI^lBuenos Aires^pArgentina<|>^aBastida, Karina Beatriz^nInstituto Nacional de Tecnología Industrial^sINTI^lBuenos Aires^pArgentina<|>^aGiarmana, G.^nInstituto Nacional de Tecnología Industrial^sINTI^lBuenos Aires^pArgentina<|>^aDi Lillo, Lucas Daniel^nInstituto Nacional de Tecnología Industrial^sINTI^lBuenos Aires^pArgentina;^aBeer, Ethel Mariana^nInstituto Nacional de Tecnología Industrial^sINTI^lBuenos Aires^pArgentina<|>^aÁlvarez, Lucía^nInstituto Nacional de Tecnología Industrial^sINTI^lBuenos Aires^pArgentina<|>^aBastida, Karina Beatriz^nInstituto Nacional de Tecnología Industrial^sINTI^lBuenos Aires^pArgentina<|>^aGiarmana, G.^nInstituto Nacional de Tecnología Industrial^sINTI^lBuenos Aires^pArgentina<|>^aDi Lillo, Lucas Daniel^nInstituto Nacional de Tecnología Industrial^sINTI^lBuenos Aires^pArgentina
050385;v22_Autor_personal;Beer, Ethel Mariana<|>Álvarez, L.<|>Bastida, Karina Beatriz<|>Giarmana, G.;Beer, Ethel Mariana<|>Álvarez, Lucía<|>Bastida, Karina Beatriz<|>Giarmana, G.
050385;v26_Afiliacion_del_autor;^aBeer, Ethel Mariana^nInstituto Nacional de Tecnología Industrial^sINTI^lBuenos Aires^pArgentina<|>^aÁlvarez, L.^nInstituto Nacional de Tecnología Industrial^sINTI^lBuenos Aires^pArgentina<|>^aBastida, Karina Beatriz^nInstituto Nacional de Tecnología Industrial^sINTI^lBuenos Aires^pArgentina<|>^aGiarmana, G.^nInstituto Nacional de Tecnología Industrial^sINTI^lBuenos Aires^pArgentina;^aBeer, Ethel Mariana^nInstituto Nacional de Tecnología Industrial^sINTI^lBuenos Aires^pArgentina<|>^aÁlvarez, Lucía^nInstituto Nacional de Tecnología Industrial^sINTI^lBuenos Aires^pArgentina<|>^aBastida, Karina Beatriz^nInstituto Nacional de Tecnología Industrial^sINTI^lBuenos Aires^pArgentina<|>^aGiarmana, G.^nInstituto Nacional de Tecnología Industrial^sINTI^lBuenos Aires^pArgentina
050386;v22_Autor_personal;Longinotti, G.<|>Ybarra, Gabriel Omar<|>Montserrat, J.;Longinotti, María Gloria<|>Ybarra, Gabriel Omar<|>Montserrat, J.
050386;v26_Afiliacion_del_autor;^aLonginotti, G.^nInstituto Nacional de Tecnología Industrial. INTI-Procesos Superficiales^pArgentina<|>^aYbarra, Gabriel Omar^nInstituto Nacional de Tecnología Industrial. INTI-Procesos Superficiales^pArgentina<|>^aMontserrat, J.^nUniversidad Nacional de General Sarmiento^sUNGS^pArgentina;^aLonginotti, María Gloria^nInstituto Nacional de Tecnología Industrial. INTI-Procesos Superficiales^pArgentina<|>^aYbarra, Gabriel Omar^nInstituto Nacional de Tecnología Industrial. INTI-Procesos Superficiales^pArgentina<|>^aMontserrat, J.^nUniversidad Nacional de General Sarmiento^sUNGS^pArgentina
050398;v22_Autor_personal;Ortega, N.<|>Martynenko, Vitaliy<|>Pérez, D.<|>Martínez Krahmer, Daniel Osvaldo<|>López de Lacalle, L. N.<|>Ukar, Eneko;Ortega, N.<|>Martynenko, Vitaliy<|>Pérez, Daniela Joana<|>Martínez Krahmer, Daniel Osvaldo<|>López de Lacalle, L. N.<|>Ukar, Eneko
050398;v26_Afiliacion_del_autor;^aOrtega, N.^nUniversidad del País Vasco. Escuela de Ingeniería de Bilbao^pEspaña<|>^aMartynenko, Vitaliy^nInstituto Nacional de Tecnología Industrial. INTI-Mecánica^pArgentina<|>^aPérez, D.^nInstituto Nacional de Tecnología Industrial. INTI-Mecánica^pArgentina<|>^aMartínez Krahmer, Daniel Osvaldo^nInstituto Nacional de Tecnología Industrial. INTI-Mecánica^pArgentina<|>^aLópez de Lacalle, L. N.^nUniversidad del País Vasco. Escuela de Ingeniería de Bilbao^pEspaña<|>^aUkar, Eneko^nUniversidad del País Vasco. Escuela de Ingeniería de Bilbao^pEspaña;^aOrtega, N.^nUniversidad del País Vasco. Escuela de Ingeniería de Bilbao^pEspaña<|>^aMartynenko, Vitaliy^nInstituto Nacional de Tecnología Industrial. INTI-Mecánica^pArgentina<|>^aPérez, Daniela Joana^nInstituto Nacional de Tecnología Industrial. INTI-Mecánica^pArgentina<|>^aMartínez Krahmer, Daniel Osvaldo^nInstituto Nacional de Tecnología Industrial. INTI-Mecánica^pArgentina<|>^aLópez de Lacalle, L. N.^nUniversidad del País Vasco. Escuela de Ingeniería de Bilbao^pEspaña<|>^aUkar, Eneko^nUniversidad del País Vasco. Escuela de Ingeniería de Bilbao^pEspaña
050399;v22_Autor_personal;Abate, Germán Rubén<|>Pérez, Daniela<|>Martínez Krahmer, Daniel Osvaldo<|>Maceira, G.;Abate, Germán Rubén<|>Pérez, Daniela Joana<|>Martínez Krahmer, Daniel Osvaldo<|>Maceira, G.
050399;v26_Afiliacion_del_autor;^aAbate, Germán Rubén^nInstituto Nacional de Tecnología Industrial. INTI-Mecánica^pArgentina^nUniversidad Nacional de Lomas de Zamora. Facultad de Ingeniería^pArgentina<|>^aPérez, Daniela^nInstituto Nacional de Tecnología Industrial. INTI-Mecánica^pArgentina<|>^aMartínez Krahmer, Daniel Osvaldo^nInstituto Nacional de Tecnología Industrial. INTI-Mecánica^pArgentina^nUniversidad Nacional de Lomas de Zamora. Facultad de Ingeniería^pArgentina<|>^aMaceira, G.^nInstituto Nacional de Tecnología Industrial. INTI-Mecánica^pArgentina^nUniversidad Nacional de Lomas de Zamora. Facultad de Ingeniería^pArgentina;^aAbate, Germán Rubén^nInstituto Nacional de Tecnología Industrial. INTI-Mecánica^pArgentina^nUniversidad Nacional de Lomas de Zamora. Facultad de Ingeniería^pArgentina<|>^aPérez, Daniela Joana^nInstituto Nacional de Tecnología Industrial. INTI-Mecánica^pArgentina<|>^aMartínez Krahmer, Daniel Osvaldo^nInstituto Nacional de Tecnología Industrial. INTI-Mecánica^pArgentina^nUniversidad Nacional de Lomas de Zamora. Facultad de Ingeniería^pArgentina<|>^aMaceira, G.^nInstituto Nacional de Tecnología Industrial. INTI-Mecánica^pArgentina^nUniversidad Nacional de Lomas de Zamora. Facultad de Ingeniería^pArgentina
050409;v22_Autor_personal;Abate, Germán Rubén<|>Pérez, Daniela<|>Martínez Krahmer, Daniel Osvaldo<|>Maceira, Gustavo;Abate, Germán Rubén<|>Pérez, Daniela Joana<|>Martínez Krahmer, Daniel Osvaldo<|>Maceira, Gustavo
050409;v26_Afiliacion_del_autor;^aAbate, Germán Rubén^nInstituto Nacional de Tecnología Industrial. INTI-Mecánica^pArgentina^nUniversidad Nacional de Lomas de Zamora. Facultad de Ingeniería^pArgentina<|>^aPérez, Daniela^nInstituto Nacional de Tecnología Industrial. INTI-Mecánica^pArgentina<|>^aMartínez Krahmer, Daniel Osvaldo^nInstituto Nacional de Tecnología Industrial. INTI-Mecánica^pArgentina^nUniversidad Nacional de Lomas de Zamora. Facultad de Ingeniería^pArgentina<|>^aMaceira, G.^nInstituto Nacional de Tecnología Industrial. INTI-Mecánica^pArgentina^nUniversidad Nacional de Lomas de Zamora. Facultad de Ingeniería^pArgentina;^aAbate, Germán Rubén^nInstituto Nacional de Tecnología Industrial. INTI-Mecánica^pArgentina^nUniversidad Nacional de Lomas de Zamora. Facultad de Ingeniería^pArgentina<|>^aPérez, Daniela Joana^nInstituto Nacional de Tecnología Industrial. INTI-Mecánica^pArgentina<|>^aMartínez Krahmer, Daniel Osvaldo^nInstituto Nacional de Tecnología Industrial. INTI-Mecánica^pArgentina^nUniversidad Nacional de Lomas de Zamora. Facultad de Ingeniería^pArgentina<|>^aMaceira, G.^nInstituto Nacional de Tecnología Industrial. INTI-Mecánica^pArgentina^nUniversidad Nacional de Lomas de Zamora. Facultad de Ingeniería^pArgentina
050417;v22_Autor_personal;Yapur, Fernando Gabriel<|>Alvarez, L.<|>Bastida, Karina Beatriz;Yapur, Fernando Gabriel<|>Álvarez, Lucía<|>Bastida, Karina Beatriz
050417;v26_Afiliacion_del_autor;^aYapur, Fernando Gabriel^nInstituto Nacional de Tecnología Industrial^sINTI^pArgentina<|>^aAlvarez, L.^nInstituto Nacional de Tecnología Industrial^sINTI^pArgentina<|>^aBastida, Karina Beatriz^nInstituto Nacional de Tecnología Industrial^sINTI^pArgentina;^aYapur, Fernando Gabriel^nInstituto Nacional de Tecnología Industrial^sINTI^pArgentina<|>^aÁlvarez, Lucía^nInstituto Nacional de Tecnología Industrial^sINTI^pArgentina<|>^aBastida, Karina Beatriz^nInstituto Nacional de Tecnología Industrial^sINTI^pArgentina
050442;v22_Autor_personal;Abate, Germán Rubén<|>Moraes, Alexsandro<|>Perez, Daniela<|>Bonnemezón, Alfredo<|>Martínez Krahmer, Daniel Osvaldo;Abate, Germán Rubén<|>Moraes, Alexsandro<|>Pérez, Daniela Joana<|>Bonnemezón, Alfredo<|>Martínez Krahmer, Daniel Osvaldo
050442;v26_Afiliacion_del_autor;^aAbate, Germán Rubén^nInstituto Nacional de Tecnología Industrial. INTI-Mecánica^pArgentina<|>^aMoraes, Alexsandro^nSimufact Americas<|>^aPerez, Daniela^nInstituto Nacional de Tecnología Industrial. INTI-Mecánica^pArgentina<|>^aMartínez Krahmer, Daniel Osvaldo^nInstituto Nacional de Tecnología Industrial. INTI-Mecánica^pArgentina;^aAbate, Germán Rubén^nInstituto Nacional de Tecnología Industrial. INTI-Mecánica^pArgentina<|>^aMoraes, Alexsandro^nSimufact Americas<|>^aPérez, Daniela Joana^nInstituto Nacional de Tecnología Industrial. INTI-Mecánica^pArgentina<|>^aMartínez Krahmer, Daniel Osvaldo^nInstituto Nacional de Tecnología Industrial. INTI-Mecánica^pArgentina
050454;v22_Autor_personal;Ferrante, Daniel<|>Apro, Nicolás<|>Ferreira, Veronica<|>Virgolini, Mario<|>Aguilar, Valentina<|>Sosa, Miriam<|>Perel, Pablo<|>Casas, Juan;Ferrante, Daniel<|>Apro, Nicolás<|>Ferreira, Veronica<|>Visser, R.<|>Aguilar, Valentina<|>Sosa, Miriam<|>Perel, Pablo<|>Casas, Juan
050454;v26_Afiliacion_del_autor;^aFerrante, Daniel^nMinisterio de Salud^pArgentina<|>^aApro, Nicolás^nInstituto Nacional de Tecnología Industrial. INTI-Cereales y Oleaginosas^pArgentina<|>^aFerreira, Veronica^nInstituto Nacional de Tecnología Industrial. INTI-Cereales y Oleaginosas^pArgentina<|>^aVirgolini, Mario^nMinisterio de Salud^pArgentina<|>^aAguilar, Valentina^nInstituto Nacional de Tecnología Industrial. INTI-Cereales y Oleaginosas^pArgentina<|>^aSosa, Miriam^nInstituto Nacional de Tecnología Industrial. INTI-Cereales y Oleaginosas^pArgentina<|>^aPerel, Pablo^nLondon School of Hygiene and Tropical Medicine^pReino Unido<|>^aCasas, Juan^nLondon School of Hygiene and Tropical Medicine^pReino Unido;^aFerrante, Daniel^nMinisterio de Salud^pArgentina<|>^aApro, Nicolás^nInstituto Nacional de Tecnología Industrial. INTI-Cereales y Oleaginosas^pArgentina<|>^aFerreira, Veronica^nInstituto Nacional de Tecnología Industrial. INTI-Cereales y Oleaginosas^pArgentina<|>^aVisser, R.^nMinisterio de Salud^pArgentina<|>^aAguilar, Valentina^nInstituto Nacional de Tecnología Industrial. INTI-Cereales y Oleaginosas^pArgentina<|>^aSosa, Miriam^nInstituto Nacional de Tecnología Industrial. INTI-Cereales y Oleaginosas^pArgentina<|>^aPerel, Pablo^nLondon School of Hygiene and Tropical Medicine^pReino Unido<|>^aCasas, Juan^nLondon School of Hygiene and Tropical Medicine^pReino Unido
050462;v22_Autor_personal;Milanesio, Horacio<|>Fabro, Mabel Angélica<|>Speranza, Jorge<|>Fomero, Pedro<|>Schamne, Nicolás<|>Demaria, Mónica<|>Junges, Omar<|>Nieto, Ivana;Milanesio, Horacio<|>Fabro, Mabel Angélica<|>Speranza, Jorge Luis<|>Fomero, Pedro<|>Schamne, Nicolás<|>Demaria, Mónica<|>Junges, Omar<|>Nieto, Ivana
050462;v26_Afiliacion_del_autor;^aMilanesio, Horacio^nInstituto Nacional de Tecnología Industrial^sINTI^pArgentina<|>^aFabro, Mabel Angélica^nInstituto Nacional de Tecnología Industrial^sINTI^pArgentina<|>^aSperanza, Jorge^nInstituto Nacional de Tecnología Industrial^sINTI^pArgentina<|>^aFomero, Pedro^nInstituto Nacional de Tecnología Industrial^sINTI^pArgentina<|>^aSchamne, Nicolás^nInstituto Nacional de Tecnología Industrial^sINTI^pArgentina<|>^aDemaria, Mónica^nInstituto Nacional de Tecnología Industrial^sINTI^pArgentina<|>^aJunges, Omar^nInstituto Nacional de Tecnología Industrial^sINTI^pArgentina<|>^aNieto, Ivana^nInstituto Nacional de Tecnología Industrial^sINTI^pArgentina;^aMilanesio, Horacio^nInstituto Nacional de Tecnología Industrial^sINTI^pArgentina<|>^aFabro, Mabel Angélica^nInstituto Nacional de Tecnología Industrial^sINTI^pArgentina<|>^aSperanza, Jorge Luis^nInstituto Nacional de Tecnología Industrial^sINTI^pArgentina<|>^aFomero, Pedro^nInstituto Nacional de Tecnología Industrial^sINTI^pArgentina<|>^aSchamne, Nicolás^nInstituto Nacional de Tecnología Industrial^sINTI^pArgentina<|>^aDemaria, Mónica^nInstituto Nacional de Tecnología Industrial^sINTI^pArgentina<|>^aJunges, Omar^nInstituto Nacional de Tecnología Industrial^sINTI^pArgentina<|>^aNieto, Ivana^nInstituto Nacional de Tecnología Industrial^sINTI^pArgentina
050468;v22_Autor_personal;Taibo, Lucía N.<|>Barcelo, Lucía E.;Taibo, Lucía Noemí<|>Barcelo, Lucía E.
050468;v26_Afiliacion_del_autor;^aTaibo, Lucía N.^nInstituto Nacional de Tecnología Industrial. INTI-Física y Metrología^lBuenos Aires^pArgentina<|>^aBarcelo, Lucía E.^nInstituto Nacional de Tecnología Industrial. INTI-Física y Metrología^lBuenos Aires^pArgentina;^aTaibo, Lucía Noemí^nInstituto Nacional de Tecnología Industrial. INTI-Física y Metrología^lBuenos Aires^pArgentina<|>^aBarcelo, Lucía E.^nInstituto Nacional de Tecnología Industrial. INTI-Física y Metrología^lBuenos Aires^pArgentina
050469;v22_Autor_personal;Barceló, Lucía E.<|>Taibo, Lucía N.<|>Zapata, Alexis Gastón;Barceló, Lucía E.<|>Taibo, Lucía Noemí<|>Zapata, Alexis Gastón
050469;v26_Afiliacion_del_autor;^aTaibo, Lucía N.^nInstituto Nacional de Tecnología Industrial. INTI-Física y Metrología^pArgentina<|>^aBarcelo, Lucía E.^nInstituto Nacional de Tecnología Industrial. INTI-Física y Metrología^pArgentina<|>^aZapata, Alexis Gastón^nInstituto Nacional de Tecnología Industrial. INTI-Física y Metrología^pArgentina;^aTaibo, Lucía Noemí^nInstituto Nacional de Tecnología Industrial. INTI-Física y Metrología^pArgentina<|>^aBarcelo, Lucía E.^nInstituto Nacional de Tecnología Industrial. INTI-Física y Metrología^pArgentina<|>^aZapata, Alexis Gastón^nInstituto Nacional de Tecnología Industrial. INTI-Física y Metrología^pArgentina
050481;v22_Autor_personal;Fabro, Mabel Angélica<|>Milanesio, H. V.<|>Robert, L. M.<|>Speranza, J. L.<|>Murphy, M.<|>Rodríguez, Gisela Vanina<|>Castañeda, Roberto Aníbal;Fabro, Mabel Angélica<|>Milanesio, H. V.<|>Robert, L. M.<|>Speranza, Jorge Luis<|>Murphy, M.<|>Rodríguez, Gisela Vanina<|>Castañeda, Roberto Aníbal
050481;v26_Afiliacion_del_autor;^aFabro, Mabel Angélica^nInstituto Nacional de Tecnología Industrial. INTI-Lácteos Rafaela^pArgentina<|>^aMilanesio, H. V.^nInstituto Nacional de Tecnología Industrial. INTI-Lácteos Rafaela^pArgentina<|>^aRobert, L. M.^nInstituto Nacional de Tecnología Industrial. INTI-Lácteos Rafaela^pArgentina<|>^aSperanza, J. L.^nInstituto Nacional de Tecnología Industrial. INTI-Lácteos Rafaela^pArgentina<|>^aMurphy, M.^nInstituto Nacional de Tecnología Industrial. INTI-Lácteos^pArgentina<|>^aRodríguez, G.nInstituto Nacional de Tecnología Industrial. INTI-Lácteos^pArgentina<|>^aCastañeda, R.nInstituto Nacional de Tecnología Industrial. INTI-Lácteos^pArgentina;^aFabro, Mabel Angélica^nInstituto Nacional de Tecnología Industrial. INTI-Lácteos Rafaela^pArgentina<|>^aMilanesio, H. V.^nInstituto Nacional de Tecnología Industrial. INTI-Lácteos Rafaela^pArgentina<|>^aRobert, L. M.^nInstituto Nacional de Tecnología Industrial. INTI-Lácteos Rafaela^pArgentina<|>^aSperanza, Jorge Luis^nInstituto Nacional de Tecnología Industrial. INTI-Lácteos Rafaela^pArgentina<|>^aMurphy, M.^nInstituto Nacional de Tecnología Industrial. INTI-Lácteos^pArgentina<|>^aRodríguez, G.nInstituto Nacional de Tecnología Industrial. INTI-Lácteos^pArgentina<|>^aCastañeda, R.nInstituto Nacional de Tecnología Industrial. INTI-Lácteos^pArgentina
050485;v22_Autor_personal;Martynenko, Vitaliy<|>Martínez Krahmer, Daniel Osvaldo<|>Nápoles Alberro, A.<|>Cabo, Amado<|>Pérez, D.<|>Zayas Figueras, Enrique Ernesto<|>González Rojas, H. A.<|>Sánchez Egea, A. J.;Martynenko, Vitaliy<|>Martínez Krahmer, Daniel Osvaldo<|>Nápoles Alberro, A.<|>Cabo, Amado<|>Pérez, Daniela Joana<|>Zayas Figueras, Enrique Ernesto<|>González Rojas, H. A.<|>Sánchez Egea, A. J.
050485;v26_Afiliacion_del_autor;^aMartynenko, Vitaliy^nInstituto Nacional de Tecnología Industrial. INTI-Mecánica^pArgentina^nUniversidad Nacional de Lomas de Zamora. Facultad de Ingeniería^pArgentina<|>^aMartínez Krahmer, Daniel Osvaldo^nInstituto Nacional de Tecnología Industrial. INTI-Mecánica^pArgentina^nUniversidad Nacional de Lomas de Zamora. Facultad de Ingeniería^pArgentina<|>^aNápoles Alberro, A.^nUniversitat Politècnica de Catalunya^pEspaña<|>^aCabo, Amado^nIONAR^pArgentina<|>^aPérez, D.^nInstituto Nacional de Tecnología Industrial. INTI-Mecánica^pArgentina^nUniversidad Nacional de Lomas de Zamora. Facultad de Ingeniería^pArgentina<|>^aZayas Figueras, Enrique Ernesto^nUniversitat Politècnica de Catalunya^pEspaña<|>^aGonzález Rojas, H. A.^nUniversitat Politècnica de Catalunya^pEspaña<|>^aSánchez Egea, A. J.^nUniversitat Politècnica de Catalunya^pEspaña^nPontificia Universidad Católica de Chile^pChile;^aMartynenko, Vitaliy^nInstituto Nacional de Tecnología Industrial. INTI-Mecánica^pArgentina^nUniversidad Nacional de Lomas de Zamora. Facultad de Ingeniería^pArgentina<|>^aMartínez Krahmer, Daniel Osvaldo^nInstituto Nacional de Tecnología Industrial. INTI-Mecánica^pArgentina^nUniversidad Nacional de Lomas de Zamora. Facultad de Ingeniería^pArgentina<|>^aNápoles Alberro, A.^nUniversitat Politècnica de Catalunya^pEspaña<|>^aCabo, Amado^nIONAR^pArgentina<|>^aPérez, Daniela Joana^nInstituto Nacional de Tecnología Industrial. INTI-Mecánica^pArgentina^nUniversidad Nacional de Lomas de Zamora. Facultad de Ingeniería^pArgentina<|>^aZayas Figueras, Enrique Ernesto^nUniversitat Politècnica de Catalunya^pEspaña<|>^aGonzález Rojas, H. A.^nUniversitat Politècnica de Catalunya^pEspaña<|>^aSánchez Egea, A. J.^nUniversitat Politècnica de Catalunya^pEspaña^nPontificia Universidad Católica de Chile^pChile
050493;v22_Autor_personal;Silbert Voldman, Violeta<|>Garrido, G.<|>Suárez, M. F.<|>Benítez, A.<|>Pettigiani, Eugenio;Silbert Voldman, Violeta<|>Garrido, G.<|>Suárez, María Fernanda<|>Benítez, Graciela Alejandra<|>Pettigiani, Eugenio
050493;v26_Afiliacion_del_autor;^aSilbert Voldman, Violeta^nInstituto Nacional de Tecnología Industrial. INTI-Córdoba^pArgentina<|>^aGarrido, G.^nInstituto Nacional de Tecnología Industrial. INTI-Córdoba^pArgentina<|>^aSuárez, M.F.^nUniversidad Tecnológica Nacional. Facultad Regional Córdoba^sUTN-FRC^pArgentina<|>^aBenítez, A.^nInstituto Nacional de Tecnología Agropecuaria^sINTA^pArgentina<|>^aPettigiani, Eugenio^nInstituto Nacional de Tecnología Industrial. INTI-Córdoba^pArgentina;^aSilbert Voldman, Violeta^nInstituto Nacional de Tecnología Industrial. INTI-Córdoba^pArgentina<|>^aGarrido, G.^nInstituto Nacional de Tecnología Industrial. INTI-Córdoba^pArgentina<|>^aSuárez, María Fernanda^nUniversidad Tecnológica Nacional. Facultad Regional Córdoba^sUTN-FRC^pArgentina<|>^aBenítez, Graciela Alejandra^nInstituto Nacional de Tecnología Agropecuaria^sINTA^pArgentina<|>^aPettigiani, Eugenio^nInstituto Nacional de Tecnología Industrial. INTI-Córdoba^pArgentina
050499;v22_Autor_personal;Lobatto, Iliana Valeria<|>Stratico, M.<|>Gauna, R. P.<|>Zannoni, Valeria<|>Alberti, Cecilia;Lobatto, Iliana Valeria<|>Stratico, Carlos Mariano<|>Gauna, R. P.<|>Zannoni, Valeria<|>Alberti, Cecilia
050499;v26_Afiliacion_del_autor;^aLobatto, Iliana Valeria^nInstituto Nacional de Tecnología Industrial. INTI-Química^pArgentina<|>^aStratico, M.^nInstituto Nacional de Tecnología Industrial. INTI-Química^pArgentina<|>^aGauna, R. P.^nInstituto Nacional de Tecnología Industrial. INTI-Química^pArgentina<|>^aZannoni, Valeria^nInstituto Nacional de Tecnología Industrial. INTI-Química^pArgentina<|>^aAlberti, Cecilia^nInstituto Nacional de Tecnología Industrial. INTI-Química^pArgentina;^aLobatto, Iliana Valeria^nInstituto Nacional de Tecnología Industrial. INTI-Química^pArgentina<|>^aStratico, Carlos Mariano^nInstituto Nacional de Tecnología Industrial. INTI-Química^pArgentina<|>^aGauna, R. P.^nInstituto Nacional de Tecnología Industrial. INTI-Química^pArgentina<|>^aZannoni, Valeria^nInstituto Nacional de Tecnología Industrial. INTI-Química^pArgentina<|>^aAlberti, Cecilia^nInstituto Nacional de Tecnología Industrial. INTI-Química^pArgentina
050500;v22_Autor_personal;Cogno, Jorge Adrián<|>Amelotti, Franco Ignacio<|>Abuin, Graciela Carmen<|>Amore, Sandra Francisca<|>Castro, Á.;Cogno, Jorge Adrián<|>Amelotti, Franco Ignacio<|>Abuin, Graciela Carmen<|>Amore, Sandra Francisca<|>Castro, Ángel Patricio
050500;v26_Afiliacion_del_autor;^aCogno, Jorge Adrián^nInstituto Nacional de Tecnología Industrial. INTI-Procesos Superficiales^pArgentina<|>^aAmelotti, Franco Ignacio^nInstituto Nacional de Tecnología Industrial. INTI-Procesos Superficiales^pArgentina<|>^aAbuin, Graciela Carmen^nInstituto Nacional de Tecnología Industrial. INTI-Procesos Superficiales^pArgentina<|>^aAmore, Sandra Francisca^nInstituto Nacional de Tecnología Industrial. INTI-Química^pArgentina<|>^aCastro, Á.^nInstituto Nacional de Tecnología Industrial. INTI-Servicio Argentino de Interlaboratorios^pArgentina;^aCogno, Jorge Adrián^nInstituto Nacional de Tecnología Industrial. INTI-Procesos Superficiales^pArgentina<|>^aAmelotti, Franco Ignacio^nInstituto Nacional de Tecnología Industrial. INTI-Procesos Superficiales^pArgentina<|>^aAbuin, Graciela Carmen^nInstituto Nacional de Tecnología Industrial. INTI-Procesos Superficiales^pArgentina<|>^aAmore, Sandra Francisca^nInstituto Nacional de Tecnología Industrial. INTI-Química^pArgentina<|>^aCastro, Ángel Patricio^nInstituto Nacional de Tecnología Industrial. INTI-Servicio Argentino de Interlaboratorios^pArgentina
050506;v22_Autor_personal;Luna, Diego<|>Pérez, D.<|>Hase, H.<|>Pasquaré, A.;Luna, Diego<|>Pérez, Daniela Joana<|>Hase, H.<|>Pasquaré, A.
050506;v26_Afiliacion_del_autor;^aLuna, Diego^nInstituto Nacional de Tecnología Industrial. INTI-Física y Metrología^pArgentina<|>^aPérez, D.^nInstituto Nacional de Tecnología Industrial. INTI-Física y Metrología^pArgentina<|>^aHase, H.^nObservatorio Argentino -Alemán de Geodesia^sAGGO^pArgentina<|>^aPasquaré, A.^nObservatorio Argentino -Alemán de Geodesia^sAGGO^pArgentina;^aLuna, Diego^nInstituto Nacional de Tecnología Industrial. INTI-Física y Metrología^pArgentina<|>^aPérez, Daniela Joana^nInstituto Nacional de Tecnología Industrial. INTI-Física y Metrología^pArgentina<|>^aHase, H.^nObservatorio Argentino -Alemán de Geodesia^sAGGO^pArgentina<|>^aPasquaré, A.^nObservatorio Argentino -Alemán de Geodesia^sAGGO^pArgentina
050507;v22_Autor_personal;Álvarez, L.<|>Bastida, Karina Beatriz<|>Mingolla, María Griselda;Álvarez, Lucía<|>Bastida, Karina Beatriz<|>Mingolla, María Griselda
050507;v26_Afiliacion_del_autor;^aÁlvarez, L.^nInstituto Nacional de Tecnología Industrial. INTI-Física y Metrología^pArgentina<|>^aBastida, Karina Beatriz^nInstituto Nacional de Tecnología Industrial. INTI-Física y Metrología^pArgentina<|>^aMingolla, María Griselda^nInstituto Nacional de Tecnología Industrial. INTI-Física y Metrología^pArgentina;^aÁlvarez, Lucía^nInstituto Nacional de Tecnología Industrial. INTI-Física y Metrología^pArgentina<|>^aBastida, Karina Beatriz^nInstituto Nacional de Tecnología Industrial. INTI-Física y Metrología^pArgentina<|>^aMingolla, María Griselda^nInstituto Nacional de Tecnología Industrial. INTI-Física y Metrología^pArgentina
050509;v22_Autor_personal;Ríos, Leandro Martín<|>Luna, Diego<|>Pérez, D.;Ríos, Leandro Martín<|>Luna, Diego<|>Pérez, Daniela Joana
050509;v26_Afiliacion_del_autor;^aLuna, Diego^nInstituto Nacional de Tecnología Industrial. INTI-Física y Metrología^pArgentina<|>^aPérez, D.^nInstituto Nacional de Tecnología Industrial. INTI-Física y Metrología^pArgentina<|>^aRíos, Leandro Martín^nInstituto Nacional de Tecnología Industrial. INTI-Física y Metrología^pArgentina;^aLuna, Diego^nInstituto Nacional de Tecnología Industrial. INTI-Física y Metrología^pArgentina<|>^aPérez, Daniela Joana^nInstituto Nacional de Tecnología Industrial. INTI-Física y Metrología^pArgentina<|>^aRíos, Leandro Martín^nInstituto Nacional de Tecnología Industrial. INTI-Física y Metrología^pArgentina
050515;v22_Autor_personal;Zapata, Alexis Gastón<|>Benevenia, Ramiro<|>Taibo, L.;Zapata, Alexis Gastón<|>Benevenia, Ramiro<|>Taibo, Lucía Noemí
050515;v26_Afiliacion_del_autor;^aZapata, Alexis Gastón^nInstituto Nacional de Tecnología Industrial. INTI-Física y Metrología^pArgentina<|>^aBenevenia, Ramiro^nInstituto Nacional de Tecnología Industrial. INTI-Física y Metrología^pArgentina<|>^aTaibo, L.^nInstituto Nacional de Tecnología Industrial. INTI-Física y Metrología^pArgentina;^aZapata, Alexis Gastón^nInstituto Nacional de Tecnología Industrial. INTI-Física y Metrología^pArgentina<|>^aBenevenia, Ramiro^nInstituto Nacional de Tecnología Industrial. INTI-Física y Metrología^pArgentina<|>^aTaibo, Lucía Noemí^nInstituto Nacional de Tecnología Industrial. INTI-Física y Metrología^pArgentina
050522;v22_Autor_personal;Giberti, M.<|>Iranzo, Claudia Manuela<|>López Cabana, G.<|>Munizza, Gabriela Vanina<|>Fernández, G.;Giberti, M.<|>Iranzo, Claudia Manuela<|>López Cabana, Gustavo Alejandro<|>Munizza, Gabriela Vanina<|>Fernández, G.
050522;v26_Afiliacion_del_autor;^aGiberti, M.^nInstituto Nacional de Tecnología Industrial. INTI-Plásticos^pArgentina<|>^aIranzo, Claudia Manuela^nInstituto Nacional de Tecnología Industrial. INTI-Plásticos^pArgentina<|>^aLópez Cabana, G.^nInstituto Nacional de Tecnología Industrial. INTI-Plásticos^pArgentina<|>^aMunizza, Gabriela Vanina^nInstituto Nacional de Tecnología Industrial. INTI-Plásticos^pArgentina<|>^aFernández, G.^nInstituto Nacional de Tecnología Industrial. INTI-Plásticos^pArgentina;^aGiberti, M.^nInstituto Nacional de Tecnología Industrial. INTI-Plásticos^pArgentina<|>^aIranzo, Claudia Manuela^nInstituto Nacional de Tecnología Industrial. INTI-Plásticos^pArgentina<|>^aLópez Cabana, Gustavo Alejandro^nInstituto Nacional de Tecnología Industrial. INTI-Plásticos^pArgentina<|>^aMunizza, Gabriela Vanina^nInstituto Nacional de Tecnología Industrial. INTI-Plásticos^pArgentina<|>^aFernández, G.^nInstituto Nacional de Tecnología Industrial. INTI-Plásticos^pArgentina
050532;v22_Autor_personal;Álvarez, L.<|>Beer, Ethel Mariana<|>Bastida, Karina Beatriz;Álvarez, Lucía<|>Beer, Ethel Mariana<|>Bastida, Karina Beatriz
050532;v26_Afiliacion_del_autor;^aÁlvarez, L.^nInstituto Nacional de Tecnología Industrial. INTI-Física y Metrología^pArgentina<|>^aBeer, Ethel Mariana^nInstituto Nacional de Tecnología Industrial. INTI-Física y Metrología^pArgentina<|>^aBastida, Karina Beatriz^nInstituto Nacional de Tecnología Industrial. INTI-Física y Metrología^pArgentina;^aÁlvarez, Lucía^nInstituto Nacional de Tecnología Industrial. INTI-Física y Metrología^pArgentina<|>^aBeer, Ethel Mariana^nInstituto Nacional de Tecnología Industrial. INTI-Física y Metrología^pArgentina<|>^aBastida, Karina Beatriz^nInstituto Nacional de Tecnología Industrial. INTI-Física y Metrología^pArgentina
050539;v22_Autor_personal;Mass, Mijal Inés<|>Veiga, Lionel Sebastián<|>Garate, O.<|>Longinotti, G.<|>Moya, A.<|>Ramón, E.<|>Villa, Rosa<|>Ybarra, Gabriel Omar<|>Gabriel, G.;Mass, Mijal Inés<|>Veiga, Lionel Sebastián<|>Garate, O.<|>Longinotti, María Gloria<|>Moya, A.<|>Ramón, E.<|>Villa, Rosa<|>Ybarra, Gabriel Omar<|>Gabriel, G.
050539;v26_Afiliacion_del_autor;^aMass, Mijal Inés^nInstituto Nacional de Tecnología Industrial. INTI-Micro y Nanotecnologías^pArgentina<|>^aVeiga, Lionel Sebastián^nInstituto Nacional de Tecnología Industrial. INTI-Micro y Nanotecnologías^pArgentina<|>^aGarate, O.^nInstituto Nacional de Tecnología Industrial. INTI-Micro y Nanotecnologías^pArgentina<|>^aLonginotti, G.^nInstituto Nacional de Tecnología Industrial. INTI-Micro y Nanotecnologías^pArgentina<|>^aMoya, A.^nConsejo Superior de Investigaciones Científicas. Centro Nacional de Microelectrónica. Institut de Microelectrònica de Barcelona^pEspaña<|>^aRamón, E.^nConsejo Superior de Investigaciones Científicas. Centro Nacional de Microelectrónica. Institut de Microelectrònica de Barcelona^pEspaña<|>^aVilla, Rosa^nConsejo Superior de Investigaciones Científicas. Centro Nacional de Microelectrónica. Institut de Microelectrònica de Barcelona^pEspaña<|>^aYbarra, Gabriel Omar^nInstituto Nacional de Tecnología Industrial. INTI-Micro y Nanotecnologías^pArgentina<|>^aGabriel, G.^nConsejo Superior de Investigaciones Científicas. Centro Nacional de Microelectrónica. Institut de Microelectrònica de Barcelona^pEspaña;^aMass, Mijal Inés^nInstituto Nacional de Tecnología Industrial. INTI-Micro y Nanotecnologías^pArgentina<|>^aVeiga, Lionel Sebastián^nInstituto Nacional de Tecnología Industrial. INTI-Micro y Nanotecnologías^pArgentina<|>^aGarate, O.^nInstituto Nacional de Tecnología Industrial. INTI-Micro y Nanotecnologías^pArgentina<|>^aLonginotti, María Gloria^nInstituto Nacional de Tecnología Industrial. INTI-Micro y Nanotecnologías^pArgentina<|>^aMoya, A.^nConsejo Superior de Investigaciones Científicas. Centro Nacional de Microelectrónica. Institut de Microelectrònica de Barcelona^pEspaña<|>^aRamón, E.^nConsejo Superior de Investigaciones Científicas. Centro Nacional de Microelectrónica. Institut de Microelectrònica de Barcelona^pEspaña<|>^aVilla, Rosa^nConsejo Superior de Investigaciones Científicas. Centro Nacional de Microelectrónica. Institut de Microelectrònica de Barcelona^pEspaña<|>^aYbarra, Gabriel Omar^nInstituto Nacional de Tecnología Industrial. INTI-Micro y Nanotecnologías^pArgentina<|>^aGabriel, G.^nConsejo Superior de Investigaciones Científicas. Centro Nacional de Microelectrónica. Institut de Microelectrònica de Barcelona^pEspaña
050542;v22_Autor_personal;Sánchez Egea, A. J.<|>Martynenko, Vitaliy<|>Simoncelli, A.<|>Serrancoli, G.<|>Martínez Krahmer, Daniel Osvaldo;Sánchez Egea, A. J.<|>Martynenko, Vitaliy<|>Simoncelli, Alejandro Ezequiel<|>Serrancoli, G.<|>Martínez Krahmer, Daniel Osvaldo
050542;v26_Afiliacion_del_autor;^aSánchez Egea, A. J.^nUniversitat Politècnica de Catalunya^pEspaña<|>^aMartynenko, Vitaliy^nInstituto Nacional de Tecnología Industrial. INTI-Mecánica^pArgentina^nUniversidad Nacional de Lomas de Zamora. Facultad de Ingeniería^pArgentina<|>^aSimoncelli, A.^nInstituto Nacional de Tecnología Industrial. INTI-Mecánica^pArgentina^nUniversidad Nacional de Lomas de Zamora. Facultad de Ingeniería^pArgentina<|>^aSerrancoli, G.^nUniversitat Politècnica de Catalunya^pEspaña<|>^aMartínez Krahmer, Daniel Osvaldo^nInstituto Nacional de Tecnología Industrial. INTI-Mecánica^pArgentina^nUniversidad Nacional de Lomas de Zamora. Facultad de Ingeniería^pArgentina;^aSánchez Egea, A. J.^nUniversitat Politècnica de Catalunya^pEspaña<|>^aMartynenko, Vitaliy^nInstituto Nacional de Tecnología Industrial. INTI-Mecánica^pArgentina^nUniversidad Nacional de Lomas de Zamora. Facultad de Ingeniería^pArgentina<|>^aSimoncelli, Alejandro Ezequiel^nInstituto Nacional de Tecnología Industrial. INTI-Mecánica^pArgentina^nUniversidad Nacional de Lomas de Zamora. Facultad de Ingeniería^pArgentina<|>^aSerrancoli, G.^nUniversitat Politècnica de Catalunya^pEspaña<|>^aMartínez Krahmer, Daniel Osvaldo^nInstituto Nacional de Tecnología Industrial. INTI-Mecánica^pArgentina^nUniversidad Nacional de Lomas de Zamora. Facultad de Ingeniería^pArgentina
050559;v22_Autor_personal;Alcázar, Jackeline<|>Abate, Germán Rubén<|>Antunez, Nazareno Nahuel<|>Simoncelli, A.<|>Sánchez Egea, A. J.<|>Martínez Krahmer, Daniel Osvaldo<|>López de Lacalle, L. N.;Alcázar, Jackeline<|>Abate, Germán Rubén<|>Antunez, Nazareno Nahuel<|>Simoncelli, Alejandro Ezequiel<|>Sánchez Egea, A. J.<|>Martínez Krahmer, Daniel Osvaldo<|>López de Lacalle, L. N.
050559;v26_Afiliacion_del_autor;^aAlcázar, Jackeline^nUniversidad Nacional de Lomas de Zamora. Facultad de Ingeniería^pArgentina<|>^aAbate, Germán Rubén^nInstituto Nacional de Tecnología Industrial. INTI-Mecánica^pArgentina^nUniversidad Nacional de Lomas de Zamora. Facultad de Ingeniería^pArgentina<|>^aAntunez, Nazareno Nahuel^nInstituto Nacional de Tecnología Industrial. INTI-Mecánica^pArgentina^nUniversidad Nacional de Lomas de Zamora. Facultad de Ingeniería^pArgentina<|>^aSimoncelli, A.^nInstituto Nacional de Tecnología Industrial. INTI-Mecánica^pArgentina^nUniversidad Nacional de Lomas de Zamora. Facultad de Ingeniería^pArgentina<|>^aSánchez Egea, A. J.^nUniversitat Politècnica de Catalunya^pEspaña<|>^aMartínez Krahmer, Daniel Osvaldo^nInstituto Nacional de Tecnología Industrial. INTI-Mecánica^pArgentina^nUniversidad Nacional de Lomas de Zamora. Facultad de Ingeniería^pArgentina<|>^aLópez de Lacalle, L. N.^nUniversidad del País Vasco^pEspaña;^aAlcázar, Jackeline^nUniversidad Nacional de Lomas de Zamora. Facultad de Ingeniería^pArgentina<|>^aAbate, Germán Rubén^nInstituto Nacional de Tecnología Industrial. INTI-Mecánica^pArgentina^nUniversidad Nacional de Lomas de Zamora. Facultad de Ingeniería^pArgentina<|>^aAntunez, Nazareno Nahuel^nInstituto Nacional de Tecnología Industrial. INTI-Mecánica^pArgentina^nUniversidad Nacional de Lomas de Zamora. Facultad de Ingeniería^pArgentina<|>^aSimoncelli, Alejandro Ezequiel^nInstituto Nacional de Tecnología Industrial. INTI-Mecánica^pArgentina^nUniversidad Nacional de Lomas de Zamora. Facultad de Ingeniería^pArgentina<|>^aSánchez Egea, A. J.^nUniversitat Politècnica de Catalunya^pEspaña<|>^aMartínez Krahmer, Daniel Osvaldo^nInstituto Nacional de Tecnología Industrial. INTI-Mecánica^pArgentina^nUniversidad Nacional de Lomas de Zamora. Facultad de Ingeniería^pArgentina<|>^aLópez de Lacalle, L. N.^nUniversidad del País Vasco^pEspaña
050585;v22_Autor_personal;Garate, O.<|>Veiga, Lionel Sebastián<|>Longinotti, G.<|>Lloret, P.<|>Ybarra, Gabriel Omar<|>Medrano, Anahí Vanesa<|>Monsalve, L.;Garate, O.<|>Veiga, Lionel Sebastián<|>Longinotti, María Gloria<|>Lloret, P.<|>Ybarra, Gabriel Omar<|>Medrano, Anahí Vanesa<|>Monsalve, L.
050585;v26_Afiliacion_del_autor;^aGarate, O.^nInstituto Nacional de Tecnología Industrial. INTI-Procesos Superficiales^pArgentina<|>^aVeiga, Lionel Sebastián^nInstituto Nacional de Tecnología Industrial. INTI-Procesos Superficiales^pArgentina<|>^aLonginotti, G.^nInstituto Nacional de Tecnología Industrial. INTI-Procesos Superficiales^pArgentina<|>^aLloret, P.^nInstituto Nacional de Tecnología Industrial. INTI-Procesos Superficiales^pArgentina<|>^aYbarra, Gabriel Omar^nInstituto Nacional de Tecnología Industrial. INTI-Procesos Superficiales^pArgentina<|>^aMedrano, Anahí Vanesa^nInstituto Nacional de Tecnología Industrial. INTI-Micro y Nanoelectrónica^pArgentina<|>^aMonsalve, L.^nInstituto Nacional de Tecnología Industrial. INTI-Micro y Nanoelectrónica^pArgentina^nConsejo de Investigaciones Científicas y Técnicas^pArgentina;^aGarate, O.^nInstituto Nacional de Tecnología Industrial. INTI-Procesos Superficiales^pArgentina<|>^aVeiga, Lionel Sebastián^nInstituto Nacional de Tecnología Industrial. INTI-Procesos Superficiales^pArgentina<|>^aLonginotti, María Gloria^nInstituto Nacional de Tecnología Industrial. INTI-Procesos Superficiales^pArgentina<|>^aLloret, P.^nInstituto Nacional de Tecnología Industrial. INTI-Procesos Superficiales^pArgentina<|>^aYbarra, Gabriel Omar^nInstituto Nacional de Tecnología Industrial. INTI-Procesos Superficiales^pArgentina<|>^aMedrano, Anahí Vanesa^nInstituto Nacional de Tecnología Industrial. INTI-Micro y Nanoelectrónica^pArgentina<|>^aMonsalve, L.^nInstituto Nacional de Tecnología Industrial. INTI-Micro y Nanoelectrónica^pArgentina^nConsejo de Investigaciones Científicas y Técnicas^pArgentina
050621;v22_Autor_personal;Rodríguez, M.<|>Baraschi, Mauricio Andrés<|>Rosso, J.;Rodríguez, Matías Agustín<|>Baraschi, Mauricio Andrés<|>Rosso, J.
050621;v26_Afiliacion_del_autor;^aRodríguez, M.^nInstituto Nacional de Tecnología Industrial. INTI-Tecnologías de Gestión^pArgentina<|>^aBaraschi, Mauricio Andrés^nInstituto Nacional de Tecnología Industrial. INTI-Tecnologías de Gestión^pArgentina<|>^aRosso, J.^nInstituto Nacional de Tecnología Industrial. INTI-Tecnologías de Gestión^pArgentina;^aRodríguez, Matías Agustín^nInstituto Nacional de Tecnología Industrial. INTI-Tecnologías de Gestión^pArgentina<|>^aBaraschi, Mauricio Andrés^nInstituto Nacional de Tecnología Industrial. INTI-Tecnologías de Gestión^pArgentina<|>^aRosso, J.^nInstituto Nacional de Tecnología Industrial. INTI-Tecnologías de Gestión^pArgentina
050623;v22_Autor_personal;Rodríguez, M.<|>Claros, Sonia Amelia<|>Roa, Ruy Diego<|>Mogensen, M.;Rodríguez, Matías Agustín<|>Claros, Sonia Amelia<|>Roa, Ruy Diego<|>Mogensen, M.
050623;v26_Afiliacion_del_autor;^aRodríguez, M.^nInstituto Nacional de Tecnología Industrial. Gerencia de Proyectos Especiales^pArgentina<|>^aClaros, Sonia Amelia^nInstituto Nacional de Tecnología Industrial. Gerencia de Proyectos Especiales^pArgentina<|>^aRoa, Ruy Diego^nInstituto Nacional de Tecnología Industrial. Gerencia de Proyectos Especiales^pArgentina<|>^aMogensen, M.^nInstituto Nacional de Tecnología Industrial. Gerencia de Proyectos Especiales^pArgentina;^aRodríguez, Matías Agustín^nInstituto Nacional de Tecnología Industrial. Gerencia de Proyectos Especiales^pArgentina<|>^aClaros, Sonia Amelia^nInstituto Nacional de Tecnología Industrial. Gerencia de Proyectos Especiales^pArgentina<|>^aRoa, Ruy Diego^nInstituto Nacional de Tecnología Industrial. Gerencia de Proyectos Especiales^pArgentina<|>^aMogensen, M.^nInstituto Nacional de Tecnología Industrial. Gerencia de Proyectos Especiales^pArgentina
050679;v22_Autor_personal;Abate, Germán Rubén<|>Hirak, M.<|>Ibba, M.<|>Martínez Krahmer, Daniel Osvaldo<|>Pérez, D.<|>Riu, F.<|>Santos, Luciano<|>Simoncelli, A.<|>Szombach, J.;Abate, Germán Rubén<|>Hirak, M.<|>Ibba, M.<|>Martínez Krahmer, Daniel Osvaldo<|>Pérez, Daniela Joana<|>Riu, F.<|>Santos, Luciano<|>Simoncelli, Alejandro Ezequiel<|>Szombach, Juan Ignacio
050679;v26_Afiliacion_del_autor;^aAbate, Germán Rubén^nInstituto Nacional de Tecnología Industrial. INTI-Mecánica^pArgentina<|>^aHirak, M.^nInstituto Nacional de Tecnología Industrial. INTI-Mecánica^pArgentina<|>^aIbba, M.^nInstituto Nacional de Tecnología Industrial. INTI-Mecánica^pArgentina<|>^aMartínez Krahmer, Daniel Osvaldo^nInstituto Nacional de Tecnología Industrial. INTI-Mecánica^pArgentina<|>^aPerez, D.^nInstituto Nacional de Tecnología Industrial. INTI-Mecánica^pArgentina<|>^aRiu, F.^nInstituto Nacional de Tecnología Industrial. INTI-Mecánica^pArgentina<|>^aSantos, Luciano^nInstituto Nacional de Tecnología Industrial. INTI-Mecánica^pArgentina<|>^aSimoncelli, A.^nInstituto Nacional de Tecnología Industrial. INTI-Mecánica^pArgentina<|>^aSzombach, J.^nInstituto Nacional de Tecnología Industrial. INTI-Mecánica^pArgentina;^aAbate, Germán Rubén^nInstituto Nacional de Tecnología Industrial. INTI-Mecánica^pArgentina<|>^aHirak, M.^nInstituto Nacional de Tecnología Industrial. INTI-Mecánica^pArgentina<|>^aIbba, M.^nInstituto Nacional de Tecnología Industrial. INTI-Mecánica^pArgentina<|>^aMartínez Krahmer, Daniel Osvaldo^nInstituto Nacional de Tecnología Industrial. INTI-Mecánica^pArgentina<|>^aPérez, Daniela Joana^nInstituto Nacional de Tecnología Industrial. INTI-Mecánica^pArgentina<|>^aRiu, F.^nInstituto Nacional de Tecnología Industrial. INTI-Mecánica^pArgentina<|>^aSantos, Luciano^nInstituto Nacional de Tecnología Industrial. INTI-Mecánica^pArgentina<|>^aSimoncelli, Alejandro Ezequiel^nInstituto Nacional de Tecnología Industrial. INTI-Mecánica^pArgentina<|>^aSzombach, Juan Ignacio^nInstituto Nacional de Tecnología Industrial. INTI-Mecánica^pArgentina
050698;v22_Autor_personal;Villarreal, Marcela<|>Landoni, Lourdes Nahir<|>Cornacchini, Marina<|>Murphy, M.<|>López, María Cristina<|>Santa, C.<|>Simón, Mariano Ernesto<|>Rzeznik, M.<|>Cirio, Mercedes<|>Pino, F.<|>Giammarco, A.<|>Iglesias, F.<|>Maiorana, Pablo Andrés<|>Heredia, Sergio Alberto<|>Garro, J.<|>Falabella, C.<|>Rivarola, A.<|>Henríquez, V.;Villarreal, Marcela<|>Landoni, Lourdes Nahir<|>Cornacchini, Marina<|>Murphy, M.<|>López, María Cristina<|>Santa, C.<|>Simón, Mariano Ernesto<|>Rzeznik, M.<|>Cirio, Mercedes<|>Pino, F.<|>Giammarco, A.<|>Iglesias, Florencia Agustina<|>Maiorana, Pablo Andrés<|>Heredia, Sergio Alberto<|>Garro, J.<|>Falabella, C.<|>Rivarola, A.<|>Henríquez, V.
050698;v26_Afiliacion_del_autor;^aVillarreal, Marcela^nInstituto Nacional de Tecnología Industrial. Gerencia Operativa de Servicios Industriales. Subgerencia Operativa de Tecnología de Alimentos^sINTI^pArgentina<|>^aLandoni, Lourdes Nahir^nInstituto Nacional de Tecnología Industrial. Gerencia Operativa de Desarrollo Tecnológico e Innovación. Subgerencia Operativa de Tecnología de Alimentos^sINTI-GODTeI-SOTA^pArgentina<|>^aCornacchini, Marina^nInstituto Nacional de Tecnología Industrial. Gerencia Operativa de Desarrollo Tecnológico e Innovación. Subgerencia Operativa de Tecnología de Alimentos^sINTI-GODTeI-SOTA^pArgentina<|>^aMurphy, M.^nInstituto Nacional de Tecnología Industrial. Gerencia Operativa de Servicios Industriales. Subgerencia Operativa de Tecnología de Alimentos^sINTI-GODTeI-SOTA^pArgentina<|>^aLópez, María Cristina^nInstituto Nacional de Tecnología Industrial. Gerencia Operativa de Servicios Industriales. Subgerencia Operativa de Tecnología de Alimentos^sINTI-GODTeI-SOTA^pArgentina<|>^aSanta, C.^nInstituto Nacional de Tecnología Industrial. Gerencia Operativa de Servicios Industriales. Subgerencia Operativa de Tecnología de Alimentos^sINTI-GODTeI-SOTA^pArgentina<|>^aSimón, Mariano Ernesto^nInstituto Nacional de Tecnología Industrial. Gerencia Operativa de Servicios Industriales. Subgerencia Operativa de Tecnología de Alimentos^sINTI-GODTeI-SOTA^pArgentina<|>^aRzeznik, M.^nInstituto Nacional de Tecnología Industrial. Gerencia Operativa de Servicios Industriales. Subgerencia Operativa de Tecnología de Alimentos^sINTI-GODTeI-SOTA^pArgentina<|>^aCirio, Mercedes^nInstituto Nacional de Tecnología Industrial. Gerencia Operativa de Servicios Industriales. Subgerencia Operativa de Tecnología de Alimentos^sINTI-GODTeI-SOTA^pArgentina<|>^aPino, F.^nInstituto Nacional de Tecnología Industrial. Gerencia Operativa de Servicios Industriales. Subgerencia Operativa de Tecnología de Alimentos^sINTI-GODTeI-SOTA^pArgentina<|>^aGiammarco, A.^nInstituto Nacional de Tecnología Industrial. Gerencia Operativa de Servicios Industriales. Subgerencia Operativa de Tecnología de Alimentos^sINTI-GODTeI-SOTA^pArgentina<|>^aIglesias, F.^nInstituto Nacional de Tecnología Industrial. Gerencia Operativa de Desarrollo Tecnológico e Innovación. Subgerencia Operativa de Tecnología de Alimentos^sINTI-GODTeI-SOTA^pArgentina<|>^aMaiorana, Pablo Andrés^nInstituto Nacional de Tecnología Industrial. Gerencia Operativa de Servicios Industriales. Subgerencia Operativa de Mecánica y Logística^sINTI-GOSI-SOMyL^pArgentina<|>^aHeredia, Sergio Alberto^nInstituto Nacional de Tecnología Industrial. Gerencia Operativa de Servicios Industriales. Subgerencia Operativa de Mecánica y Logística^sINTI-GOSI-SOMyL^pArgentina<|>^aGarro, J.^nInstituto Nacional de Tecnología Industrial. Gerencia Operativa de Servicios Industriales. Subgerencia Operativa de Química y Ambiente^sINTI-GOSI-SOQyA^pArgentina<|>^aFalabella, C.^nInstituto Nacional de Tecnología Industrial. Gerencia Operativa de Servicios Industriales. Subgerencia Operativa de Química y Ambiente^sINTI-GOSI-SOQyA^pArgentina<|>^aRivarola, A.^nInstituto Nacional de Tecnología Industrial. Gerencia Operativa de Servicios Industriales. Subgerencia Operativa de Química y Ambiente^sINTI-GOSI-SOQyA^pArgentina<|>^aHenríquez, V.^nInstituto Nacional de Tecnología Industrial. Gerencia Operativa de Servicios Industriales. Subgerencia Operativa de Química y Ambiente^sINTI-GOSI-SOQyA^pArgentina;^aVillarreal, Marcela^nInstituto Nacional de Tecnología Industrial. Gerencia Operativa de Servicios Industriales. Subgerencia Operativa de Tecnología de Alimentos^sINTI^pArgentina<|>^aLandoni, Lourdes Nahir^nInstituto Nacional de Tecnología Industrial. Gerencia Operativa de Desarrollo Tecnológico e Innovación. Subgerencia Operativa de Tecnología de Alimentos^sINTI-GODTeI-SOTA^pArgentina<|>^aCornacchini, Marina^nInstituto Nacional de Tecnología Industrial. Gerencia Operativa de Desarrollo Tecnológico e Innovación. Subgerencia Operativa de Tecnología de Alimentos^sINTI-GODTeI-SOTA^pArgentina<|>^aMurphy, M.^nInstituto Nacional de Tecnología Industrial. Gerencia Operativa de Servicios Industriales. Subgerencia Operativa de Tecnología de Alimentos^sINTI-GODTeI-SOTA^pArgentina<|>^aLópez, María Cristina^nInstituto Nacional de Tecnología Industrial. Gerencia Operativa de Servicios Industriales. Subgerencia Operativa de Tecnología de Alimentos^sINTI-GODTeI-SOTA^pArgentina<|>^aSanta, C.^nInstituto Nacional de Tecnología Industrial. Gerencia Operativa de Servicios Industriales. Subgerencia Operativa de Tecnología de Alimentos^sINTI-GODTeI-SOTA^pArgentina<|>^aSimón, Mariano Ernesto^nInstituto Nacional de Tecnología Industrial. Gerencia Operativa de Servicios Industriales. Subgerencia Operativa de Tecnología de Alimentos^sINTI-GODTeI-SOTA^pArgentina<|>^aRzeznik, M.^nInstituto Nacional de Tecnología Industrial. Gerencia Operativa de Servicios Industriales. Subgerencia Operativa de Tecnología de Alimentos^sINTI-GODTeI-SOTA^pArgentina<|>^aCirio, Mercedes^nInstituto Nacional de Tecnología Industrial. Gerencia Operativa de Servicios Industriales. Subgerencia Operativa de Tecnología de Alimentos^sINTI-GODTeI-SOTA^pArgentina<|>^aPino, F.^nInstituto Nacional de Tecnología Industrial. Gerencia Operativa de Servicios Industriales. Subgerencia Operativa de Tecnología de Alimentos^sINTI-GODTeI-SOTA^pArgentina<|>^aGiammarco, A.^nInstituto Nacional de Tecnología Industrial. Gerencia Operativa de Servicios Industriales. Subgerencia Operativa de Tecnología de Alimentos^sINTI-GODTeI-SOTA^pArgentina<|>^aIglesias, Florencia Agustina^nInstituto Nacional de Tecnología Industrial. Gerencia Operativa de Desarrollo Tecnológico e Innovación. Subgerencia Operativa de Tecnología de Alimentos^sINTI-GODTeI-SOTA^pArgentina<|>^aMaiorana, Pablo Andrés^nInstituto Nacional de Tecnología Industrial. Gerencia Operativa de Servicios Industriales. Subgerencia Operativa de Mecánica y Logística^sINTI-GOSI-SOMyL^pArgentina<|>^aHeredia, Sergio Alberto^nInstituto Nacional de Tecnología Industrial. Gerencia Operativa de Servicios Industriales. Subgerencia Operativa de Mecánica y Logística^sINTI-GOSI-SOMyL^pArgentina<|>^aGarro, J.^nInstituto Nacional de Tecnología Industrial. Gerencia Operativa de Servicios Industriales. Subgerencia Operativa de Química y Ambiente^sINTI-GOSI-SOQyA^pArgentina<|>^aFalabella, C.^nInstituto Nacional de Tecnología Industrial. Gerencia Operativa de Servicios Industriales. Subgerencia Operativa de Química y Ambiente^sINTI-GOSI-SOQyA^pArgentina<|>^aRivarola, A.^nInstituto Nacional de Tecnología Industrial. Gerencia Operativa de Servicios Industriales. Subgerencia Operativa de Química y Ambiente^sINTI-GOSI-SOQyA^pArgentina<|>^aHenríquez, V.^nInstituto Nacional de Tecnología Industrial. Gerencia Operativa de Servicios Industriales. Subgerencia Operativa de Química y Ambiente^sINTI-GOSI-SOQyA^pArgentina
050699;v26_Afiliacion_del_autor;^aSuárez, Pablo Javier^nInstituto Nacional de Tecnología Industrial. Dirección Operativa. Gerencia Operativa de Asistencia Regional. Subgerencia Operativa Regional Patagonia. Dirección Técnica Regional Patagonia Norte. Departamento de Alimentos y Bebidas Patagonia^sINTI-GOAR-SOAR^pArgentina<|>^aGallina, M.^nEEA Alto Valle – INTA<|>^aBarda, Norma Beatriz^nInstituto Nacional de Tecnología Industrial. Dirección Operativa. Gerencia Operativa de Asistencia Regional. Subgerencia Operativa Regional Patagonia. Dirección Técnica Regional Patagonia Norte. Departamento de Alimentos y Bebidas Patagonia^sINTI-GOAR-SOAR^pArgentina<|>^aMuzas, G.^nEEA Alto Valle – INTA<|>^aMiranda, M.J.^nInstituto Nacional de Tecnología Industrial. Dirección Operativa. Gerencia Operativa de Asistencia Regional. Subgerencia Operativa Regional Patagonia. Dirección Técnica Regional Patagonia Norte. Departamento de Alimentos y Bebidas Patagonia^sINTI-GOAR-SOAR^pArgentina<|>^aMuñoz, S.^nEEA Alto Valle – INTA;^aSuárez, Pablo Javier^nInstituto Nacional de Tecnología Industrial. Dirección Operativa. Gerencia Operativa de Asistencia Regional. Subgerencia Operativa Regional Patagonia. Dirección Técnica Regional Patagonia Norte. Departamento de Alimentos y Bebidas Patagonia^sINTI-GOAR-SOAR^pArgentina<|>^aGallina, M.^nEEA Alto Valle – INTA<|>^aBarda, Norma Beatriz^nInstituto Nacional de Tecnología Industrial. Dirección Operativa. Gerencia Operativa de Asistencia Regional. Subgerencia Operativa Regional Patagonia. Dirección Técnica Regional Patagonia Norte. Departamento de Alimentos y Bebidas Patagonia^sINTI-GOAR-SOAR^pArgentina<|>^aMuzas, G.^nEEA Alto Valle – INTA<|>^aMiranda, María José^nInstituto Nacional de Tecnología Industrial. Dirección Operativa. Gerencia Operativa de Asistencia Regional. Subgerencia Operativa Regional Patagonia. Dirección Técnica Regional Patagonia Norte. Departamento de Alimentos y Bebidas Patagonia^sINTI-GOAR-SOAR^pArgentina<|>^aMuñoz, S.^nEEA Alto Valle – INTA
050709;v22_Autor_personal;Vitulich, G.<|>Cuevas Carrasco, Mónica Isabel<|>Ohaco, P.<|>Apablaza, Olga Mirene;Vitulich, Guillermo Antonio<|>Cuevas Carrasco, Mónica Isabel<|>Ohaco, P.<|>Apablaza, Olga Mirene
050709;v26_Afiliacion_del_autor;^aVitulich, G.^nDirección Operativa. Gerencia Operativa de Asistencia Regional. Subgerencia Operativa Regional Patagonia. Dirección Técnica Regional Patagonia Norte. Departamento de Servicios Analíticos Industriales Patagonia^sINTI-GOAR^pArgentina<|>^aCuevas Carrasco, Mónica Isabel^nDirección Operativa. Gerencia Operativa de Asistencia Regional. Subgerencia Operativa Regional Patagonia. Dirección Técnica Regional Patagonia Norte. Departamento de Servicios Analíticos Industriales Patagonia^sINTI-GOAR^pArgentina<|>^aOhaco, P.^nDirección Operativa. Gerencia Operativa de Asistencia Regional. Subgerencia Operativa Regional Patagonia. Dirección Técnica Regional Patagonia Norte. Departamento de Servicios Analíticos Industriales Patagonia^sINTI-GOAR^pArgentina<|>^aApablaza, Olga Mirene^nDirección Operativa. Gerencia Operativa de Asistencia Regional. Subgerencia Operativa Regional Patagonia. Dirección Técnica Regional Patagonia Norte. Departamento de Servicios Analíticos Industriales Patagonia^sINTI-GOAR^pArgentina;^aVitulich, Guillermo Antonio^nDirección Operativa. Gerencia Operativa de Asistencia Regional. Subgerencia Operativa Regional Patagonia. Dirección Técnica Regional Patagonia Norte. Departamento de Servicios Analíticos Industriales Patagonia^sINTI-GOAR^pArgentina<|>^aCuevas Carrasco, Mónica Isabel^nDirección Operativa. Gerencia Operativa de Asistencia Regional. Subgerencia Operativa Regional Patagonia. Dirección Técnica Regional Patagonia Norte. Departamento de Servicios Analíticos Industriales Patagonia^sINTI-GOAR^pArgentina<|>^aOhaco, P.^nDirección Operativa. Gerencia Operativa de Asistencia Regional. Subgerencia Operativa Regional Patagonia. Dirección Técnica Regional Patagonia Norte. Departamento de Servicios Analíticos Industriales Patagonia^sINTI-GOAR^pArgentina<|>^aApablaza, Olga Mirene^nDirección Operativa. Gerencia Operativa de Asistencia Regional. Subgerencia Operativa Regional Patagonia. Dirección Técnica Regional Patagonia Norte. Departamento de Servicios Analíticos Industriales Patagonia^sINTI-GOAR^pArgentina
050725;v22_Autor_personal;Olmedo, Mariana Cecilia<|>González, J.<|>Lenz, D.<|>Gallardo, G.<|>Spatuzza, G.<|>Ansedes, María Victoria<|>Falabella, C.<|>Murano, M.;Olmedo, Mariana Cecilia<|>González, J.<|>Lenz, D.<|>Gallardo, G.<|>Spatuzza, Graciela Victoria<|>Ansedes, María Victoria<|>Falabella, C.<|>Murano, M.
050725;v26_Afiliacion_del_autor;^aOlmedo, Mariana Cecilia^nInstituto Nacional de Tecnología Industrial. Gerencia Operativa de Desarrollo Tecnológico e Innovación. Subgerencia Operativa de Tecnología de Alimentos. Departamento de Desarrollo de Ingredientes^sINTI-GODTel-SOTA^pArgentina<|>^aGonzález, J.^nInstituto Nacional de Tecnología Industrial. Gerencia Operativa de Desarrollo Tecnológico e Innovación. Subgerencia Operativa de Tecnología de Alimentos. Departamento de Desarrollo de Ingredientes^sINTI-GODTel-SOTA^pArgentina<|>^aGallardo, G.^nInstituto Nacional de Tecnología Industrial. Gerencia Operativa de Desarrollo Tecnológico e Innovación. Subgerencia Operativa de Tecnología de Alimentos. Departamento de Desarrollo de Ingredientes^sINTI-GODTel-SOTA^pArgentina<|>^aSpatuzza, G.^nInstituto Tecnología de Alimentos-ICyTeSAS-INTA^pArgentina<|>^aAnsedes, María Victoria^nInstituto Nacional de Tecnología Industrial. Gerencia Operativa de Desarrollo Tecnológico e Innovación. Subgerencia Operativa de Tecnología de Alimentos. Departamento de Desarrollo de Ingredientes^sINTI-GODTel-SOTA^pArgentina<|>^aFalabella, C.^nInstituto Nacional de Tecnología Industrial. Gerencia Operativa de Desarrollo Tecnológico e Innovación. Subgerencia Operativa de Tecnología de Alimentos. Departamento de Desarrollo de Ingredientes^sINTI-GODTel-SOTA^pArgentina<|>^aMurano, M.^nInstituto Nacional de Tecnología Industrial. Gerencia Operativa de Desarrollo Tecnológico e Innovación. Subgerencia Operativa de Tecnología de Alimentos. Departamento de Desarrollo de Ingredientes^sINTI-GODTel-SOTA^pArgentina<|>^aLenz, D.^nInstituto Nacional de Tecnología Industrial. Gerencia Operativa de Desarrollo Tecnológico e Innovación. Subgerencia Operativa de Tecnología de Alimentos. Departamento de Desarrollo de Ingredientes^sINTI-GODTel-SOTA^pArgentina;^aOlmedo, Mariana Cecilia^nInstituto Nacional de Tecnología Industrial. Gerencia Operativa de Desarrollo Tecnológico e Innovación. Subgerencia Operativa de Tecnología de Alimentos. Departamento de Desarrollo de Ingredientes^sINTI-GODTel-SOTA^pArgentina<|>^aGonzález, J.^nInstituto Nacional de Tecnología Industrial. Gerencia Operativa de Desarrollo Tecnológico e Innovación. Subgerencia Operativa de Tecnología de Alimentos. Departamento de Desarrollo de Ingredientes^sINTI-GODTel-SOTA^pArgentina<|>^aGallardo, G.^nInstituto Nacional de Tecnología Industrial. Gerencia Operativa de Desarrollo Tecnológico e Innovación. Subgerencia Operativa de Tecnología de Alimentos. Departamento de Desarrollo de Ingredientes^sINTI-GODTel-SOTA^pArgentina<|>^aSpatuzza, Graciela Victoria^nInstituto Tecnología de Alimentos-ICyTeSAS-INTA^pArgentina<|>^aAnsedes, María Victoria^nInstituto Nacional de Tecnología Industrial. Gerencia Operativa de Desarrollo Tecnológico e Innovación. Subgerencia Operativa de Tecnología de Alimentos. Departamento de Desarrollo de Ingredientes^sINTI-GODTel-SOTA^pArgentina<|>^aFalabella, C.^nInstituto Nacional de Tecnología Industrial. Gerencia Operativa de Desarrollo Tecnológico e Innovación. Subgerencia Operativa de Tecnología de Alimentos. Departamento de Desarrollo de Ingredientes^sINTI-GODTel-SOTA^pArgentina<|>^aMurano, M.^nInstituto Nacional de Tecnología Industrial. Gerencia Operativa de Desarrollo Tecnológico e Innovación. Subgerencia Operativa de Tecnología de Alimentos. Departamento de Desarrollo de Ingredientes^sINTI-GODTel-SOTA^pArgentina<|>^aLenz, D.^nInstituto Nacional de Tecnología Industrial. Gerencia Operativa de Desarrollo Tecnológico e Innovación. Subgerencia Operativa de Tecnología de Alimentos. Departamento de Desarrollo de Ingredientes^sINTI-GODTel-SOTA^pArgentina
050732;v22_Autor_personal;Brengi, Diego Javier<|>Lifschitz, Omar David<|>Mass, Mijal Inés<|>Lozano, A.<|>Velardez, Germán Gabriel<|>Flores, F.<|>Ledesma, H.<|>Gómez, J. C.<|>Marinoni, J.<|>Maugeri, S.<|>Rodríguez, G. P.<|>Tropea, Salvador Eduardo<|>Parra, M.;Brengi, Diego Javier<|>Lifschitz, Omar David<|>Mass, Mijal Inés<|>Lozano, A.<|>Velardez, Germán Gabriel<|>Flores, F.<|>Ledesma, H.<|>Gómez, J. C.<|>Marinoni, Julián Nicolás<|>Maugeri, S.<|>Rodríguez, G. P.<|>Tropea, Salvador Eduardo<|>Parra, M.
050732;v26_Afiliacion_del_autor;^aBrengi, Diego Javier^nInstituto Nacional de Tecnología Industrial. Dirección Operativa. Gerencia Operativa de Desarrollo Tecnológico e Innovación. Subgerencia Operativa de Áreas de Conocimiento. Dirección Técnica de Micro y Nano Tecnologías. Departamento de Integración de Sistemas Micro y Nano Electrónicos^sINTI-GODTeI-SOAC^pArgentina<|>^aLifschitz, Omar David^nInstituto Nacional de Tecnología Industrial. Dirección Operativa. Gerencia Operativa de Desarrollo Tecnológico e Innovación. Subgerencia Operativa de Áreas de Conocimiento. Dirección Técnica de Micro y Nano Tecnologías. Departamento de Diseño de Circuitos Integrados y Sistemas Reconfigurables^sINTI-GODTeI-SOAC^pArgentina<|>^aMass, Mijal Inés^nInstituto Nacional de Tecnología Industrial. Dirección Operativa. Gerencia Operativa de Desarrollo Tecnológico e Innovación. Subgerencia Operativa de Áreas de Conocimiento. Dirección Técnica de Micro y Nano Tecnologías. Departamento de Prototipado Microelectrónico y Electrónica Impresa^sINTI-GODTeI-SOAC^pArgentina<|>^aLozano, A.^nInstituto Nacional de Tecnología Industrial. Dirección Operativa. Gerencia Operativa de Desarrollo Tecnológico e Innovación. Subgerencia Operativa de Áreas de Conocimiento. Dirección Técnica de Micro y Nano Tecnologías^sINTI-GODTeI-SOAC^pArgentina<|>^aVelardez, Germán Gabriel^nInstituto Nacional de Tecnología Industrial. Dirección Operativa. Gerencia Operativa de Desarrollo Tecnológico e Innovación. Subgerencia Operativa de Áreas de Conocimiento. Dirección Técnica de Micro y Nano Tecnologías. Departamento de Integración de Sistemas Micro y Nano Electrónicos^sINTI-GODTeI-SOAC^pArgentina<|>^aFlores, F.^nInstituto Nacional de Tecnología Industrial. Dirección Operativa. Gerencia Operativa de Desarrollo Tecnológico e Innovación. Subgerencia Operativa de Áreas de Conocimiento. Dirección Técnica de Micro y Nano Tecnologías. Departamento de Micro y Nano Fabricación^sINTI-GODTeI-SOAC^pArgentina<|>^aLedesma, H.^nInstituto Nacional de Tecnología Industrial. Dirección Operativa. Gerencia Operativa de Desarrollo Tecnológico e Innovación. Subgerencia Operativa de Áreas de Conocimiento. Dirección Técnica de Micro y Nano Tecnologías. Departamento de Integración de Sistemas Micro y Nano Electrónicos^sINTI-GODTeI-SOAC^pArgentina<|>^aGómez, J. C.^nInstituto Nacional de Tecnología Industrial. Dirección Operativa. Gerencia Operativa de Servicios Industriales. Subgerencia Operativa de Electrónica y Energía. Dirección Técnica de Electrónica^sINTI-GOSI-SOEyE^pArgentina<|>^aMarinoni, J.^nInstituto Nacional de Tecnología Industrial. Dirección Operativa. Gerencia Operativa de Desarrollo Tecnológico e Innovación. Subgerencia Operativa de Áreas de Conocimiento. Dirección Técnica de Micro y Nano Tecnologías. Departamento de Prototipado Microelectrónico y Electrónica Impresa^sINTI-GODTeI-SOAC^pArgentina<|>^aMaugeri, S.^nInstituto Nacional de Tecnología Industrial. Dirección Operativa. Gerencia Operativa de Desarrollo Tecnológico e Innovación. Subgerencia Operativa de Áreas de Conocimiento. Dirección Técnica de Micro y Nano Tecnologías. Departamento de Prototipado Microelectrónico y Electrónica Impresa^sINTI-GODTeI-SOAC^pArgentina<|>^aRodríguez, G. P.^nInstituto Nacional de Tecnología Industrial. Dirección Operativa. Gerencia Operativa de Desarrollo Tecnológico e Innovación. Subgerencia Operativa de Áreas de Conocimiento. Dirección Técnica de Micro y Nano Tecnologías. Departamento de Integración de Sistemas Micro y Nano Electrónicos^sINTI-GODTeI-SOAC^pArgentina<|>^aTropea, Salvador Eduardo^nInstituto Nacional de Tecnología Industrial. Dirección Operativa. Gerencia Operativa de Desarrollo Tecnológico e Innovación. Subgerencia Operativa de Áreas de Conocimiento. Dirección Técnica de Micro y Nano Tecnologías. Departamento de Integración de Sistemas Micro y Nano Electrónicos^sINTI-GODTeI-SOAC^pArgentina<|>^aParra, M.^nInstituto Nacional de Tecnología Industrial. Dirección Operativa. Gerencia Operativa de Desarrollo Tecnológico e Innovación. Subgerencia Operativa de Áreas de Conocimiento. Dirección Técnica de Micro y Nano Tecnologías^sINTI-GODTeI-SOAC^pArgentina<|>^aParra, M.^nAutoridad de Cuenca Matanza Riachuelo^sACUMAR^pArgentina;^aBrengi, Diego Javier^nInstituto Nacional de Tecnología Industrial. Dirección Operativa. Gerencia Operativa de Desarrollo Tecnológico e Innovación. Subgerencia Operativa de Áreas de Conocimiento. Dirección Técnica de Micro y Nano Tecnologías. Departamento de Integración de Sistemas Micro y Nano Electrónicos^sINTI-GODTeI-SOAC^pArgentina<|>^aLifschitz, Omar David^nInstituto Nacional de Tecnología Industrial. Dirección Operativa. Gerencia Operativa de Desarrollo Tecnológico e Innovación. Subgerencia Operativa de Áreas de Conocimiento. Dirección Técnica de Micro y Nano Tecnologías. Departamento de Diseño de Circuitos Integrados y Sistemas Reconfigurables^sINTI-GODTeI-SOAC^pArgentina<|>^aMass, Mijal Inés^nInstituto Nacional de Tecnología Industrial. Dirección Operativa. Gerencia Operativa de Desarrollo Tecnológico e Innovación. Subgerencia Operativa de Áreas de Conocimiento. Dirección Técnica de Micro y Nano Tecnologías. Departamento de Prototipado Microelectrónico y Electrónica Impresa^sINTI-GODTeI-SOAC^pArgentina<|>^aLozano, A.^nInstituto Nacional de Tecnología Industrial. Dirección Operativa. Gerencia Operativa de Desarrollo Tecnológico e Innovación. Subgerencia Operativa de Áreas de Conocimiento. Dirección Técnica de Micro y Nano Tecnologías^sINTI-GODTeI-SOAC^pArgentina<|>^aVelardez, Germán Gabriel^nInstituto Nacional de Tecnología Industrial. Dirección Operativa. Gerencia Operativa de Desarrollo Tecnológico e Innovación. Subgerencia Operativa de Áreas de Conocimiento. Dirección Técnica de Micro y Nano Tecnologías. Departamento de Integración de Sistemas Micro y Nano Electrónicos^sINTI-GODTeI-SOAC^pArgentina<|>^aFlores, F.^nInstituto Nacional de Tecnología Industrial. Dirección Operativa. Gerencia Operativa de Desarrollo Tecnológico e Innovación. Subgerencia Operativa de Áreas de Conocimiento. Dirección Técnica de Micro y Nano Tecnologías. Departamento de Micro y Nano Fabricación^sINTI-GODTeI-SOAC^pArgentina<|>^aLedesma, H.^nInstituto Nacional de Tecnología Industrial. Dirección Operativa. Gerencia Operativa de Desarrollo Tecnológico e Innovación. Subgerencia Operativa de Áreas de Conocimiento. Dirección Técnica de Micro y Nano Tecnologías. Departamento de Integración de Sistemas Micro y Nano Electrónicos^sINTI-GODTeI-SOAC^pArgentina<|>^aGómez, J. C.^nInstituto Nacional de Tecnología Industrial. Dirección Operativa. Gerencia Operativa de Servicios Industriales. Subgerencia Operativa de Electrónica y Energía. Dirección Técnica de Electrónica^sINTI-GOSI-SOEyE^pArgentina<|>^aMarinoni, Julián Nicolás^nInstituto Nacional de Tecnología Industrial. Dirección Operativa. Gerencia Operativa de Desarrollo Tecnológico e Innovación. Subgerencia Operativa de Áreas de Conocimiento. Dirección Técnica de Micro y Nano Tecnologías. Departamento de Prototipado Microelectrónico y Electrónica Impresa^sINTI-GODTeI-SOAC^pArgentina<|>^aMaugeri, S.^nInstituto Nacional de Tecnología Industrial. Dirección Operativa. Gerencia Operativa de Desarrollo Tecnológico e Innovación. Subgerencia Operativa de Áreas de Conocimiento. Dirección Técnica de Micro y Nano Tecnologías. Departamento de Prototipado Microelectrónico y Electrónica Impresa^sINTI-GODTeI-SOAC^pArgentina<|>^aRodríguez, G. P.^nInstituto Nacional de Tecnología Industrial. Dirección Operativa. Gerencia Operativa de Desarrollo Tecnológico e Innovación. Subgerencia Operativa de Áreas de Conocimiento. Dirección Técnica de Micro y Nano Tecnologías. Departamento de Integración de Sistemas Micro y Nano Electrónicos^sINTI-GODTeI-SOAC^pArgentina<|>^aTropea, Salvador Eduardo^nInstituto Nacional de Tecnología Industrial. Dirección Operativa. Gerencia Operativa de Desarrollo Tecnológico e Innovación. Subgerencia Operativa de Áreas de Conocimiento. Dirección Técnica de Micro y Nano Tecnologías. Departamento de Integración de Sistemas Micro y Nano Electrónicos^sINTI-GODTeI-SOAC^pArgentina<|>^aParra, M.^nInstituto Nacional de Tecnología Industrial. Dirección Operativa. Gerencia Operativa de Desarrollo Tecnológico e Innovación. Subgerencia Operativa de Áreas de Conocimiento. Dirección Técnica de Micro y Nano Tecnologías^sINTI-GODTeI-SOAC^pArgentina<|>^aParra, M.^nAutoridad de Cuenca Matanza Riachuelo^sACUMAR^pArgentina
050736;v22_Autor_personal;Rachid, Ana Inés<|>Rojas, A.<|>Parise, C.<|>Barbelli López, Maria Soledad<|>Jordan, Marianela Paula<|>Storino, A.<|>Papa, M.;Rachid, Ana Inés<|>Rojas, A.<|>Parise, C.<|>Barbelli López, Maria Soledad<|>Jordan, Marianela Paula<|>Storino, Alejandra Valeria<|>Papa, M.
050736;v26_Afiliacion_del_autor;^aRachid, Ana Inés^nInstituto Nacional de Tecnología Industrial. Dirección Operativa. Gerencia Operativa de Servicios Industriales. Subgerencia Operativa de Química y Ambiente. Dirección Técnica Químico Ambiental Sustentable. Departamento de Manejo y Gestión de Sustancias Químicas^sINTl-GOSI-SOQyA^pArgentina<|>^aRojas, A.^nInstituto Nacional de Tecnología Industrial. Dirección Operativa. Gerencia Operativa de Servicios Industriales. Subgerencia Operativa de Química y Ambiente. Dirección Técnica Químico Ambiental Sustentable. Departamento de Manejo y Gestión de Sustancias Químicas^sINTl-GOSI-SOQyA^pArgentina<|>^aParise, C.^nInstituto Nacional de Tecnología Industrial. Dirección Operativa. Gerencia Operativa de Servicios Industriales. Subgerencia Operativa de Química y Ambiente. Dirección Técnica Químico Ambiental Sustentable. Departamento de Manejo y Gestión de Sustancias Químicas^sINTl-GOSI-SOQyA^pArgentina<|>^aBarbelli López, Maria Soledad^nInstituto Nacional de Tecnología Industrial. Dirección Operativa. Gerencia Operativa de Servicios Industriales. Subgerencia Operativa de Química y Ambiente. Dirección Técnica Químico Ambiental Sustentable. Departamento de Manejo y Gestión de Sustancias Químicas^sINTl-GOSI-SOQyA^pArgentina<|>^aJordan, Marianela Paula^nInstituto Nacional de Tecnología Industrial. Dirección Operativa. Gerencia Operativa de Servicios Industriales. Subgerencia Operativa de Química y Ambiente. Dirección Técnica Químico Ambiental Sustentable. Departamento de Manejo y Gestión de Sustancias Químicas^sINTl-GOSI-SOQyA^pArgentina<|>^aStorino, A.^nInstituto Nacional de Tecnología Industrial. Dirección Operativa. Gerencia Operativa de Servicios Industriales. Subgerencia Operativa de Química y Ambiente. Dirección Técnica Químico Ambiental Sustentable. Departamento de Manejo y Gestión de Sustancias Químicas^sINTl-GOSI-SOQyA^pArgentina<|>^aPapa, M.^nInstituto Nacional de Tecnología Industrial. Dirección Operativa. Gerencia Operativa de Servicios Industriales. Subgerencia Operativa de Química y Ambiente. Dirección Técnica Químico Ambiental Sustentable. Departamento de Manejo y Gestión de Sustancias Químicas^sINTl-GOSI-SOQyA^pArgentina;^aRachid, Ana Inés^nInstituto Nacional de Tecnología Industrial. Dirección Operativa. Gerencia Operativa de Servicios Industriales. Subgerencia Operativa de Química y Ambiente. Dirección Técnica Químico Ambiental Sustentable. Departamento de Manejo y Gestión de Sustancias Químicas^sINTl-GOSI-SOQyA^pArgentina<|>^aRojas, A.^nInstituto Nacional de Tecnología Industrial. Dirección Operativa. Gerencia Operativa de Servicios Industriales. Subgerencia Operativa de Química y Ambiente. Dirección Técnica Químico Ambiental Sustentable. Departamento de Manejo y Gestión de Sustancias Químicas^sINTl-GOSI-SOQyA^pArgentina<|>^aParise, C.^nInstituto Nacional de Tecnología Industrial. Dirección Operativa. Gerencia Operativa de Servicios Industriales. Subgerencia Operativa de Química y Ambiente. Dirección Técnica Químico Ambiental Sustentable. Departamento de Manejo y Gestión de Sustancias Químicas^sINTl-GOSI-SOQyA^pArgentina<|>^aBarbelli López, Maria Soledad^nInstituto Nacional de Tecnología Industrial. Dirección Operativa. Gerencia Operativa de Servicios Industriales. Subgerencia Operativa de Química y Ambiente. Dirección Técnica Químico Ambiental Sustentable. Departamento de Manejo y Gestión de Sustancias Químicas^sINTl-GOSI-SOQyA^pArgentina<|>^aJordan, Marianela Paula^nInstituto Nacional de Tecnología Industrial. Dirección Operativa. Gerencia Operativa de Servicios Industriales. Subgerencia Operativa de Química y Ambiente. Dirección Técnica Químico Ambiental Sustentable. Departamento de Manejo y Gestión de Sustancias Químicas^sINTl-GOSI-SOQyA^pArgentina<|>^aStorino, Alejandra Valeria^nInstituto Nacional de Tecnología Industrial. Dirección Operativa. Gerencia Operativa de Servicios Industriales. Subgerencia Operativa de Química y Ambiente. Dirección Técnica Químico Ambiental Sustentable. Departamento de Manejo y Gestión de Sustancias Químicas^sINTl-GOSI-SOQyA^pArgentina<|>^aPapa, M.^nInstituto Nacional de Tecnología Industrial. Dirección Operativa. Gerencia Operativa de Servicios Industriales. Subgerencia Operativa de Química y Ambiente. Dirección Técnica Químico Ambiental Sustentable. Departamento de Manejo y Gestión de Sustancias Químicas^sINTl-GOSI-SOQyA^pArgentina
050741;v22_Autor_personal;Rodríguez, Ruth Alejandra<|>Valdés, D.<|>Di Leo, Carlos<|>Baglietto, Matías<|>Baglietto, Gonzalo;Rodríguez, Ruth Alejandra<|>Valdés, Daniel Alberto<|>Di Leo, Carlos<|>Baglietto, Matías<|>Baglietto, Gonzalo
050741;v26_Afiliacion_del_autor;^aRodríguez, Ruth Alejandra^nInstituto Nacional de Tecnología Industrial. Dirección Operativa. Gerencia Operativa de Servicios Industriales. Subgerencia Operativa de Química y Ambiente. Dirección Técnica Químico Ambiental Sustentable. Departamento de Evaluación y Control de la Contaminación^sINTI-GOSI-SOQyA^pArgentina<|>^aValdés, D.^nInstituto Nacional de Tecnología Industrial. Dirección Operativa. Gerencia Operativa de Servicios Industriales. Subgerencia Operativa de Química y Ambiente. Dirección Técnica Químico Ambiental Sustentable. Departamento de Evaluación y Control de la Contaminación^sINTI-GOSI-SOQyA^pArgentina<|>^aDi Leo, Carlos^nInstituto Nacional de Tecnología Industrial. Dirección Operativa. Gerencia Operativa de Servicios Industriales. Subgerencia Operativa de Química y Ambiente. Dirección Técnica Químico Ambiental Sustentable. Departamento de Evaluación y Control de la Contaminación^sINTI-GOSI-SOQyA^pArgentina<|>^aBaglietto, Matías^nPIRCA Safety. Departamento Técnico^sPIRCA Safety^pArgentina<|>^aBaglietto, Gonzalo^nPIRCA Safety. Departamento Técnico^sPIRCA Safety^pArgentina;^aRodríguez, Ruth Alejandra^nInstituto Nacional de Tecnología Industrial. Dirección Operativa. Gerencia Operativa de Servicios Industriales. Subgerencia Operativa de Química y Ambiente. Dirección Técnica Químico Ambiental Sustentable. Departamento de Evaluación y Control de la Contaminación^sINTI-GOSI-SOQyA^pArgentina<|>^aValdés, Daniel Alberto^nInstituto Nacional de Tecnología Industrial. Dirección Operativa. Gerencia Operativa de Servicios Industriales. Subgerencia Operativa de Química y Ambiente. Dirección Técnica Químico Ambiental Sustentable. Departamento de Evaluación y Control de la Contaminación^sINTI-GOSI-SOQyA^pArgentina<|>^aDi Leo, Carlos^nInstituto Nacional de Tecnología Industrial. Dirección Operativa. Gerencia Operativa de Servicios Industriales. Subgerencia Operativa de Química y Ambiente. Dirección Técnica Químico Ambiental Sustentable. Departamento de Evaluación y Control de la Contaminación^sINTI-GOSI-SOQyA^pArgentina<|>^aBaglietto, Matías^nPIRCA Safety. Departamento Técnico^sPIRCA Safety^pArgentina<|>^aBaglietto, Gonzalo^nPIRCA Safety. Departamento Técnico^sPIRCA Safety^pArgentina
050758;v22_Autor_personal;Ingrassia, D.<|>Flores, S.<|>Polo, Pablo César;Ingrassia, Danilo Juan<|>Flores, S.<|>Polo, Pablo César
050758;v26_Afiliacion_del_autor;^aIngrassia, D.^nInstituto Nacional de Tecnología Industrial. Dirección Operativa. Gerencia Operativa de Asistencia Regional. Subgerencia Operativa Regional Cuyo. Dirección Técnica de Alimentos Cuyo. Departamento de Inocuidad Alimentaria y Gestión de la Calidad Cuyo^sINTI-GOAR^pArgentina<|>^aFlores, S.^nInstituto Nacional de Tecnología Industrial. Dirección Operativa. Gerencia Operativa de Asistencia Regional. Subgerencia Operativa Regional Cuyo. Dirección Técnica de Alimentos Cuyo. Departamento de Inocuidad Alimentaria y Gestión de la Calidad Cuyo^sINTI-GOAR^pArgentina<|>^aPolo, Pablo César^nInstituto Nacional de Tecnología Industrial. Dirección Operativa. Gerencia Operativa de Asistencia Regional. Subgerencia Operativa Regional Cuyo. Dirección Técnica de Alimentos Cuyo. Departamento de Inocuidad Alimentaria y Gestión de la Calidad Cuyo^sINTI-GOAR^pArgentina;^aIngrassia, Danilo Juan^nInstituto Nacional de Tecnología Industrial. Dirección Operativa. Gerencia Operativa de Asistencia Regional. Subgerencia Operativa Regional Cuyo. Dirección Técnica de Alimentos Cuyo. Departamento de Inocuidad Alimentaria y Gestión de la Calidad Cuyo^sINTI-GOAR^pArgentina<|>^aFlores, S.^nInstituto Nacional de Tecnología Industrial. Dirección Operativa. Gerencia Operativa de Asistencia Regional. Subgerencia Operativa Regional Cuyo. Dirección Técnica de Alimentos Cuyo. Departamento de Inocuidad Alimentaria y Gestión de la Calidad Cuyo^sINTI-GOAR^pArgentina<|>^aPolo, Pablo César^nInstituto Nacional de Tecnología Industrial. Dirección Operativa. Gerencia Operativa de Asistencia Regional. Subgerencia Operativa Regional Cuyo. Dirección Técnica de Alimentos Cuyo. Departamento de Inocuidad Alimentaria y Gestión de la Calidad Cuyo^sINTI-GOAR^pArgentina
050760;v22_Autor_personal;Labanca, Juan Manuel<|>Méndez, Miguel Ángel<|>Berterreix, Claudio Javier<|>Tufaro, Leonardo Nicolás<|>Burgueño, Víctor Alejandro<|>Schneebeli, Jorge Ernesto<|>González Taboas, P. R.<|>Di Tomás, Ezequiel Luciano<|>García, D. B.<|>Ramírez, E. G.<|>Corso, María Eugenia<|>Montiel, Gonzalo<|>Campanaro, Mónica Susana<|>Luxardo, María Eugenia<|>García Griffiths, M. R.;Labanca, Juan Manuel<|>Méndez, Miguel Ángel<|>Berterreix, Claudio Javier<|>Tufaro, Leonardo Nicolás<|>Burgueño, Víctor Alejandro<|>Schneebeli, Jorge Ernesto<|>González Taboas, Pablo Rafael<|>Di Tomás, Ezequiel Luciano<|>García, D. B.<|>Ramírez, E. G.<|>Corso, María Eugenia<|>Montiel, Gonzalo<|>Campanaro, Mónica Susana<|>Luxardo, María Eugenia<|>García Griffiths, M. R.
050760;v26_Afiliacion_del_autor;^aLabanca, Juan Manuel^nInstituto Nacional de Tecnología Industrial. Dirección Operativa. Gerencia Operativa de Servicios Industriales. Subgerencia Operativa de Mecánica y Logística. Departamento de Gestión Administrativa de Mecánica y Logística^sINTl-GOSI-SOMyL^pArgentina<|>^aMéndez, Miguel Ángel^nInstituto Nacional de Tecnología Industrial. Dirección Operativa. Gerencia Operativa de Servicios Industriales. Subgerencia Operativa de Mecánica y Logística. Departamento de Gestión Administrativa de Mecánica y Logística^sINTl-GOSI-SOMyL^pArgentina<|>^aTufaro, Leonardo Nicolás^nInstituto Nacional de Tecnología Industrial. Dirección Operativa. Gerencia Operativa de Servicios Industriales. Subgerencia Operativa de Mecánica y Logística. Departamento de Gestión Administrativa de Mecánica y Logística^sINTl-GOSI-SOMyL^pArgentina<|>^aBurgueño, Víctor Alejandro^nInstituto Nacional de Tecnología Industrial. Dirección Operativa. Gerencia Operativa de Servicios Industriales. Subgerencia Operativa de Mecánica y Logística. Departamento de Gestión Administrativa de Mecánica y Logística^sINTl-GOSI-SOMyL^pArgentina<|>^aSchneebeli, Jorge Ernesto^nInstituto Nacional de Tecnología Industrial. Dirección Operativa. Gerencia Operativa de Servicios Industriales. Subgerencia Operativa de Mecánica y Logística. Departamento de Gestión Administrativa de Mecánica y Logística^sINTl-GOSI-SOMyL^pArgentina<|>^aGonzález Taboas, P. R.^nInstituto Nacional de Tecnología Industrial. Dirección Operativa. Gerencia Operativa de Servicios Industriales. Subgerencia Operativa de Mecánica y Logística. Departamento de Gestión Administrativa de Mecánica y Logística^sINTl-GOSI-SOMyL^pArgentina<|>^aDi Tomás, Ezequiel Luciano^nInstituto Nacional de Tecnología Industrial. Dirección Operativa. Gerencia Operativa de Servicios Industriales. Subgerencia Operativa de Mecánica y Logística. Departamento de Gestión Administrativa de Mecánica y Logística^sINTl-GOSI-SOMyL^pArgentina<|>^aGarcía, D. B.^nInstituto Nacional de Tecnología Industrial. Dirección Operativa. Gerencia Operativa de Servicios Industriales. Subgerencia Operativa de Servicios Sectoriales. Dirección Técnica de Caucho^sINTl-GOSI-SOSS^pArgentina<|>^aRamírez, E. G.^nInstituto Nacional de Tecnología Industrial. Dirección Operativa. Gerencia Operativa de Servicios Industriales. Subgerencia Operativa de Servicios Sectoriales. Dirección Técnica de Caucho^sINTl-GOSI-SOSS^pArgentina<|>^aCorso, María Eugenia^nInstituto Nacional de Tecnología Industrial. Dirección Operativa. Gerencia Operativa de Servicios Industriales. Subgerencia Operativa de Construcciones e Infraestructura. Dirección Técnica de Evaluación y Rehabilitación Edilicia^sINTl-GOSI-SOCel^pArgentina<|>^aMontiel, Gonzalo^nInstituto Nacional de Tecnología Industrial. Gerencia Operativa de Desarrollo Tecnológico e Innovación. Subgerencia Operativa de Energía y Movilidad. Departamento de Almacenamiento de la Energía^sINTl-GODTel-SOEyM^pArgentina<|>^aCampanaro, Mónica Susana^nInstituto Nacional de Tecnología Industrial. Dirección Operativa. Gerencia Operativa de Asistencia Regional. Subgerencia Operativa Regional Pampeana^sINTl-GOAR^pArgentina<|>^aLuxardo, María Eugenia^nInstituto Nacional de Tecnología Industrial. Dirección Operativa. Gerencia Operativa de Asistencia Regional. Subgerencia Operativa Regional Pampeana. Departamento de Gestión De Proyectos de Desarrollo y Transferencia a la Industria Pampeana^sINTl-GOAR^pArgentina<|>^aGarcía Griffiths, M. R.^nInstituto Nacional de Tecnología Industrial. Dirección Operativa. Gerencia Operativa de Asistencia Regional. Subgerencia Operativa Regional Patagonia. Dirección Técnica Regional Patagonia Sur. Departamento de Desarrollo de Cadenas de Valor Patagonia^sINTl-GOAR^pArgentina;^aLabanca, Juan Manuel^nInstituto Nacional de Tecnología Industrial. Dirección Operativa. Gerencia Operativa de Servicios Industriales. Subgerencia Operativa de Mecánica y Logística. Departamento de Gestión Administrativa de Mecánica y Logística^sINTl-GOSI-SOMyL^pArgentina<|>^aMéndez, Miguel Ángel^nInstituto Nacional de Tecnología Industrial. Dirección Operativa. Gerencia Operativa de Servicios Industriales. Subgerencia Operativa de Mecánica y Logística. Departamento de Gestión Administrativa de Mecánica y Logística^sINTl-GOSI-SOMyL^pArgentina<|>^aTufaro, Leonardo Nicolás^nInstituto Nacional de Tecnología Industrial. Dirección Operativa. Gerencia Operativa de Servicios Industriales. Subgerencia Operativa de Mecánica y Logística. Departamento de Gestión Administrativa de Mecánica y Logística^sINTl-GOSI-SOMyL^pArgentina<|>^aBurgueño, Víctor Alejandro^nInstituto Nacional de Tecnología Industrial. Dirección Operativa. Gerencia Operativa de Servicios Industriales. Subgerencia Operativa de Mecánica y Logística. Departamento de Gestión Administrativa de Mecánica y Logística^sINTl-GOSI-SOMyL^pArgentina<|>^aSchneebeli, Jorge Ernesto^nInstituto Nacional de Tecnología Industrial. Dirección Operativa. Gerencia Operativa de Servicios Industriales. Subgerencia Operativa de Mecánica y Logística. Departamento de Gestión Administrativa de Mecánica y Logística^sINTl-GOSI-SOMyL^pArgentina<|>^aGonzález Taboas, Pablo Rafael^nInstituto Nacional de Tecnología Industrial. Dirección Operativa. Gerencia Operativa de Servicios Industriales. Subgerencia Operativa de Mecánica y Logística. Departamento de Gestión Administrativa de Mecánica y Logística^sINTl-GOSI-SOMyL^pArgentina<|>^aDi Tomás, Ezequiel Luciano^nInstituto Nacional de Tecnología Industrial. Dirección Operativa. Gerencia Operativa de Servicios Industriales. Subgerencia Operativa de Mecánica y Logística. Departamento de Gestión Administrativa de Mecánica y Logística^sINTl-GOSI-SOMyL^pArgentina<|>^aGarcía, D. B.^nInstituto Nacional de Tecnología Industrial. Dirección Operativa. Gerencia Operativa de Servicios Industriales. Subgerencia Operativa de Servicios Sectoriales. Dirección Técnica de Caucho^sINTl-GOSI-SOSS^pArgentina<|>^aRamírez, E. G.^nInstituto Nacional de Tecnología Industrial. Dirección Operativa. Gerencia Operativa de Servicios Industriales. Subgerencia Operativa de Servicios Sectoriales. Dirección Técnica de Caucho^sINTl-GOSI-SOSS^pArgentina<|>^aCorso, María Eugenia^nInstituto Nacional de Tecnología Industrial. Dirección Operativa. Gerencia Operativa de Servicios Industriales. Subgerencia Operativa de Construcciones e Infraestructura. Dirección Técnica de Evaluación y Rehabilitación Edilicia^sINTl-GOSI-SOCel^pArgentina<|>^aMontiel, Gonzalo^nInstituto Nacional de Tecnología Industrial. Gerencia Operativa de Desarrollo Tecnológico e Innovación. Subgerencia Operativa de Energía y Movilidad. Departamento de Almacenamiento de la Energía^sINTl-GODTel-SOEyM^pArgentina<|>^aCampanaro, Mónica Susana^nInstituto Nacional de Tecnología Industrial. Dirección Operativa. Gerencia Operativa de Asistencia Regional. Subgerencia Operativa Regional Pampeana^sINTl-GOAR^pArgentina<|>^aLuxardo, María Eugenia^nInstituto Nacional de Tecnología Industrial. Dirección Operativa. Gerencia Operativa de Asistencia Regional. Subgerencia Operativa Regional Pampeana. Departamento de Gestión De Proyectos de Desarrollo y Transferencia a la Industria Pampeana^sINTl-GOAR^pArgentina<|>^aGarcía Griffiths, M. R.^nInstituto Nacional de Tecnología Industrial. Dirección Operativa. Gerencia Operativa de Asistencia Regional. Subgerencia Operativa Regional Patagonia. Dirección Técnica Regional Patagonia Sur. Departamento de Desarrollo de Cadenas de Valor Patagonia^sINTl-GOAR^pArgentina
050763;v22_Autor_personal;Becce, María Fernanda<|>García Ariceta, G.<|>Giannice, S. G.<|>Suarez, M. E.<|>Altera, María Jimena;Becce, María Fernanda<|>García Ariceta, G.<|>Giannice, S. G.<|>Suárez, María Eugenia<|>Altera, María Jimena
050763;v26_Afiliacion_del_autor;^aBecce, María Fernanda^nInstituto Nacional de Tecnología Industrial. Gerencia Operativa de Relaciones Institucionales y Comunicación^sINTI^pArgentina<|>^aGarcía Ariceta, G.^nInstituto Nacional de Tecnología Industrial. Gerencia Operativa de Relaciones Institucionales y Comunicación^sINTI^pArgentina<|>^aGiannice, S. G.^nInstituto Nacional de Tecnología Industrial. Gerencia Operativa de Relaciones Institucionales y Comunicación^sINTI^pArgentina<|>^aSuarez, M. E.^nInstituto Nacional de Tecnología Industrial. Gerencia Operativa de Relaciones Institucionales y Comunicación^sINTI^pArgentina<|>^aAltera, María Jimena^nInstituto Nacional de Tecnología Industrial. Gerencia Operativa de Relaciones Institucionales y Comunicación^sINTI^pArgentina;^aBecce, María Fernanda^nInstituto Nacional de Tecnología Industrial. Gerencia Operativa de Relaciones Institucionales y Comunicación^sINTI^pArgentina<|>^aGarcía Ariceta, G.^nInstituto Nacional de Tecnología Industrial. Gerencia Operativa de Relaciones Institucionales y Comunicación^sINTI^pArgentina<|>^aGiannice, S. G.^nInstituto Nacional de Tecnología Industrial. Gerencia Operativa de Relaciones Institucionales y Comunicación^sINTI^pArgentina<|>^aSuárez, María Eugenia^nInstituto Nacional de Tecnología Industrial. Gerencia Operativa de Relaciones Institucionales y Comunicación^sINTI^pArgentina<|>^aAltera, María Jimena^nInstituto Nacional de Tecnología Industrial. Gerencia Operativa de Relaciones Institucionales y Comunicación^sINTI^pArgentina
050768;v22_Autor_personal;González, J.<|>Olmedo, Mariana Cecilia<|>Spatuzza, G.<|>Ansedes, María Victoria<|>Falabella, C.<|>Murano, M.;González, J.<|>Olmedo, Mariana Cecilia<|>Spatuzza, Graciela Victoria<|>Ansedes, María Victoria<|>Falabella, C.<|>Murano, M.
050768;v26_Afiliacion_del_autor;^aGonzález, J.^nInstituto Nacional de Tecnología Industrial. Gerencia Operativa de Desarrollo Tecnológico e Innovación. Subgerencia Operativa de Tecnología de Alimentos. Departamento de Desarrollo de Ingredientes^sINTI-GODTeI-SOTA^pArgentina<|>^aOlmedo, Mariana Cecilia^nInstituto Nacional de Tecnología Industrial. Gerencia Operativa de Desarrollo Tecnológico e Innovación. Subgerencia Operativa de Tecnología de Alimentos. Departamento de Desarrollo de Ingredientes^sINTI-GODTeI-SOTA^pArgentina<|>^aSpatuzza, G.^nInstituto Nacional de Tecnología Industrial. Gerencia Operativa de Desarrollo Tecnológico e Innovación. Subgerencia Operativa de Tecnología de Alimentos. Departamento de Desarrollo de Ingredientes^sINTI-GODTeI-SOTA^pArgentina<|>^aAnsedes, María Victoria^nInstituto Nacional de Tecnología Industrial. Gerencia Operativa de Desarrollo Tecnológico e Innovación. Subgerencia Operativa de Tecnología de Alimentos. Departamento de Desarrollo de Ingredientes^sINTI-GODTeI-SOTA^pArgentina<|>^aFalabella, C.^nInstituto Nacional de Tecnología Industrial. Gerencia Operativa de Desarrollo Tecnológico e Innovación. Subgerencia Operativa de Tecnología de Alimentos. Departamento de Desarrollo de Ingredientes^sINTI-GODTeI-SOTA^pArgentina<|>^aMurano, M.^nInstituto Nacional de Tecnología Industrial. Gerencia Operativa de Desarrollo Tecnológico e Innovación. Subgerencia Operativa de Tecnología de Alimentos. Departamento de Desarrollo de Ingredientes^sINTI-GODTeI-SOTA^pArgentina;^aGonzález, J.^nInstituto Nacional de Tecnología Industrial. Gerencia Operativa de Desarrollo Tecnológico e Innovación. Subgerencia Operativa de Tecnología de Alimentos. Departamento de Desarrollo de Ingredientes^sINTI-GODTeI-SOTA^pArgentina<|>^aOlmedo, Mariana Cecilia^nInstituto Nacional de Tecnología Industrial. Gerencia Operativa de Desarrollo Tecnológico e Innovación. Subgerencia Operativa de Tecnología de Alimentos. Departamento de Desarrollo de Ingredientes^sINTI-GODTeI-SOTA^pArgentina<|>^aSpatuzza, Graciela Victoria^nInstituto Nacional de Tecnología Industrial. Gerencia Operativa de Desarrollo Tecnológico e Innovación. Subgerencia Operativa de Tecnología de Alimentos. Departamento de Desarrollo de Ingredientes^sINTI-GODTeI-SOTA^pArgentina<|>^aAnsedes, María Victoria^nInstituto Nacional de Tecnología Industrial. Gerencia Operativa de Desarrollo Tecnológico e Innovación. Subgerencia Operativa de Tecnología de Alimentos. Departamento de Desarrollo de Ingredientes^sINTI-GODTeI-SOTA^pArgentina<|>^aFalabella, C.^nInstituto Nacional de Tecnología Industrial. Gerencia Operativa de Desarrollo Tecnológico e Innovación. Subgerencia Operativa de Tecnología de Alimentos. Departamento de Desarrollo de Ingredientes^sINTI-GODTeI-SOTA^pArgentina<|>^aMurano, M.^nInstituto Nacional de Tecnología Industrial. Gerencia Operativa de Desarrollo Tecnológico e Innovación. Subgerencia Operativa de Tecnología de Alimentos. Departamento de Desarrollo de Ingredientes^sINTI-GODTeI-SOTA^pArgentina
050773;v22_Autor_personal;González Táboas, P.<|>Schneebeli, Jorge Ernesto<|>Fraile, I.<|>Kuklis, V.<|>Accorinti, Sabrina Cinthia<|>Labanca, Juan Manuel;González Taboas, Pablo Rafael<|>Schneebeli, Jorge Ernesto<|>Fraile, I.<|>Kuklis, V.<|>Accorinti, Sabrina Cinthia<|>Labanca, Juan Manuel
050773;v26_Afiliacion_del_autor;^aGonzález Táboas, P.^nInstituto Nacional de Tecnología Industrial. Dirección Operativa. Gerencia Operativa de Servicios Industriales. Subgerencia Operativa de Mecánica y Logística^sINTI-GOSI-SOMyL^pArgentina<|>^aSchneebeli, Jorge Ernesto^nInstituto Nacional de Tecnología Industrial. Dirección Operativa. Gerencia Operativa de Servicios Industriales. Subgerencia Operativa de Mecánica y Logística^sINTI-GOSI-SOMyL^pArgentina<|>^aFraile, I.^nCámara de Empresas de Ensayos No Destructivos de la República Argentina^sCEENDRA^pArgentina<|>^aKuklis, V.^nInstituto Nacional de Tecnología Industrial. Dirección Operativa. Gerencia Operativa de Servicios Industriales. Subgerencia Operativa de Mecánica y Logística^sINTI-GOSI-SOMyL^pArgentina<|>^aAccorinti, Sabrina Cinthia^nInstituto Nacional de Tecnología Industrial. Dirección Operativa. Gerencia Operativa de Servicios Industriales. Subgerencia Operativa de Mecánica y Logística^sINTI-GOSI-SOMyL^pArgentina<|>^aLabanca, Juan Manuel^nInstituto Nacional de Tecnología Industrial. Dirección Operativa. Gerencia Operativa de Servicios Industriales. Subgerencia Operativa de Mecánica y Logística^sINTI-GOSI-SOMyL^pArgentina;^aGonzález Taboas, Pablo Rafael^nInstituto Nacional de Tecnología Industrial. Dirección Operativa. Gerencia Operativa de Servicios Industriales. Subgerencia Operativa de Mecánica y Logística^sINTI-GOSI-SOMyL^pArgentina<|>^aSchneebeli, Jorge Ernesto^nInstituto Nacional de Tecnología Industrial. Dirección Operativa. Gerencia Operativa de Servicios Industriales. Subgerencia Operativa de Mecánica y Logística^sINTI-GOSI-SOMyL^pArgentina<|>^aFraile, I.^nCámara de Empresas de Ensayos No Destructivos de la República Argentina^sCEENDRA^pArgentina<|>^aKuklis, V.^nInstituto Nacional de Tecnología Industrial. Dirección Operativa. Gerencia Operativa de Servicios Industriales. Subgerencia Operativa de Mecánica y Logística^sINTI-GOSI-SOMyL^pArgentina<|>^aAccorinti, Sabrina Cinthia^nInstituto Nacional de Tecnología Industrial. Dirección Operativa. Gerencia Operativa de Servicios Industriales. Subgerencia Operativa de Mecánica y Logística^sINTI-GOSI-SOMyL^pArgentina<|>^aLabanca, Juan Manuel^nInstituto Nacional de Tecnología Industrial. Dirección Operativa. Gerencia Operativa de Servicios Industriales. Subgerencia Operativa de Mecánica y Logística^sINTI-GOSI-SOMyL^pArgentina
050775;v22_Autor_personal;Córdova, María de los Milagros<|>García, A. L.<|>Poliszuk, A.<|>Ceriotti, Andrés Leonardo<|>Carnevali, Cecilia<|>Pereda, S.<|>Pianetti, M.<|>Taboas, P.<|>Gelabert, L.;Córdova, María de los Milagros<|>García, A. L.<|>Poliszuk, A.<|>Ceriotti, Andrés Leonardo<|>Carnevali, Cecilia<|>Pereda, S.<|>Pianetti, M.<|>González Taboas, Pablo Rafael<|>Gelabert, L.
050775;v26_Afiliacion_del_autor;^aCórdova, María de los Milagros^nInstituto Nacional de Tecnología Industrial. Gerencia Operativa de Desarrollo Tecnológico e Innovación. Subgerencia Operativa de Áreas del Conocimiento. Dirección Técnica de Materiales Avanzados. Departamento de Diseño de Materiales^sINTI-GODTeI-SOAC^pArgentina<|>^aGarcía, A. L.^nInstituto Nacional de Tecnología Industrial. Gerencia Operativa de Desarrollo Tecnológico e Innovación. Subgerencia Operativa de Áreas del Conocimiento. Dirección Técnica de Materiales Avanzados. Departamento de Diseño de Materiales^sINTI-GODTeI-SOAC^pArgentina<|>^aPoliszuk, A.^nInstituto Nacional de Tecnología Industrial. Gerencia Operativa de Desarrollo Tecnológico e Innovación. Subgerencia Operativa de Áreas del Conocimiento. Dirección Técnica de Materiales Avanzados. Departamento de Diseño de Materiales^sINTI-GODTeI-SOAC^pArgentina<|>^aCeriotti, Andrés Leonardo^nInstituto Nacional de Tecnología Industrial. Gerencia Operativa de Desarrollo Tecnológico e Innovación. Subgerencia Operativa de Áreas del Conocimiento. Dirección Técnica de Materiales Avanzados. Departamento de Diseño de Materiales^sINTI-GODTeI-SOAC^pArgentina<|>^aCarnevali, Cecilia^nInstituto Nacional de Tecnología Industrial. Gerencia Operativa de Desarrollo Tecnológico e Innovación. Subgerencia Operativa de Áreas del Conocimiento. Dirección Técnica de Materiales Avanzados. Departamento de Ingeniería^sINTI-GODTeI-SOAC^pArgentina<|>^aPereda, S.^nInstituto Nacional de Tecnología Industrial. Dirección Operativa. Gerencia Operativa de Servicios Industriales. Subgerencia Operativa de Mecánica y Logística. Dirección Técnica de Evaluación de Materiales y Productos. Departamento de Ensayos No Destructivos^sINTI-GOSI-SOMyL^pArgentina<|>^aPianetti, M.^nInstituto Nacional de Tecnología Industrial. Dirección Operativa. Gerencia Operativa de Servicios Industriales. Subgerencia Operativa de Mecánica y Logística. Dirección Técnica de Evaluación de Materiales y Productos. Departamento de Ensayos No Destructivos^sINTI-GOSI-SOMyL^pArgentina<|>^aTaboas, P.^nInstituto Nacional de Tecnología Industrial. Dirección Operativa. Gerencia Operativa de Servicios Industriales. Subgerencia Operativa de Mecánica y Logística. Dirección Técnica de Evaluación de Materiales y Productos. Departamento de Ensayos No Destructivos^sINTI-GOSI-SOMyL^pArgentina<|>^aGelabert, L.^nInstituto Nacional de Tecnología Industrial. Dirección Operativa. Gerencia Operativa de Servicios Industriales. Subgerencia Operativa de Servicios Sectoriales. Dirección Técnica de Textil y Cuero. Departamento de Procesos de Transformación Textil^sINTI-GOSI-SOSS^pArgentina;^aCórdova, María de los Milagros^nInstituto Nacional de Tecnología Industrial. Gerencia Operativa de Desarrollo Tecnológico e Innovación. Subgerencia Operativa de Áreas del Conocimiento. Dirección Técnica de Materiales Avanzados. Departamento de Diseño de Materiales^sINTI-GODTeI-SOAC^pArgentina<|>^aGarcía, A. L.^nInstituto Nacional de Tecnología Industrial. Gerencia Operativa de Desarrollo Tecnológico e Innovación. Subgerencia Operativa de Áreas del Conocimiento. Dirección Técnica de Materiales Avanzados. Departamento de Diseño de Materiales^sINTI-GODTeI-SOAC^pArgentina<|>^aPoliszuk, A.^nInstituto Nacional de Tecnología Industrial. Gerencia Operativa de Desarrollo Tecnológico e Innovación. Subgerencia Operativa de Áreas del Conocimiento. Dirección Técnica de Materiales Avanzados. Departamento de Diseño de Materiales^sINTI-GODTeI-SOAC^pArgentina<|>^aCeriotti, Andrés Leonardo^nInstituto Nacional de Tecnología Industrial. Gerencia Operativa de Desarrollo Tecnológico e Innovación. Subgerencia Operativa de Áreas del Conocimiento. Dirección Técnica de Materiales Avanzados. Departamento de Diseño de Materiales^sINTI-GODTeI-SOAC^pArgentina<|>^aCarnevali, Cecilia^nInstituto Nacional de Tecnología Industrial. Gerencia Operativa de Desarrollo Tecnológico e Innovación. Subgerencia Operativa de Áreas del Conocimiento. Dirección Técnica de Materiales Avanzados. Departamento de Ingeniería^sINTI-GODTeI-SOAC^pArgentina<|>^aPereda, S.^nInstituto Nacional de Tecnología Industrial. Dirección Operativa. Gerencia Operativa de Servicios Industriales. Subgerencia Operativa de Mecánica y Logística. Dirección Técnica de Evaluación de Materiales y Productos. Departamento de Ensayos No Destructivos^sINTI-GOSI-SOMyL^pArgentina<|>^aPianetti, M.^nInstituto Nacional de Tecnología Industrial. Dirección Operativa. Gerencia Operativa de Servicios Industriales. Subgerencia Operativa de Mecánica y Logística. Dirección Técnica de Evaluación de Materiales y Productos. Departamento de Ensayos No Destructivos^sINTI-GOSI-SOMyL^pArgentina<|>^aGonzález Taboas, Pablo Rafael^nInstituto Nacional de Tecnología Industrial. Dirección Operativa. Gerencia Operativa de Servicios Industriales. Subgerencia Operativa de Mecánica y Logística. Dirección Técnica de Evaluación de Materiales y Productos. Departamento de Ensayos No Destructivos^sINTI-GOSI-SOMyL^pArgentina<|>^aGelabert, L.^nInstituto Nacional de Tecnología Industrial. Dirección Operativa. Gerencia Operativa de Servicios Industriales. Subgerencia Operativa de Servicios Sectoriales. Dirección Técnica de Textil y Cuero. Departamento de Procesos de Transformación Textil^sINTI-GOSI-SOSS^pArgentina
050776;v22_Autor_personal;Álvarez, L.<|>Rojas Rapso, L.;Álvarez, Lucía<|>Rojas Rapso, L.
050777;v22_Autor_personal;Labanca, Juan Manuel<|>Abate, Germán Rubén<|>Pérez, D. J.<|>Martínez Krahmer, Daniel Osvaldo<|>Antunez, Nazareno Nahuel<|>Borgiattino Walker, Hernán Luis<|>Zimmermann, Alan Rodolfo<|>Bretones. O. S.;Labanca, Juan Manuel<|>Abate, Germán Rubén<|>Pérez, Daniela Joana<|>Martínez Krahmer, Daniel Osvaldo<|>Antunez, Nazareno Nahuel<|>Borgiattino Walker, Hernán Luis<|>Zimmermann, Alan Rodolfo<|>Bretones, Oscar Sebastián
050777;v26_Afiliacion_del_autor;^aLabanca, Juan Manuel^nInstituto Nacional de Tecnología Industrial. Dirección Operativa. Gerencia Operativa de Servicios Industriales. Subgerencia Operativa de Mecánica y Logística. Departamento de Gestión Administrativa de Mecánica y Logística^sINTI-GOSI-SOMyL^pArgentina<|>^aAbate, Germán Rubén^nInstituto Nacional de Tecnología Industrial. Dirección Operativa. Gerencia Operativa de Servicios Industriales. Subgerencia Operativa de Mecánica y Logística. Departamento de Gestión Administrativa de Mecánica y Logística^sINTI-GOSI-SOMyL^pArgentina<|>^aPérez, D.J.^nInstituto Nacional de Tecnología Industrial. Dirección Operativa. Gerencia Operativa de Servicios Industriales. Subgerencia Operativa de Mecánica y Logística. Departamento de Gestión Administrativa de Mecánica y Logística^sINTI-GOSI-SOMyL^pArgentina<|>^aMartínez Krahmer, Daniel Osvaldo^nInstituto Nacional de Tecnología Industrial. Dirección Operativa. Gerencia Operativa de Servicios Industriales. Subgerencia Operativa de Mecánica y Logística. Departamento de Gestión Administrativa de Mecánica y Logística^sINTI-GOSI-SOMyL^pArgentina<|>^aAntunez, N.N.^nInstituto Nacional de Tecnología Industrial. Dirección Operativa. Gerencia Operativa de Servicios Industriales. Subgerencia Operativa de Mecánica y Logística. Departamento de Gestión Administrativa de Mecánica y Logística^sINTI-GOSI-SOMyL^pArgentina<|>^aBorgiattino Walker, Hernán Luis^nInstituto Nacional de Tecnología Industrial. Dirección Operativa. Gerencia Operativa de Servicios Industriales. Subgerencia Operativa Región Centro^sINTI-SORC^pArgentina<|>^aZimmermann, A.R.^nInstituto Nacional de Tecnología Industrial. Dirección Operativa. Gerencia Operativa de Servicios Industriales. Subgerencia Operativa Región Centro^sINTI-SORC^pArgentina<|>^aBretones. O.S.^nInstituto Nacional de Tecnología Industrial. Dirección Operativa. Gerencia Operativa de Servicios Industriales. Subgerencia Operativa Región Noroeste Argentino^sINTI-SORNOA^pArgentina;^aLabanca, Juan Manuel^nInstituto Nacional de Tecnología Industrial. Dirección Operativa. Gerencia Operativa de Servicios Industriales. Subgerencia Operativa de Mecánica y Logística. Departamento de Gestión Administrativa de Mecánica y Logística^sINTI-GOSI-SOMyL^pArgentina<|>^aAbate, Germán Rubén^nInstituto Nacional de Tecnología Industrial. Dirección Operativa. Gerencia Operativa de Servicios Industriales. Subgerencia Operativa de Mecánica y Logística. Departamento de Gestión Administrativa de Mecánica y Logística^sINTI-GOSI-SOMyL^pArgentina<|>^aPérez, Daniela Joana^nInstituto Nacional de Tecnología Industrial. Dirección Operativa. Gerencia Operativa de Servicios Industriales. Subgerencia Operativa de Mecánica y Logística. Departamento de Gestión Administrativa de Mecánica y Logística^sINTI-GOSI-SOMyL^pArgentina<|>^aMartínez Krahmer, Daniel Osvaldo^nInstituto Nacional de Tecnología Industrial. Dirección Operativa. Gerencia Operativa de Servicios Industriales. Subgerencia Operativa de Mecánica y Logística. Departamento de Gestión Administrativa de Mecánica y Logística^sINTI-GOSI-SOMyL^pArgentina<|>^aAntunez, Nazareno Nahuel^nInstituto Nacional de Tecnología Industrial. Dirección Operativa. Gerencia Operativa de Servicios Industriales. Subgerencia Operativa de Mecánica y Logística. Departamento de Gestión Administrativa de Mecánica y Logística^sINTI-GOSI-SOMyL^pArgentina<|>^aBorgiattino Walker, Hernán Luis^nInstituto Nacional de Tecnología Industrial. Dirección Operativa. Gerencia Operativa de Servicios Industriales. Subgerencia Operativa Región Centro^sINTI-SORC^pArgentina<|>^aZimmermann, Alan Rodolfo^nInstituto Nacional de Tecnología Industrial. Dirección Operativa. Gerencia Operativa de Servicios Industriales. Subgerencia Operativa Región Centro^sINTI-SORC^pArgentina<|>^aBretones, Oscar Sebastián^nInstituto Nacional de Tecnología Industrial. Dirección Operativa. Gerencia Operativa de Servicios Industriales. Subgerencia Operativa Región Noroeste Argentino^sINTI-SORNOA^pArgentina
050778;v22_Autor_personal;Marino, P.<|>Suárez, M. E.<|>Pescio, F.<|>Sicari, O.<|>Pujol, Rocío<|>Enciso, H.<|>Zunini, Hernán Lucas<|>Dobler, Samanta;Marino, Patricia Noemí<|>Suárez, María Eugenia<|>Pescio, F.<|>Sicari, O.<|>Pujol, Rocío<|>Enciso, H.<|>Zunini, Hernán Lucas<|>Dobler, Samanta
050778;v26_Afiliacion_del_autor;^aMarino, P.^nInstituto Nacional de Tecnología Industrial. Dirección Operativa. Gerencia Operativa de Servicios Industriales. Subgerencia Operativa de Servicios Sectoriales. Dirección Técnica de Textil y Cuero^sINTI-GOSI-SOSS^pArgentina<|>^aSuárez, M. E.^nInstituto Nacional de Tecnología Industrial. Gerencia Operativa de Relaciones Institucionales y Comunicación. Subgerencia Operativa de Relaciones Institucionales^sINTI^pArgentina<|>^aPescio, F.^nInstituto Nacional de Tecnología Agropecuaria^sINTA^pArgentina<|>^aSicari, O.^nInstituto Nacional de Tecnología Industrial. Gerencia Operativa de Desarrollo Tecnológico e Innovación. Dirección Técnica de Gestión de la Innovación y Vinculación Tecnológica^sINTI-GODTeI^pArgentina<|>^aPujol, Rocío^nInstituto Nacional de Tecnología Industrial. Dirección Operativa. Gerencia Operativa de Servicios Industriales. Subgerencia Operativa de Servicios Sectoriales. Dirección Técnica de Textil y Cuero. Departamento Tecnología del Diseño e Industria de la Moda^sINTI-GOSI-SOSS^pArgentina<|>^aEnciso, H.^nInstituto Nacional de Tecnología Industrial. Dirección Operativa. Gerencia Operativa de Asistencia Regional. Subgerencia Operativa Regional Noa. Dirección Técnica de Agroindustria Noa. Departamento de Agregado De Valor de Fibras Naturales y Pieles Noa^sINTI-GOAR-SORNOA^pArgentina<|>^aZunini, Hernán Lucas^nInstituto Nacional de Tecnología Industrial. Dirección Operativa. Gerencia Operativa de Servicios Industriales. Subgerencia Operativa de Servicios Sectoriales. Dirección Técnica de Textil y Cuero^sINTI-GOSI-SOSS^pArgentina<|>^aDobler, Samanta^nUniversidad de Buenos Aires. Facultad de Agronomía^sFAUBA^pArgentina;^aMarino, Patricia Noemí^nInstituto Nacional de Tecnología Industrial. Dirección Operativa. Gerencia Operativa de Servicios Industriales. Subgerencia Operativa de Servicios Sectoriales. Dirección Técnica de Textil y Cuero^sINTI-GOSI-SOSS^pArgentina<|>^aSuárez, María Eugenia^nInstituto Nacional de Tecnología Industrial. Gerencia Operativa de Relaciones Institucionales y Comunicación. Subgerencia Operativa de Relaciones Institucionales^sINTI^pArgentina<|>^aPescio, F.^nInstituto Nacional de Tecnología Agropecuaria^sINTA^pArgentina<|>^aSicari, O.^nInstituto Nacional de Tecnología Industrial. Gerencia Operativa de Desarrollo Tecnológico e Innovación. Dirección Técnica de Gestión de la Innovación y Vinculación Tecnológica^sINTI-GODTeI^pArgentina<|>^aPujol, Rocío^nInstituto Nacional de Tecnología Industrial. Dirección Operativa. Gerencia Operativa de Servicios Industriales. Subgerencia Operativa de Servicios Sectoriales. Dirección Técnica de Textil y Cuero. Departamento Tecnología del Diseño e Industria de la Moda^sINTI-GOSI-SOSS^pArgentina<|>^aEnciso, H.^nInstituto Nacional de Tecnología Industrial. Dirección Operativa. Gerencia Operativa de Asistencia Regional. Subgerencia Operativa Regional Noa. Dirección Técnica de Agroindustria Noa. Departamento de Agregado De Valor de Fibras Naturales y Pieles Noa^sINTI-GOAR-SORNOA^pArgentina<|>^aZunini, Hernán Lucas^nInstituto Nacional de Tecnología Industrial. Dirección Operativa. Gerencia Operativa de Servicios Industriales. Subgerencia Operativa de Servicios Sectoriales. Dirección Técnica de Textil y Cuero^sINTI-GOSI-SOSS^pArgentina<|>^aDobler, Samanta^nUniversidad de Buenos Aires. Facultad de Agronomía^sFAUBA^pArgentina
050781;v22_Autor_personal;Torres, M.<|>Molina, V.<|>Lorenzo, María Cecilia<|>Eisenberg, P.;Torres, Matías Rodrigo<|>Molina, V.<|>Lorenzo, María Cecilia<|>Eisenberg, P.
050781;v26_Afiliacion_del_autor;^aTorres, M.^nInstituto Nacional de Tecnología Industrial. Gerencia Operativa de Desarrollo Tecnológico e Innovación. Subgerencia Operativa de Áreas de Conocimiento. Dirección Técnica de Materiales Avanzados. Departamento de Procesamiento y Transformación de Materiales^sINTI-GODTeI-SOIyS^pArgentina<|>^aMolina, V.^nInstituto Nacional de Tecnología Industrial. Gerencia Operativa de Desarrollo Tecnológico e Innovación. Subgerencia Operativa de Áreas de Conocimiento. Dirección Técnica de Materiales Avanzados. Departamento de Procesamiento y Transformación de Materiales^sINTI-GODTeI-SOIyS^pArgentina<|>^aLorenzo, María Cecilia^nInstituto Nacional de Tecnología Industrial. Gerencia Operativa de Desarrollo Tecnológico e Innovación. Subgerencia Operativa de Áreas de Conocimiento. Dirección Técnica de Materiales Avanzados. Departamento de Procesamiento y Transformación de Materiales^sINTI-GODTeI-SOIyS^pArgentina<|>^aLorenzo, María Cecilia^nInstituto de Investigación e Ingeniería Ambiental-3IA-Universidad Nacional de San Martín^pArgentina<|>^aEisenberg, P.^nInstituto de Investigación e Ingeniería Ambiental-3IA-Universidad Nacional de San Martín^pArgentina;^aTorres, Matías Rodrigo^nInstituto Nacional de Tecnología Industrial. Gerencia Operativa de Desarrollo Tecnológico e Innovación. Subgerencia Operativa de Áreas de Conocimiento. Dirección Técnica de Materiales Avanzados. Departamento de Procesamiento y Transformación de Materiales^sINTI-GODTeI-SOIyS^pArgentina<|>^aMolina, V.^nInstituto Nacional de Tecnología Industrial. Gerencia Operativa de Desarrollo Tecnológico e Innovación. Subgerencia Operativa de Áreas de Conocimiento. Dirección Técnica de Materiales Avanzados. Departamento de Procesamiento y Transformación de Materiales^sINTI-GODTeI-SOIyS^pArgentina<|>^aLorenzo, María Cecilia^nInstituto Nacional de Tecnología Industrial. Gerencia Operativa de Desarrollo Tecnológico e Innovación. Subgerencia Operativa de Áreas de Conocimiento. Dirección Técnica de Materiales Avanzados. Departamento de Procesamiento y Transformación de Materiales^sINTI-GODTeI-SOIyS^pArgentina<|>^aLorenzo, María Cecilia^nInstituto de Investigación e Ingeniería Ambiental-3IA-Universidad Nacional de San Martín^pArgentina<|>^aEisenberg, P.^nInstituto de Investigación e Ingeniería Ambiental-3IA-Universidad Nacional de San Martín^pArgentina
050782;v22_Autor_personal;Parise, C.<|>Storino, A.<|>Papa, M.<|>Rojas, A.<|>Bensignor, Judith<|>Rachid, Ana Inés;Parise, C.<|>Storino, Alejandra Valeria<|>Papa, M.<|>Rojas, A.<|>Bensignor, Judith<|>Rachid, Ana Inés
050782;v26_Afiliacion_del_autor;^aParise, C.^nInstituto Nacional de Tecnología Industrial. Dirección Operativa. Gerencia Operativa de Servicios Industriales. Subgerencia Operativa de Química y Ambiente. Dirección Técnica Químico Ambiental Sustentable. Departamento de Manejo y Gestión de Sustancias Químicas^sINTI-GOSI-SOQyA^pArgentina<|>^aStorino, A.^nInstituto Nacional de Tecnología Industrial. Dirección Operativa. Gerencia Operativa de Servicios Industriales. Subgerencia Operativa de Química y Ambiente. Dirección Técnica Químico Ambiental Sustentable. Departamento de Manejo y Gestión de Sustancias Químicas^sINTI-GOSI-SOQyA^pArgentina<|>^aPapa, M.^nInstituto Nacional de Tecnología Industrial. Dirección Operativa. Gerencia Operativa de Servicios Industriales. Subgerencia Operativa de Química y Ambiente. Dirección Técnica Químico Ambiental Sustentable. Departamento de Manejo y Gestión de Sustancias Químicas^sINTI-GOSI-SOQyA^pArgentina<|>^aRojas, A.^nInstituto Nacional de Tecnología Industrial. Dirección Operativa. Gerencia Operativa de Servicios Industriales. Subgerencia Operativa de Química y Ambiente. Dirección Técnica Químico Ambiental Sustentable. Departamento de Manejo y Gestión de Sustancias Químicas^sINTI-GOSI-SOQyA^pArgentina<|>^aTorres, M.^nInstituto Nacional de Tecnología Industrial. Dirección Operativa. Gerencia Operativa de Servicios Industriales. Subgerencia Operativa de Química y Ambiente. Dirección Técnica Químico Ambiental Sustentable. Departamento de Manejo y Gestión de Sustancias Químicas^sINTI-GOSI-SOQyA^pArgentina<|>^aBensignor, Judith^nInstituto Nacional de Tecnología Industrial. Dirección Operativa. Gerencia Operativa de Servicios Industriales. Subgerencia Operativa de Química y Ambiente. Dirección Técnica Químico Ambiental Sustentable. Departamento de Manejo y Gestión de Sustancias Químicas^sINTI-GOSI-SOQyA^pArgentina<|>^aRachid, Ana Inés^nInstituto Nacional de Tecnología Industrial. Dirección Operativa. Gerencia Operativa de Servicios Industriales. Subgerencia Operativa de Química y Ambiente. Dirección Técnica Químico Ambiental Sustentable. Departamento de Manejo y Gestión de Sustancias Químicas^sINTI-GOSI-SOQyA^pArgentina;^aParise, C.^nInstituto Nacional de Tecnología Industrial. Dirección Operativa. Gerencia Operativa de Servicios Industriales. Subgerencia Operativa de Química y Ambiente. Dirección Técnica Químico Ambiental Sustentable. Departamento de Manejo y Gestión de Sustancias Químicas^sINTI-GOSI-SOQyA^pArgentina<|>^aStorino, Alejandra Valeria^nInstituto Nacional de Tecnología Industrial. Dirección Operativa. Gerencia Operativa de Servicios Industriales. Subgerencia Operativa de Química y Ambiente. Dirección Técnica Químico Ambiental Sustentable. Departamento de Manejo y Gestión de Sustancias Químicas^sINTI-GOSI-SOQyA^pArgentina<|>^aPapa, M.^nInstituto Nacional de Tecnología Industrial. Dirección Operativa. Gerencia Operativa de Servicios Industriales. Subgerencia Operativa de Química y Ambiente. Dirección Técnica Químico Ambiental Sustentable. Departamento de Manejo y Gestión de Sustancias Químicas^sINTI-GOSI-SOQyA^pArgentina<|>^aRojas, A.^nInstituto Nacional de Tecnología Industrial. Dirección Operativa. Gerencia Operativa de Servicios Industriales. Subgerencia Operativa de Química y Ambiente. Dirección Técnica Químico Ambiental Sustentable. Departamento de Manejo y Gestión de Sustancias Químicas^sINTI-GOSI-SOQyA^pArgentina<|>^aTorres, Matías Rodrigo^nInstituto Nacional de Tecnología Industrial. Dirección Operativa. Gerencia Operativa de Servicios Industriales. Subgerencia Operativa de Química y Ambiente. Dirección Técnica Químico Ambiental Sustentable. Departamento de Manejo y Gestión de Sustancias Químicas^sINTI-GOSI-SOQyA^pArgentina<|>^aBensignor, Judith^nInstituto Nacional de Tecnología Industrial. Dirección Operativa. Gerencia Operativa de Servicios Industriales. Subgerencia Operativa de Química y Ambiente. Dirección Técnica Químico Ambiental Sustentable. Departamento de Manejo y Gestión de Sustancias Químicas^sINTI-GOSI-SOQyA^pArgentina<|>^aRachid, Ana Inés^nInstituto Nacional de Tecnología Industrial. Dirección Operativa. Gerencia Operativa de Servicios Industriales. Subgerencia Operativa de Química y Ambiente. Dirección Técnica Químico Ambiental Sustentable. Departamento de Manejo y Gestión de Sustancias Químicas^sINTI-GOSI-SOQyA^pArgentina
050784;v22_Autor_personal;Baigorria, María Cristina<|>Cerutti Antonietti, Pablo<|>Sole, A.<|>Vanin, Silvia Natalia<|>Zubiaurre, Juan Lucas<|>Longhi, S.<|>Palacios, G.<|>Mezzina, A.;Baigorria, María Cristina<|>Cerutti Antonietti, Pablo<|>Sole Guibelalde, María Aldana<|>Vanin, Silvia Natalia<|>Zubiaurre, Juan Lucas<|>Longhi, Sebastián Eduardo<|>Palacios, G.<|>Mezzina, A.
050784;v26_Afiliacion_del_autor;^aBaigorria, María Cristina^nInstituto Nacional de Tecnología Industrial. Dirección Operativa. Gerencia Operativa de Asistencia Regional. Subgerencia Operativa Regional Cuyo. Dirección Técnica Indust. Extractivas y Manufacturas Cuyo. Departamento de Producción Sustentable Cuyo^sINTI-GOAR-SORCuyo^pArgentina<|>^aCerutti Antonietti, Pablo^nInstituto Nacional de Tecnología Industrial. Dirección Operativa. Gerencia Operativa de Asistencia Regional. Subgerencia Operativa Regional Cuyo. Dirección Técnica Indust. Extractivas y Manufacturas Cuyo. Departamento de Producción Sustentable Cuyo^sINTI-GOAR-SORCuyo^pArgentina<|>^aSole, A.^nInstituto Nacional de Tecnología Industrial. Dirección Operativa. Gerencia Operativa de Asistencia Regional. Subgerencia Operativa Regional Cuyo. Dirección Técnica Indust. Extractivas y Manufacturas Cuyo. Departamento de Producción Sustentable Cuyo^sINTI-GOAR-SORCuyo^pArgentina<|>^aVanin, Silvia Natalia^nInstituto Nacional de Tecnología Industrial. Dirección Operativa. Gerencia Operativa de Asistencia Regional. Subgerencia Operativa Regional Cuyo. Dirección Técnica Indust. Extractivas y Manufacturas Cuyo. Departamento de Producción Sustentable Cuyo^sINTI-GOAR-SORCuyo^pArgentina<|>^aZubiaurre, Juan Lucas^nInstituto Nacional de Tecnología Industrial. Dirección Operativa. Gerencia Operativa de Asistencia Regional. Subgerencia Operativa Regional Pampeana. Dirección Técnica Regional Buenos Aires. Departamento de Producción Sustentable Pampeana^sINTI-GOAR-SORPampeana^pArgentina<|>^aLonghi, S.^nInstituto Nacional de Tecnología Industrial. Dirección Operativa. Gerencia Operativa de Asistencia Regional. Subgerencia Operativa Regional Pampeana. Dirección Técnica Regional Buenos Aires. Departamento de Producción Sustentable Pampeana^sINTI-GOAR-SORPampeana^pArgentina<|>^aPalacios, G.^nInstituto Nacional de Tecnología Industrial. Dirección Operativa. Gerencia Operativa de Asistencia Regional. Subgerencia Operativa Regional Pampeana. Dirección Técnica Regional Buenos Aires. Departamento de Producción Sustentable Pampeana^sINTI-GOAR-SORPampeana^pArgentina<|>^aMezzina, A.^nInstituto Nacional de Tecnología Industrial. Dirección Operativa. Gerencia Operativa de Asistencia Regional. Subgerencia Operativa Regional Pampeana. Dirección Técnica Regional Buenos Aires. Departamento de Producción Sustentable Pampeana^sINTI-GOAR-SORPampeana^pArgentina;^aBaigorria, María Cristina^nInstituto Nacional de Tecnología Industrial. Dirección Operativa. Gerencia Operativa de Asistencia Regional. Subgerencia Operativa Regional Cuyo. Dirección Técnica Indust. Extractivas y Manufacturas Cuyo. Departamento de Producción Sustentable Cuyo^sINTI-GOAR-SORCuyo^pArgentina<|>^aCerutti Antonietti, Pablo^nInstituto Nacional de Tecnología Industrial. Dirección Operativa. Gerencia Operativa de Asistencia Regional. Subgerencia Operativa Regional Cuyo. Dirección Técnica Indust. Extractivas y Manufacturas Cuyo. Departamento de Producción Sustentable Cuyo^sINTI-GOAR-SORCuyo^pArgentina<|>^aSole Guibelalde, María Aldana^nInstituto Nacional de Tecnología Industrial. Dirección Operativa. Gerencia Operativa de Asistencia Regional. Subgerencia Operativa Regional Cuyo. Dirección Técnica Indust. Extractivas y Manufacturas Cuyo. Departamento de Producción Sustentable Cuyo^sINTI-GOAR-SORCuyo^pArgentina<|>^aVanin, Silvia Natalia^nInstituto Nacional de Tecnología Industrial. Dirección Operativa. Gerencia Operativa de Asistencia Regional. Subgerencia Operativa Regional Cuyo. Dirección Técnica Indust. Extractivas y Manufacturas Cuyo. Departamento de Producción Sustentable Cuyo^sINTI-GOAR-SORCuyo^pArgentina<|>^aZubiaurre, Juan Lucas^nInstituto Nacional de Tecnología Industrial. Dirección Operativa. Gerencia Operativa de Asistencia Regional. Subgerencia Operativa Regional Pampeana. Dirección Técnica Regional Buenos Aires. Departamento de Producción Sustentable Pampeana^sINTI-GOAR-SORPampeana^pArgentina<|>^aLonghi, Sebastián Eduardo^nInstituto Nacional de Tecnología Industrial. Dirección Operativa. Gerencia Operativa de Asistencia Regional. Subgerencia Operativa Regional Pampeana. Dirección Técnica Regional Buenos Aires. Departamento de Producción Sustentable Pampeana^sINTI-GOAR-SORPampeana^pArgentina<|>^aPalacios, G.^nInstituto Nacional de Tecnología Industrial. Dirección Operativa. Gerencia Operativa de Asistencia Regional. Subgerencia Operativa Regional Pampeana. Dirección Técnica Regional Buenos Aires. Departamento de Producción Sustentable Pampeana^sINTI-GOAR-SORPampeana^pArgentina<|>^aMezzina, A.^nInstituto Nacional de Tecnología Industrial. Dirección Operativa. Gerencia Operativa de Asistencia Regional. Subgerencia Operativa Regional Pampeana. Dirección Técnica Regional Buenos Aires. Departamento de Producción Sustentable Pampeana^sINTI-GOAR-SORPampeana^pArgentina
050789;v22_Autor_personal;Mass, Mijal Inés<|>Veiga, Lionel Sebastián<|>Garate, O.<|>Longinotti, G.<|>Ramón, E.<|>Gabriel, G.<|>Ybarra, Gabriel Omar;Mass, Mijal Inés<|>Veiga, Lionel Sebastián<|>Garate, O.<|>Longinotti, María Gloria<|>Ramón, E.<|>Gabriel, G.<|>Ybarra, Gabriel Omar
050789;v26_Afiliacion_del_autor;^aMass, Mijal Inés^nInstituto Nacional de Tecnología Industrial. Gerencia Operativa de Desarrollo Tecnológico e Innovación. Subgerencia Operativa de Áreas de Conocimiento. Dirección Técnica de Micro y Nano Tecnologías. Departamento de Prototipado Microelectrónico y Electrónica Impresa^sINTI-GODTeI-SOAC^pArgentina<|>^aVeiga, Lionel Sebastián^nInstituto Nacional de Tecnología Industrial. Gerencia Operativa de Desarrollo Tecnológico e Innovación. Subgerencia Operativa de Áreas de Conocimiento. Dirección Técnica de Micro y Nano Tecnologías. Departamento de Prototipado Microelectrónico y Electrónica Impresa^sINTI-GODTeI-SOAC^pArgentina<|>^aGarate, O.^nInstituto Nacional de Tecnología Industrial. Gerencia Operativa de Desarrollo Tecnológico e Innovación. Subgerencia Operativa de Áreas de Conocimiento. Dirección Técnica de Micro y Nano Tecnologías. Departamento de Prototipado Microelectrónico y Electrónica Impresa^sINTI-GODTeI-SOAC^pArgentina<|>^aLonginotti, G.^nInstituto Nacional de Tecnología Industrial. Gerencia Operativa de Desarrollo Tecnológico e Innovación. Subgerencia Operativa de Áreas de Conocimiento. Dirección Técnica de Micro y Nano Tecnologías. Departamento de Prototipado Microelectrónico y Electrónica Impresa^sINTI-GODTeI-SOAC^pArgentina<|>^aRamón, E.^nInstitut de Microelectrònica de Barcelona^sIMB-CNM^pArgentina<|>^aGabriel, G.^nInstitut de Microelectrònica de Barcelona^sIMB-CNM^pArgentina<|>^aYbarra, Gabriel Omar^nInstituto Nacional de Tecnología Industrial. Gerencia Operativa de Desarrollo Tecnológico e Innovación. Subgerencia Operativa de Áreas de Conocimiento. Dirección Técnica de Micro y Nano Tecnologías. Departamento de Prototipado Microelectrónico y Electrónica Impresa^sINTI-GODTeI-SOAC^pArgentina;^aMass, Mijal Inés^nInstituto Nacional de Tecnología Industrial. Gerencia Operativa de Desarrollo Tecnológico e Innovación. Subgerencia Operativa de Áreas de Conocimiento. Dirección Técnica de Micro y Nano Tecnologías. Departamento de Prototipado Microelectrónico y Electrónica Impresa^sINTI-GODTeI-SOAC^pArgentina<|>^aVeiga, Lionel Sebastián^nInstituto Nacional de Tecnología Industrial. Gerencia Operativa de Desarrollo Tecnológico e Innovación. Subgerencia Operativa de Áreas de Conocimiento. Dirección Técnica de Micro y Nano Tecnologías. Departamento de Prototipado Microelectrónico y Electrónica Impresa^sINTI-GODTeI-SOAC^pArgentina<|>^aGarate, O.^nInstituto Nacional de Tecnología Industrial. Gerencia Operativa de Desarrollo Tecnológico e Innovación. Subgerencia Operativa de Áreas de Conocimiento. Dirección Técnica de Micro y Nano Tecnologías. Departamento de Prototipado Microelectrónico y Electrónica Impresa^sINTI-GODTeI-SOAC^pArgentina<|>^aLonginotti, María Gloria^nInstituto Nacional de Tecnología Industrial. Gerencia Operativa de Desarrollo Tecnológico e Innovación. Subgerencia Operativa de Áreas de Conocimiento. Dirección Técnica de Micro y Nano Tecnologías. Departamento de Prototipado Microelectrónico y Electrónica Impresa^sINTI-GODTeI-SOAC^pArgentina<|>^aRamón, E.^nInstitut de Microelectrònica de Barcelona^sIMB-CNM^pArgentina<|>^aGabriel, G.^nInstitut de Microelectrònica de Barcelona^sIMB-CNM^pArgentina<|>^aYbarra, Gabriel Omar^nInstituto Nacional de Tecnología Industrial. Gerencia Operativa de Desarrollo Tecnológico e Innovación. Subgerencia Operativa de Áreas de Conocimiento. Dirección Técnica de Micro y Nano Tecnologías. Departamento de Prototipado Microelectrónico y Electrónica Impresa^sINTI-GODTeI-SOAC^pArgentina
050792;v22_Autor_personal;Benítez, A.<|>Köber, Érica<|>Ruiz, Adrián Alejandro<|>Stipelman, A.;Benítez, Graciela Alejandra<|>Köber, Érica<|>Ruiz, Adrián Alejandro<|>Stipelman, A.
050792;v26_Afiliacion_del_autor;^aBenítez, A.^nInstituto Nacional de Tecnología Industrial. Dirección Operativa. Gerencia Operativa de Servicios Industriales. Subgerencia Operativa de Construcciones e Infraestructura. Dirección Técnica de Tecnología del Hormigón y Aglomerantes^sINTI-GOSI-SOCeI^pArgentina<|>^aKöber, Érica^nInstituto Nacional de Tecnología Industrial. Dirección Operativa. Gerencia Operativa de Servicios Industriales. Subgerencia Operativa de Construcciones e Infraestructura. Dirección Técnica de Tecnología del Hormigón y Aglomerantes^sINTI-GOSI-SOCeI^pArgentina<|>^aRuiz, Adrián Alejandro^nInstituto Nacional de Tecnología Industrial. Dirección Operativa. Gerencia Operativa de Servicios Industriales. Subgerencia Operativa de Construcciones e Infraestructura. Dirección Técnica de Tecnología del Hormigón y Aglomerantes^sINTI-GOSI-SOCeI^pArgentina<|>^aStipelman, A.^nPenetron Argentina SRL^sPenetron Argentina SRL^pArgentina;^aBenítez, Graciela Alejandra^nInstituto Nacional de Tecnología Industrial. Dirección Operativa. Gerencia Operativa de Servicios Industriales. Subgerencia Operativa de Construcciones e Infraestructura. Dirección Técnica de Tecnología del Hormigón y Aglomerantes^sINTI-GOSI-SOCeI^pArgentina<|>^aKöber, Érica^nInstituto Nacional de Tecnología Industrial. Dirección Operativa. Gerencia Operativa de Servicios Industriales. Subgerencia Operativa de Construcciones e Infraestructura. Dirección Técnica de Tecnología del Hormigón y Aglomerantes^sINTI-GOSI-SOCeI^pArgentina<|>^aRuiz, Adrián Alejandro^nInstituto Nacional de Tecnología Industrial. Dirección Operativa. Gerencia Operativa de Servicios Industriales. Subgerencia Operativa de Construcciones e Infraestructura. Dirección Técnica de Tecnología del Hormigón y Aglomerantes^sINTI-GOSI-SOCeI^pArgentina<|>^aStipelman, A.^nPenetron Argentina SRL^sPenetron Argentina SRL^pArgentina
050793;v22_Autor_personal;Emilio, I.<|>Longinotti, G.<|>Ybarra, Gabriel Omar;Emilio, I.<|>Longinotti, María Gloria<|>Ybarra, Gabriel Omar
050793;v26_Afiliacion_del_autor;^aEmilio, I.^nInstituto Nacional de Tecnología Industrial. Gerencia Operativa de Desarrollo Tecnológico e Innovación. Subgerencia Operativa de Áreas de Conocimiento. Dirección Técnica de Micro y Nano Tecnologías. Departamento de Nanomateriales Funcionales^sINTI-GODTeI-SOAC^pArgentina<|>^aLonginotti, G.^nInstituto Nacional de Tecnología Industrial. Gerencia Operativa de Desarrollo Tecnológico e Innovación. Subgerencia Operativa de Áreas de Conocimiento. Dirección Técnica de Micro y Nano Tecnologías. Departamento de Nanomateriales Funcionales^sINTI-GODTeI-SOAC^pArgentina<|>^aYbarra, Gabriel Omar^nInstituto Nacional de Tecnología Industrial. Gerencia Operativa de Desarrollo Tecnológico e Innovación. Subgerencia Operativa de Áreas de Conocimiento. Dirección Técnica de Micro y Nano Tecnologías. Departamento de Nanomateriales Funcionales^sINTI-GODTeI-SOAC^pArgentina;^aEmilio, I.^nInstituto Nacional de Tecnología Industrial. Gerencia Operativa de Desarrollo Tecnológico e Innovación. Subgerencia Operativa de Áreas de Conocimiento. Dirección Técnica de Micro y Nano Tecnologías. Departamento de Nanomateriales Funcionales^sINTI-GODTeI-SOAC^pArgentina<|>^aLonginotti, María Gloria^nInstituto Nacional de Tecnología Industrial. Gerencia Operativa de Desarrollo Tecnológico e Innovación. Subgerencia Operativa de Áreas de Conocimiento. Dirección Técnica de Micro y Nano Tecnologías. Departamento de Nanomateriales Funcionales^sINTI-GODTeI-SOAC^pArgentina<|>^aYbarra, Gabriel Omar^nInstituto Nacional de Tecnología Industrial. Gerencia Operativa de Desarrollo Tecnológico e Innovación. Subgerencia Operativa de Áreas de Conocimiento. Dirección Técnica de Micro y Nano Tecnologías. Departamento de Nanomateriales Funcionales^sINTI-GODTeI-SOAC^pArgentina
050796;v22_Autor_personal;Anfossi, Lionel Alexis<|>Benítez, A.<|>Civitillo, Pablo Andrés<|>Fernández Sturla, María José<|>Köber, Érica;Anfossi, Lionel Alexis<|>Benítez, Graciela Alejandra<|>Civitillo, Pablo Andrés<|>Fernández Sturla, María José<|>Köber, Érica
050796;v26_Afiliacion_del_autor;^aAnfossi, Lionel Alexis^nInstituto Nacional de Tecnología Industrial. Dirección Operativa. Gerencia Operativa de Servicios Industriales. Subgerencia Operativa de Construcciones e Infraestructura. Dirección Técnica de Tecnología del Hormigón y Aglomerantes^sINTI-GODSI-SOCeI^pArgentina<|>^aBenítez, A.^nInstituto Nacional de Tecnología Industrial. Dirección Operativa. Gerencia Operativa de Servicios Industriales. Subgerencia Operativa de Construcciones e Infraestructura. Dirección Técnica de Tecnología del Hormigón y Aglomerantes^sINTI-GODSI-SOCeI^pArgentina<|>^aFernández Sturla, María José^nInstituto Nacional de Tecnología Industrial. Dirección Operativa. Gerencia Operativa de Servicios Industriales. Subgerencia Operativa de Construcciones e Infraestructura. Dirección Técnica de Tecnología del Hormigón y Aglomerantes^sINTI-GODSI-SOCeI^pArgentina<|>^aKöber, Érica^nInstituto Nacional de Tecnología Industrial. Dirección Operativa. Gerencia Operativa de Servicios Industriales. Subgerencia Operativa de Construcciones e Infraestructura. Dirección Técnica de Tecnología del Hormigón y Aglomerantes^sINTI-GODSI-SOCeI^pArgentina<|>^aCivitillo, Pablo Andrés^nInstituto Nacional de Tecnología Industrial. Dirección Operativa. Gerencia Operativa de Servicios Industriales. Subgerencia Operativa de Construcciones e Infraestructura. Dirección Técnica de Infraestructura y Geotecnia. Departamento de Estructuras^sINTI-GOSI-SOCeI^pArgentina;^aAnfossi, Lionel Alexis^nInstituto Nacional de Tecnología Industrial. Dirección Operativa. Gerencia Operativa de Servicios Industriales. Subgerencia Operativa de Construcciones e Infraestructura. Dirección Técnica de Tecnología del Hormigón y Aglomerantes^sINTI-GODSI-SOCeI^pArgentina<|>^aBenítez, Graciela Alejandra^nInstituto Nacional de Tecnología Industrial. Dirección Operativa. Gerencia Operativa de Servicios Industriales. Subgerencia Operativa de Construcciones e Infraestructura. Dirección Técnica de Tecnología del Hormigón y Aglomerantes^sINTI-GODSI-SOCeI^pArgentina<|>^aFernández Sturla, María José^nInstituto Nacional de Tecnología Industrial. Dirección Operativa. Gerencia Operativa de Servicios Industriales. Subgerencia Operativa de Construcciones e Infraestructura. Dirección Técnica de Tecnología del Hormigón y Aglomerantes^sINTI-GODSI-SOCeI^pArgentina<|>^aKöber, Érica^nInstituto Nacional de Tecnología Industrial. Dirección Operativa. Gerencia Operativa de Servicios Industriales. Subgerencia Operativa de Construcciones e Infraestructura. Dirección Técnica de Tecnología del Hormigón y Aglomerantes^sINTI-GODSI-SOCeI^pArgentina<|>^aCivitillo, Pablo Andrés^nInstituto Nacional de Tecnología Industrial. Dirección Operativa. Gerencia Operativa de Servicios Industriales. Subgerencia Operativa de Construcciones e Infraestructura. Dirección Técnica de Infraestructura y Geotecnia. Departamento de Estructuras^sINTI-GOSI-SOCeI^pArgentina
050801;v22_Autor_personal;Benítez, A.<|>Jure. B.<|>Köber, Érica<|>Ruíz. A.<|>Torrent, Roberto J.;Benítez, Graciela Alejandra<|>Jure. B.<|>Köber, Érica<|>Ruiz, Adrián Alejandro<|>Torrent, Roberto J.
050801;v26_Afiliacion_del_autor;^aBenítez, A.^nInstituto Nacional de Tecnología Industrial. Dirección Operativa. Gerencia Operativa de Servicios Industriales. Subgerencia Operativa de Construcciones e Infraestructura. Dirección Técnica de Tecnología del Hormigón y Aglomerantes^sINTI-GOSI-SOCel^pArgentina<|>^aJure. B.^nInstituto Nacional de Tecnología Industrial. Dirección Operativa. Gerencia Operativa de Servicios Industriales. Subgerencia Operativa de Construcciones e Infraestructura. Dirección Técnica de Tecnología del Hormigón y Aglomerantes^sINTI-GOSI-SOCel^pArgentina<|>^aKöber, Érica^nInstituto Nacional de Tecnología Industrial. Dirección Operativa. Gerencia Operativa de Servicios Industriales. Subgerencia Operativa de Construcciones e Infraestructura. Dirección Técnica de Tecnología del Hormigón y Aglomerantes^sINTI-GOSI-SOCel^pArgentina<|>^aRuíz. A.^nInstituto Nacional de Tecnología Industrial. Dirección Operativa. Gerencia Operativa de Servicios Industriales. Subgerencia Operativa de Construcciones e Infraestructura. Dirección Técnica de Tecnología del Hormigón y Aglomerantes^sINTI-GOSI-SOCel^pArgentina<|>^aTorrent, Roberto J.^nMaterials Advanced Services SRL (M-A-S)^pArgentina;^aBenítez, Graciela Alejandra^nInstituto Nacional de Tecnología Industrial. Dirección Operativa. Gerencia Operativa de Servicios Industriales. Subgerencia Operativa de Construcciones e Infraestructura. Dirección Técnica de Tecnología del Hormigón y Aglomerantes^sINTI-GOSI-SOCel^pArgentina<|>^aJure. B.^nInstituto Nacional de Tecnología Industrial. Dirección Operativa. Gerencia Operativa de Servicios Industriales. Subgerencia Operativa de Construcciones e Infraestructura. Dirección Técnica de Tecnología del Hormigón y Aglomerantes^sINTI-GOSI-SOCel^pArgentina<|>^aKöber, Érica^nInstituto Nacional de Tecnología Industrial. Dirección Operativa. Gerencia Operativa de Servicios Industriales. Subgerencia Operativa de Construcciones e Infraestructura. Dirección Técnica de Tecnología del Hormigón y Aglomerantes^sINTI-GOSI-SOCel^pArgentina<|>^aRuiz, Adrián Alejandro^nInstituto Nacional de Tecnología Industrial. Dirección Operativa. Gerencia Operativa de Servicios Industriales. Subgerencia Operativa de Construcciones e Infraestructura. Dirección Técnica de Tecnología del Hormigón y Aglomerantes^sINTI-GOSI-SOCel^pArgentina<|>^aTorrent, Roberto J.^nMaterials Advanced Services SRL (M-A-S)^pArgentina
050804;v22_Autor_personal;Tufaro, Leonardo Nicolás<|>Svoboda. H. G.;Tufaro, Leonardo Nicolás<|>Svoboda, Hernán Gabriel
050805;v22_Autor_personal;Benítez, A.<|>Ruiz, Adrián Alejandro<|>Castro, A.<|>Rodríguez Ierace, D.<|>Perrone, F;Benítez, Graciela Alejandra<|>Ruiz, Adrián Alejandro<|>Castro, Ángel Patricio<|>Rodríguez Ierace, D.<|>Perrone, F
050805;v26_Afiliacion_del_autor;^aBenítez, A.^nInstituto Nacional de Tecnología Industrial. Dirección Operativa. Gerencia Operativa de Servicios Industriales. Subgerencia Operativa de Construcciones e Infraestructura. Dirección Técnica de Tecnología del Hormigón y Aglomerantes^sINTI-GOSI-SOCel^pArgentina<|>^aRuiz, Adrián Alejandro^nInstituto Nacional de Tecnología Industrial. Dirección Operativa. Gerencia Operativa de Servicios Industriales. Subgerencia Operativa de Construcciones e Infraestructura. Dirección Técnica de Tecnología del Hormigón y Aglomerantes^sINTI-GOSI-SOCel^pArgentina<|>^aCastro, A.^nServicio Argentino de Interlaboratorios-INTI^pArgentina<|>^aRodríguez Ierace, D.^nServicio Argentino de Interlaboratorios-INTI^pArgentina<|>^aPerrone, F.^n Asociación Argentina de Tecnología del Hormigón^sAATH^pArgentina;^aBenítez, Graciela Alejandra^nInstituto Nacional de Tecnología Industrial. Dirección Operativa. Gerencia Operativa de Servicios Industriales. Subgerencia Operativa de Construcciones e Infraestructura. Dirección Técnica de Tecnología del Hormigón y Aglomerantes^sINTI-GOSI-SOCel^pArgentina<|>^aRuiz, Adrián Alejandro^nInstituto Nacional de Tecnología Industrial. Dirección Operativa. Gerencia Operativa de Servicios Industriales. Subgerencia Operativa de Construcciones e Infraestructura. Dirección Técnica de Tecnología del Hormigón y Aglomerantes^sINTI-GOSI-SOCel^pArgentina<|>^aCastro, Ángel Patricio^nServicio Argentino de Interlaboratorios-INTI^pArgentina<|>^aRodríguez Ierace, D.^nServicio Argentino de Interlaboratorios-INTI^pArgentina<|>^aPerrone, F.^n Asociación Argentina de Tecnología del Hormigón^sAATH^pArgentina
050807;v22_Autor_personal;Benítez, A.<|>Jure, Abraham Bahich<|>Nogales Ojeda, Jorge Luis<|>Szychovsky, J.<|>Torrent, Roberto J.<|>Varela, A.<|>Zino, G.;Benítez, Graciela Alejandra<|>Jure, Abraham Bahich<|>Nogales Ojeda, Jorge Luis<|>Szychovsky, J.<|>Torrent, Roberto J.<|>Varela, A.<|>Zino, G.
050807;v26_Afiliacion_del_autor;^aBenítez, A.^nInstituto Nacional de Tecnología Industrial. Dirección Operativa. Gerencia Operativa de Servicios Industriales. Subgerencia Operativa de Construcciones e Infraestructura. Dirección Técnica de Tecnología del Hormigón y Aglomerantes^sINTI-GOSI-SOCel^pArgentina<|>^aJure, Abraham Bahich^nInstituto Nacional de Tecnología Industrial. Dirección Operativa. Gerencia Operativa de Servicios Industriales. Subgerencia Operativa de Construcciones e Infraestructura. Dirección Técnica de Tecnología del Hormigón y Aglomerantes^sINTI-GOSI-SOCel^pArgentina<|>^aNogales Ojeda, Jorge Luis^nInstituto Nacional de Tecnología Industrial. Dirección Operativa. Gerencia Operativa de Servicios Industriales. Subgerencia Operativa de Construcciones e Infraestructura. Dirección Técnica de Tecnología del Hormigón y Aglomerantes^sINTI-GOSI-SOCel^pArgentina<|>^aVarela, A.^nInstituto Nacional de Tecnología Industrial. Dirección Operativa. Gerencia Operativa de Servicios Industriales. Subgerencia Operativa de Construcciones e Infraestructura. Dirección Técnica de Tecnología del Hormigón y Aglomerantes^sINTI-GOSI-SOCel^pArgentina<|>^aSzychovsky, J.^nMaterials Advanced Services SRL (M-A-S)^pArgentina<|>^aTorrent, Roberto J.^nMaterials Advanced Services SRL (M-A-S)^pArgentina<|>^aZino, G.^nMaterials Advanced Services SRL (M-A-S)^pArgentina;^aBenítez, Graciela Alejandra^nInstituto Nacional de Tecnología Industrial. Dirección Operativa. Gerencia Operativa de Servicios Industriales. Subgerencia Operativa de Construcciones e Infraestructura. Dirección Técnica de Tecnología del Hormigón y Aglomerantes^sINTI-GOSI-SOCel^pArgentina<|>^aJure, Abraham Bahich^nInstituto Nacional de Tecnología Industrial. Dirección Operativa. Gerencia Operativa de Servicios Industriales. Subgerencia Operativa de Construcciones e Infraestructura. Dirección Técnica de Tecnología del Hormigón y Aglomerantes^sINTI-GOSI-SOCel^pArgentina<|>^aNogales Ojeda, Jorge Luis^nInstituto Nacional de Tecnología Industrial. Dirección Operativa. Gerencia Operativa de Servicios Industriales. Subgerencia Operativa de Construcciones e Infraestructura. Dirección Técnica de Tecnología del Hormigón y Aglomerantes^sINTI-GOSI-SOCel^pArgentina<|>^aVarela, A.^nInstituto Nacional de Tecnología Industrial. Dirección Operativa. Gerencia Operativa de Servicios Industriales. Subgerencia Operativa de Construcciones e Infraestructura. Dirección Técnica de Tecnología del Hormigón y Aglomerantes^sINTI-GOSI-SOCel^pArgentina<|>^aSzychovsky, J.^nMaterials Advanced Services SRL (M-A-S)^pArgentina<|>^aTorrent, Roberto J.^nMaterials Advanced Services SRL (M-A-S)^pArgentina<|>^aZino, G.^nMaterials Advanced Services SRL (M-A-S)^pArgentina
050815;v22_Autor_personal;Benítez, A.<|>Köber, Érica<|>Ruiz, Adrián Alejandro<|>Stipelman, A.;Benítez, Graciela Alejandra<|>Köber, Érica<|>Ruiz, Adrián Alejandro<|>Stipelman, A.
050815;v26_Afiliacion_del_autor;^aBenítez, A.^nInstituto Nacional de Tecnología Industrial. Dirección Operativa. Gerencia Operativa de Servicios Industriales. Subgerencia Operativa de Construcciones e Infraestructura. Dirección Técnica de Tecnología del Hormigón y Aglomerantes^sINTI-SOCel-GOSEL^pArgentina<|>^aKöber, Érica^nInstituto Nacional de Tecnología Industrial. Dirección Operativa. Gerencia Operativa de Servicios Industriales. Subgerencia Operativa de Construcciones e Infraestructura. Dirección Técnica de Tecnología del Hormigón y Aglomerantes^sINTI-SOCel-GOSEL^pArgentina<|>^aRuiz, Adrián Alejandro^nInstituto Nacional de Tecnología Industrial. Dirección Operativa. Gerencia Operativa de Servicios Industriales. Subgerencia Operativa de Construcciones e Infraestructura. Dirección Técnica de Tecnología del Hormigón y Aglomerantes^sINTI-SOCel-GOSEL^pArgentina<|>^aStipelman, A.^nPenetron Argentina SRL^pArgentina;^aBenítez, Graciela Alejandra^nInstituto Nacional de Tecnología Industrial. Dirección Operativa. Gerencia Operativa de Servicios Industriales. Subgerencia Operativa de Construcciones e Infraestructura. Dirección Técnica de Tecnología del Hormigón y Aglomerantes^sINTI-SOCel-GOSEL^pArgentina<|>^aKöber, Érica^nInstituto Nacional de Tecnología Industrial. Dirección Operativa. Gerencia Operativa de Servicios Industriales. Subgerencia Operativa de Construcciones e Infraestructura. Dirección Técnica de Tecnología del Hormigón y Aglomerantes^sINTI-SOCel-GOSEL^pArgentina<|>^aRuiz, Adrián Alejandro^nInstituto Nacional de Tecnología Industrial. Dirección Operativa. Gerencia Operativa de Servicios Industriales. Subgerencia Operativa de Construcciones e Infraestructura. Dirección Técnica de Tecnología del Hormigón y Aglomerantes^sINTI-SOCel-GOSEL^pArgentina<|>^aStipelman, A.^nPenetron Argentina SRL^pArgentina
050829;v22_Autor_personal;Díaz, Natalia Beatriz<|>Iuzzolino, Ricardo Javier<|>Álvarez, L.;Díaz, Natalia Beatriz<|>Iuzzolino, Ricardo Javier<|>Álvarez, Lucía
050829;v26_Afiliacion_del_autor;^aDíaz, Natalia Beatriz^nInstituto Nacional de Tecnología Industrial. Dirección Operativa. Gerencia Operativa de Metrología y Calidad. Subgerencia Operativa de Metrología Científica e Industrial. Dirección Técnica de Metrología Física. Departamento de Óptica y Dimensional^sINTI-GOMyC-SOMCeI^pArgentina<|>^aIuzzolino, Ricardo Javier^nInstituto Nacional de Tecnología Industrial. Dirección Operativa. Gerencia Operativa de Metrología y Calidad. Subgerencia Operativa de Metrología Científica e Industrial. Dirección Técnica de Metrología Física. Departamento de Metrología Cuántica^sINTI-GOMyC^pArgentina<|>^aÁlvarez, L.^nInstituto Nacional de Tecnología Industrial. Dirección Operativa. Gerencia Operativa de Metrología y Calidad. Subgerencia Operativa de Metrología Científica e Industrial. Dirección Técnica de Metrología Física. Departamento de Óptica y Dimensional^sINTI-GOMyC-SOMCeI^pArgentina;^aDíaz, Natalia Beatriz^nInstituto Nacional de Tecnología Industrial. Dirección Operativa. Gerencia Operativa de Metrología y Calidad. Subgerencia Operativa de Metrología Científica e Industrial. Dirección Técnica de Metrología Física. Departamento de Óptica y Dimensional^sINTI-GOMyC-SOMCeI^pArgentina<|>^aIuzzolino, Ricardo Javier^nInstituto Nacional de Tecnología Industrial. Dirección Operativa. Gerencia Operativa de Metrología y Calidad. Subgerencia Operativa de Metrología Científica e Industrial. Dirección Técnica de Metrología Física. Departamento de Metrología Cuántica^sINTI-GOMyC^pArgentina<|>^aÁlvarez, Lucía^nInstituto Nacional de Tecnología Industrial. Dirección Operativa. Gerencia Operativa de Metrología y Calidad. Subgerencia Operativa de Metrología Científica e Industrial. Dirección Técnica de Metrología Física. Departamento de Óptica y Dimensional^sINTI-GOMyC-SOMCeI^pArgentina
050835;v22_Autor_personal;Peralta, Matías Eduardo<|>Acosta, Osvaldo Héctor<|>Lozano, H.<|>Strático, M.<|>Puelles, M.;Peralta, Matías Eduardo<|>Acosta, Osvaldo Héctor<|>Lozano, H.<|>Stratico, Carlos Mariano<|>Puelles, M.
050835;v26_Afiliacion_del_autor;^aPeralta, Matías Eduardo^nInstituto Nacional de Tecnología Industrial. Dirección Operativa. Gerencia Operativa de Metrología y Calidad. Subgerencia Operativa de Metrología Científica e Industrial. Dirección Técnica de Metrología Química. Departamento de Metrología en Ambiente y Salud^sINTI-GOMyC-SOMCeI^pArgentina<|>^aAcosta, Osvaldo Héctor^nInstituto Nacional de Tecnología Industrial. Dirección Operativa. Gerencia Operativa de Metrología y Calidad. Subgerencia Operativa de Metrología Científica e Industrial. Dirección Técnica de Metrología Química. Departamento de Metrología en Ambiente y Salud^sINTI-GOMyC-SOMCeI^pArgentina<|>^aLozano, H.^nInstituto Nacional de Tecnología Industrial. Dirección Operativa. Gerencia Operativa de Metrología y Calidad. Subgerencia Operativa de Metrología Científica e Industrial. Dirección Técnica de Metrología Química. Departamento de Metrología en Ambiente y Salud^sINTI-GOMyC-SOMCeI^pArgentina<|>^aStrático, M.^nInstituto Nacional de Tecnología Industrial. Dirección Operativa. Gerencia Operativa de Metrología y Calidad. Subgerencia Operativa de Metrología Científica e Industrial. Dirección Técnica de Metrología Química. Departamento de Metrología en Ambiente y Salud^sINTI-GOMyC-SOMCeI^pArgentina<|>^aPuelles, M.^nInstituto Nacional de Tecnología Industrial. Dirección Operativa. Gerencia Operativa de Metrología y Calidad. Subgerencia Operativa de Metrología Científica e Industrial. Dirección Técnica de Metrología Química. Departamento de Metrología en Ambiente y Salud^sINTI-GOMyC-SOMCeI^pArgentina;^aPeralta, Matías Eduardo^nInstituto Nacional de Tecnología Industrial. Dirección Operativa. Gerencia Operativa de Metrología y Calidad. Subgerencia Operativa de Metrología Científica e Industrial. Dirección Técnica de Metrología Química. Departamento de Metrología en Ambiente y Salud^sINTI-GOMyC-SOMCeI^pArgentina<|>^aAcosta, Osvaldo Héctor^nInstituto Nacional de Tecnología Industrial. Dirección Operativa. Gerencia Operativa de Metrología y Calidad. Subgerencia Operativa de Metrología Científica e Industrial. Dirección Técnica de Metrología Química. Departamento de Metrología en Ambiente y Salud^sINTI-GOMyC-SOMCeI^pArgentina<|>^aLozano, H.^nInstituto Nacional de Tecnología Industrial. Dirección Operativa. Gerencia Operativa de Metrología y Calidad. Subgerencia Operativa de Metrología Científica e Industrial. Dirección Técnica de Metrología Química. Departamento de Metrología en Ambiente y Salud^sINTI-GOMyC-SOMCeI^pArgentina<|>^aStratico, Carlos Mariano^nInstituto Nacional de Tecnología Industrial. Dirección Operativa. Gerencia Operativa de Metrología y Calidad. Subgerencia Operativa de Metrología Científica e Industrial. Dirección Técnica de Metrología Química. Departamento de Metrología en Ambiente y Salud^sINTI-GOMyC-SOMCeI^pArgentina<|>^aPuelles, M.^nInstituto Nacional de Tecnología Industrial. Dirección Operativa. Gerencia Operativa de Metrología y Calidad. Subgerencia Operativa de Metrología Científica e Industrial. Dirección Técnica de Metrología Química. Departamento de Metrología en Ambiente y Salud^sINTI-GOMyC-SOMCeI^pArgentina
050839;v22_Autor_personal;Acosta, Osvaldo Héctor<|>Puelles, M.<|>Stratico, M.<|>Peralta, Matías Eduardo<|>Speranza, J.<|>Gatti, P.;Acosta, Osvaldo Héctor<|>Puelles, M.<|>Stratico, Carlos Mariano<|>Peralta, Matías Eduardo<|>Speranza, Jorge Luis<|>Gatti, P.
050839;v26_Afiliacion_del_autor;^aAcosta, Osvaldo Héctor^nInstituto Nacional de Tecnología Industrial. Dirección Operativa. Gerencia Operativa de Metrología y Calidad. Subgerencia Operativa de Metrología Científica e Industrial. Dirección Técnica de Metrología Química. Departamento de Metrología en Ambiente y Salud^sINTI-GOMyC-SOMCeI^pArgentina<|>^aPuelles, M.^nInstituto Nacional de Tecnología Industrial. Dirección Operativa. Gerencia Operativa de Metrología y Calidad. Subgerencia Operativa de Metrología Científica e Industrial. Dirección Técnica de Metrología Química. Departamento de Metrología en Ambiente y Salud^sINTI-GOMyC-SOMCeI^pArgentina<|>^aStratico, M.^nInstituto Nacional de Tecnología Industrial. Dirección Operativa. Gerencia Operativa de Metrología y Calidad. Subgerencia Operativa de Metrología Científica e Industrial. Dirección Técnica de Metrología Química. Departamento de Metrología en Ambiente y Salud^sINTI-GOMyC-SOMCeI^pArgentina<|>^aPeralta, Matías Eduardo^nInstituto Nacional de Tecnología Industrial. Dirección Operativa. Gerencia Operativa de Metrología y Calidad. Subgerencia Operativa de Metrología Científica e Industrial. Dirección Técnica de Metrología Química. Departamento de Metrología en Ambiente y Salud^sINTI-GOMyC-SOMCeI^pArgentina<|>^aSperanza, J.^nInstituto Nacional de Tecnología Industrial. Dirección Operativa. Gerencia Operativa de Metrología y Calidad. Subgerencia Operativa de Metrología Científica e Industrial. Dirección Técnica de Metrología Química. Departamento de Metrología en Ambiente y Salud^sINTI-GOMyC-SOMCeI^pArgentina<|>^aGatti, P.^nInstituto Nacional de Tecnología Industrial. Dirección Operativa. Gerencia Operativa de Metrología y Calidad. Subgerencia Operativa de Metrología Científica e Industrial^sINTI-GOMyC-SOMCeI^pArgentina;^aAcosta, Osvaldo Héctor^nInstituto Nacional de Tecnología Industrial. Dirección Operativa. Gerencia Operativa de Metrología y Calidad. Subgerencia Operativa de Metrología Científica e Industrial. Dirección Técnica de Metrología Química. Departamento de Metrología en Ambiente y Salud^sINTI-GOMyC-SOMCeI^pArgentina<|>^aPuelles, M.^nInstituto Nacional de Tecnología Industrial. Dirección Operativa. Gerencia Operativa de Metrología y Calidad. Subgerencia Operativa de Metrología Científica e Industrial. Dirección Técnica de Metrología Química. Departamento de Metrología en Ambiente y Salud^sINTI-GOMyC-SOMCeI^pArgentina<|>^aStratico, Carlos Mariano^nInstituto Nacional de Tecnología Industrial. Dirección Operativa. Gerencia Operativa de Metrología y Calidad. Subgerencia Operativa de Metrología Científica e Industrial. Dirección Técnica de Metrología Química. Departamento de Metrología en Ambiente y Salud^sINTI-GOMyC-SOMCeI^pArgentina<|>^aPeralta, Matías Eduardo^nInstituto Nacional de Tecnología Industrial. Dirección Operativa. Gerencia Operativa de Metrología y Calidad. Subgerencia Operativa de Metrología Científica e Industrial. Dirección Técnica de Metrología Química. Departamento de Metrología en Ambiente y Salud^sINTI-GOMyC-SOMCeI^pArgentina<|>^aSperanza, Jorge Luis^nInstituto Nacional de Tecnología Industrial. Dirección Operativa. Gerencia Operativa de Metrología y Calidad. Subgerencia Operativa de Metrología Científica e Industrial. Dirección Técnica de Metrología Química. Departamento de Metrología en Ambiente y Salud^sINTI-GOMyC-SOMCeI^pArgentina<|>^aGatti, P.^nInstituto Nacional de Tecnología Industrial. Dirección Operativa. Gerencia Operativa de Metrología y Calidad. Subgerencia Operativa de Metrología Científica e Industrial^sINTI-GOMyC-SOMCeI^pArgentina
050841;v22_Autor_personal;Álvarez, L.<|>Giarmana, G.;Álvarez, Lucía<|>Giarmana, G.
050841;v26_Afiliacion_del_autor;^aÁlvarez, L.^nInstituto Nacional de Tecnología Industrial. Dirección Operativa. Gerencia Operativa de Metrología y Calidad. Subgerencia Operativa de Metrología Científica e Industrial. Dirección Técnica de Metrología Física. Departamento de Óptica y Dimensional^sINTI-GOMyC-SOMCeI^pArgentina<|>^aGiarmana, G.^nInstituto Nacional de Tecnología Industrial. Dirección Operativa. Gerencia Operativa de Metrología y Calidad. Subgerencia Operativa de Metrología Científica e Industrial. Dirección Técnica de Metrología Física. Departamento de Óptica y Dimensional^sINTI-GOMyC-SOMCeI^pArgentina;^aÁlvarez, Lucía^nInstituto Nacional de Tecnología Industrial. Dirección Operativa. Gerencia Operativa de Metrología y Calidad. Subgerencia Operativa de Metrología Científica e Industrial. Dirección Técnica de Metrología Física. Departamento de Óptica y Dimensional^sINTI-GOMyC-SOMCeI^pArgentina<|>^aGiarmana, G.^nInstituto Nacional de Tecnología Industrial. Dirección Operativa. Gerencia Operativa de Metrología y Calidad. Subgerencia Operativa de Metrología Científica e Industrial. Dirección Técnica de Metrología Física. Departamento de Óptica y Dimensional^sINTI-GOMyC-SOMCeI^pArgentina
050860;v22_Autor_personal;Szombach, J.<|>Riu, F.<|>Pisano, Emilio Mauro Rafael<|>Rivero, A.;Szombach, Juan Ignacio<|>Riu, F.<|>Pisano, Emilio Mauro Rafael<|>Rivero, A.
050860;v26_Afiliacion_del_autor;^aSzombach, J.^nInstituto Nacional de Tecnología Industrial. Dirección Operativa. Gerencia Operativa de Servicios Industriales. Subgerencia Operativa de Mecánica y Logística. Dirección Técnica de Procesos Industriales. Departamento de Servicios de Ingeniería^sINTI-GOSI-SOMyL^pArgentina<|>^aRiu, F.^nInstituto Nacional de Tecnología Industrial. Dirección Operativa. Gerencia Operativa de Servicios Industriales. Subgerencia Operativa de Mecánica y Logística. Dirección Técnica de Procesos Industriales. Departamento de Servicios de Ingeniería^sINTI-GOSI-SOMyL^pArgentina<|>^aPisano, Emilio Mauro Rafael^nInstituto Nacional de Tecnología Industrial. Dirección Operativa. Gerencia Operativa de Servicios Industriales. Subgerencia Operativa de Mecánica y Logística. Dirección Técnica de Procesos Industriales. Departamento de Servicios de Ingeniería^sINTI-GOSI-SOMyL^pArgentina<|>^aRivero, A.^nFleni^pArgentina;^aSzombach, Juan Ignacio^nInstituto Nacional de Tecnología Industrial. Dirección Operativa. Gerencia Operativa de Servicios Industriales. Subgerencia Operativa de Mecánica y Logística. Dirección Técnica de Procesos Industriales. Departamento de Servicios de Ingeniería^sINTI-GOSI-SOMyL^pArgentina<|>^aRiu, F.^nInstituto Nacional de Tecnología Industrial. Dirección Operativa. Gerencia Operativa de Servicios Industriales. Subgerencia Operativa de Mecánica y Logística. Dirección Técnica de Procesos Industriales. Departamento de Servicios de Ingeniería^sINTI-GOSI-SOMyL^pArgentina<|>^aPisano, Emilio Mauro Rafael^nInstituto Nacional de Tecnología Industrial. Dirección Operativa. Gerencia Operativa de Servicios Industriales. Subgerencia Operativa de Mecánica y Logística. Dirección Técnica de Procesos Industriales. Departamento de Servicios de Ingeniería^sINTI-GOSI-SOMyL^pArgentina<|>^aRivero, A.^nFleni^pArgentina
050866;v22_Autor_personal;Renzi, L.<|>Rodríguez, Matías Agustín<|>Ohaco, P.<|>Tejada, L.;Renzi, L.<|>Rodríguez, Matías Agustín<|>Ohaco, P.<|>Tejada, Laura Elizabeth
050866;v26_Afiliacion_del_autor;^aRenzi, L.^nInstituto Nacional de Tecnología Industrial. Dirección Operativa. Gerencia Operativa de Asistencia Regional. Subgerencia Operativa Regional Patagonia. Departamento de Gestión de Proyectos Patagonia^sINTI-GOAR-SORPatagonia^pArgentina<|>^aRodríguez, Matías Agustín^nInstituto Nacional de Tecnología Industrial. Dirección Operativa. Gerencia Operativa de Asistencia Regional. Subgerencia Operativa Regional Patagonia. Dirección Técnica Regional Patagonia Sur. Departamento de Tecnologías de Gestión y Logística Patagonia^sINTI-GOAR-SORPatagonia^pArgentina<|>^aOhaco, P.^nInstituto Nacional de Tecnología Industrial. Dirección Operativa. Gerencia Operativa de Asistencia Regional. Subgerencia Operativa Regional Patagonia. Dirección Técnica Regional Patagonia Norte. Departamento de Servicios Técnicos Industriales Patagonia^sINTI-GOAR-SORPatagonia^pArgentina<|>^aTejada, L.^nInstituto Nacional de Tecnología Industrial. Dirección Operativa. Gerencia Operativa de Asistencia Regional. Subgerencia Operativa Regional Patagonia. Dirección Técnica Regional Patagonia Norte. Departamento de Servicios Técnicos Industriales Patagonia^sINTI-GOAR-SORPatagonia^pArgentina;^aRenzi, L.^nInstituto Nacional de Tecnología Industrial. Dirección Operativa. Gerencia Operativa de Asistencia Regional. Subgerencia Operativa Regional Patagonia. Departamento de Gestión de Proyectos Patagonia^sINTI-GOAR-SORPatagonia^pArgentina<|>^aRodríguez, Matías Agustín^nInstituto Nacional de Tecnología Industrial. Dirección Operativa. Gerencia Operativa de Asistencia Regional. Subgerencia Operativa Regional Patagonia. Dirección Técnica Regional Patagonia Sur. Departamento de Tecnologías de Gestión y Logística Patagonia^sINTI-GOAR-SORPatagonia^pArgentina<|>^aOhaco, P.^nInstituto Nacional de Tecnología Industrial. Dirección Operativa. Gerencia Operativa de Asistencia Regional. Subgerencia Operativa Regional Patagonia. Dirección Técnica Regional Patagonia Norte. Departamento de Servicios Técnicos Industriales Patagonia^sINTI-GOAR-SORPatagonia^pArgentina<|>^aTejada, Laura Elizabeth^nInstituto Nacional de Tecnología Industrial. Dirección Operativa. Gerencia Operativa de Asistencia Regional. Subgerencia Operativa Regional Patagonia. Dirección Técnica Regional Patagonia Norte. Departamento de Servicios Técnicos Industriales Patagonia^sINTI-GOAR-SORPatagonia^pArgentina
050867;v22_Autor_personal;Villamil, A.<|>Ferreyra, J. L.<|>Espíndola, J.<|>Zambón, Silvia Noemí;Villamil, Abel Antonio<|>Ferreyra, J. L.<|>Espíndola, J.<|>Zambón, Silvia Noemí
050867;v26_Afiliacion_del_autor;^aVillamil, A.^nInstituto Nacional de Tecnología Industrial. Dirección Operativa. Gerencia Operativa de Asistencia Regional. Subgerencia Operativa Regional NEA. Dirección Técnica Regional NEA Oeste. Departamento de Servicios Analíticos NEA^sINTI-GOAR-SORNEA^pArgentina<|>^aFerreyra, J. L.^nInstituto Nacional de Tecnología Industrial. Dirección Operativa. Gerencia Operativa de Asistencia Regional. Subgerencia Operativa Regional NEA. Dirección Técnica Regional NEA Oeste. Departamento de Servicios Analíticos NEA^sINTI-GOAR-SORNEA^pArgentina<|>^aEspíndola, J.^nInstituto Nacional de Tecnología Industrial. Dirección Operativa. Gerencia Operativa de Asistencia Regional. Subgerencia Operativa Regional NEA. Dirección Técnica Regional NEA Oeste. Departamento de Servicios Analíticos NEA^sINTI-GOAR-SORNEA^pArgentina<|>^aZambón, Silvia Noemí^nInstituto Nacional de Tecnología Industrial. Dirección Operativa. Gerencia Operativa de Asistencia Regional. Subgerencia Operativa Regional NEA. Dirección Técnica Regional NEA Oeste. Departamento de Servicios Analíticos NEA^sINTI-GOAR-SORNEA^pArgentina;^aVillamil, Abel Antonio^nInstituto Nacional de Tecnología Industrial. Dirección Operativa. Gerencia Operativa de Asistencia Regional. Subgerencia Operativa Regional NEA. Dirección Técnica Regional NEA Oeste. Departamento de Servicios Analíticos NEA^sINTI-GOAR-SORNEA^pArgentina<|>^aFerreyra, J. L.^nInstituto Nacional de Tecnología Industrial. Dirección Operativa. Gerencia Operativa de Asistencia Regional. Subgerencia Operativa Regional NEA. Dirección Técnica Regional NEA Oeste. Departamento de Servicios Analíticos NEA^sINTI-GOAR-SORNEA^pArgentina<|>^aEspíndola, J.^nInstituto Nacional de Tecnología Industrial. Dirección Operativa. Gerencia Operativa de Asistencia Regional. Subgerencia Operativa Regional NEA. Dirección Técnica Regional NEA Oeste. Departamento de Servicios Analíticos NEA^sINTI-GOAR-SORNEA^pArgentina<|>^aZambón, Silvia Noemí^nInstituto Nacional de Tecnología Industrial. Dirección Operativa. Gerencia Operativa de Asistencia Regional. Subgerencia Operativa Regional NEA. Dirección Técnica Regional NEA Oeste. Departamento de Servicios Analíticos NEA^sINTI-GOAR-SORNEA^pArgentina
050871;v22_Autor_personal;Cesa, Verónica Silvina<|>Donnes, Lucila<|>Guerbi, A.<|>Oms, Eyra Malena<|>Rosatti, R.<|>Sicari, O.<|>Vadell, E.<|>Vergelín, P.<|>Wasienko, Susana Aurora;Cesa, Verónica Silvina<|>Donnes, Lucila<|>Guerbi, A.<|>Oms, Eyra Malena<|>Rosatti, R.<|>Sicari, O.<|>Vadell, Emanuel Pablo<|>Vergelín, P.<|>Wasienko, Susana Aurora
050871;v26_Afiliacion_del_autor;^aCesa, Verónica Silvina^nInstituto Nacional de Tecnología Industrial. Gerencia Operativa de Desarrollo Tecnológico e Innovación. Subgerencia Operativa de Transferencia Tecnológica^sINTI-GODTeI-SOTT^pArgentina<|>^aDonnes, Lucila^nInstituto Nacional de Tecnología Industrial. Gerencia Operativa de Desarrollo Tecnológico e Innovación. Subgerencia Operativa de Transferencia Tecnológica^sINTI-GODTeI-SOTT^pArgentina<|>^aGuerbi, A.^nInstituto Nacional de Tecnología Industrial. Gerencia Operativa de Desarrollo Tecnológico e Innovación. Subgerencia Operativa de Transferencia Tecnológica^sINTI-GODTeI-SOTT^pArgentina<|>^aOms, Eyra Malena^nInstituto Nacional de Tecnología Industrial. Gerencia Operativa de Desarrollo Tecnológico e Innovación. Subgerencia Operativa de Transferencia Tecnológica^sINTI-GODTeI-SOTT^pArgentina<|>^aRosatti, R.^nInstituto Nacional de Tecnología Industrial. Gerencia Operativa de Desarrollo Tecnológico e Innovación. Dirección Técnica de Gestión de la Innovación y Vinculación Tecnológica^sINTI-GODTeI^pArgentina<|>^aSicari, O.^nInstituto Nacional de Tecnología Industrial. Gerencia Operativa de Desarrollo Tecnológico e Innovación. Dirección Técnica de Gestión de la Innovación y Vinculación Tecnológica^sINTI-GODTeI^pArgentina<|>^aVadell, E.^nInstituto Nacional de Tecnología Industrial. Gerencia Operativa de Desarrollo Tecnológico e Innovación. Dirección Técnica de Gestión de la Innovación y Vinculación Tecnológica^sINTI-GODTeI^pArgentina<|>^aVergelín, P.^nInstituto Nacional de Tecnología Industrial. Gerencia Operativa de Desarrollo Tecnológico e Innovación. Subgerencia Operativa de Transferencia Tecnológica^sINTI-GODTeI-SOTT^pArgentina<|>^aWasienko, Susana Aurora^nInstituto Nacional de Tecnología Industrial. Gerencia Operativa de Desarrollo Tecnológico e Innovación. Dirección Técnica de Gestión de la Innovación y Vinculación Tecnológica^sINTI-GODTeI^pArgentina;^aCesa, Verónica Silvina^nInstituto Nacional de Tecnología Industrial. Gerencia Operativa de Desarrollo Tecnológico e Innovación. Subgerencia Operativa de Transferencia Tecnológica^sINTI-GODTeI-SOTT^pArgentina<|>^aDonnes, Lucila^nInstituto Nacional de Tecnología Industrial. Gerencia Operativa de Desarrollo Tecnológico e Innovación. Subgerencia Operativa de Transferencia Tecnológica^sINTI-GODTeI-SOTT^pArgentina<|>^aGuerbi, A.^nInstituto Nacional de Tecnología Industrial. Gerencia Operativa de Desarrollo Tecnológico e Innovación. Subgerencia Operativa de Transferencia Tecnológica^sINTI-GODTeI-SOTT^pArgentina<|>^aOms, Eyra Malena^nInstituto Nacional de Tecnología Industrial. Gerencia Operativa de Desarrollo Tecnológico e Innovación. Subgerencia Operativa de Transferencia Tecnológica^sINTI-GODTeI-SOTT^pArgentina<|>^aRosatti, R.^nInstituto Nacional de Tecnología Industrial. Gerencia Operativa de Desarrollo Tecnológico e Innovación. Dirección Técnica de Gestión de la Innovación y Vinculación Tecnológica^sINTI-GODTeI^pArgentina<|>^aSicari, O.^nInstituto Nacional de Tecnología Industrial. Gerencia Operativa de Desarrollo Tecnológico e Innovación. Dirección Técnica de Gestión de la Innovación y Vinculación Tecnológica^sINTI-GODTeI^pArgentina<|>^aVadell, Emanuel Pablo^nInstituto Nacional de Tecnología Industrial. Gerencia Operativa de Desarrollo Tecnológico e Innovación. Dirección Técnica de Gestión de la Innovación y Vinculación Tecnológica^sINTI-GODTeI^pArgentina<|>^aVergelín, P.^nInstituto Nacional de Tecnología Industrial. Gerencia Operativa de Desarrollo Tecnológico e Innovación. Subgerencia Operativa de Transferencia Tecnológica^sINTI-GODTeI-SOTT^pArgentina<|>^aWasienko, Susana Aurora^nInstituto Nacional de Tecnología Industrial. Gerencia Operativa de Desarrollo Tecnológico e Innovación. Dirección Técnica de Gestión de la Innovación y Vinculación Tecnológica^sINTI-GODTeI^pArgentina
050872;v22_Autor_personal;Rosso, J.<|>Lagier, María Eugenia<|>Mamone, D.<|>Martínez, L.<|>Parenti,  A.<|>Richard, Ayelén<|>Romanelli, M.<|>Strano, Franco<|>Vázquez, N.;Rosso, J.<|>Lagier, María Eugenia<|>Mamone, D.<|>Martínez, L.<|>Parenti,  A.<|>Richard, Ayelén<|>Romanelli, M.<|>Strano, Franco<|>Vázquez, Natalia Andrea
050872;v26_Afiliacion_del_autor;^aRosso, J.^nInstituto Nacional de Tecnología Industrial. Gerencia Operativa de Servicios Industriales. Subgerencia Operativa de Tecnologías de Gestión y Conocimiento. Dirección Técnica de Tecnologías de Gestión^sINTI-GOSI-SOTGyC^pArgentina<|>^aLagier, María Eugenia^nInstituto Nacional de Tecnología Industrial. Gerencia Operativa de Servicios Industriales. Subgerencia Operativa de Tecnologías de Gestión y Conocimiento. Dirección Técnica de Tecnologías de Gestión. Departamento Tecnologías de Gestión Buenos Aires^sINTI-GOSI-SOTGyC^pArgentina<|>^aMamone, D.^nInstituto Nacional de Tecnología Industrial. Dirección Operativa. Gerencia Operativa de Servicios Industriales. Subgerencia Operativa de Tecnologías De Gestión y Conocimiento. Departamento de Trabajo y Educación a Distancia^sINTI-GOSI-SOTGyC^pArgentina<|>^aMartínez, L.^nInstituto Nacional de Tecnología Industrial. Gerencia Operativa de Servicios Industriales. Subgerencia Operativa de Tecnologías de Gestión y Conocimiento. Dirección Técnica de Tecnologías de Gestión. Departamento Tecnologías de Gestión Buenos Aires^sINTI-GOSI-SOTGyC^pArgentina<|>^aParenti, A.^nInstituto Nacional de Tecnología Industrial. Gerencia Operativa de Servicios Industriales. Subgerencia Operativa de Tecnologías de Gestión y Conocimiento. Dirección Técnica de Tecnologías de Gestión. Departamento Tecnologías de Gestión Buenos Aires^sINTI-GOSI-SOTGyC^pArgentina<|>^aRichard, Ayelén^nInstituto Nacional de Tecnología Industrial. Gerencia Operativa de Servicios Industriales. Subgerencia Operativa de Tecnologías de Gestión y Conocimiento. Dirección Técnica de Tecnologías de Gestión. Departamento Tecnologías de Gestión Buenos Aires^sINTI-GOSI-SOTGyC^pArgentina<|>^aRomanelli, M.^nInstituto Nacional de Tecnología Industrial. Gerencia Operativa de Servicios Industriales. Subgerencia Operativa de Tecnologías de Gestión y Conocimiento. Dirección Técnica de Tecnologías de Gestión. Departamento Tecnologías de Gestión Buenos Aires^sINTI-GOSI-SOTGyC^pArgentina<|>^aStrano, Franco^nInstituto Nacional de Tecnología Industrial. Gerencia Operativa de Servicios Industriales. Subgerencia Operativa de Tecnologías de Gestión y Conocimiento. Dirección Técnica de Tecnologías de Gestión. Departamento Tecnologías de Gestión Buenos Aires^sINTI-GOSI-SOTGyC^pArgentina<|>^aVázquez, N.^nInstituto Nacional de Tecnología Industrial. Gerencia Operativa de Servicios Industriales. Subgerencia Operativa de Tecnologías de Gestión y Conocimiento. Dirección Técnica de Tecnologías de Gestión. Departamento Tecnologías de Gestión Buenos Aires^sINTI-GOSI SOTGyC^pArgentina;^aRosso, J.^nInstituto Nacional de Tecnología Industrial. Gerencia Operativa de Servicios Industriales. Subgerencia Operativa de Tecnologías de Gestión y Conocimiento. Dirección Técnica de Tecnologías de Gestión^sINTI-GOSI-SOTGyC^pArgentina<|>^aLagier, María Eugenia^nInstituto Nacional de Tecnología Industrial. Gerencia Operativa de Servicios Industriales. Subgerencia Operativa de Tecnologías de Gestión y Conocimiento. Dirección Técnica de Tecnologías de Gestión. Departamento Tecnologías de Gestión Buenos Aires^sINTI-GOSI-SOTGyC^pArgentina<|>^aMamone, D.^nInstituto Nacional de Tecnología Industrial. Dirección Operativa. Gerencia Operativa de Servicios Industriales. Subgerencia Operativa de Tecnologías De Gestión y Conocimiento. Departamento de Trabajo y Educación a Distancia^sINTI-GOSI-SOTGyC^pArgentina<|>^aMartínez, L.^nInstituto Nacional de Tecnología Industrial. Gerencia Operativa de Servicios Industriales. Subgerencia Operativa de Tecnologías de Gestión y Conocimiento. Dirección Técnica de Tecnologías de Gestión. Departamento Tecnologías de Gestión Buenos Aires^sINTI-GOSI-SOTGyC^pArgentina<|>^aParenti, A.^nInstituto Nacional de Tecnología Industrial. Gerencia Operativa de Servicios Industriales. Subgerencia Operativa de Tecnologías de Gestión y Conocimiento. Dirección Técnica de Tecnologías de Gestión. Departamento Tecnologías de Gestión Buenos Aires^sINTI-GOSI-SOTGyC^pArgentina<|>^aRichard, Ayelén^nInstituto Nacional de Tecnología Industrial. Gerencia Operativa de Servicios Industriales. Subgerencia Operativa de Tecnologías de Gestión y Conocimiento. Dirección Técnica de Tecnologías de Gestión. Departamento Tecnologías de Gestión Buenos Aires^sINTI-GOSI-SOTGyC^pArgentina<|>^aRomanelli, M.^nInstituto Nacional de Tecnología Industrial. Gerencia Operativa de Servicios Industriales. Subgerencia Operativa de Tecnologías de Gestión y Conocimiento. Dirección Técnica de Tecnologías de Gestión. Departamento Tecnologías de Gestión Buenos Aires^sINTI-GOSI-SOTGyC^pArgentina<|>^aStrano, Franco^nInstituto Nacional de Tecnología Industrial. Gerencia Operativa de Servicios Industriales. Subgerencia Operativa de Tecnologías de Gestión y Conocimiento. Dirección Técnica de Tecnologías de Gestión. Departamento Tecnologías de Gestión Buenos Aires^sINTI-GOSI-SOTGyC^pArgentina<|>^aVázquez, Natalia Andrea^nInstituto Nacional de Tecnología Industrial. Gerencia Operativa de Servicios Industriales. Subgerencia Operativa de Tecnologías de Gestión y Conocimiento. Dirección Técnica de Tecnologías de Gestión. Departamento Tecnologías de Gestión Buenos Aires^sINTI-GOSI SOTGyC^pArgentina
050873;v22_Autor_personal;Atín, Maite<|>Rojas, Leandro Sebastián<|>González Táboas, P. R.<|>Schneebeli, Jorge Ernesto;Atín, Maite<|>Rojas, Leandro Sebastián<|>González Taboas, Pablo Rafael<|>Schneebeli, Jorge Ernesto
050873;v26_Afiliacion_del_autor;^aAtín, Maite^nInstituto Nacional de Tecnología Industrial. Dirección Operativa. Gerencia Operativa de Servicios Industriales. Subgerencia Operativa de Mecánica y Logística. Dirección Técnica de Evaluación de Materiales y Productos. Departamento de Ensayos no Destructivos^sINTI-SOMyL^pArgentina<|>^aRojas, Leandro Sebastián^nInstituto Nacional de Tecnología Industrial. Dirección Operativa. Gerencia Operativa de Servicios Industriales. Subgerencia Operativa de Mecánica y Logística. Dirección Técnica de Evaluación de Materiales y Productos. Departamento de Ensayos no Destructivos^sINTI-SOMyL^pArgentina<|>^aGonzález Táboas, P. R.^nInstituto Nacional de Tecnología Industrial. Dirección Operativa. Gerencia Operativa de Servicios Industriales. Subgerencia Operativa de Mecánica y Logística. Dirección Técnica de Evaluación de Materiales y Productos. Departamento de Ensayos no Destructivos^sINTI-SOMyL^pArgentina<|>^aSchneebeli, Jorge Ernesto^nInstituto Nacional de Tecnología Industrial. Dirección Operativa. Gerencia Operativa de Servicios Industriales. Subgerencia Operativa de Mecánica y Logística. Dirección Técnica de Evaluación de Materiales y Productos. Departamento de Ensayos no Destructivos^sINTI-SOMyL^pArgentina;^aAtín, Maite^nInstituto Nacional de Tecnología Industrial. Dirección Operativa. Gerencia Operativa de Servicios Industriales. Subgerencia Operativa de Mecánica y Logística. Dirección Técnica de Evaluación de Materiales y Productos. Departamento de Ensayos no Destructivos^sINTI-SOMyL^pArgentina<|>^aRojas, Leandro Sebastián^nInstituto Nacional de Tecnología Industrial. Dirección Operativa. Gerencia Operativa de Servicios Industriales. Subgerencia Operativa de Mecánica y Logística. Dirección Técnica de Evaluación de Materiales y Productos. Departamento de Ensayos no Destructivos^sINTI-SOMyL^pArgentina<|>^aGonzález Taboas, Pablo Rafael^nInstituto Nacional de Tecnología Industrial. Dirección Operativa. Gerencia Operativa de Servicios Industriales. Subgerencia Operativa de Mecánica y Logística. Dirección Técnica de Evaluación de Materiales y Productos. Departamento de Ensayos no Destructivos^sINTI-SOMyL^pArgentina<|>^aSchneebeli, Jorge Ernesto^nInstituto Nacional de Tecnología Industrial. Dirección Operativa. Gerencia Operativa de Servicios Industriales. Subgerencia Operativa de Mecánica y Logística. Dirección Técnica de Evaluación de Materiales y Productos. Departamento de Ensayos no Destructivos^sINTI-SOMyL^pArgentina
050877;v22_Autor_personal;Bensignor, Judith<|>Planes, E.<|>Camargo Zorzoli, Alejandra Iris<|>Storino, A.<|>Parise, C.;Bensignor, Judith<|>Planes, E.<|>Camargo Zorzoli, Alejandra Iris<|>Storino, Alejandra Valeria<|>Parise, C.
050877;v26_Afiliacion_del_autor;^aBensignor, Judith^nInstituto Nacional de Tecnología Industrial. Dirección Operativa. Gerencia Operativa de Servicios Industriales. Subgerencia Operativa de Química y Ambiente. Dirección Técnica Químico Ambiental Sustentable. Departamento de Manejo y Gestión de Sustancias Químicas^sINTI-GOSI-SOQyA^pArgentina<|>^aStorino, A.^nInstituto Nacional de Tecnología Industrial. Dirección Operativa. Gerencia Operativa de Servicios Industriales. Subgerencia Operativa de Química y Ambiente. Dirección Técnica Químico Ambiental Sustentable. Departamento de Manejo y Gestión de Sustancias Químicas^sINTI-GOSI-SOQyA^pArgentina<|>^aParise, C.^nInstituto Nacional de Tecnología Industrial. Dirección Operativa. Gerencia Operativa de Servicios Industriales. Subgerencia Operativa de Química y Ambiente. Dirección Técnica Químico Ambiental Sustentable. Departamento de Manejo y Gestión de Sustancias Químicas^sINTI-GOSI-SOQyA^pArgentina<|>^aPlanes, E.^nUniversidad Nacional de San Martín. 3iA-Instituto de Investigación e Ingeniería Ambiental^sUNSAM-3iA^pArgentina<|>^aCamargo Zorzoli, Alejandra Iris^nInstituto Nacional de Tecnología Industrial. Dirección Operativa. Gerencia Operativa de Servicios Industriales. Subgerencia Operativa de Tecnologías de Gestión y Conocimiento. Departamento de Trabajo y Educación a Distancia^sINTI-GOSI-SOTGyC^pArgentina;^aBensignor, Judith^nInstituto Nacional de Tecnología Industrial. Dirección Operativa. Gerencia Operativa de Servicios Industriales. Subgerencia Operativa de Química y Ambiente. Dirección Técnica Químico Ambiental Sustentable. Departamento de Manejo y Gestión de Sustancias Químicas^sINTI-GOSI-SOQyA^pArgentina<|>^aStorino, Alejandra Valeria^nInstituto Nacional de Tecnología Industrial. Dirección Operativa. Gerencia Operativa de Servicios Industriales. Subgerencia Operativa de Química y Ambiente. Dirección Técnica Químico Ambiental Sustentable. Departamento de Manejo y Gestión de Sustancias Químicas^sINTI-GOSI-SOQyA^pArgentina<|>^aParise, C.^nInstituto Nacional de Tecnología Industrial. Dirección Operativa. Gerencia Operativa de Servicios Industriales. Subgerencia Operativa de Química y Ambiente. Dirección Técnica Químico Ambiental Sustentable. Departamento de Manejo y Gestión de Sustancias Químicas^sINTI-GOSI-SOQyA^pArgentina<|>^aPlanes, E.^nUniversidad Nacional de San Martín. 3iA-Instituto de Investigación e Ingeniería Ambiental^sUNSAM-3iA^pArgentina<|>^aCamargo Zorzoli, Alejandra Iris^nInstituto Nacional de Tecnología Industrial. Dirección Operativa. Gerencia Operativa de Servicios Industriales. Subgerencia Operativa de Tecnologías de Gestión y Conocimiento. Departamento de Trabajo y Educación a Distancia^sINTI-GOSI-SOTGyC^pArgentina
050880;v22_Autor_personal;Albisu, María Lucila<|>Armando, Rocío Carolina<|>Bedatou, Lía<|>Bielli, Roque Arnaldo<|>Bigoglio, Patricio Pablo<|>Campoy, Carla Florencia<|>Carola, Luis Federico José<|>Gianassi, E.<|>Korb, Mariel Lioren<|>Lagier, María Eugenia<|>Mamone, D.<|>Martínez, Emiliano<|>Núñez, G. M.<|>Orellana, Nicolás<|>Peralta, D.<|>Richard, Ayelén<|>Scalvasio, R.<|>Strano, Franco<|>Vivas, S.;Albisu, María Lucila<|>Armando, Rocío Carolina<|>Bedatou, Lía<|>Bielli, Roque Arnaldo<|>Bigoglio, Patricio Pablo<|>Campoy, Carla Florencia<|>Carola, Luis Federico José<|>Gianassi, E.<|>Korb, Mariel Lioren<|>Lagier, María Eugenia<|>Mamone, D.<|>Martínez, Emiliano<|>Núñez, G. M.<|>Orellana, Nicolás<|>Peralta, D.<|>Richard, Ayelén<|>Scalvasio, R.<|>Strano, Franco<|>Vivas, Silvana Andrea
050880;v26_Afiliacion_del_autor;^aAlbisu, María Lucila^nInstituto Nacional de Tecnología Industrial. Dirección Operativa. Gerencia Operativa de Asistencia Regional. Subgerencia Operativa Regional Cuyo. Dirección Técnica de Industrias Extractivas y Manufactureras Cuyo^sINTI-GOAR^pArgentina<|>^aArmando, Rocío Carolina^nInstituto Nacional de Tecnología Industrial. Gerencia Operativa de Servicios Industriales. Subgerencia Operativa de Tecnologías de Gestión y Conocimiento. Dirección Técnica de Tecnologías de Gestión^sINTI-GOAR^pArgentina<|>^aBedatou, Lía^nInstituto Nacional de Tecnología Industrial. Dirección Operativa. Gerencia Operativa de Asistencia Regional. Subgerencia Operativa Regional Cuyo. Dirección Técnica de Industrias Extractivas y Manufactureras Cuyo. Departamento de Mejora de Productividad, Proyectos y Tecnologías de Gestión Cuyo^sINTI-GOAR^pArgentina<|>^aBielli, Roque Arnaldo^nInstituto Nacional de Tecnología Industrial. Dirección Operativa. Gerencia Operativa de Asistencia Regional. Subgerencia Operativa Regional Cuyo. Dirección Técnica de Industrias Extractivas y Manufactureras Cuyo. Departamento de Mejora de Productividad, Proyectos y Tecnologías de Gestión Cuyo^sINTI-GOAR^pArgentina<|>^aBigoglio, Patricio Pablo^nInstituto Nacional de Tecnología Industrial. Gerencia Operativa de Servicios Industriales. Subgerencia Operativa de Tecnologías de Gestión y Conocimiento. Dirección Técnica de Tecnologías de Gestión. Departamento de Tecnologías de Gestión Buenos Aires^sINTI-GOSI-SOTGyC^pArgentina<|>^aCampoy, Carla Florencia^nInstituto Nacional de Tecnología Industrial. Dirección Operativa. Gerencia Operativa de Asistencia Regional. Subgerencia Operativa Regional Cuyo. Dirección Técnica de Industrias Extractivas y Manufactureras Cuyo. Departamento de Mejora de Productividad, Proyectos y Tecnologías de Gestión Cuyo^sINTI-GOAR^pArgentina<|>^aCarola, Luis Federico José^nInstituto Nacional de Tecnología Industrial. Gerencia Operativa de Servicios Industriales. Subgerencia Operativa de Tecnologías de Gestión y Conocimiento. Dirección Técnica de Tecnologías de Gestión. Departamento de Tecnologías de Gestión Buenos Aires^sINTI-GOSI-SOTGyC^pArgentina<|>^aGianassi, E.^nInstituto Nacional de Tecnología Industrial. Gerencia Operativa de Servicios Industriales. Subgerencia Operativa de Tecnologías de Gestión y Conocimiento. Dirección Técnica de Tecnologías de Gestión^sINTI-GOSI-SOTGyC^pArgentina<|>^aKorb, Mariel Lioren^nInstituto Nacional de Tecnología Industrial. Dirección Operativa. Gerencia Operativa de Asistencia Regional. Subgerencia Operativa Regional Cuyo. Dirección Técnica de Industrias Extractivas y Manufactureras Cuyo. Departamento de Mejora de Productividad, Proyectos y Tecnologías de Gestión Cuyo^sINTI-GOAR^pArgentina<|>^aLagier, María Eugenia^nInstituto Nacional de Tecnología Industrial. Gerencia Operativa de Servicios Industriales. Subgerencia Operativa de Tecnologías de Gestión y Conocimiento. Dirección Técnica de Tecnologías de Gestión. Departamento de Tecnologías de Gestión Buenos Aires^sINTI-GOSI-SOTGyC^pArgentina<|>^aLagier, María Eugenia^nInstituto Nacional de Tecnología Industrial. Dirección Operativa. Gerencia Operativa de Servicios Industriales. Subgerencia Operativa de Tecnologías De Gestión y Conocimiento. Departamento de Trabajo y Educación a Distancia^sINTI-GOSI-SOTGyC^pArgentina<|>^aMamone, D.^nInstituto Nacional de Tecnología Industrial. Dirección Operativa. Gerencia Operativa de Servicios Industriales. Subgerencia Operativa de Tecnologías De Gestión y Conocimiento. Departamento de Trabajo y Educación a Distancia^sINTI-GOSI-SOTGyC^pArgentina<|>^aMartínez, Emiliano^nInstituto Nacional de Tecnología Industrial. Dirección Operativa. Gerencia Operativa de Asistencia Regional. Subgerencia Operativa Regional Pampeana. Dirección Técnica Regional Buenos Aires. Departamento de Tecnologías de Gestión Pampeana^sINTI-GOAR^pArgentina<|>^aNúñez, G. M.^nInstituto Nacional de Tecnología Industrial. Gerencia Operativa de Servicios Industriales. Subgerencia Operativa de Tecnologías de Gestión y Conocimiento. Dirección Técnica de Tecnologías de Gestión. Departamento de Tecnologías de Gestión Buenos Aires^sINTI-GOSI-SOTGyC^pArgentina<|>^aOrellana, Nicolás^nInstituto Nacional de Tecnología Industrial. Dirección Operativa. Gerencia Operativa de Asistencia Regional. Subgerencia Operativa Regional Cuyo. Dirección Técnica de Industrias Extractivas y Manufactureras Cuyo. Departamento de Mejora de Productividad, Proyectos y Tecnologías de Gestión Cuyo^sINTI-GOAR^pArgentina<|>^aPeralta, D.^nInstituto Nacional de Tecnología Industrial. Dirección Operativa. Gerencia Operativa de Asistencia Regional. Subgerencia Operativa Regional Cuyo. Dirección Técnica de Industrias Extractivas y Manufactureras Cuyo. Departamento de Mejora de Productividad, Proyectos y Tecnologías de Gestión Cuyo^sINTI-GOAR^pArgentina<|>^aRichard, Ayelén^nInstituto Nacional de Tecnología Industrial. Gerencia Operativa de Servicios Industriales. Subgerencia Operativa de Tecnologías de Gestión y Conocimiento. Dirección Técnica de Tecnologías de Gestión. Departamento de Tecnologías de Gestión Buenos Aires^sINTI-GOSI-SOTGyC^pArgentina<|>^aScalvasio, R.^nInstituto Nacional de Tecnología Industrial. Gerencia Operativa de Servicios Industriales. Subgerencia Operativa de Tecnologías de Gestión y Conocimiento. Dirección Técnica de Tecnologías de Gestión^sINTI-GOAR^pArgentina<|>^aStrano, Franco^nInstituto Nacional de Tecnología Industrial. Gerencia Operativa de Servicios Industriales. Subgerencia Operativa de Tecnologías de Gestión y Conocimiento. Dirección Técnica de Tecnologías de Gestión. Departamento de Tecnologías de Gestión Buenos Aires^sINTI-GOSI-SOTGyC^pArgentina<|>^aVivas, S.^nInstituto Nacional de Tecnología Industrial. Gerencia Operativa de Servicios Industriales. Subgerencia Operativa de Tecnologías de Gestión y Conocimiento. Dirección Técnica de Tecnologías de Gestión^sINTI-GOAR^pArgentina;^aAlbisu, María Lucila^nInstituto Nacional de Tecnología Industrial. Dirección Operativa. Gerencia Operativa de Asistencia Regional. Subgerencia Operativa Regional Cuyo. Dirección Técnica de Industrias Extractivas y Manufactureras Cuyo^sINTI-GOAR^pArgentina<|>^aArmando, Rocío Carolina^nInstituto Nacional de Tecnología Industrial. Gerencia Operativa de Servicios Industriales. Subgerencia Operativa de Tecnologías de Gestión y Conocimiento. Dirección Técnica de Tecnologías de Gestión^sINTI-GOAR^pArgentina<|>^aBedatou, Lía^nInstituto Nacional de Tecnología Industrial. Dirección Operativa. Gerencia Operativa de Asistencia Regional. Subgerencia Operativa Regional Cuyo. Dirección Técnica de Industrias Extractivas y Manufactureras Cuyo. Departamento de Mejora de Productividad, Proyectos y Tecnologías de Gestión Cuyo^sINTI-GOAR^pArgentina<|>^aBielli, Roque Arnaldo^nInstituto Nacional de Tecnología Industrial. Dirección Operativa. Gerencia Operativa de Asistencia Regional. Subgerencia Operativa Regional Cuyo. Dirección Técnica de Industrias Extractivas y Manufactureras Cuyo. Departamento de Mejora de Productividad, Proyectos y Tecnologías de Gestión Cuyo^sINTI-GOAR^pArgentina<|>^aBigoglio, Patricio Pablo^nInstituto Nacional de Tecnología Industrial. Gerencia Operativa de Servicios Industriales. Subgerencia Operativa de Tecnologías de Gestión y Conocimiento. Dirección Técnica de Tecnologías de Gestión. Departamento de Tecnologías de Gestión Buenos Aires^sINTI-GOSI-SOTGyC^pArgentina<|>^aCampoy, Carla Florencia^nInstituto Nacional de Tecnología Industrial. Dirección Operativa. Gerencia Operativa de Asistencia Regional. Subgerencia Operativa Regional Cuyo. Dirección Técnica de Industrias Extractivas y Manufactureras Cuyo. Departamento de Mejora de Productividad, Proyectos y Tecnologías de Gestión Cuyo^sINTI-GOAR^pArgentina<|>^aCarola, Luis Federico José^nInstituto Nacional de Tecnología Industrial. Gerencia Operativa de Servicios Industriales. Subgerencia Operativa de Tecnologías de Gestión y Conocimiento. Dirección Técnica de Tecnologías de Gestión. Departamento de Tecnologías de Gestión Buenos Aires^sINTI-GOSI-SOTGyC^pArgentina<|>^aGianassi, E.^nInstituto Nacional de Tecnología Industrial. Gerencia Operativa de Servicios Industriales. Subgerencia Operativa de Tecnologías de Gestión y Conocimiento. Dirección Técnica de Tecnologías de Gestión^sINTI-GOSI-SOTGyC^pArgentina<|>^aKorb, Mariel Lioren^nInstituto Nacional de Tecnología Industrial. Dirección Operativa. Gerencia Operativa de Asistencia Regional. Subgerencia Operativa Regional Cuyo. Dirección Técnica de Industrias Extractivas y Manufactureras Cuyo. Departamento de Mejora de Productividad, Proyectos y Tecnologías de Gestión Cuyo^sINTI-GOAR^pArgentina<|>^aLagier, María Eugenia^nInstituto Nacional de Tecnología Industrial. Gerencia Operativa de Servicios Industriales. Subgerencia Operativa de Tecnologías de Gestión y Conocimiento. Dirección Técnica de Tecnologías de Gestión. Departamento de Tecnologías de Gestión Buenos Aires^sINTI-GOSI-SOTGyC^pArgentina<|>^aLagier, María Eugenia^nInstituto Nacional de Tecnología Industrial. Dirección Operativa. Gerencia Operativa de Servicios Industriales. Subgerencia Operativa de Tecnologías De Gestión y Conocimiento. Departamento de Trabajo y Educación a Distancia^sINTI-GOSI-SOTGyC^pArgentina<|>^aMamone, D.^nInstituto Nacional de Tecnología Industrial. Dirección Operativa. Gerencia Operativa de Servicios Industriales. Subgerencia Operativa de Tecnologías De Gestión y Conocimiento. Departamento de Trabajo y Educación a Distancia^sINTI-GOSI-SOTGyC^pArgentina<|>^aMartínez, Emiliano^nInstituto Nacional de Tecnología Industrial. Dirección Operativa. Gerencia Operativa de Asistencia Regional. Subgerencia Operativa Regional Pampeana. Dirección Técnica Regional Buenos Aires. Departamento de Tecnologías de Gestión Pampeana^sINTI-GOAR^pArgentina<|>^aNúñez, G. M.^nInstituto Nacional de Tecnología Industrial. Gerencia Operativa de Servicios Industriales. Subgerencia Operativa de Tecnologías de Gestión y Conocimiento. Dirección Técnica de Tecnologías de Gestión. Departamento de Tecnologías de Gestión Buenos Aires^sINTI-GOSI-SOTGyC^pArgentina<|>^aOrellana, Nicolás^nInstituto Nacional de Tecnología Industrial. Dirección Operativa. Gerencia Operativa de Asistencia Regional. Subgerencia Operativa Regional Cuyo. Dirección Técnica de Industrias Extractivas y Manufactureras Cuyo. Departamento de Mejora de Productividad, Proyectos y Tecnologías de Gestión Cuyo^sINTI-GOAR^pArgentina<|>^aPeralta, D.^nInstituto Nacional de Tecnología Industrial. Dirección Operativa. Gerencia Operativa de Asistencia Regional. Subgerencia Operativa Regional Cuyo. Dirección Técnica de Industrias Extractivas y Manufactureras Cuyo. Departamento de Mejora de Productividad, Proyectos y Tecnologías de Gestión Cuyo^sINTI-GOAR^pArgentina<|>^aRichard, Ayelén^nInstituto Nacional de Tecnología Industrial. Gerencia Operativa de Servicios Industriales. Subgerencia Operativa de Tecnologías de Gestión y Conocimiento. Dirección Técnica de Tecnologías de Gestión. Departamento de Tecnologías de Gestión Buenos Aires^sINTI-GOSI-SOTGyC^pArgentina<|>^aScalvasio, R.^nInstituto Nacional de Tecnología Industrial. Gerencia Operativa de Servicios Industriales. Subgerencia Operativa de Tecnologías de Gestión y Conocimiento. Dirección Técnica de Tecnologías de Gestión^sINTI-GOAR^pArgentina<|>^aStrano, Franco^nInstituto Nacional de Tecnología Industrial. Gerencia Operativa de Servicios Industriales. Subgerencia Operativa de Tecnologías de Gestión y Conocimiento. Dirección Técnica de Tecnologías de Gestión. Departamento de Tecnologías de Gestión Buenos Aires^sINTI-GOSI-SOTGyC^pArgentina<|>^aVivas, Silvana Andrea^nInstituto Nacional de Tecnología Industrial. Gerencia Operativa de Servicios Industriales. Subgerencia Operativa de Tecnologías de Gestión y Conocimiento. Dirección Técnica de Tecnologías de Gestión^sINTI-GOAR^pArgentina
050898;v22_Autor_personal;Albornoz, Diego José<|>Heidenreich, W.<|>Marino, D.<|>Alonso, Germán René;Albornoz, Diego José<|>Heidenreich, W.<|>Marino, Diego Alberto<|>Alonso, Germán René
050898;v26_Afiliacion_del_autor;^aAlbornoz, Diego José^nInstituto Nacional de Tecnología Industrial. Gerencia Operativa de Desarrollo Tecnológico e Innovación. Subgerencia Operativa de Energía y Movilidad. Departamento de Desarrollo para la Industria de la Movilidad^sINTI-GODTeI-SOEyM^pArgentina<|>^aHeidenreich, W.^nInstituto Nacional de Tecnología Industrial. Gerencia Operativa de Desarrollo Tecnológico e Innovación. Subgerencia Operativa de Energía y Movilidad. Departamento de Desarrollo para la Industria de la Movilidad^sINTI-GODTeI-SOEyM^pArgentina<|>^aMarino, D.^nInstituto Nacional de Tecnología Industrial. Gerencia Operativa de Desarrollo Tecnológico e Innovación. Subgerencia Operativa de Energía y Movilidad. Departamento de Desarrollo para la Industria de la Movilidad^sINTI-GODTeI-SOEyM^pArgentina<|>^aAlonso, Germán René^nInstituto Nacional de Tecnología Industrial. Dirección Operativa. Gerencia Operativa de Servicios Industriales. Subgerencia Operativa de Construcciones e Infraestructura. Dirección Técnica de Rehabilitación Edilicia. Departamento de Materiales y Sistemas Constructivos^sINTI-SOCel^pArgentina;^aAlbornoz, Diego José^nInstituto Nacional de Tecnología Industrial. Gerencia Operativa de Desarrollo Tecnológico e Innovación. Subgerencia Operativa de Energía y Movilidad. Departamento de Desarrollo para la Industria de la Movilidad^sINTI-GODTeI-SOEyM^pArgentina<|>^aHeidenreich, W.^nInstituto Nacional de Tecnología Industrial. Gerencia Operativa de Desarrollo Tecnológico e Innovación. Subgerencia Operativa de Energía y Movilidad. Departamento de Desarrollo para la Industria de la Movilidad^sINTI-GODTeI-SOEyM^pArgentina<|>^aMarino, Diego Alberto^nInstituto Nacional de Tecnología Industrial. Gerencia Operativa de Desarrollo Tecnológico e Innovación. Subgerencia Operativa de Energía y Movilidad. Departamento de Desarrollo para la Industria de la Movilidad^sINTI-GODTeI-SOEyM^pArgentina<|>^aAlonso, Germán René^nInstituto Nacional de Tecnología Industrial. Dirección Operativa. Gerencia Operativa de Servicios Industriales. Subgerencia Operativa de Construcciones e Infraestructura. Dirección Técnica de Rehabilitación Edilicia. Departamento de Materiales y Sistemas Constructivos^sINTI-SOCel^pArgentina
050900;v22_Autor_personal;Roberti, M.<|>Ricalde, D.<|>Marinoni, J.<|>Acevedo, Marcelo Ricardo<|>Maugeri, S.<|>Veliz, Carlos Fabricio<|>Lozano, A.<|>Mass, Mijal Inés;Roberti, M.<|>Ricalde, D.<|>Marinoni, Julián Nicolás<|>Acevedo, Marcelo Ricardo<|>Maugeri, S.<|>Veliz, Carlos Fabricio<|>Lozano, A.<|>Mass, Mijal Inés
050900;v26_Afiliacion_del_autor;^aRoberti, M.^nInstituto Nacional de Tecnología Industrial. Gerencia Operativa de Desarrollo Tecnológico e Innovación. Subgerencia Operativa de Áreas de Conocimiento. Dirección Técnica de Micro y Nano Tecnologías. Departamento de Prototipado Microelectrónico y Electrónica Impresa^sINTI-GODTeL-SOAC^pArgentina<|>^aRicalde, D.^nInstituto Nacional de Tecnología Industrial. Gerencia Operativa de Desarrollo Tecnológico e Innovación. Subgerencia Operativa de Áreas de Conocimiento. Dirección Técnica de Micro y Nano Tecnologías. Departamento de Prototipado Microelectrónico y Electrónica Impresa^sINTI-GODTeL-SOAC^pArgentina<|>^aMarinoni, J.^nInstituto Nacional de Tecnología Industrial. Gerencia Operativa de Desarrollo Tecnológico e Innovación. Subgerencia Operativa de Áreas de Conocimiento. Dirección Técnica de Micro y Nano Tecnologías. Departamento de Prototipado Microelectrónico y Electrónica Impresa^sINTI-GODTeL-SOAC^pArgentina<|>^aAcevedo, Marcelo Ricardo^nInstituto Nacional de Tecnología Industrial. Gerencia Operativa de Desarrollo Tecnológico e Innovación. Subgerencia Operativa de Áreas de Conocimiento. Dirección Técnica de Micro y Nano Tecnologías. Departamento de Prototipado Microelectrónico y Electrónica Impresa^sINTI-GODTeL-SOAC^pArgentina<|>^aMaugeri, S.^nInstituto Nacional de Tecnología Industrial. Gerencia Operativa de Desarrollo Tecnológico e Innovación. Subgerencia Operativa de Áreas de Conocimiento. Dirección Técnica de Micro y Nano Tecnologías. Departamento de Prototipado Microelectrónico y Electrónica Impresa^sINTI-GODTeL-SOAC^pArgentina<|>^aVeliz, Carlos Fabricio^nInstituto Nacional de Tecnología Industrial. Gerencia Operativa de Desarrollo Tecnológico e Innovación. Subgerencia Operativa de Áreas de Conocimiento. Dirección Técnica de Micro y Nano Tecnologías. Departamento de Prototipado Microelectrónico y Electrónica Impresa^sINTI-GODTeL-SOAC^pArgentina<|>^aLozano, A.^nInstituto Nacional de Tecnología Industrial. Gerencia Operativa de Desarrollo Tecnológico e Innovación. Subgerencia Operativa de Áreas de Conocimiento. Dirección Técnica de Micro y Nano Tecnologías^sINTI-GODTeL-SOAC^pArgentina<|>^aMass, Mijal Inés^nInstituto Nacional de Tecnología Industrial. Gerencia Operativa de Desarrollo Tecnológico e Innovación. Subgerencia Operativa de Áreas de Conocimiento. Dirección Técnica de Micro y Nano Tecnologías. Departamento de Prototipado Microelectrónico y Electrónica Impresa^sINTI-GODTeL-SOAC^pArgentina;^aRoberti, M.^nInstituto Nacional de Tecnología Industrial. Gerencia Operativa de Desarrollo Tecnológico e Innovación. Subgerencia Operativa de Áreas de Conocimiento. Dirección Técnica de Micro y Nano Tecnologías. Departamento de Prototipado Microelectrónico y Electrónica Impresa^sINTI-GODTeL-SOAC^pArgentina<|>^aRicalde, D.^nInstituto Nacional de Tecnología Industrial. Gerencia Operativa de Desarrollo Tecnológico e Innovación. Subgerencia Operativa de Áreas de Conocimiento. Dirección Técnica de Micro y Nano Tecnologías. Departamento de Prototipado Microelectrónico y Electrónica Impresa^sINTI-GODTeL-SOAC^pArgentina<|>^aMarinoni, Julián Nicolás^nInstituto Nacional de Tecnología Industrial. Gerencia Operativa de Desarrollo Tecnológico e Innovación. Subgerencia Operativa de Áreas de Conocimiento. Dirección Técnica de Micro y Nano Tecnologías. Departamento de Prototipado Microelectrónico y Electrónica Impresa^sINTI-GODTeL-SOAC^pArgentina<|>^aAcevedo, Marcelo Ricardo^nInstituto Nacional de Tecnología Industrial. Gerencia Operativa de Desarrollo Tecnológico e Innovación. Subgerencia Operativa de Áreas de Conocimiento. Dirección Técnica de Micro y Nano Tecnologías. Departamento de Prototipado Microelectrónico y Electrónica Impresa^sINTI-GODTeL-SOAC^pArgentina<|>^aMaugeri, S.^nInstituto Nacional de Tecnología Industrial. Gerencia Operativa de Desarrollo Tecnológico e Innovación. Subgerencia Operativa de Áreas de Conocimiento. Dirección Técnica de Micro y Nano Tecnologías. Departamento de Prototipado Microelectrónico y Electrónica Impresa^sINTI-GODTeL-SOAC^pArgentina<|>^aVeliz, Carlos Fabricio^nInstituto Nacional de Tecnología Industrial. Gerencia Operativa de Desarrollo Tecnológico e Innovación. Subgerencia Operativa de Áreas de Conocimiento. Dirección Técnica de Micro y Nano Tecnologías. Departamento de Prototipado Microelectrónico y Electrónica Impresa^sINTI-GODTeL-SOAC^pArgentina<|>^aLozano, A.^nInstituto Nacional de Tecnología Industrial. Gerencia Operativa de Desarrollo Tecnológico e Innovación. Subgerencia Operativa de Áreas de Conocimiento. Dirección Técnica de Micro y Nano Tecnologías^sINTI-GODTeL-SOAC^pArgentina<|>^aMass, Mijal Inés^nInstituto Nacional de Tecnología Industrial. Gerencia Operativa de Desarrollo Tecnológico e Innovación. Subgerencia Operativa de Áreas de Conocimiento. Dirección Técnica de Micro y Nano Tecnologías. Departamento de Prototipado Microelectrónico y Electrónica Impresa^sINTI-GODTeL-SOAC^pArgentina
050904;v22_Autor_personal;Rodríguez, Ruth Alejandra<|>Flesler, F.<|>Farias, C. B.<|>Videla, Estefanía<|>Rodríguez, Diego Ezequiel<|>Barlatey, María Alejandra<|>Ruhl, Gustavo Gabriel<|>Bailat, Federico Luis<|>Rodríguez, Gisela Vanina<|>Quiroga, Nieves Soledad<|>Busquet, Cynthia Melisa<|>Echazarreta, M. L.<|>Minaglia, M.<|>Goicoa, V.<|>Sole, A.<|>Lenzi, Santiago<|>Zubiaurre, Juan Lucas<|>Longhi, S.<|>Cazzaniga Arduzzo, Diego Santiago<|>Pirola, María  Belén<|>Alarcón, Mariana;Rodríguez, Ruth Alejandra<|>Flesler, F.<|>Farias, C. B.<|>Videla, Estefanía<|>Rodríguez, Diego Ezequiel<|>Barlatey, María Alejandra<|>Ruhl, Gustavo Gabriel<|>Bailat, Federico Luis<|>Rodríguez, Gisela Vanina<|>Quiroga, Nieves Soledad<|>Busquet, Cynthia Melisa<|>Echazarreta, M. L.<|>Minaglia, M.<|>Goicoa, V.<|>Sole Guibelalde, María Aldana<|>Lenzi, Santiago<|>Zubiaurre, Juan Lucas<|>Longhi, Sebastián Eduardo<|>Cazzaniga Arduzzo, Diego Santiago<|>Pirola, María  Belén<|>Alarcón, Mariana
050904;v26_Afiliacion_del_autor;^aRodríguez, Ruth Alejandra^nInstituto Nacional de Tecnología Industrial. Dirección Operativa. Gerencia Operativa de Servicios Industriales. Subgerencia Operativa de Química y Ambiente. Dirección Técnica Químico Ambiental Sustentable. Departamento de Evaluación y Control de la Contaminación^sINTI-GOSI-SOQyA^pArgentina<|>^aFlesler, F.^nInstituto Nacional de Tecnología Industrial. Dirección Operativa. Gerencia Operativa de Servicios Industriales. Subgerencia Operativa de Química y Ambiente. Dirección Técnica Químico Ambiental Sustentable. Departamento de Evaluación y Control de la Contaminación^sINTI-GOSI-SOQyA^pArgentina<|>^aFarias, C. B.^nInstituto Nacional de Tecnología Industrial. Dirección Operativa. Gerencia Operativa de Servicios Industriales. Subgerencia Operativa de Química y Ambiente. Dirección Técnica Químico Ambiental Sustentable. Departamento de Evaluación y Control de la Contaminación^sINTI-GOSI-SOQyA^pArgentina<|>^aVidela, Estefanía^nInstituto Nacional de Tecnología Industrial. Dirección Operativa. Gerencia Operativa de Servicios Industriales. Subgerencia Operativa de Química y Ambiente. Dirección Técnica Químico Ambiental Sustentable. Departamento de Evaluación y Control de la Contaminación^sINTI-GOSI-SOQyA^pArgentina<|>^aRodríguez, Diego Ezequiel^nInstituto Nacional de Tecnología Industrial. Dirección Operativa. Gerencia Operativa de Servicios Industriales. Subgerencia Operativa de Química y Ambiente. Dirección Técnica Químico Ambiental Sustentable. Departamento de Evaluación y Control de la Contaminación^sINTI-GOSI-SOQyA^pArgentina<|>^aBarlatey, María Alejandra^nInstituto Nacional de Tecnología Industrial. Dirección Operativa. Gerencia Operativa de Asistencia Regional. Subgerencia Operativa Regional Centro. Dirección Técnica Centro Oriental. Departamento de Medio Ambiente Centro^sINTI-GOAR^pArgentina<|>^aRuhl, Gustavo Gabriel^nInstituto Nacional de Tecnología Industrial. Dirección Operativa. Gerencia Operativa de Asistencia Regional. Subgerencia Operativa Regional Centro. Dirección Técnica Centro Oriental. Departamento de Medio Ambiente Centro^sINTI-GOAR^pArgentina<|>^aBailat, Federico Luis^nInstituto Nacional de Tecnología Industrial. Dirección Operativa. Gerencia Operativa de Asistencia Regional. Subgerencia Operativa Regional Centro. Dirección Técnica Centro Oriental. Departamento de Medio Ambiente Centro^sINTI-GOAR^pArgentina<|>^aRodríguez, Gisela Vanina^nInstituto Nacional de Tecnología Industrial. Dirección Operativa. Gerencia Operativa de Asistencia Regional. Subgerencia Operativa Regional Centro. Dirección Técnica Centro Oriental. Departamento de Medio Ambiente Centro^sINTI-GOAR^pArgentina<|>^aQuiroga, Nieves Soledad^nInstituto Nacional de Tecnología Industrial. Dirección Operativa. Gerencia Operativa de Asistencia Regional. Subgerencia Operativa Regional Centro. Dirección Técnica Centro Oriental. Departamento de Medio Ambiente Centro^sINTI-GOAR^pArgentina<|>^aBusquet, Cynthia Melisa^nInstituto Nacional de Tecnología Industrial. Dirección Operativa. Gerencia Operativa de Asistencia Regional. Subgerencia Operativa Regional Centro. Dirección Técnica Centro Oriental. Departamento de Medio Ambiente Centro^sINTI-GOAR^pArgentina<|>^aEchazarreta, M. L.^nInstituto Nacional de Tecnología Industrial. Dirección Operativa. Gerencia Operativa de Asistencia Regional. Subgerencia Operativa Regional Centro. Dirección Técnica Centro Oriental. Departamento de Medio Ambiente Centro^sINTI-GOAR^pArgentina<|>^aMinaglia, M.^nInstituto Nacional de Tecnología Industrial. Dirección Operativa. Gerencia Operativa de Asistencia Regional. Subgerencia Operativa Regional Centro. Dirección Técnica Centro Oriental. Departamento de Medio Ambiente Centro^sINTI-GOAR^pArgentina<|>^aGoicoa, V.^nInstituto Nacional de Tecnología Industrial. Dirección Operativa. Gerencia Operativa de Asistencia Regional. Subgerencia Operativa Regional Cuyo. Dirección Técnica Industrias Extractivas y Manufactureras Cuyo. Departamento de Energías Renovables y Gestión Energética Cuyo^sINTI-GOAR^pArgentina<|>^aSole, A.^nInstituto Nacional de Tecnología Industrial. Dirección Operativa. Gerencia Operativa de Asistencia Regional. Subgerencia Operativa Regional Cuyo. Dirección Técnica Industrias Extractivas y Manufactureras Cuyo. Departamento de Energías Renovables y Gestión Energética Cuyo^sINTI-GOAR^pArgentina<|>^aLenzi, Santiago^nInstituto Nacional de Tecnología Industrial. Dirección Operativa. Gerencia Operativa de Asistencia Regional. Subgerencia Operativa Regional Pampeana. Dirección Técnica Regional Buenos Aires. Departamento de Producción Sustentable Pampeana^sINTI-GOAR^pArgentina<|>^aZubiaurre, Juan Lucas^nInstituto Nacional de Tecnología Industrial. Dirección Operativa. Gerencia Operativa de Asistencia Regional. Subgerencia Operativa Regional Pampeana. Dirección Técnica Regional Buenos Aires. Departamento de Producción Sustentable Pampeana^sINTI-GOAR^pArgentina<|>^aLonghi, S.^nInstituto Nacional de Tecnología Industrial. Dirección Operativa. Gerencia Operativa de Asistencia Regional. Subgerencia Operativa Regional Pampeana. Dirección Técnica Regional Buenos Aires. Departamento de Producción Sustentable Pampeana^sINTI-GOAR^pArgentina<|>^aCazzaniga Arduzzo, Diego Santiago^nInstituto Nacional de Tecnología Industrial. Gerencia Operativa de Desarrollo Tecnológico e Innovación. Subgerencia Operativa de Tecnología de Alimentos. Departamento de Valorización de Subproductos^sINTI-GODTeI-SOTA^pArgentina<|>^aPirola, María  Belén^nInstituto Nacional de Tecnología Industrial. Gerencia Operativa de Desarrollo Tecnológico e Innovación. Subgerencia Operativa de Tecnología de Alimentos. Departamento de Valorización de Subproductos^sINTI-GODTeI-SOTA^pArgentina<|>^aAlarcón, Mariana^nInstituto Nacional de Tecnología Industrial. Gerencia Operativa de Desarrollo Tecnológico e Innovación. Subgerencia Operativa de Tecnología de Alimentos. Departamento de Valorización de Subproductos^sINTI-GODTeI-SOTA^pArgentina;^aRodríguez, Ruth Alejandra^nInstituto Nacional de Tecnología Industrial. Dirección Operativa. Gerencia Operativa de Servicios Industriales. Subgerencia Operativa de Química y Ambiente. Dirección Técnica Químico Ambiental Sustentable. Departamento de Evaluación y Control de la Contaminación^sINTI-GOSI-SOQyA^pArgentina<|>^aFlesler, F.^nInstituto Nacional de Tecnología Industrial. Dirección Operativa. Gerencia Operativa de Servicios Industriales. Subgerencia Operativa de Química y Ambiente. Dirección Técnica Químico Ambiental Sustentable. Departamento de Evaluación y Control de la Contaminación^sINTI-GOSI-SOQyA^pArgentina<|>^aFarias, C. B.^nInstituto Nacional de Tecnología Industrial. Dirección Operativa. Gerencia Operativa de Servicios Industriales. Subgerencia Operativa de Química y Ambiente. Dirección Técnica Químico Ambiental Sustentable. Departamento de Evaluación y Control de la Contaminación^sINTI-GOSI-SOQyA^pArgentina<|>^aVidela, Estefanía^nInstituto Nacional de Tecnología Industrial. Dirección Operativa. Gerencia Operativa de Servicios Industriales. Subgerencia Operativa de Química y Ambiente. Dirección Técnica Químico Ambiental Sustentable. Departamento de Evaluación y Control de la Contaminación^sINTI-GOSI-SOQyA^pArgentina<|>^aRodríguez, Diego Ezequiel^nInstituto Nacional de Tecnología Industrial. Dirección Operativa. Gerencia Operativa de Servicios Industriales. Subgerencia Operativa de Química y Ambiente. Dirección Técnica Químico Ambiental Sustentable. Departamento de Evaluación y Control de la Contaminación^sINTI-GOSI-SOQyA^pArgentina<|>^aBarlatey, María Alejandra^nInstituto Nacional de Tecnología Industrial. Dirección Operativa. Gerencia Operativa de Asistencia Regional. Subgerencia Operativa Regional Centro. Dirección Técnica Centro Oriental. Departamento de Medio Ambiente Centro^sINTI-GOAR^pArgentina<|>^aRuhl, Gustavo Gabriel^nInstituto Nacional de Tecnología Industrial. Dirección Operativa. Gerencia Operativa de Asistencia Regional. Subgerencia Operativa Regional Centro. Dirección Técnica Centro Oriental. Departamento de Medio Ambiente Centro^sINTI-GOAR^pArgentina<|>^aBailat, Federico Luis^nInstituto Nacional de Tecnología Industrial. Dirección Operativa. Gerencia Operativa de Asistencia Regional. Subgerencia Operativa Regional Centro. Dirección Técnica Centro Oriental. Departamento de Medio Ambiente Centro^sINTI-GOAR^pArgentina<|>^aRodríguez, Gisela Vanina^nInstituto Nacional de Tecnología Industrial. Dirección Operativa. Gerencia Operativa de Asistencia Regional. Subgerencia Operativa Regional Centro. Dirección Técnica Centro Oriental. Departamento de Medio Ambiente Centro^sINTI-GOAR^pArgentina<|>^aQuiroga, Nieves Soledad^nInstituto Nacional de Tecnología Industrial. Dirección Operativa. Gerencia Operativa de Asistencia Regional. Subgerencia Operativa Regional Centro. Dirección Técnica Centro Oriental. Departamento de Medio Ambiente Centro^sINTI-GOAR^pArgentina<|>^aBusquet, Cynthia Melisa^nInstituto Nacional de Tecnología Industrial. Dirección Operativa. Gerencia Operativa de Asistencia Regional. Subgerencia Operativa Regional Centro. Dirección Técnica Centro Oriental. Departamento de Medio Ambiente Centro^sINTI-GOAR^pArgentina<|>^aEchazarreta, M. L.^nInstituto Nacional de Tecnología Industrial. Dirección Operativa. Gerencia Operativa de Asistencia Regional. Subgerencia Operativa Regional Centro. Dirección Técnica Centro Oriental. Departamento de Medio Ambiente Centro^sINTI-GOAR^pArgentina<|>^aMinaglia, M.^nInstituto Nacional de Tecnología Industrial. Dirección Operativa. Gerencia Operativa de Asistencia Regional. Subgerencia Operativa Regional Centro. Dirección Técnica Centro Oriental. Departamento de Medio Ambiente Centro^sINTI-GOAR^pArgentina<|>^aGoicoa, V.^nInstituto Nacional de Tecnología Industrial. Dirección Operativa. Gerencia Operativa de Asistencia Regional. Subgerencia Operativa Regional Cuyo. Dirección Técnica Industrias Extractivas y Manufactureras Cuyo. Departamento de Energías Renovables y Gestión Energética Cuyo^sINTI-GOAR^pArgentina<|>^aSole Guibelalde, María Aldana^nInstituto Nacional de Tecnología Industrial. Dirección Operativa. Gerencia Operativa de Asistencia Regional. Subgerencia Operativa Regional Cuyo. Dirección Técnica Industrias Extractivas y Manufactureras Cuyo. Departamento de Energías Renovables y Gestión Energética Cuyo^sINTI-GOAR^pArgentina<|>^aLenzi, Santiago^nInstituto Nacional de Tecnología Industrial. Dirección Operativa. Gerencia Operativa de Asistencia Regional. Subgerencia Operativa Regional Pampeana. Dirección Técnica Regional Buenos Aires. Departamento de Producción Sustentable Pampeana^sINTI-GOAR^pArgentina<|>^aZubiaurre, Juan Lucas^nInstituto Nacional de Tecnología Industrial. Dirección Operativa. Gerencia Operativa de Asistencia Regional. Subgerencia Operativa Regional Pampeana. Dirección Técnica Regional Buenos Aires. Departamento de Producción Sustentable Pampeana^sINTI-GOAR^pArgentina<|>^aLonghi, Sebastián Eduardo^nInstituto Nacional de Tecnología Industrial. Dirección Operativa. Gerencia Operativa de Asistencia Regional. Subgerencia Operativa Regional Pampeana. Dirección Técnica Regional Buenos Aires. Departamento de Producción Sustentable Pampeana^sINTI-GOAR^pArgentina<|>^aCazzaniga Arduzzo, Diego Santiago^nInstituto Nacional de Tecnología Industrial. Gerencia Operativa de Desarrollo Tecnológico e Innovación. Subgerencia Operativa de Tecnología de Alimentos. Departamento de Valorización de Subproductos^sINTI-GODTeI-SOTA^pArgentina<|>^aPirola, María  Belén^nInstituto Nacional de Tecnología Industrial. Gerencia Operativa de Desarrollo Tecnológico e Innovación. Subgerencia Operativa de Tecnología de Alimentos. Departamento de Valorización de Subproductos^sINTI-GODTeI-SOTA^pArgentina<|>^aAlarcón, Mariana^nInstituto Nacional de Tecnología Industrial. Gerencia Operativa de Desarrollo Tecnológico e Innovación. Subgerencia Operativa de Tecnología de Alimentos. Departamento de Valorización de Subproductos^sINTI-GODTeI-SOTA^pArgentina
050905;v22_Autor_personal;Arroyo Gómez, J. J.<|>Villarroel Rocha, Dimar<|>Montiel, Gonzalo<|>Sapag, K.<|>Abuin, Graciela Carmen;Arroyo Gómez, Juan José<|>Villarroel Rocha, Dimar<|>Montiel, Gonzalo<|>Sapag, K.<|>Abuin, Graciela Carmen
050905;v26_Afiliacion_del_autor;^aArroyo Gómez, J. J.^nInstituto Nacional de Tecnología Industrial. Gerencia Operativa de Desarrollo Tecnológico e Innovación. Subgerencia Operativa de Energía y Movilidad. Departamento de Almacenamiento de la Energía^sINTI-GODTeI-SOEyM^pArgentina<|>^aArroyo Gómez, J. J.^nUniversidad Nacional de San Luis. Instituto de Física Aplicada^sUNSL-INFAP^pArgentina<|>^aVillarroel Rocha, Dimar^nUniversidad Nacional de San Luis. Instituto de Física Aplicada^sUNSL-INFAP^pArgentina<|>^aMontiel, Gonzalo^nInstituto Nacional de Tecnología Industrial. Gerencia Operativa de Desarrollo Tecnológico e Innovación. Subgerencia Operativa de Energía y Movilidad. Departamento de Almacenamiento de la Energía^sINTI-GODTeI-SOEyM^pArgentina<|>^aSapag, K.^nUniversidad Nacional de San Luis. Instituto de Física Aplicada^sUNSL-INFAP^pArgentina<|>^aAbuin, Graciela Carmen^nInstituto Nacional de Tecnología Industrial. Gerencia Operativa de Desarrollo Tecnológico e Innovación. Subgerencia Operativa de Energía y Movilidad. Departamento de Almacenamiento de la Energía^sINTI-GODTeI-SOEyM^pArgentina;^aArroyo Gómez, Juan José^nInstituto Nacional de Tecnología Industrial. Gerencia Operativa de Desarrollo Tecnológico e Innovación. Subgerencia Operativa de Energía y Movilidad. Departamento de Almacenamiento de la Energía^sINTI-GODTeI-SOEyM^pArgentina<|>^aArroyo Gómez, Juan José^nUniversidad Nacional de San Luis. Instituto de Física Aplicada^sUNSL-INFAP^pArgentina<|>^aVillarroel Rocha, Dimar^nUniversidad Nacional de San Luis. Instituto de Física Aplicada^sUNSL-INFAP^pArgentina<|>^aMontiel, Gonzalo^nInstituto Nacional de Tecnología Industrial. Gerencia Operativa de Desarrollo Tecnológico e Innovación. Subgerencia Operativa de Energía y Movilidad. Departamento de Almacenamiento de la Energía^sINTI-GODTeI-SOEyM^pArgentina<|>^aSapag, K.^nUniversidad Nacional de San Luis. Instituto de Física Aplicada^sUNSL-INFAP^pArgentina<|>^aAbuin, Graciela Carmen^nInstituto Nacional de Tecnología Industrial. Gerencia Operativa de Desarrollo Tecnológico e Innovación. Subgerencia Operativa de Energía y Movilidad. Departamento de Almacenamiento de la Energía^sINTI-GODTeI-SOEyM^pArgentina
050910;v22_Autor_personal;Mastromónaco, Gladys Miriam<|>Castro, A.<|>Gattucci, L.<|>Kornblit, Fernando<|>Echazarreta, J.<|>Pino, F.<|>González Piazza, M. S.<|>Gulivart, V.;Mastromónaco, Gladys Miriam<|>Castro, Ángel Patricio<|>Gattucci, L.<|>Kornblit, Fernando<|>Echazarreta, J.<|>Pino, F.<|>González Piazza, M. S.<|>Gulivart, V.
050910;v26_Afiliacion_del_autor;^aMastromónaco, Gladys Miriam^nInstituto Nacional de Tecnología Industrial. Dirección Operativa. Gerencia Operativa de Metrología y Calidad. Dirección Técnica de Calidad. Departamento de Calidad en las Mediciones^pINTI-GOMyC^pArgentina<|>^aCastro, A.^nInstituto Nacional de Tecnología Industrial. Dirección Operativa. Gerencia Operativa de Metrología y Calidad. Dirección Técnica de Calidad. Departamento de Calidad en las Mediciones^pINTI-GOMyC^pArgentina<|>^aGattucci, L.^nInstituto Nacional de Tecnología Industrial. Dirección Operativa. Gerencia Operativa de Metrología y Calidad. Dirección Técnica de Calidad. Departamento de Calidad en las Mediciones^pINTI-GOMyC^pArgentina<|>^aKornblit, Fernando^nInstituto Nacional de Tecnología Industrial. Dirección Operativa. Gerencia Operativa de Metrología y Calidad. Dirección Técnica de Calidad. Departamento de Calidad en las Mediciones^pINTI-GOMyC^pArgentina<|>^aEchazarreta, J.^nInstituto Nacional de Tecnología Industrial. Dirección Operativa. Gerencia Operativa de Servicios Industriales. Subgerencia Operativa de Alimentos. Dirección Técnica de Asistencia Tecnológica. Departamento de Vida Útil y Análisis Sensorial^pINTI-GOSI-SOA^pArgentina<|>^aPino, F.^nInstituto Nacional de Tecnología Industrial. Dirección Operativa. Gerencia Operativa de Servicios Industriales. Subgerencia Operativa de Alimentos. Dirección Técnica de Asistencia Tecnológica. Departamento de Vida Útil y Análisis Sensorial^pINTI-GOSI-SOA^pArgentina<|>^aGonzález Piazza, M. S.^nInstituto Nacional de Tecnología Industrial. Dirección Operativa. Gerencia Operativa de Servicios Industriales. Subgerencia Operativa de Alimentos. Dirección Técnica de Asistencia Tecnológica. Departamento de Vida Útil y Análisis Sensorial^pINTI-GOSI-SOA^pArgentina<|>^aGulivart, V.^nInstituto Nacional de Tecnología Industrial. Dirección Operativa. Gerencia Operativa de Servicios Industriales. Subgerencia Operativa de Alimentos. Dirección Técnica de Asistencia Tecnológica. Departamento de Vida Útil y Análisis Sensorial^pINTI-GOSI-SOA^pArgentina;^aMastromónaco, Gladys Miriam^nInstituto Nacional de Tecnología Industrial. Dirección Operativa. Gerencia Operativa de Metrología y Calidad. Dirección Técnica de Calidad. Departamento de Calidad en las Mediciones^pINTI-GOMyC^pArgentina<|>^aCastro, Ángel Patricio^nInstituto Nacional de Tecnología Industrial. Dirección Operativa. Gerencia Operativa de Metrología y Calidad. Dirección Técnica de Calidad. Departamento de Calidad en las Mediciones^pINTI-GOMyC^pArgentina<|>^aGattucci, L.^nInstituto Nacional de Tecnología Industrial. Dirección Operativa. Gerencia Operativa de Metrología y Calidad. Dirección Técnica de Calidad. Departamento de Calidad en las Mediciones^pINTI-GOMyC^pArgentina<|>^aKornblit, Fernando^nInstituto Nacional de Tecnología Industrial. Dirección Operativa. Gerencia Operativa de Metrología y Calidad. Dirección Técnica de Calidad. Departamento de Calidad en las Mediciones^pINTI-GOMyC^pArgentina<|>^aEchazarreta, J.^nInstituto Nacional de Tecnología Industrial. Dirección Operativa. Gerencia Operativa de Servicios Industriales. Subgerencia Operativa de Alimentos. Dirección Técnica de Asistencia Tecnológica. Departamento de Vida Útil y Análisis Sensorial^pINTI-GOSI-SOA^pArgentina<|>^aPino, F.^nInstituto Nacional de Tecnología Industrial. Dirección Operativa. Gerencia Operativa de Servicios Industriales. Subgerencia Operativa de Alimentos. Dirección Técnica de Asistencia Tecnológica. Departamento de Vida Útil y Análisis Sensorial^pINTI-GOSI-SOA^pArgentina<|>^aGonzález Piazza, M. S.^nInstituto Nacional de Tecnología Industrial. Dirección Operativa. Gerencia Operativa de Servicios Industriales. Subgerencia Operativa de Alimentos. Dirección Técnica de Asistencia Tecnológica. Departamento de Vida Útil y Análisis Sensorial^pINTI-GOSI-SOA^pArgentina<|>^aGulivart, V.^nInstituto Nacional de Tecnología Industrial. Dirección Operativa. Gerencia Operativa de Servicios Industriales. Subgerencia Operativa de Alimentos. Dirección Técnica de Asistencia Tecnológica. Departamento de Vida Útil y Análisis Sensorial^pINTI-GOSI-SOA^pArgentina
050916;v22_Autor_personal;Molina Tirado, L.<|>Aguilar, Susana Ester<|>Rosso, A.<|>Devia, Leila<|>Valdés, D.<|>Di Leo, Carlos<|>Pinto, J.<|>Czechowicz, Anahí Amancay;Molina Tirado, L.<|>Aguilar, Susana Ester<|>Rosso, A.<|>Devia, Leila<|>Valdés, Daniel Alberto<|>Di Leo, Carlos<|>Pinto, J.<|>Czechowicz, Anahí Amancay
050916;v26_Afiliacion_del_autor;^aMolina Tirado, L.^nInstituto Nacional de Tecnología Industrial. Gerencia Operativa de Desarrollo Tecnológico e Innovación. Subgerencia Operativa de Energía y Movilidad. Departamento de Gestión del Sistema Integrado^sINTI-GODTeI-SOEyM^pArgentina<|>^aAguilar, Susana Ester^nInstituto Nacional de Tecnología Industrial. Gerencia Operativa de Desarrollo Tecnológico e Innovación. Subgerencia Operativa de Energía y Movilidad. Departamento de Gestión del Sistema Integrado^sINTI-GODTeI-SOEyM^pArgentina<|>^aRosso, A.^nInstituto Nacional de Tecnología Industrial. Dirección Operativa. Gerencia Operativa de Servicios Industriales. Subgerencia Operativa de Química y Ambiente. Dirección Técnica Químico Ambiental Sustentable. Departamento de Evaluación y Control de la Contaminación^sINTI-GOSI-SOQyA^pArgentina<|>^aPinto, J.^nInstituto Nacional de Tecnología Industrial. Dirección Operativa. Gerencia Operativa de Servicios Industriales. Subgerencia Operativa de Química y Ambiente. Dirección Técnica Químico Ambiental Sustentable. Departamento de Evaluación y Control de la Contaminación^sINTI-GOSI-SOQyA^pArgentina<|>^aCzechowicz, Anahí Amancay^nInstituto Nacional de Tecnología Industrial. Dirección Operativa. Gerencia Operativa de Servicios Industriales. Subgerencia Operativa de Química y Ambiente. Dirección Técnica Químico Ambiental Sustentable. Departamento de Evaluación y Control de la Contaminación^sINTI-GOSI-SOQyA^pArgentina<|>^aDevia, Leila^nInstituto Nacional de Tecnología Industrial. Dirección Operativa. Gerencia Operativa de Servicios Industriales. Subgerencia Operativa de Química y Ambiente. Dirección Técnica Químico Ambiental Sustentable. Departamento de Evaluación y Control de la Contaminación^sINTI-GOSI-SOQyA^pArgentina<|>^aValdés, D.^nInstituto Nacional de Tecnología Industrial. Dirección Operativa. Gerencia Operativa de Servicios Industriales. Subgerencia Operativa de Química y Ambiente. Dirección Técnica Químico Ambiental Sustentable. Departamento de Evaluación y Control de la Contaminación^sINTI-GOSI-SOQyA^pArgentina<|>^aDi Leo, Carlos^nInstituto Nacional de Tecnología Industrial. Dirección Operativa. Gerencia Operativa de Servicios Industriales. Subgerencia Operativa de Química y Ambiente. Dirección Técnica Químico Ambiental Sustentable. Departamento de Evaluación y Control de la Contaminación^sINTI-GOSI-SOQyA^pArgentina;^aMolina Tirado, L.^nInstituto Nacional de Tecnología Industrial. Gerencia Operativa de Desarrollo Tecnológico e Innovación. Subgerencia Operativa de Energía y Movilidad. Departamento de Gestión del Sistema Integrado^sINTI-GODTeI-SOEyM^pArgentina<|>^aAguilar, Susana Ester^nInstituto Nacional de Tecnología Industrial. Gerencia Operativa de Desarrollo Tecnológico e Innovación. Subgerencia Operativa de Energía y Movilidad. Departamento de Gestión del Sistema Integrado^sINTI-GODTeI-SOEyM^pArgentina<|>^aRosso, A.^nInstituto Nacional de Tecnología Industrial. Dirección Operativa. Gerencia Operativa de Servicios Industriales. Subgerencia Operativa de Química y Ambiente. Dirección Técnica Químico Ambiental Sustentable. Departamento de Evaluación y Control de la Contaminación^sINTI-GOSI-SOQyA^pArgentina<|>^aPinto, J.^nInstituto Nacional de Tecnología Industrial. Dirección Operativa. Gerencia Operativa de Servicios Industriales. Subgerencia Operativa de Química y Ambiente. Dirección Técnica Químico Ambiental Sustentable. Departamento de Evaluación y Control de la Contaminación^sINTI-GOSI-SOQyA^pArgentina<|>^aCzechowicz, Anahí Amancay^nInstituto Nacional de Tecnología Industrial. Dirección Operativa. Gerencia Operativa de Servicios Industriales. Subgerencia Operativa de Química y Ambiente. Dirección Técnica Químico Ambiental Sustentable. Departamento de Evaluación y Control de la Contaminación^sINTI-GOSI-SOQyA^pArgentina<|>^aDevia, Leila^nInstituto Nacional de Tecnología Industrial. Dirección Operativa. Gerencia Operativa de Servicios Industriales. Subgerencia Operativa de Química y Ambiente. Dirección Técnica Químico Ambiental Sustentable. Departamento de Evaluación y Control de la Contaminación^sINTI-GOSI-SOQyA^pArgentina<|>^aValdés, Daniel Alberto^nInstituto Nacional de Tecnología Industrial. Dirección Operativa. Gerencia Operativa de Servicios Industriales. Subgerencia Operativa de Química y Ambiente. Dirección Técnica Químico Ambiental Sustentable. Departamento de Evaluación y Control de la Contaminación^sINTI-GOSI-SOQyA^pArgentina<|>^aDi Leo, Carlos^nInstituto Nacional de Tecnología Industrial. Dirección Operativa. Gerencia Operativa de Servicios Industriales. Subgerencia Operativa de Química y Ambiente. Dirección Técnica Químico Ambiental Sustentable. Departamento de Evaluación y Control de la Contaminación^sINTI-GOSI-SOQyA^pArgentina
050929;v22_Autor_personal;Mastromónaco, Gladys Miriam<|>Palacios, I.<|>Castro, A.<|>Forastieri, S.<|>Kornblit, Fernando<|>Soria, Lorena Paula<|>Cirio, Mercedes<|>Etelechea, S.<|>Bertolo, María Del Valle<|>Santi, Analía Gabriela<|>Spath, María Carolina<|>Roldán, H.<|>Raco, Fernando Francisco<|>Castelli, María Laura<|>Gallello, N.;Mastromónaco, Gladys Miriam<|>Palacios, I.<|>Castro, Ángel Patricio<|>Forastieri, S.<|>Kornblit, Fernando<|>Soria, Lorena Paula<|>Cirio, Mercedes<|>Etelechea, S.<|>Bertolo, María Del Valle<|>Santi, Analía Gabriela<|>Spath, María Carolina<|>Roldán, H.<|>Raco, Fernando Francisco<|>Castelli, María Laura<|>Gallello, N.
050929;v26_Afiliacion_del_autor;^aMastromónaco, Gladys Miriam^nInstituto Nacional de Tecnología Industrial. Dirección Operativa. Gerencia Operativa de Metrología y Calidad. Dirección Técnica de Calidad. Departamento de Calidad en las Mediciones^pINTI-GOMyC^pArgentina<|>^aPalacios, I.^nInstituto Nacional de Tecnología Industrial. Dirección Operativa. Gerencia Operativa de Metrología y Calidad. Dirección Técnica de Calidad. Departamento de Calidad en las Mediciones^pINTI-GOMyC^pArgentina<|>^aCastro, A.^nInstituto Nacional de Tecnología Industrial. Dirección Operativa. Gerencia Operativa de Metrología y Calidad. Dirección Técnica de Calidad. Departamento de Calidad en las Mediciones^pINTI-GOMyC^pArgentina<|>^aForastieri, S.^nInstituto Nacional de Tecnología Industrial. Dirección Operativa. Gerencia Operativa de Metrología y Calidad. Dirección Técnica de Calidad. Departamento de Calidad en las Mediciones^pINTI-GOMyC^pArgentina<|>^aKornblit, Fernando^nInstituto Nacional de Tecnología Industrial. Dirección Operativa. Gerencia Operativa de Metrología y Calidad. Dirección Técnica de Calidad. Departamento de Calidad en las Mediciones^pINTI-GOMyC^pArgentina<|>^aSoria, Lorena Paula^nInstituto Nacional de Tecnología Industrial. Dirección Operativa. Gerencia Operativa de Servicios Industriales. Subgerencia Operativa de Alimentos. Dirección Técnica de Servicios Analíticos. Departamento de Análisis Instrumental^pINTI-GOSI-SOA^pArgentina<|>^aCirio, Mercedes^nInstituto Nacional de Tecnología Industrial. Dirección Operativa. Gerencia Operativa de Servicios Industriales. Subgerencia Operativa de Alimentos. Dirección Técnica de Servicios Analíticos. Departamento de Análisis Instrumental^pINTI-GOSI-SOA^pArgentina<|>^aEtelechea, S.^nInstituto Nacional de Tecnología Industrial. Dirección Operativa. Gerencia Operativa de Servicios Industriales. Subgerencia Operativa de Alimentos. Dirección Técnica de Servicios Analíticos. Departamento de Análisis Instrumental^pINTI-GOSI-SOA^pArgentina<|>^aBertolo, María Del Valle^nInstituto Nacional de Tecnología Industrial. Dirección Operativa. Gerencia Operativa de Asistencia Regional. Subgerencia Operativa Regional Cuyo. Dirección Técnica de Alimentos Cuyo. Departamento de Servicios Analíticos Cuyo^pINTI-GOAR^pArgentina<|>^aSanti, Analía Gabriela^nInstituto Nacional de Tecnología Industrial. Dirección Operativa. Gerencia Operativa de Asistencia Regional. Subgerencia Operativa Regional Cuyo. Dirección Técnica de Alimentos Cuyo. Departamento de Servicios Analíticos Cuyo^pINTI-GOAR^pArgentina<|>^aSpath, María Carolina^nInstituto Nacional de Tecnología Industrial. Dirección Operativa. Gerencia Operativa de Asistencia Regional. Subgerencia Operativa Regional Pampeana. Dirección Técnica Regional Buenos Aires. Departamento de Servicios Analíticos Pampeana^pINTI-GOAR^pArgentina<|>^aRoldán, H.^nInstituto Nacional de Tecnología Industrial. Dirección Operativa. Gerencia Operativa de Asistencia Regional. Subgerencia Operativa Regional Pampeana. Dirección Técnica Regional Buenos Aires. Departamento de Servicios Analíticos Pampeana^pINTI-GOAR^pArgentina<|>^aRaco, Fernando Francisco^nInstituto Nacional de Tecnología Industrial. Dirección Operativa. Gerencia Operativa de Metrología y Calidad. Subgerencia Operativa de Metrología Científica e Industrial. Dirección Técnica de Metrología Química. Departamento de Red de Laboratorios Lácteos^pINTI-GOMyC-SOMCeI^pArgentina<|>^aCastelli, María Laura^nInstituto Nacional de Tecnología Industrial. Dirección Operativa. Gerencia Operativa de Metrología y Calidad. Subgerencia Operativa de Metrología Científica e Industrial. Dirección Técnica de Metrología Química. Departamento de Red de Laboratorios Lácteos^pINTI-GOMyC-SOMCeI^pArgentina<|>^aGallello, N.^nInstituto Nacional de Tecnología Industrial. Dirección Operativa. Gerencia Operativa de Metrología y Calidad. Subgerencia Operativa de Metrología Científica e Industrial. Dirección Técnica de Metrología Química. Departamento de Red de Laboratorios Lácteos^pINTI-GOMyC-SOMCeI^pArgentina;^aMastromónaco, Gladys Miriam^nInstituto Nacional de Tecnología Industrial. Dirección Operativa. Gerencia Operativa de Metrología y Calidad. Dirección Técnica de Calidad. Departamento de Calidad en las Mediciones^pINTI-GOMyC^pArgentina<|>^aPalacios, I.^nInstituto Nacional de Tecnología Industrial. Dirección Operativa. Gerencia Operativa de Metrología y Calidad. Dirección Técnica de Calidad. Departamento de Calidad en las Mediciones^pINTI-GOMyC^pArgentina<|>^aCastro, Ángel Patricio^nInstituto Nacional de Tecnología Industrial. Dirección Operativa. Gerencia Operativa de Metrología y Calidad. Dirección Técnica de Calidad. Departamento de Calidad en las Mediciones^pINTI-GOMyC^pArgentina<|>^aForastieri, S.^nInstituto Nacional de Tecnología Industrial. Dirección Operativa. Gerencia Operativa de Metrología y Calidad. Dirección Técnica de Calidad. Departamento de Calidad en las Mediciones^pINTI-GOMyC^pArgentina<|>^aKornblit, Fernando^nInstituto Nacional de Tecnología Industrial. Dirección Operativa. Gerencia Operativa de Metrología y Calidad. Dirección Técnica de Calidad. Departamento de Calidad en las Mediciones^pINTI-GOMyC^pArgentina<|>^aSoria, Lorena Paula^nInstituto Nacional de Tecnología Industrial. Dirección Operativa. Gerencia Operativa de Servicios Industriales. Subgerencia Operativa de Alimentos. Dirección Técnica de Servicios Analíticos. Departamento de Análisis Instrumental^pINTI-GOSI-SOA^pArgentina<|>^aCirio, Mercedes^nInstituto Nacional de Tecnología Industrial. Dirección Operativa. Gerencia Operativa de Servicios Industriales. Subgerencia Operativa de Alimentos. Dirección Técnica de Servicios Analíticos. Departamento de Análisis Instrumental^pINTI-GOSI-SOA^pArgentina<|>^aEtelechea, S.^nInstituto Nacional de Tecnología Industrial. Dirección Operativa. Gerencia Operativa de Servicios Industriales. Subgerencia Operativa de Alimentos. Dirección Técnica de Servicios Analíticos. Departamento de Análisis Instrumental^pINTI-GOSI-SOA^pArgentina<|>^aBertolo, María Del Valle^nInstituto Nacional de Tecnología Industrial. Dirección Operativa. Gerencia Operativa de Asistencia Regional. Subgerencia Operativa Regional Cuyo. Dirección Técnica de Alimentos Cuyo. Departamento de Servicios Analíticos Cuyo^pINTI-GOAR^pArgentina<|>^aSanti, Analía Gabriela^nInstituto Nacional de Tecnología Industrial. Dirección Operativa. Gerencia Operativa de Asistencia Regional. Subgerencia Operativa Regional Cuyo. Dirección Técnica de Alimentos Cuyo. Departamento de Servicios Analíticos Cuyo^pINTI-GOAR^pArgentina<|>^aSpath, María Carolina^nInstituto Nacional de Tecnología Industrial. Dirección Operativa. Gerencia Operativa de Asistencia Regional. Subgerencia Operativa Regional Pampeana. Dirección Técnica Regional Buenos Aires. Departamento de Servicios Analíticos Pampeana^pINTI-GOAR^pArgentina<|>^aRoldán, H.^nInstituto Nacional de Tecnología Industrial. Dirección Operativa. Gerencia Operativa de Asistencia Regional. Subgerencia Operativa Regional Pampeana. Dirección Técnica Regional Buenos Aires. Departamento de Servicios Analíticos Pampeana^pINTI-GOAR^pArgentina<|>^aRaco, Fernando Francisco^nInstituto Nacional de Tecnología Industrial. Dirección Operativa. Gerencia Operativa de Metrología y Calidad. Subgerencia Operativa de Metrología Científica e Industrial. Dirección Técnica de Metrología Química. Departamento de Red de Laboratorios Lácteos^pINTI-GOMyC-SOMCeI^pArgentina<|>^aCastelli, María Laura^nInstituto Nacional de Tecnología Industrial. Dirección Operativa. Gerencia Operativa de Metrología y Calidad. Subgerencia Operativa de Metrología Científica e Industrial. Dirección Técnica de Metrología Química. Departamento de Red de Laboratorios Lácteos^pINTI-GOMyC-SOMCeI^pArgentina<|>^aGallello, N.^nInstituto Nacional de Tecnología Industrial. Dirección Operativa. Gerencia Operativa de Metrología y Calidad. Subgerencia Operativa de Metrología Científica e Industrial. Dirección Técnica de Metrología Química. Departamento de Red de Laboratorios Lácteos^pINTI-GOMyC-SOMCeI^pArgentina
050947;v22_Autor_personal;Reiner, Walter<|>Nemcanski, K.;Reiner, Walter<|>Nemcansky, Kevin
050947;v26_Afiliacion_del_autor;^aReiner, Walter^nInstituto Nacional de Tecnología Industrial. Gerencia Operativa de Desarrollo Tecnológico e Innovación. Subgerencia Operativa de Áreas de Conocimiento. Dirección Técnica de Industria 4.0. Departamento de Tecnología para la Industria 4.0^sINTI-GODTeI-SOAC^pArgentina<|>^aNemcanski, K.^nInstituto Nacional de Tecnología Industrial. Gerencia Operativa de Desarrollo Tecnológico e Innovación. Subgerencia Operativa de Áreas de Conocimiento. Dirección Técnica de Industria 4.0. Departamento de Tecnología para la Industria 4.0^sINTI-GODTeI-SOAC^pArgentina;^aReiner, Walter^nInstituto Nacional de Tecnología Industrial. Gerencia Operativa de Desarrollo Tecnológico e Innovación. Subgerencia Operativa de Áreas de Conocimiento. Dirección Técnica de Industria 4.0. Departamento de Tecnología para la Industria 4.0^sINTI-GODTeI-SOAC^pArgentina<|>^aNemcansky, Kevin^nInstituto Nacional de Tecnología Industrial. Gerencia Operativa de Desarrollo Tecnológico e Innovación. Subgerencia Operativa de Áreas de Conocimiento. Dirección Técnica de Industria 4.0. Departamento de Tecnología para la Industria 4.0^sINTI-GODTeI-SOAC^pArgentina
050948;v22_Autor_personal;Soria, Lorena Paula<|>Etelechea, S.<|>Simón, Mariano Ernesto<|>Cirio, Mercedes<|>Mastromónaco, Gladys Miriam<|>Palacios, I.<|>Castro, A.<|>Forastieri, S.<|>Santi, Analía Gabriela<|>Spath, María Carolina<|>Raco, Fernando Francisco<|>Blasco, Ramiro Raúl<|>Kornblit, Fernando<|>Kneeteman, E.<|>Gatti, P.;Soria, Lorena Paula<|>Etelechea, S.<|>Simón, Mariano Ernesto<|>Cirio, Mercedes<|>Mastromónaco, Gladys Miriam<|>Palacios, I.<|>Castro, Ángel Patricio<|>Forastieri, S.<|>Santi, Analía Gabriela<|>Spath, María Carolina<|>Raco, Fernando Francisco<|>Blasco, Ramiro Raúl<|>Kornblit, Fernando<|>Kneeteman, E.<|>Gatti, P.
050948;v26_Afiliacion_del_autor;^aSoria, Lorena Paula^nInstituto Nacional de Tecnología Industrial. Dirección Operativa. Gerencia Operativa de Servicios Industriales. Subgerencia Operativa de Alimentos. Dirección Técnica de Servicios Analíticos. Departamento de Análisis Instrumental^pINTI-GOSI-SOA^pArgentina<|>^aEtelechea, S.^nInstituto Nacional de Tecnología Industrial. Dirección Operativa. Gerencia Operativa de Servicios Industriales. Subgerencia Operativa de Alimentos. Dirección Técnica de Servicios Analíticos. Departamento de Análisis Instrumental^pINTI-GOSI-SOA^pArgentina<|>^aSimón, Mariano Ernesto^nInstituto Nacional de Tecnología Industrial. Dirección Operativa. Gerencia Operativa de Servicios Industriales. Subgerencia Operativa de Alimentos. Dirección Técnica de Servicios Analíticos. Departamento de Análisis Instrumental^pINTI-GOSI-SOA^pArgentina<|>^aCirio, Mercedes^nInstituto Nacional de Tecnología Industrial. Dirección Operativa. Gerencia Operativa de Servicios Industriales. Subgerencia Operativa de Alimentos. Dirección Técnica de Servicios Analíticos. Departamento de Análisis Instrumental^pINTI-GOSI-SOA^pArgentina<|>^aMastromónaco, Gladys Miriam^nInstituto Nacional de Tecnología Industrial. Dirección Operativa. Gerencia Operativa de Metrología y Calidad. Dirección Técnica de Calidad. Departamento de Calidad en las Mediciones^pINTI-GOMyC^pArgentina<|>^aPalacios, I.^nInstituto Nacional de Tecnología Industrial. Dirección Operativa. Gerencia Operativa de Metrología y Calidad. Dirección Técnica de Calidad. Departamento de Calidad en las Mediciones^pINTI-GOMyC^pArgentina<|>^aCastro, A.^nInstituto Nacional de Tecnología Industrial. Dirección Operativa. Gerencia Operativa de Metrología y Calidad. Dirección Técnica de Calidad. Departamento de Calidad en las Mediciones^pINTI-GOMyC^pArgentina<|>^aForastieri, S.^nInstituto Nacional de Tecnología Industrial. Dirección Operativa. Gerencia Operativa de Metrología y Calidad. Dirección Técnica de Calidad. Departamento de Calidad en las Mediciones^pINTI-GOMyC^pArgentina<|>^aSanti, Analía Gabriela^nInstituto Nacional de Tecnología Industrial. Dirección Operativa. Gerencia Operativa de Asistencia Regional. Subgerencia Operativa Regional Cuyo. Dirección Técnica de Alimentos Cuyo. Departamento de Servicios Analíticos Cuyo^pINTI-GOAR^pArgentina<|>^aSpath, María Carolina^nInstituto Nacional de Tecnología Industrial. Dirección Operativa. Gerencia Operativa de Asistencia Regional. Subgerencia Operativa Regional Pampeana. Dirección Técnica Regional Buenos Aires. Departamento de Servicios Analíticos Pampeana^pINTI-GOAR^pArgentina<|>^aRaco, Fernando Francisco^nInstituto Nacional de Tecnología Industrial. Dirección Operativa. Gerencia Operativa de Metrología y Calidad. Subgerencia Operativa de Metrología Científica e Industrial. Dirección Técnica de Metrología Química. Departamento de Materiales de Referencia^pINTI-GOMyC-SOMCeI^pArgentina<|>^aBlasco, Ramiro Raúl^nInstituto Nacional de Tecnología Industrial. Dirección Operativa. Gerencia Operativa de Metrología y Calidad. Subgerencia Operativa de Metrología Científica e Industrial. Dirección Técnica de Metrología Química. Departamento de Materiales de Referencia^pINTI-GOMyC-SOMCeI^pArgentina<|>^aKornblit, Fernando^nInstituto Nacional de Tecnología Industrial. Dirección Operativa. Gerencia Operativa de Metrología y Calidad. Dirección Técnica de Calidad. Departamento de Calidad en las Mediciones^pINTI-GOMyC^pArgentina<|>^aKneeteman, E.^nInstituto Nacional de Tecnología Industrial. Dirección Operativa. Gerencia Operativa de Servicios Industriales. Subgerencia Operativa de Alimentos. Dirección Técnica de Servicios Analíticos^pINTI-GOSI-SOA^pArgentina<|>^aGatti, P.^nInstituto Nacional de Tecnología Industrial. Dirección Operativa. Gerencia Operativa de Metrología y Calidad. Subgerencia Operativa de Metrología Científica e Industrial^pINTI-GOMyC-SOMCeI^pArgentina;^aSoria, Lorena Paula^nInstituto Nacional de Tecnología Industrial. Dirección Operativa. Gerencia Operativa de Servicios Industriales. Subgerencia Operativa de Alimentos. Dirección Técnica de Servicios Analíticos. Departamento de Análisis Instrumental^pINTI-GOSI-SOA^pArgentina<|>^aEtelechea, S.^nInstituto Nacional de Tecnología Industrial. Dirección Operativa. Gerencia Operativa de Servicios Industriales. Subgerencia Operativa de Alimentos. Dirección Técnica de Servicios Analíticos. Departamento de Análisis Instrumental^pINTI-GOSI-SOA^pArgentina<|>^aSimón, Mariano Ernesto^nInstituto Nacional de Tecnología Industrial. Dirección Operativa. Gerencia Operativa de Servicios Industriales. Subgerencia Operativa de Alimentos. Dirección Técnica de Servicios Analíticos. Departamento de Análisis Instrumental^pINTI-GOSI-SOA^pArgentina<|>^aCirio, Mercedes^nInstituto Nacional de Tecnología Industrial. Dirección Operativa. Gerencia Operativa de Servicios Industriales. Subgerencia Operativa de Alimentos. Dirección Técnica de Servicios Analíticos. Departamento de Análisis Instrumental^pINTI-GOSI-SOA^pArgentina<|>^aMastromónaco, Gladys Miriam^nInstituto Nacional de Tecnología Industrial. Dirección Operativa. Gerencia Operativa de Metrología y Calidad. Dirección Técnica de Calidad. Departamento de Calidad en las Mediciones^pINTI-GOMyC^pArgentina<|>^aPalacios, I.^nInstituto Nacional de Tecnología Industrial. Dirección Operativa. Gerencia Operativa de Metrología y Calidad. Dirección Técnica de Calidad. Departamento de Calidad en las Mediciones^pINTI-GOMyC^pArgentina<|>^aCastro, Ángel Patricio^nInstituto Nacional de Tecnología Industrial. Dirección Operativa. Gerencia Operativa de Metrología y Calidad. Dirección Técnica de Calidad. Departamento de Calidad en las Mediciones^pINTI-GOMyC^pArgentina<|>^aForastieri, S.^nInstituto Nacional de Tecnología Industrial. Dirección Operativa. Gerencia Operativa de Metrología y Calidad. Dirección Técnica de Calidad. Departamento de Calidad en las Mediciones^pINTI-GOMyC^pArgentina<|>^aSanti, Analía Gabriela^nInstituto Nacional de Tecnología Industrial. Dirección Operativa. Gerencia Operativa de Asistencia Regional. Subgerencia Operativa Regional Cuyo. Dirección Técnica de Alimentos Cuyo. Departamento de Servicios Analíticos Cuyo^pINTI-GOAR^pArgentina<|>^aSpath, María Carolina^nInstituto Nacional de Tecnología Industrial. Dirección Operativa. Gerencia Operativa de Asistencia Regional. Subgerencia Operativa Regional Pampeana. Dirección Técnica Regional Buenos Aires. Departamento de Servicios Analíticos Pampeana^pINTI-GOAR^pArgentina<|>^aRaco, Fernando Francisco^nInstituto Nacional de Tecnología Industrial. Dirección Operativa. Gerencia Operativa de Metrología y Calidad. Subgerencia Operativa de Metrología Científica e Industrial. Dirección Técnica de Metrología Química. Departamento de Materiales de Referencia^pINTI-GOMyC-SOMCeI^pArgentina<|>^aBlasco, Ramiro Raúl^nInstituto Nacional de Tecnología Industrial. Dirección Operativa. Gerencia Operativa de Metrología y Calidad. Subgerencia Operativa de Metrología Científica e Industrial. Dirección Técnica de Metrología Química. Departamento de Materiales de Referencia^pINTI-GOMyC-SOMCeI^pArgentina<|>^aKornblit, Fernando^nInstituto Nacional de Tecnología Industrial. Dirección Operativa. Gerencia Operativa de Metrología y Calidad. Dirección Técnica de Calidad. Departamento de Calidad en las Mediciones^pINTI-GOMyC^pArgentina<|>^aKneeteman, E.^nInstituto Nacional de Tecnología Industrial. Dirección Operativa. Gerencia Operativa de Servicios Industriales. Subgerencia Operativa de Alimentos. Dirección Técnica de Servicios Analíticos^pINTI-GOSI-SOA^pArgentina<|>^aGatti, P.^nInstituto Nacional de Tecnología Industrial. Dirección Operativa. Gerencia Operativa de Metrología y Calidad. Subgerencia Operativa de Metrología Científica e Industrial^pINTI-GOMyC-SOMCeI^pArgentina
050949;v22_Autor_personal;Galacho, V.<|>Puelles, M.<|>Speranza, J.<|>Gatti, P.;Galacho, V.<|>Puelles, M.<|>Speranza, Jorge Luis<|>Gatti, P.
050949;v26_Afiliacion_del_autor;^aGalacho, V.^nInstituto Nacional de Tecnología Industrial. Dirección Operativa. Gerencia Operativa de Metrología y Calidad. Subgerencia Operativa de Metrología Científica e Industrial. Dirección Técnica de Metrología Química. Departamento de Metrología en Ambiente y Salud^pINTI-GOMyC-SOMCeI^pArgentina<|>^aPuelles, M.^nInstituto Nacional de Tecnología Industrial. Dirección Operativa. Gerencia Operativa de Metrología y Calidad. Subgerencia Operativa de Metrología Científica e Industrial. Dirección Técnica de Metrología Química. Departamento de Metrología en Ambiente y Salud^pINTI-GOMyC-SOMCeI^pArgentina<|>^aSperanza, J.^nInstituto Nacional de Tecnología Industrial. Dirección Operativa. Gerencia Operativa de Metrología y Calidad. Subgerencia Operativa de Metrología Científica e Industrial. Dirección Técnica de Metrología Química^pINTI-GOMyC-SOMCeI^pArgentina<|>^aGatti, P.^nInstituto Nacional de Tecnología Industrial. Dirección Operativa. Gerencia Operativa de Metrología y Calidad. Subgerencia Operativa de Metrología Científica e Industrial^pINTI-GOMyC-SOMCeI^pArgentina;^aGalacho, V.^nInstituto Nacional de Tecnología Industrial. Dirección Operativa. Gerencia Operativa de Metrología y Calidad. Subgerencia Operativa de Metrología Científica e Industrial. Dirección Técnica de Metrología Química. Departamento de Metrología en Ambiente y Salud^pINTI-GOMyC-SOMCeI^pArgentina<|>^aPuelles, M.^nInstituto Nacional de Tecnología Industrial. Dirección Operativa. Gerencia Operativa de Metrología y Calidad. Subgerencia Operativa de Metrología Científica e Industrial. Dirección Técnica de Metrología Química. Departamento de Metrología en Ambiente y Salud^pINTI-GOMyC-SOMCeI^pArgentina<|>^aSperanza, Jorge Luis^nInstituto Nacional de Tecnología Industrial. Dirección Operativa. Gerencia Operativa de Metrología y Calidad. Subgerencia Operativa de Metrología Científica e Industrial. Dirección Técnica de Metrología Química^pINTI-GOMyC-SOMCeI^pArgentina<|>^aGatti, P.^nInstituto Nacional de Tecnología Industrial. Dirección Operativa. Gerencia Operativa de Metrología y Calidad. Subgerencia Operativa de Metrología Científica e Industrial^pINTI-GOMyC-SOMCeI^pArgentina
050950;v22_Autor_personal;Puelles, M.<|>Acosta, Osvaldo Héctor<|>Galli, A.<|>Lozano, H.<|>Speranza, J.<|>Gatti, P.;Puelles, M.<|>Acosta, Osvaldo Héctor<|>Galli, A.<|>Lozano, H.<|>Speranza, Jorge Luis<|>Gatti, P.
050950;v26_Afiliacion_del_autor;^aPuelles, M.^nInstituto Nacional de Tecnología Industrial. Dirección Operativa. Gerencia Operativa de Metrología y Calidad. Subgerencia Operativa de Metrología Científica e Industrial. Dirección Técnica de Metrología Química. Departamento de Metrología en Ambiente y Salud^sINTI-SOMCeI-GOMyC^pArgentina<|>^aAcosta, Osvaldo Héctor^nInstituto Nacional de Tecnología Industrial. Dirección Operativa. Gerencia Operativa de Metrología y Calidad. Subgerencia Operativa de Metrología Científica e Industrial. Dirección Técnica de Metrología Química. Departamento de Metrología en Ambiente y Salud^sINTI-SOMCeI-GOMyC^pArgentina<|>^aGalli, A.^nInstituto Nacional de Tecnología Industrial. Dirección Operativa. Gerencia Operativa de Metrología y Calidad. Subgerencia Operativa de Metrología Científica e Industrial. Dirección Técnica de Metrología Química. Departamento de Metrología en Ambiente y Salud^sINTI-SOMCeI-GOMyC^pArgentina<|>^aLozano, H.^nInstituto Nacional de Tecnología Industrial. Dirección Operativa. Gerencia Operativa de Metrología y Calidad. Subgerencia Operativa de Metrología Científica e Industrial. Dirección Técnica de Metrología Química. Departamento de Metrología en Ambiente y Salud^sINTI-SOMCeI-GOMyC^pArgentina<|>^aSperanza, J.^nInstituto Nacional de Tecnología Industrial. Dirección Operativa. Gerencia Operativa de Metrología y Calidad. Subgerencia Operativa de Metrología Científica e Industrial. Dirección Técnica de Metrología Química^sINTI-SOMCeI-GOMyC^pArgentina<|>^aGatti, P.^nInstituto Nacional de Tecnología Industrial. Dirección Operativa. Gerencia Operativa de Metrología y Calidad. Subgerencia Operativa de Metrología Científica e Industrial^sINTI-SOMCeI-GOMyC^pArgentina;^aPuelles, M.^nInstituto Nacional de Tecnología Industrial. Dirección Operativa. Gerencia Operativa de Metrología y Calidad. Subgerencia Operativa de Metrología Científica e Industrial. Dirección Técnica de Metrología Química. Departamento de Metrología en Ambiente y Salud^sINTI-SOMCeI-GOMyC^pArgentina<|>^aAcosta, Osvaldo Héctor^nInstituto Nacional de Tecnología Industrial. Dirección Operativa. Gerencia Operativa de Metrología y Calidad. Subgerencia Operativa de Metrología Científica e Industrial. Dirección Técnica de Metrología Química. Departamento de Metrología en Ambiente y Salud^sINTI-SOMCeI-GOMyC^pArgentina<|>^aGalli, A.^nInstituto Nacional de Tecnología Industrial. Dirección Operativa. Gerencia Operativa de Metrología y Calidad. Subgerencia Operativa de Metrología Científica e Industrial. Dirección Técnica de Metrología Química. Departamento de Metrología en Ambiente y Salud^sINTI-SOMCeI-GOMyC^pArgentina<|>^aLozano, H.^nInstituto Nacional de Tecnología Industrial. Dirección Operativa. Gerencia Operativa de Metrología y Calidad. Subgerencia Operativa de Metrología Científica e Industrial. Dirección Técnica de Metrología Química. Departamento de Metrología en Ambiente y Salud^sINTI-SOMCeI-GOMyC^pArgentina<|>^aSperanza, Jorge Luis^nInstituto Nacional de Tecnología Industrial. Dirección Operativa. Gerencia Operativa de Metrología y Calidad. Subgerencia Operativa de Metrología Científica e Industrial. Dirección Técnica de Metrología Química^sINTI-SOMCeI-GOMyC^pArgentina<|>^aGatti, P.^nInstituto Nacional de Tecnología Industrial. Dirección Operativa. Gerencia Operativa de Metrología y Calidad. Subgerencia Operativa de Metrología Científica e Industrial^sINTI-SOMCeI-GOMyC^pArgentina
050953;v22_Autor_personal;Brengi, Diego Javier<|>Lifschitz, Omar David<|>Mass, Mijal Inés<|>Lozano, A.<|>Yánez Flores, Christian Marcelo<|>Dello Russo, Alejandro Elian<|>Díaz, G. G.<|>Marinoni, J.<|>Maugeri, S.<|>Rodríguez, G. P.;Brengi, Diego Javier<|>Lifschitz, Omar David<|>Mass, Mijal Inés<|>Lozano, A.<|>Yánez Flores, Christian Marcelo<|>Dello Russo, Alejandro Elian<|>Díaz, G. G.<|>Marinoni, Julián Nicolás<|>Maugeri, S.<|>Rodríguez, G. P.
050953;v26_Afiliacion_del_autor;^aBrengi, Diego Javier^nInstituto Nacional de Tecnología Industrial. Gerencia Operativa de Desarrollo Tecnológico e Innovación. Subgerencia Operativa de Áreas de Conocimiento. Dirección Técnica de Micro y Nano Tecnologías. Departamento de Integración de Sistemas Micro y Nano Electrónicos^sINTI-GODTeI-SOAC^pArgentina<|>^aLifschitz, Omar David^nInstituto Nacional De Tecnología Industrial. Gerencia Operativa de Desarrollo Tecnológico e Innovación. Subgerencia Operativa de Áreas de Conocimiento. Dirección Técnica de Micro y Nano Tecnologías. Departamento de Diseño de Circuitos Integrados y Sistemas Reconfigurables^sINTI-GODTeI-SOAC^pArgentina<|>^aMass, Mijal Inés^nInstituto Nacional de Tecnología Industrial. Gerencia Operativa de Desarrollo Tecnológico e Innovación. Subgerencia Operativa de Áreas de Conocimiento. Dirección Técnica de Micro y Nano Tecnologías. Departamento de Prototipado Microelectrónico y Electrónica Impresa^sINTI-GODTeI-SOAC^pArgentina<|>^aLozano, A.^nInstituto Nacional de Tecnología Industrial. Gerencia Operativa de Desarrollo Tecnológico e Innovación. Subgerencia Operativa de Áreas de Conocimiento. Dirección Técnica de Micro y Nano Tecnologías^sINTI-GODTeI-SOAC^pArgentina<|>^aYánez Flores, Christian Marcelo^nInstituto Nacional de Tecnología Industrial. Gerencia Operativa de Desarrollo Tecnológico e Innovación. Subgerencia Operativa de Áreas de Conocimiento. Dirección Técnica de Micro y Nano Tecnologías. Departamento de Integración de Sistemas Micro y Nano Electrónicos^sINTI-GODTeI-SOAC^pArgentina<|>^aDello Russo, Alejandro Elian^nInstituto Nacional de Tecnología Industrial. Gerencia Operativa de Desarrollo Tecnológico e Innovación. Subgerencia Operativa de Áreas de Conocimiento. Dirección Técnica de Micro y Nano Tecnologías. Departamento de Diseño de Circuitos Integrados y Sistemas Reconfigurables^sINTI-GODTeI-SOAC^pArgentina<|>^aDíaz, G. G.^nInstituto Nacional de Tecnología Industrial. Gerencia Operativa de Desarrollo Tecnológico e Innovación. Subgerencia Operativa de Áreas de Conocimiento. Dirección Técnica de Micro y Nano Tecnologías. Departamento de Diseño de Circuitos Integrados y Sistemas Reconfigurables^sINTI-GODTeI-SOAC^pArgentina<|>^aMarinoni, J.^nInstituto Nacional de Tecnología Industrial. Gerencia Operativa de Desarrollo Tecnológico e Innovación. Subgerencia Operativa de Áreas de Conocimiento. Dirección Técnica de Micro y Nano Tecnologías. Departamento de Prototipado Microelectrónico y Electrónica Impresa^sINTI-GODTeI-SOAC^pArgentina<|>^aMaugeri, S.^nInstituto Nacional de Tecnología Industrial. Gerencia Operativa de Desarrollo Tecnológico e Innovación. Subgerencia Operativa de Áreas de Conocimiento. Dirección Técnica de Micro y Nano Tecnologías. Departamento de Prototipado Microelectrónico y Electrónica Impresa^sINTI-GODTeI-SOAC^pArgentina<|>^aRodríguez, G. P.^nInstituto Nacional de Tecnología Industrial. Gerencia Operativa de Desarrollo Tecnológico e Innovación. Subgerencia Operativa de Áreas de Conocimiento. Dirección Técnica de Micro y Nano Tecnologías. Departamento de Integración de Sistemas Micro y Nano Electrónicos^sINTI-GODTeI-SOAC^pArgentina;^aBrengi, Diego Javier^nInstituto Nacional de Tecnología Industrial. Gerencia Operativa de Desarrollo Tecnológico e Innovación. Subgerencia Operativa de Áreas de Conocimiento. Dirección Técnica de Micro y Nano Tecnologías. Departamento de Integración de Sistemas Micro y Nano Electrónicos^sINTI-GODTeI-SOAC^pArgentina<|>^aLifschitz, Omar David^nInstituto Nacional De Tecnología Industrial. Gerencia Operativa de Desarrollo Tecnológico e Innovación. Subgerencia Operativa de Áreas de Conocimiento. Dirección Técnica de Micro y Nano Tecnologías. Departamento de Diseño de Circuitos Integrados y Sistemas Reconfigurables^sINTI-GODTeI-SOAC^pArgentina<|>^aMass, Mijal Inés^nInstituto Nacional de Tecnología Industrial. Gerencia Operativa de Desarrollo Tecnológico e Innovación. Subgerencia Operativa de Áreas de Conocimiento. Dirección Técnica de Micro y Nano Tecnologías. Departamento de Prototipado Microelectrónico y Electrónica Impresa^sINTI-GODTeI-SOAC^pArgentina<|>^aLozano, A.^nInstituto Nacional de Tecnología Industrial. Gerencia Operativa de Desarrollo Tecnológico e Innovación. Subgerencia Operativa de Áreas de Conocimiento. Dirección Técnica de Micro y Nano Tecnologías^sINTI-GODTeI-SOAC^pArgentina<|>^aYánez Flores, Christian Marcelo^nInstituto Nacional de Tecnología Industrial. Gerencia Operativa de Desarrollo Tecnológico e Innovación. Subgerencia Operativa de Áreas de Conocimiento. Dirección Técnica de Micro y Nano Tecnologías. Departamento de Integración de Sistemas Micro y Nano Electrónicos^sINTI-GODTeI-SOAC^pArgentina<|>^aDello Russo, Alejandro Elian^nInstituto Nacional de Tecnología Industrial. Gerencia Operativa de Desarrollo Tecnológico e Innovación. Subgerencia Operativa de Áreas de Conocimiento. Dirección Técnica de Micro y Nano Tecnologías. Departamento de Diseño de Circuitos Integrados y Sistemas Reconfigurables^sINTI-GODTeI-SOAC^pArgentina<|>^aDíaz, G. G.^nInstituto Nacional de Tecnología Industrial. Gerencia Operativa de Desarrollo Tecnológico e Innovación. Subgerencia Operativa de Áreas de Conocimiento. Dirección Técnica de Micro y Nano Tecnologías. Departamento de Diseño de Circuitos Integrados y Sistemas Reconfigurables^sINTI-GODTeI-SOAC^pArgentina<|>^aMarinoni, Julián Nicolás^nInstituto Nacional de Tecnología Industrial. Gerencia Operativa de Desarrollo Tecnológico e Innovación. Subgerencia Operativa de Áreas de Conocimiento. Dirección Técnica de Micro y Nano Tecnologías. Departamento de Prototipado Microelectrónico y Electrónica Impresa^sINTI-GODTeI-SOAC^pArgentina<|>^aMaugeri, S.^nInstituto Nacional de Tecnología Industrial. Gerencia Operativa de Desarrollo Tecnológico e Innovación. Subgerencia Operativa de Áreas de Conocimiento. Dirección Técnica de Micro y Nano Tecnologías. Departamento de Prototipado Microelectrónico y Electrónica Impresa^sINTI-GODTeI-SOAC^pArgentina<|>^aRodríguez, G. P.^nInstituto Nacional de Tecnología Industrial. Gerencia Operativa de Desarrollo Tecnológico e Innovación. Subgerencia Operativa de Áreas de Conocimiento. Dirección Técnica de Micro y Nano Tecnologías. Departamento de Integración de Sistemas Micro y Nano Electrónicos^sINTI-GODTeI-SOAC^pArgentina
050983;v22_Autor_personal;Nikotian, Matías<|>Bonelli, Marcos<|>Núñez, H.<|>Marino, D.;Nikotian, Matías<|>Bonelli, Marcos<|>Núñez, H.<|>Marino, Diego Alberto
050983;v26_Afiliacion_del_autor;^aNikotian, Matías^nInstituto Nacional de Tecnología Industrial. Gerencia Operativa de Desarrollo Tecnológico e Innovación. Subgerencia Operativa de Energía y Movilidad. Departamento de Desarrollo para la Industria de la Movilidad^sINTI-GODTel-SOEyM^pArgentina<|>^aBonelli, Marcos^nInstituto Nacional de Tecnología Industrial. Gerencia Operativa de Desarrollo Tecnológico e Innovación. Subgerencia Operativa de Energía y Movilidad. Departamento de Desarrollo para la Industria de la Movilidad^sINTI-GODTel-SOEyM^pArgentina<|>^aNúñez, H.^nInstituto Nacional de Tecnología Industrial. Gerencia Operativa de Desarrollo Tecnológico e Innovación. Subgerencia Operativa de Energía y Movilidad. Departamento de Desarrollo para la Industria de la Movilidad^sINTI-GODTel-SOEyM^pArgentina<|>^aMarino, D.^nInstituto Nacional de Tecnología Industrial. Gerencia Operativa de Desarrollo Tecnológico e Innovación. Subgerencia Operativa de Energía y Movilidad. Departamento de Desarrollo para la Industria de la Movilidad^sINTI-GODTel-SOEyM^pArgentina;^aNikotian, Matías^nInstituto Nacional de Tecnología Industrial. Gerencia Operativa de Desarrollo Tecnológico e Innovación. Subgerencia Operativa de Energía y Movilidad. Departamento de Desarrollo para la Industria de la Movilidad^sINTI-GODTel-SOEyM^pArgentina<|>^aBonelli, Marcos^nInstituto Nacional de Tecnología Industrial. Gerencia Operativa de Desarrollo Tecnológico e Innovación. Subgerencia Operativa de Energía y Movilidad. Departamento de Desarrollo para la Industria de la Movilidad^sINTI-GODTel-SOEyM^pArgentina<|>^aNúñez, H.^nInstituto Nacional de Tecnología Industrial. Gerencia Operativa de Desarrollo Tecnológico e Innovación. Subgerencia Operativa de Energía y Movilidad. Departamento de Desarrollo para la Industria de la Movilidad^sINTI-GODTel-SOEyM^pArgentina<|>^aMarino, Diego Alberto^nInstituto Nacional de Tecnología Industrial. Gerencia Operativa de Desarrollo Tecnológico e Innovación. Subgerencia Operativa de Energía y Movilidad. Departamento de Desarrollo para la Industria de la Movilidad^sINTI-GODTel-SOEyM^pArgentina
050984;v22_Autor_personal;Cazzaniga Arduzzo, Diego Santiago<|>Schmidt, E.<|>Alarcón, Mariana<|>Nieto, I.<|>Warcok, Leonardo Carlos<|>Defain Tesoriero, María Victoria<|>Arcángelo, Marisa Ruth<|>Alberti, Cecilia<|>Storino, A.<|>Páez, R<|>Audero, Gabriela María<|>Mainez, M. E.<|>Menardi, M.<|>Ruggia, J. I.;Cazzaniga Arduzzo, Diego Santiago<|>Schmidt, E.<|>Alarcón, Mariana<|>Nieto, I.<|>Warcok, Leonardo Carlos<|>Defain Tesoriero, María Victoria<|>Arcángelo, Marisa Ruth<|>Alberti, Cecilia<|>Storino, Alejandra Valeria<|>Páez, R<|>Audero, Gabriela María<|>Mainez, M. E.<|>Menardi, M.<|>Ruggia, J. I.
050984;v26_Afiliacion_del_autor;^aCazzaniga Arduzzo, Diego Santiago^nInstituto Nacional de Tecnología Industrial. Gerencia Operativa de Desarrollo Tecnológico e Innovación. Subgerencia Operativa de Tecnología de Alimentos. Departamento de Valorización de Subproductos^sINTI-GODTel-SOTA^pArgentina<|>^aSchmidt, E.^nInstituto Nacional de Tecnología Industrial. Gerencia Operativa de Desarrollo Tecnológico e Innovación. Subgerencia Operativa de Tecnología de Alimentos. Departamento de Valorización de Subproductos^sINTI-GODTel-SOTA^pArgentina<|>^aAlarcón, Mariana^nInstituto Nacional de Tecnología Industrial. Gerencia Operativa de Desarrollo Tecnológico e Innovación. Subgerencia Operativa de Tecnología de Alimentos. Departamento de Valorización de Subproductos^sINTI-GODTel-SOTA^pArgentina<|>^aNieto, I.^nInstituto Nacional de Tecnología Industrial. Gerencia Operativa de Desarrollo Tecnológico e Innovación. Subgerencia Operativa de Tecnología de Alimentos. Departamento de Valorización de Subproductos^sINTI-GODTel-SOTA^pArgentina<|>^aWarcok, Leonardo Carlos^nInstituto Nacional de Tecnología Industrial. Gerencia Operativa de Desarrollo Tecnológico e Innovación. Dirección Técnica Desarrollo e Innovación en Química^sINTI-GODTel^pArgentina<|>^aDefain Tesoriero, María Victoria^nInstituto Nacional de Tecnología Industrial. Gerencia Operativa de Desarrollo Tecnológico e Innovación. Dirección Técnica Desarrollo e Innovación en Química^sINTI-GODTel^pArgentina<|>^aArcángelo, Marisa Ruth^nInstituto Nacional de Tecnología Industrial. Gerencia Operativa de Desarrollo Tecnológico e Innovación. Dirección Técnica Desarrollo e Innovación en Química^sINTI-GODTel^pArgentina<|>^aAlberti, Cecilia^nInstituto Nacional de Tecnología Industrial. Gerencia Operativa de Desarrollo Tecnológico e Innovación. Dirección Técnica Desarrollo e Innovación en Química^sINTI-GODTel^pArgentina<|>^aStorino, A.^nInstituto Nacional de Tecnología Industrial. Dirección Operativa. Gerencia Operativa de Servicios Industriales. Subgerencia Operativa de Química y Ambiente. Dirección Técnica Químico Ambiental Sustentable. Departamento de Manejo y Gestión de Sustancias Químicas^sINTI-GOSI-SOQyA^pArgentina<|>^aPáez, R.^nInstituto de Investigación de la Cadena Láctea-EEA Rafaela^sINTA^pArgentina<|>^aPáez, R.^sCONICET^pArgentina<|>^aAudero, Gabriela María^nInstituto de Investigación de la Cadena Láctea-EEA Rafaela^sINTA^pArgentina<|>^aAudero, Gabriela María^sCONICET^pArgentina<|>^aMainez, M. E.^nInstituto de Investigación de la Cadena Láctea-EEA Rafaela^sINTA^pArgentina<|>^aMainez, M. E.^sCONICET^pArgentina<|>^aMenardi, M.^nSecretaría de Producción, Empleo e Innovación-Municipalidad de Rafaela^pArgentina<|>^aRuggia, J. I.^nSecretaría de Producción, Empleo e Innovación-Municipalidad de Rafaela^pArgentina;^aCazzaniga Arduzzo, Diego Santiago^nInstituto Nacional de Tecnología Industrial. Gerencia Operativa de Desarrollo Tecnológico e Innovación. Subgerencia Operativa de Tecnología de Alimentos. Departamento de Valorización de Subproductos^sINTI-GODTel-SOTA^pArgentina<|>^aSchmidt, E.^nInstituto Nacional de Tecnología Industrial. Gerencia Operativa de Desarrollo Tecnológico e Innovación. Subgerencia Operativa de Tecnología de Alimentos. Departamento de Valorización de Subproductos^sINTI-GODTel-SOTA^pArgentina<|>^aAlarcón, Mariana^nInstituto Nacional de Tecnología Industrial. Gerencia Operativa de Desarrollo Tecnológico e Innovación. Subgerencia Operativa de Tecnología de Alimentos. Departamento de Valorización de Subproductos^sINTI-GODTel-SOTA^pArgentina<|>^aNieto, I.^nInstituto Nacional de Tecnología Industrial. Gerencia Operativa de Desarrollo Tecnológico e Innovación. Subgerencia Operativa de Tecnología de Alimentos. Departamento de Valorización de Subproductos^sINTI-GODTel-SOTA^pArgentina<|>^aWarcok, Leonardo Carlos^nInstituto Nacional de Tecnología Industrial. Gerencia Operativa de Desarrollo Tecnológico e Innovación. Dirección Técnica Desarrollo e Innovación en Química^sINTI-GODTel^pArgentina<|>^aDefain Tesoriero, María Victoria^nInstituto Nacional de Tecnología Industrial. Gerencia Operativa de Desarrollo Tecnológico e Innovación. Dirección Técnica Desarrollo e Innovación en Química^sINTI-GODTel^pArgentina<|>^aArcángelo, Marisa Ruth^nInstituto Nacional de Tecnología Industrial. Gerencia Operativa de Desarrollo Tecnológico e Innovación. Dirección Técnica Desarrollo e Innovación en Química^sINTI-GODTel^pArgentina<|>^aAlberti, Cecilia^nInstituto Nacional de Tecnología Industrial. Gerencia Operativa de Desarrollo Tecnológico e Innovación. Dirección Técnica Desarrollo e Innovación en Química^sINTI-GODTel^pArgentina<|>^aStorino, Alejandra Valeria^nInstituto Nacional de Tecnología Industrial. Dirección Operativa. Gerencia Operativa de Servicios Industriales. Subgerencia Operativa de Química y Ambiente. Dirección Técnica Químico Ambiental Sustentable. Departamento de Manejo y Gestión de Sustancias Químicas^sINTI-GOSI-SOQyA^pArgentina<|>^aPáez, R.^nInstituto de Investigación de la Cadena Láctea-EEA Rafaela^sINTA^pArgentina<|>^aPáez, R.^sCONICET^pArgentina<|>^aAudero, Gabriela María^nInstituto de Investigación de la Cadena Láctea-EEA Rafaela^sINTA^pArgentina<|>^aAudero, Gabriela María^sCONICET^pArgentina<|>^aMainez, M. E.^nInstituto de Investigación de la Cadena Láctea-EEA Rafaela^sINTA^pArgentina<|>^aMainez, M. E.^sCONICET^pArgentina<|>^aMenardi, M.^nSecretaría de Producción, Empleo e Innovación-Municipalidad de Rafaela^pArgentina<|>^aRuggia, J. I.^nSecretaría de Producción, Empleo e Innovación-Municipalidad de Rafaela^pArgentina
050989;v22_Autor_personal;Becce, María Fernanda<|>García Ariceta, G.<|>Riverós, María Jimena<|>Canaves, Rosa Liliana<|>Suárez, M. E.<|>Sánchez, G.<|>Jiménez, M. C.<|>Altera, María Jimena;Becce, María Fernanda<|>García Ariceta, G.<|>Riverós, María Jimena<|>Canaves, Rosa Liliana<|>Suárez, María Eugenia<|>Sánchez, G.<|>Jiménez, M. C.<|>Altera, María Jimena
050989;v26_Afiliacion_del_autor;^aBecce, María Fernanda^nInstituto Nacional de Tecnología Industrial. Gerencia Operativa de Relaciones Institucionales y Comunicación^pINTI-GORIyC^pArgentina<|>^aGarcía Ariceta, G.^nInstituto Nacional de Tecnología Industrial. Gerencia Operativa de Relaciones Institucionales y Comunicación^pINTI-GORIyC^pArgentina<|>^aRiverós, María Jimena^nInstituto Nacional de Tecnología Industrial. Gerencia Operativa de Relaciones Institucionales y Comunicación^pINTI-GORIyC^pArgentina<|>^aCanaves, Rosa Liliana^nInstituto Nacional de Tecnología Industrial. Gerencia Operativa de Relaciones Institucionales y Comunicación^pINTI-GORIyC^pArgentina<|>^aSuárez, M. E.^nInstituto Nacional de Tecnología Industrial. Gerencia Operativa de Relaciones Institucionales y Comunicación^pINTI-GORIyC^pArgentina<|>^aSánchez, G.^nInstituto Nacional de Tecnología Industrial. Gerencia Operativa de Relaciones Institucionales y Comunicación^pINTI-GORIyC^pArgentina<|>^aJiménez, M. C.^nInstituto Nacional de Tecnología Industrial. Gerencia Operativa de Relaciones Institucionales y Comunicación^pINTI-GORIyC^pArgentina<|>^aAltera, María Jimena^nInstituto Nacional de Tecnología Industrial. Gerencia Operativa de Relaciones Institucionales y Comunicación^pINTI-GORIyC^pArgentina;^aBecce, María Fernanda^nInstituto Nacional de Tecnología Industrial. Gerencia Operativa de Relaciones Institucionales y Comunicación^pINTI-GORIyC^pArgentina<|>^aGarcía Ariceta, G.^nInstituto Nacional de Tecnología Industrial. Gerencia Operativa de Relaciones Institucionales y Comunicación^pINTI-GORIyC^pArgentina<|>^aRiverós, María Jimena^nInstituto Nacional de Tecnología Industrial. Gerencia Operativa de Relaciones Institucionales y Comunicación^pINTI-GORIyC^pArgentina<|>^aCanaves, Rosa Liliana^nInstituto Nacional de Tecnología Industrial. Gerencia Operativa de Relaciones Institucionales y Comunicación^pINTI-GORIyC^pArgentina<|>^aSuárez, María Eugenia^nInstituto Nacional de Tecnología Industrial. Gerencia Operativa de Relaciones Institucionales y Comunicación^pINTI-GORIyC^pArgentina<|>^aSánchez, G.^nInstituto Nacional de Tecnología Industrial. Gerencia Operativa de Relaciones Institucionales y Comunicación^pINTI-GORIyC^pArgentina<|>^aJiménez, M. C.^nInstituto Nacional de Tecnología Industrial. Gerencia Operativa de Relaciones Institucionales y Comunicación^pINTI-GORIyC^pArgentina<|>^aAltera, María Jimena^nInstituto Nacional de Tecnología Industrial. Gerencia Operativa de Relaciones Institucionales y Comunicación^pINTI-GORIyC^pArgentina
051073;v22_Autor_personal;Abate, Germán Rubén<|>Maceira, G.<|>Pérez, D.<|>Martínez Krahmer, Daniel Osvaldo;Abate, Germán Rubén<|>Maceira, G.<|>Pérez, Daniela Joana<|>Martínez Krahmer, Daniel Osvaldo
051073;v26_Afiliacion_del_autor;^aAbate, Germán Rubén^nInstituto Nacional de Tecnología Industrial. Dirección Operativa. Gerencia Operativa de Servicios Industriales. Subgerencia Operativa de Mecánica y Logística. Departamento de Gestión Administrativa de Mecánica y Logística^sINTI-GOSI-SOMyL^pArgentina<|>^aAbate, Germán Rubén^nUniversidad Nacional de Lomas de Zamora. Facultad de Ingeniería. Laboratorio de Control Numérico y Metrología^sUNLZ^pArgentina<|>^aMaceira, G.^nInstituto Nacional de Tecnología Industrial. Dirección Operativa. Gerencia Operativa de Servicios Industriales. Subgerencia Operativa de Mecánica y Logística. Departamento de Gestión Administrativa de Mecánica y Logística^sINTI-GOSI-SOMyL^pArgentina<|>^aMaceira, G.^nUniversidad Nacional de Lomas de Zamora. Facultad de Ingeniería. Cátedra Tecnología Mecánica^sUNLZ^pArgentina<|>^aPérez, D.^nInstituto Nacional de Tecnología Industrial. Dirección Operativa. Gerencia Operativa de Servicios Industriales. Subgerencia Operativa de Mecánica y Logística. Departamento de Gestión Administrativa de Mecánica y Logística^sINTI-GOSI-SOMyL^pArgentina<|>^aMartínez Krahmer, Daniel Osvaldo^nInstituto Nacional de Tecnología Industrial. Dirección Operativa. Gerencia Operativa de Servicios Industriales. Subgerencia Operativa de Mecánica y Logística. Departamento de Gestión Administrativa de Mecánica y Logística^sINTI-GOSI-SOMyL^pArgentina<|>^aMartínez Krahmer, Daniel Osvaldo^nUniversidad Nacional de Lomas de Zamora. Facultad de Ingeniería. Laboratorio de Control Numérico y Metrología^sUNLZ^pArgentina;^aAbate, Germán Rubén^nInstituto Nacional de Tecnología Industrial. Dirección Operativa. Gerencia Operativa de Servicios Industriales. Subgerencia Operativa de Mecánica y Logística. Departamento de Gestión Administrativa de Mecánica y Logística^sINTI-GOSI-SOMyL^pArgentina<|>^aAbate, Germán Rubén^nUniversidad Nacional de Lomas de Zamora. Facultad de Ingeniería. Laboratorio de Control Numérico y Metrología^sUNLZ^pArgentina<|>^aMaceira, G.^nInstituto Nacional de Tecnología Industrial. Dirección Operativa. Gerencia Operativa de Servicios Industriales. Subgerencia Operativa de Mecánica y Logística. Departamento de Gestión Administrativa de Mecánica y Logística^sINTI-GOSI-SOMyL^pArgentina<|>^aMaceira, G.^nUniversidad Nacional de Lomas de Zamora. Facultad de Ingeniería. Cátedra Tecnología Mecánica^sUNLZ^pArgentina<|>^aPérez, Daniela Joana^nInstituto Nacional de Tecnología Industrial. Dirección Operativa. Gerencia Operativa de Servicios Industriales. Subgerencia Operativa de Mecánica y Logística. Departamento de Gestión Administrativa de Mecánica y Logística^sINTI-GOSI-SOMyL^pArgentina<|>^aMartínez Krahmer, Daniel Osvaldo^nInstituto Nacional de Tecnología Industrial. Dirección Operativa. Gerencia Operativa de Servicios Industriales. Subgerencia Operativa de Mecánica y Logística. Departamento de Gestión Administrativa de Mecánica y Logística^sINTI-GOSI-SOMyL^pArgentina<|>^aMartínez Krahmer, Daniel Osvaldo^nUniversidad Nacional de Lomas de Zamora. Facultad de Ingeniería. Laboratorio de Control Numérico y Metrología^sUNLZ^pArgentina
051100;v22_Autor_personal;Buglioni, Luciano<|>Martínez Krahmer, Daniel Osvaldo<|>Sánchez Egea, A.<|>Simoncelli, A.;Buglioni, Luciano<|>Martínez Krahmer, Daniel Osvaldo<|>Sánchez Egea, A.<|>Simoncelli, Alejandro Ezequiel
051100;v26_Afiliacion_del_autor;^aBuglioni, Luciano^nInstituto Nacional de Tecnología Industrial. Dirección Operativa. Gerencia Operativa de Servicios Industriales. Subgerencia Operativa de Mecánica y Logística. Dirección Técnica de Procesos Industriales. Departamento de Soldadura^sINTI-GOSI-SOMyL^pArgentina<|>^aMartínez Krahmer, Daniel Osvaldo^nInstituto Nacional de Tecnología Industrial. Dirección Operativa. Gerencia Operativa de Servicios Industriales. Subgerencia Operativa de Mecánica y Logística. Dirección Técnica de Procesos Industriales. Departamento de Procesos de Mecanizado y Conformado^sINTI-GOSI-SOMyL^pArgentina<|>^aSánchez Egea, A.^nUniversitat Politècnica de Catalunya. Department of Mechanical Engineering^sUPC^pEspaña<|>^aSimoncelli, A.^nInstituto Nacional de Tecnología Industrial. Dirección Operativa. Gerencia Operativa de Servicios Industriales. Subgerencia Operativa de Mecánica y Logística. Dirección Técnica de Procesos Industriales. Departamento de Procesos de Mecanizado y Conformado^sINTI-GOSI-SOMyL^pArgentina<|>^aSimoncelli, A.^nUniversitat Politècnica de Catalunya. Department of Mechanical Engineering^sUPC^pEspaña<|>^aSimoncelli, A.^nUniversitad Nacional de Lomas de Zamora. Facultad de Ingeniería^sUNLZ^pArgentina;^aBuglioni, Luciano^nInstituto Nacional de Tecnología Industrial. Dirección Operativa. Gerencia Operativa de Servicios Industriales. Subgerencia Operativa de Mecánica y Logística. Dirección Técnica de Procesos Industriales. Departamento de Soldadura^sINTI-GOSI-SOMyL^pArgentina<|>^aMartínez Krahmer, Daniel Osvaldo^nInstituto Nacional de Tecnología Industrial. Dirección Operativa. Gerencia Operativa de Servicios Industriales. Subgerencia Operativa de Mecánica y Logística. Dirección Técnica de Procesos Industriales. Departamento de Procesos de Mecanizado y Conformado^sINTI-GOSI-SOMyL^pArgentina<|>^aSánchez Egea, A.^nUniversitat Politècnica de Catalunya. Department of Mechanical Engineering^sUPC^pEspaña<|>^aSimoncelli, Alejandro Ezequiel^nInstituto Nacional de Tecnología Industrial. Dirección Operativa. Gerencia Operativa de Servicios Industriales. Subgerencia Operativa de Mecánica y Logística. Dirección Técnica de Procesos Industriales. Departamento de Procesos de Mecanizado y Conformado^sINTI-GOSI-SOMyL^pArgentina<|>^aSimoncelli, Alejandro Ezequiel^nUniversitat Politècnica de Catalunya. Department of Mechanical Engineering^sUPC^pEspaña<|>^aSimoncelli, Alejandro Ezequiel^nUniversitad Nacional de Lomas de Zamora. Facultad de Ingeniería^sUNLZ^pArgentina
051120;v22_Autor_personal;Guari, S.<|>Tarifa, M.<|>Sánchez, D.;Guari, S.<|>Tarifa, Mariana Soledad<|>Sánchez, D.
051120;v26_Afiliacion_del_autor;^aGuari, S.^nInstituto Nacional de Tecnología Industrial. Dirección Operativa. Gerencia Operativa de Asistencia Regional. Subgerencia Operativa Regional NOA. Departamento de Gestión de Proyectos NOA^sINTI-GOAR-SORNOA^pArgentina<|>^aTarifa, M.^nInstituto Nacional de Tecnología Industrial. Dirección Operativa. Gerencia Operativa de Asistencia Regional. Subgerencia Operativa Regional NOA. Dirección Técnica Industrias Emergentes NOA. Departamento de Producción Sustentable NOA^sINTI-GOAR^pArgentina<|>^aSánchez, D.^nInstituto Nacional de Tecnología Industrial. Dirección Operativa. Gerencia Operativa de Asistencia Regional. Subgerencia Operativa Regional Centro. Dirección Técnica de Centro Litoral. Departamento de Ingeniería de Productos Industriales Centro^sINTI-GOAR^pArgentina;^aGuari, S.^nInstituto Nacional de Tecnología Industrial. Dirección Operativa. Gerencia Operativa de Asistencia Regional. Subgerencia Operativa Regional NOA. Departamento de Gestión de Proyectos NOA^sINTI-GOAR-SORNOA^pArgentina<|>^aTarifa, Mariana Soledad^nInstituto Nacional de Tecnología Industrial. Dirección Operativa. Gerencia Operativa de Asistencia Regional. Subgerencia Operativa Regional NOA. Dirección Técnica Industrias Emergentes NOA. Departamento de Producción Sustentable NOA^sINTI-GOAR^pArgentina<|>^aSánchez, D.^nInstituto Nacional de Tecnología Industrial. Dirección Operativa. Gerencia Operativa de Asistencia Regional. Subgerencia Operativa Regional Centro. Dirección Técnica de Centro Litoral. Departamento de Ingeniería de Productos Industriales Centro^sINTI-GOAR^pArgentina
051125;v22_Autor_personal;Tarifa, M.<|>Guari, S.<|>Sánchez, D.;Tarifa, Mariana Soledad<|>Guari, S.<|>Sánchez, D.
051125;v26_Afiliacion_del_autor;^aTarifa, M.^nInstituto Nacional de Tecnología Industrial. Dirección Operativa. Gerencia Operativa de Asistencia Regional. Subgerencia Operativa Regional NOA. Dirección Técnica Industrias Emergentes NOA. Departamento de Producción Sustentable NOA^sINTI-GOAR^pArgentina<|>^aGuari, S.^nInstituto Nacional de Tecnología Industrial. Dirección Operativa. Gerencia Operativa de Asistencia Regional. Subgerencia Operativa Regional NOA. Departamento de Gestión de Proyectos NOA^sINTI-GOAR-SORNOA^pArgentina<|>^aSánchez, D.^nInstituto Nacional de Tecnología Industrial. Dirección Operativa. Gerencia Operativa de Asistencia Regional. Subgerencia Operativa Regional Centro. Dirección Técnica de Centro Litoral. Departamento de Ingeniería de Productos Industriales Centro^sINTI-GOAR^pArgentina;^aTarifa, Mariana Soledad^nInstituto Nacional de Tecnología Industrial. Dirección Operativa. Gerencia Operativa de Asistencia Regional. Subgerencia Operativa Regional NOA. Dirección Técnica Industrias Emergentes NOA. Departamento de Producción Sustentable NOA^sINTI-GOAR^pArgentina<|>^aGuari, S.^nInstituto Nacional de Tecnología Industrial. Dirección Operativa. Gerencia Operativa de Asistencia Regional. Subgerencia Operativa Regional NOA. Departamento de Gestión de Proyectos NOA^sINTI-GOAR-SORNOA^pArgentina<|>^aSánchez, D.^nInstituto Nacional de Tecnología Industrial. Dirección Operativa. Gerencia Operativa de Asistencia Regional. Subgerencia Operativa Regional Centro. Dirección Técnica de Centro Litoral. Departamento de Ingeniería de Productos Industriales Centro^sINTI-GOAR^pArgentina
051133;v22_Autor_personal;Renzi, L.<|>Talamoni, Silvina<|>Rodríguez, M.<|>Monetta, P.;Renzi, L.<|>Talamoni, Silvina<|>Rodríguez, Matías Agustín<|>Monetta, P.
051133;v26_Afiliacion_del_autor;^aRenzi, L.^nInstituto Nacional de Tecnología Industrial. Dirección Operativa. Gerencia Operativa de Asistencia Regional. Subgerencia Operativa Regional Cuyo^sINTI-GOAR-SORCuyo^pArgentina<|>^aTalamoni, Silvina^nInstituto Nacional de Tecnología Industrial. Gerencia Operativa de Desarrollo Tecnológico e Innovación. Subgerencia Operativa de Transferencia Tecnológica. Dirección Técnica de Formulación y Puesta en Valor. Dirección de Planeamiento y Comercialización^sINTI-GODTeI-SOTT^pArgentina<|>^aRodríguez, M.^nInstituto Nacional de Tecnología Agropecuaria. Estación Experimental Agropecuaria San Juan^sINTA^pArgentina<|>^aMonetta, P.^nInstituto Nacional de Tecnología Agropecuaria. Estación Experimental Agropecuaria San Juan^sINTA^pArgentina;^aRenzi, L.^nInstituto Nacional de Tecnología Industrial. Dirección Operativa. Gerencia Operativa de Asistencia Regional. Subgerencia Operativa Regional Cuyo^sINTI-GOAR-SORCuyo^pArgentina<|>^aTalamoni, Silvina^nInstituto Nacional de Tecnología Industrial. Gerencia Operativa de Desarrollo Tecnológico e Innovación. Subgerencia Operativa de Transferencia Tecnológica. Dirección Técnica de Formulación y Puesta en Valor. Dirección de Planeamiento y Comercialización^sINTI-GODTeI-SOTT^pArgentina<|>^aRodríguez, Matías Agustín^nInstituto Nacional de Tecnología Agropecuaria. Estación Experimental Agropecuaria San Juan^sINTA^pArgentina<|>^aMonetta, P.^nInstituto Nacional de Tecnología Agropecuaria. Estación Experimental Agropecuaria San Juan^sINTA^pArgentina
051134;v22_Autor_personal;Agustinho, María Alejandra<|>Tarifa, M.<|>Guari, S.;Agustinho, María Alejandra<|>Tarifa, Mariana Soledad<|>Guari, S.
051134;v26_Afiliacion_del_autor;^aAgustinho, María Alejandra^nInstituto Nacional de Tecnología Industrial^sINTI-Jujuy^pArgentina<|>^aTarifa, M.^nInstituto Nacional de Tecnología Industrial. Dirección Operativa. Gerencia Operativa de Asistencia Regional. Subgerencia Operativa Regional NOA. Dirección Técnica Industrias Emergentes NOA. Departamento de Producción Sustentable NOA^sINTI-GOAR^pArgentina<|>^aGuari, S.^nInstituto Nacional de Tecnología Industrial. Dirección Operativa. Gerencia Operativa de Asistencia Regional. Subgerencia Operativa Regional NOA. Departamento de Gestión de Proyectos NOA^sINTI-GOAR-SORNOA^pArgentina;^aAgustinho, María Alejandra^nInstituto Nacional de Tecnología Industrial^sINTI-Jujuy^pArgentina<|>^aTarifa, Mariana Soledad^nInstituto Nacional de Tecnología Industrial. Dirección Operativa. Gerencia Operativa de Asistencia Regional. Subgerencia Operativa Regional NOA. Dirección Técnica Industrias Emergentes NOA. Departamento de Producción Sustentable NOA^sINTI-GOAR^pArgentina<|>^aGuari, S.^nInstituto Nacional de Tecnología Industrial. Dirección Operativa. Gerencia Operativa de Asistencia Regional. Subgerencia Operativa Regional NOA. Departamento de Gestión de Proyectos NOA^sINTI-GOAR-SORNOA^pArgentina
051140;v22_Autor_personal;Ariza, Irene Raquel<|>Oms, Eyra Malena<|>Nemcansky, K.<|>Ceballos, Jorge Ceferino<|>Losso, A.<|>Martin, Diego Ignacio<|>Herrero, P.;Ariza, Irene Raquel<|>Oms, Eyra Malena<|>Nemcansky, Kevin<|>Ceballos, Jorge Ceferino<|>Losso, A.<|>Martin, Diego Ignacio<|>Herrero, P.
051140;v26_Afiliacion_del_autor;^aAriza, Irene Raquel^nInstituto Nacional de Tecnología Industrial^sINTI^pArgentina<|>^aOms, Eyra Malena^nInstituto Nacional de Tecnología Industrial^sINTI^pArgentina<|>^aNemcansky, K.^nInstituto Nacional de Tecnología Industrial^sINTI^pArgentina<|>^aCeballos, Jorge Ceferino^nInstituto Nacional de Tecnología Industrial^sINTI^pArgentina<|>^aLosso, A.^nInstituto Nacional de Tecnología Industrial^sINTI^pArgentina<|>^aMartin, Diego Ignacio^nInstituto Nacional de Tecnología Industrial^sINTI^pArgentina<|>^aHerrero, P.^nInstituto Nacional de Tecnología Industrial^sINTI^pArgentina;^aAriza, Irene Raquel^nInstituto Nacional de Tecnología Industrial^sINTI^pArgentina<|>^aOms, Eyra Malena^nInstituto Nacional de Tecnología Industrial^sINTI^pArgentina<|>^aNemcansky, Kevin^nInstituto Nacional de Tecnología Industrial^sINTI^pArgentina<|>^aCeballos, Jorge Ceferino^nInstituto Nacional de Tecnología Industrial^sINTI^pArgentina<|>^aLosso, A.^nInstituto Nacional de Tecnología Industrial^sINTI^pArgentina<|>^aMartin, Diego Ignacio^nInstituto Nacional de Tecnología Industrial^sINTI^pArgentina<|>^aHerrero, P.^nInstituto Nacional de Tecnología Industrial^sINTI^pArgentina
051179;v22_Autor_personal;Simoncelli, A.<|>Buglioni, Luciano<|>Abate, Germán Rubén<|>Gayol, P.<|>Sánchez Egea, A.<|>Martínez Krahmer, Daniel Osvaldo;Simoncelli, Alejandro Ezequiel<|>Buglioni, Luciano<|>Abate, Germán Rubén<|>Gayol, P.<|>Sánchez Egea, A.<|>Martínez Krahmer, Daniel Osvaldo
051179;v26_Afiliacion_del_autor;^aSimoncelli, A.^nInstituto Nacional de Tecnología Industrial. Centro de Mecánica^sINTI^pArgentina<|>^aSimoncelli, A.^nUniversidad Nacional de Lomas de Zamora. Facultad de Ingeniería^sUNLZ^pArgentina<|>^aBuglioni, Luciano^nInstituto Nacional de Tecnología Industrial. Centro de Mecánica^sINTI^pArgentina<|>^aBuglioni, Luciano^nUniversidad de Buenos Aires. Facultad de Ingeniería^sUBA-FIUBA^pArgentina<|>^aAbate, Germán Rubén^nInstituto Nacional de Tecnología Industrial. Centro de Mecánica^sINTI^pArgentina<|>^aAbate, Germán Rubén^nUniversidad Nacional de Lomas de Zamora. Facultad de Ingeniería^sUNLZ^pArgentina<|>^aGayol, P.^nUniversidad Nacional de Lomas de Zamora. Facultad de Ingeniería^sUNLZ^pArgentina<|>^aSánchez Egea, A.^nUniversitat Politècnica de Catalunya. Departament d’Enginyeria Mecánica^sUPC^pEspaña<|>^aMartínez Krahmer, Daniel Osvaldo^nInstituto Nacional de Tecnología Industrial. Centro de Mecánica^sINTI^pArgentina<|>^aMartínez Krahmer, Daniel Osvaldo^nUniversidad Nacional de Hurlingham. Instituto de Tecnología e Ingeniería^sUNAHUR^pArgentina;^aSimoncelli, Alejandro Ezequiel^nInstituto Nacional de Tecnología Industrial. Centro de Mecánica^sINTI^pArgentina<|>^aSimoncelli, Alejandro Ezequiel^nUniversidad Nacional de Lomas de Zamora. Facultad de Ingeniería^sUNLZ^pArgentina<|>^aBuglioni, Luciano^nInstituto Nacional de Tecnología Industrial. Centro de Mecánica^sINTI^pArgentina<|>^aBuglioni, Luciano^nUniversidad de Buenos Aires. Facultad de Ingeniería^sUBA-FIUBA^pArgentina<|>^aAbate, Germán Rubén^nInstituto Nacional de Tecnología Industrial. Centro de Mecánica^sINTI^pArgentina<|>^aAbate, Germán Rubén^nUniversidad Nacional de Lomas de Zamora. Facultad de Ingeniería^sUNLZ^pArgentina<|>^aGayol, P.^nUniversidad Nacional de Lomas de Zamora. Facultad de Ingeniería^sUNLZ^pArgentina<|>^aSánchez Egea, A.^nUniversitat Politècnica de Catalunya. Departament d’Enginyeria Mecánica^sUPC^pEspaña<|>^aMartínez Krahmer, Daniel Osvaldo^nInstituto Nacional de Tecnología Industrial. Centro de Mecánica^sINTI^pArgentina<|>^aMartínez Krahmer, Daniel Osvaldo^nUniversidad Nacional de Hurlingham. Instituto de Tecnología e Ingeniería^sUNAHUR^pArgentina
051203;v22_Autor_personal;Blas, Luciano Sebastián<|>Janco, J.<|>Pires, P.<|>Campos, Eduardo Ariel<|>Pedraza, C.<|>Domínguez, C.<|>Pedrazzani, F.<|>Corrao, Adrián;Blas, Luciano Sebastián<|>Janco, J.<|>Pires, P.<|>Campos, Eduardo Ariel<|>Pedraza, Carlos Sebastián<|>Domínguez, C.<|>Pedrazzani, F.<|>Corrao, Adrián
051203;v26_Afiliacion_del_autor;^aBlas, Luciano Sebastián^nInstituto Nacional de Tecnología Industrial. Dirección Operativa. Gerencia Operativa de Servicios Industriales. Subgerencia Operativa de Electrónica y Energía. Dirección Técnica de Electrónica. Departamento de Compatibilidad Electromagnética^sINTI-GOSI^pArgentina<|>^aJanco, J.^nInstituto Nacional de Tecnología Industrial. Dirección Operativa. Gerencia Operativa de Servicios Industriales. Subgerencia Operativa de Electrónica y Energía. Dirección Técnica de Electrónica. Departamento de Compatibilidad Electromagnética^sINTI-GOSI^pArgentina<|>^aPires, P.^nInstituto Nacional de Tecnología Industrial. Dirección Operativa. Gerencia Operativa de Servicios Industriales. Subgerencia Operativa de Electrónica y Energía. Dirección Técnica de Electrónica. Departamento de Compatibilidad Electromagnética^sINTI-GOSI^pArgentina<|>^aCampos, Eduardo Ariel^nInstituto Nacional de Tecnología Industrial. Dirección Operativa. Gerencia Operativa de Servicios Industriales. Subgerencia Operativa de Electrónica y Energía. Dirección Técnica de Electrónica. Departamento de Compatibilidad Electromagnética^sINTI-GOSI^pArgentina<|>^aPedraza, C.^nInstituto Nacional de Tecnología Industrial. Dirección Operativa. Gerencia Operativa de Servicios Industriales. Subgerencia Operativa de Electrónica y Energía. Dirección Técnica de Electrónica. Departamento de Compatibilidad Electromagnética^sINTI-GOSI^pArgentina<|>^aDomínguez, C.^nInstituto Nacional de Tecnología Industrial. Dirección Operativa. Gerencia Operativa de Servicios Industriales. Subgerencia Operativa de Electrónica y Energía. Dirección Técnica de Electrónica. Departamento de Compatibilidad Electromagnética^sINTI-GOSI^pArgentina<|>^aPedrazzani, F.^nInstituto Nacional de Tecnología Industrial. Dirección Operativa. Gerencia Operativa de Servicios Industriales. Subgerencia Operativa de Electrónica y Energía. Dirección Técnica de Electrónica. Departamento de Compatibilidad Electromagnética^sINTI-GOSI^pArgentina<|>^aCorrao, Adrián^nInstituto Nacional de Tecnología Industrial. Dirección Operativa. Gerencia Operativa de Servicios Industriales. Subgerencia Operativa de Electrónica y Energía. Dirección Técnica de Electrónica. Departamento de Compatibilidad Electromagnética^sINTI-GOSI^pArgentina;^aBlas, Luciano Sebastián^nInstituto Nacional de Tecnología Industrial. Dirección Operativa. Gerencia Operativa de Servicios Industriales. Subgerencia Operativa de Electrónica y Energía. Dirección Técnica de Electrónica. Departamento de Compatibilidad Electromagnética^sINTI-GOSI^pArgentina<|>^aJanco, J.^nInstituto Nacional de Tecnología Industrial. Dirección Operativa. Gerencia Operativa de Servicios Industriales. Subgerencia Operativa de Electrónica y Energía. Dirección Técnica de Electrónica. Departamento de Compatibilidad Electromagnética^sINTI-GOSI^pArgentina<|>^aPires, P.^nInstituto Nacional de Tecnología Industrial. Dirección Operativa. Gerencia Operativa de Servicios Industriales. Subgerencia Operativa de Electrónica y Energía. Dirección Técnica de Electrónica. Departamento de Compatibilidad Electromagnética^sINTI-GOSI^pArgentina<|>^aCampos, Eduardo Ariel^nInstituto Nacional de Tecnología Industrial. Dirección Operativa. Gerencia Operativa de Servicios Industriales. Subgerencia Operativa de Electrónica y Energía. Dirección Técnica de Electrónica. Departamento de Compatibilidad Electromagnética^sINTI-GOSI^pArgentina<|>^aPedraza, Carlos Sebastián^nInstituto Nacional de Tecnología Industrial. Dirección Operativa. Gerencia Operativa de Servicios Industriales. Subgerencia Operativa de Electrónica y Energía. Dirección Técnica de Electrónica. Departamento de Compatibilidad Electromagnética^sINTI-GOSI^pArgentina<|>^aDomínguez, C.^nInstituto Nacional de Tecnología Industrial. Dirección Operativa. Gerencia Operativa de Servicios Industriales. Subgerencia Operativa de Electrónica y Energía. Dirección Técnica de Electrónica. Departamento de Compatibilidad Electromagnética^sINTI-GOSI^pArgentina<|>^aPedrazzani, F.^nInstituto Nacional de Tecnología Industrial. Dirección Operativa. Gerencia Operativa de Servicios Industriales. Subgerencia Operativa de Electrónica y Energía. Dirección Técnica de Electrónica. Departamento de Compatibilidad Electromagnética^sINTI-GOSI^pArgentina<|>^aCorrao, Adrián^nInstituto Nacional de Tecnología Industrial. Dirección Operativa. Gerencia Operativa de Servicios Industriales. Subgerencia Operativa de Electrónica y Energía. Dirección Técnica de Electrónica. Departamento de Compatibilidad Electromagnética^sINTI-GOSI^pArgentina
051204;v22_Autor_personal;Torres, N.<|>Delorenzi, Fabián;Torres, Nuria Inés<|>Delorenzi, Fabián
051204;v26_Afiliacion_del_autor;^aTorres, N.^nInstituto Nacional de Tecnología Industrial. Dirección Operativa. Gerencia Operativa de Servicios Industriales. Subgerencia Operativa de Servicios Sectoriales. Dirección Técnica de Foresto Industria. Departamento de Celulosa y Papel^sINTI-GOSI-SOSS^pArgentina<|>^aDelorenzi, Fabián^nInstituto Nacional de Tecnología Industrial. Dirección Operativa. Gerencia Operativa de Servicios Industriales. Subgerencia Operativa de Servicios Sectoriales. Dirección Técnica de Foresto Industria. Departamento de Celulosa y Papel^sINTI-GOSI-SOSS^pArgentina;^aTorres, Nuria Inés^nInstituto Nacional de Tecnología Industrial. Dirección Operativa. Gerencia Operativa de Servicios Industriales. Subgerencia Operativa de Servicios Sectoriales. Dirección Técnica de Foresto Industria. Departamento de Celulosa y Papel^sINTI-GOSI-SOSS^pArgentina<|>^aDelorenzi, Fabián^nInstituto Nacional de Tecnología Industrial. Dirección Operativa. Gerencia Operativa de Servicios Industriales. Subgerencia Operativa de Servicios Sectoriales. Dirección Técnica de Foresto Industria. Departamento de Celulosa y Papel^sINTI-GOSI-SOSS^pArgentina
051230;v22_Autor_personal;Villarroel Rocha, Dimar<|>Villarroel Rocha, Jhonny<|>Amaya-Roncancio, Sebastián<|>García-Carvajal, C.<|>Barrera, Deicy Amparo<|>Arroyo-Gómez, J.<|>Torres-Cerón, Darwin Augusto<|>Restrepo-Parra, E.<|>Sapag, K.;Villarroel Rocha, Dimar<|>Villarroel Rocha, Jhonny<|>Amaya-Roncancio, Sebastián<|>García-Carvajal, C.<|>Barrera, Deicy Amparo<|>Arroyo Gómez, Juan José<|>Torres-Cerón, Darwin Augusto<|>Restrepo-Parra, E.<|>Sapag, K.
051230;v26_Afiliacion_del_autor;^aVillarroel Rocha, Dimar^nUniversidad Nacional de San Luis. Instituto de Física Aplicada. Laboratorio de Sólidos Porosos^sUNSL-INFAP-LabSop^pArgentina<|>^aVillarroel Rocha, Jhonny^nUniversidad Nacional de San Luis. Instituto de Física Aplicada. Laboratorio de Sólidos Porosos^sUNSL-INFAP-LabSop^pArgentina<|>^aAmaya-Roncancio, Sebastián^nUniversidad Nacional de Colombia Sede Manizales. PCM Computational Applications^sUNAL^pColombia<|>^aGarcía-Carvajal, C.^nUniversidad Nacional de San Luis. Instituto de Física Aplicada. Laboratorio de Sólidos Porosos^sUNSL-INFAP-LabSop^pArgentina<|>^aBarrera, Deicy Amparo^nUniversidad Nacional de San Luis. Instituto de Física Aplicada. Laboratorio de Sólidos Porosos^sUNSL-INFAP-LabSop^pArgentina<|>^aArroyo-Gómez, J.^nInstituto Nacional de Tecnología Industrial. Dirección Operativa. Gerencia Operativa de Desarrollo Tecnológico e Innovación. Subgerencia Operativa de Energía y Movilidad. Departamento de Almacenamiento de la Energía^sINTI-GODTeI-SOEyM^pArgentina<|>^aTorres-Cerón, Darwin Augusto^nUniversidad Nacional de Colombia Sede Manizales. Laboratorio de Física del Plasma^sUNAL^pColombia<|>^aRestrepo-Parra, E.^nUniversidad Nacional de Colombia Sede Manizales. PCM Computational Applications^sUNAL^pColombia<|>^aSapag, K.^nUniversidad Nacional de San Luis. Instituto de Física Aplicada. Laboratorio de Sólidos Porosos^sUNSL-INFAP-LabSop^pArgentina;^aVillarroel Rocha, Dimar^nUniversidad Nacional de San Luis. Instituto de Física Aplicada. Laboratorio de Sólidos Porosos^sUNSL-INFAP-LabSop^pArgentina<|>^aVillarroel Rocha, Jhonny^nUniversidad Nacional de San Luis. Instituto de Física Aplicada. Laboratorio de Sólidos Porosos^sUNSL-INFAP-LabSop^pArgentina<|>^aAmaya-Roncancio, Sebastián^nUniversidad Nacional de Colombia Sede Manizales. PCM Computational Applications^sUNAL^pColombia<|>^aGarcía-Carvajal, C.^nUniversidad Nacional de San Luis. Instituto de Física Aplicada. Laboratorio de Sólidos Porosos^sUNSL-INFAP-LabSop^pArgentina<|>^aBarrera, Deicy Amparo^nUniversidad Nacional de San Luis. Instituto de Física Aplicada. Laboratorio de Sólidos Porosos^sUNSL-INFAP-LabSop^pArgentina<|>^aArroyo Gómez, Juan José^nInstituto Nacional de Tecnología Industrial. Dirección Operativa. Gerencia Operativa de Desarrollo Tecnológico e Innovación. Subgerencia Operativa de Energía y Movilidad. Departamento de Almacenamiento de la Energía^sINTI-GODTeI-SOEyM^pArgentina<|>^aTorres-Cerón, Darwin Augusto^nUniversidad Nacional de Colombia Sede Manizales. Laboratorio de Física del Plasma^sUNAL^pColombia<|>^aRestrepo-Parra, E.^nUniversidad Nacional de Colombia Sede Manizales. PCM Computational Applications^sUNAL^pColombia<|>^aSapag, K.^nUniversidad Nacional de San Luis. Instituto de Física Aplicada. Laboratorio de Sólidos Porosos^sUNSL-INFAP-LabSop^pArgentina
051251;v22_Autor_personal;Spanu, F.<|>Cantero, Mariano Héctor<|>Lorusso, Hernán Norberto<|>Simoncelli, A.<|>Migliorino, D.<|>Martínez Krahmer, Daniel Osvaldo<|>Sánchez Egea, A.;Spanu, F.<|>Cantero, Mariano Héctor<|>Lorusso, Hernán Norberto<|>Simoncelli, Alejandro Ezequiel<|>Migliorino, D.<|>Martínez Krahmer, Daniel Osvaldo<|>Sánchez Egea, A.
051251;v26_Afiliacion_del_autor;^aSpanu, F.^nUniversidad Nacional de Hurlingham. Instituto de Tecnología e Ingeniería^sUNAHUR^pArgentina<|>^aCantero, Mariano Héctor^nUniversidad Nacional de Hurlingham. Instituto de Tecnología e Ingeniería^sUNAHUR^pArgentina<|>^aLorusso, Hernán Norberto^nInstituto Nacional de Tecnología Industrial. Centro de Mecánica^sINTI^pArgentina<|>^aSimoncelli, A.^nInstituto Nacional de Tecnología Industrial. Centro de Mecánica^sINTI^pArgentina<|>^aSimoncelli, A.^nUniversidad Nacional de Lomas de Zamora. Facultad de Ingeniería^sUNLZ^pArgentina<|>^aSimoncelli, A.^nUniversitat Politècnica de Catalunya. Departament d’Enginyeria Mecánica^sUPC^pEspaña<|>^aMartínez Krahmer, Daniel Osvaldo^nInstituto Nacional de Tecnología Industrial. Centro de Mecánica^sINTI^pArgentina<|>^aMigliorino, D.^nUniversidad Nacional de Hurlingham. Instituto de Tecnología e Ingeniería^sUNAHUR^pArgentina<|>^aSánchez Egea, A.^nUniversitat Politècnica de Catalunya. Departament d’Enginyeria Mecánica^sUPC^pEspaña;^aSpanu, F.^nUniversidad Nacional de Hurlingham. Instituto de Tecnología e Ingeniería^sUNAHUR^pArgentina<|>^aCantero, Mariano Héctor^nUniversidad Nacional de Hurlingham. Instituto de Tecnología e Ingeniería^sUNAHUR^pArgentina<|>^aLorusso, Hernán Norberto^nInstituto Nacional de Tecnología Industrial. Centro de Mecánica^sINTI^pArgentina<|>^aSimoncelli, Alejandro Ezequiel^nInstituto Nacional de Tecnología Industrial. Centro de Mecánica^sINTI^pArgentina<|>^aSimoncelli, Alejandro Ezequiel^nUniversidad Nacional de Lomas de Zamora. Facultad de Ingeniería^sUNLZ^pArgentina<|>^aSimoncelli, Alejandro Ezequiel^nUniversitat Politècnica de Catalunya. Departament d’Enginyeria Mecánica^sUPC^pEspaña<|>^aMartínez Krahmer, Daniel Osvaldo^nInstituto Nacional de Tecnología Industrial. Centro de Mecánica^sINTI^pArgentina<|>^aMigliorino, D.^nUniversidad Nacional de Hurlingham. Instituto de Tecnología e Ingeniería^sUNAHUR^pArgentina<|>^aSánchez Egea, A.^nUniversitat Politècnica de Catalunya. Departament d’Enginyeria Mecánica^sUPC^pEspaña
051257;v22_Autor_personal;Barda, Norma Beatriz<|>Miranda, María José<|>Suárez, Pablo Javier<|>Toscana, M. F.<|>De Ángelis, Verónica<|>Calvo, P. A.<|>Asencio, Vanesa Alejandra<|>Gorordo, F.;Barda, Norma Beatriz<|>Miranda, María José<|>Suárez, Pablo Javier<|>Toscana, María Fernanda<|>De Ángelis, Verónica<|>Calvo, Paula Cecilia<|>Asencio, Vanesa Alejandra<|>Gorordo, F.
051257;v26_Afiliacion_del_autor;^aBarda, Norma Beatriz^nInstituto Nacional de Tecnología Industrial. Villa Regina^sINTI-Villa Regina^pArgentina<|>^aMiranda, María José^nInstituto Nacional de Tecnología Industrial. Villa Regina^sINTI-Villa Regina^pArgentina<|>^aSuárez, Pablo Javier^nInstituto Nacional de Tecnología Industrial. Villa Regina^sINTI-Villa Regina^pArgentina<|>^aToscana, M. F.^nInstituto Nacional de Tecnología Industrial. Villa Regina^sINTI-Villa Regina^pArgentina<|>^aDe Ángelis, Verónica^nInstituto Nacional de Tecnología Agropecuaria. Estación Experimental Agropecuaria Alto Valle^sINTA^pArgentina<|>^aCalvo, P. A.^nInstituto Nacional de Tecnología Agropecuaria. Estación Experimental Agropecuaria Alto Valle^sINTA^pArgentina<|>^aAsencio, Vanesa Alejandra^nInstituto Nacional de Tecnología Agropecuaria. Estación Experimental Agropecuaria Alto Valle^sINTA^pArgentina<|>^aGorordo, F.^nUniversidad Nacional de Río Negro^sUNRN^pArgentina;^aBarda, Norma Beatriz^nInstituto Nacional de Tecnología Industrial. Villa Regina^sINTI-Villa Regina^pArgentina<|>^aMiranda, María José^nInstituto Nacional de Tecnología Industrial. Villa Regina^sINTI-Villa Regina^pArgentina<|>^aSuárez, Pablo Javier^nInstituto Nacional de Tecnología Industrial. Villa Regina^sINTI-Villa Regina^pArgentina<|>^aToscana, María Fernanda^nInstituto Nacional de Tecnología Industrial. Villa Regina^sINTI-Villa Regina^pArgentina<|>^aDe Ángelis, Verónica^nInstituto Nacional de Tecnología Agropecuaria. Estación Experimental Agropecuaria Alto Valle^sINTA^pArgentina<|>^aCalvo, Paula Cecilia^nInstituto Nacional de Tecnología Agropecuaria. Estación Experimental Agropecuaria Alto Valle^sINTA^pArgentina<|>^aAsencio, Vanesa Alejandra^nInstituto Nacional de Tecnología Agropecuaria. Estación Experimental Agropecuaria Alto Valle^sINTA^pArgentina<|>^aGorordo, F.^nUniversidad Nacional de Río Negro^sUNRN^pArgentina
051283;v22_Autor_personal;Aguyaro, M.<|>Garro, L.<|>Galarza, B.<|>Hours, R.;Aguyaro, Mariano<|>Garro, L.<|>Galarza, B.<|>Hours, R.
051283;v26_Afiliacion_del_autor;^aAguyaro, M.^nInstituto Nacional de Tecnología Industrial. Cueros^sINTI-Cueros^pArgentina<|>^aGarro, L.^nInstituto Nacional de Tecnología Industrial. Cueros^sINTI-Cueros^pArgentina<|>^aGalarza, B.^nInstituto Nacional de Tecnología Industrial. Cueros^sINTI-Cueros^pArgentina<|>^aHours, R.^nUniversidad Nacional de La Plata. Centro de Investigación y Desarrollo en Fermentaciones Industriales^sUNLP-CINDEFI^pArgentina;^aAguyaro, Mariano^nInstituto Nacional de Tecnología Industrial. Cueros^sINTI-Cueros^pArgentina<|>^aGarro, L.^nInstituto Nacional de Tecnología Industrial. Cueros^sINTI-Cueros^pArgentina<|>^aGalarza, B.^nInstituto Nacional de Tecnología Industrial. Cueros^sINTI-Cueros^pArgentina<|>^aHours, R.^nUniversidad Nacional de La Plata. Centro de Investigación y Desarrollo en Fermentaciones Industriales^sUNLP-CINDEFI^pArgentina
051287;v22_Autor_personal;Gutiérrez, C.<|>Álvarez, L.<|>Calí, M. J.;Gutiérrez, C.<|>Álvarez, Lucía<|>Calí, M. J.
051287;v26_Afiliacion_del_autor;^aGutiérrez, C.^nInstituto Nacional de Tecnología Agropecuaria^sINTA^pArgentina<|>^aÁlvarez, L.^nInstituto Nacional de Tecnología Industrial. Dirección Operativa. Gerencia Operativa de Asistencia Regional. Subgerencia Operativa Regional Patagonia. Departamento de Gestión de Proyectos Patagonia^sINTI-GOAR^pArgentina<|>^aCalí, M. J.^nInstituto Nacional de Tecnología Agropecuaria. Estación Experimental Agropecuaria Alto Valle^sINTA^pArgentina;^aGutiérrez, C.^nInstituto Nacional de Tecnología Agropecuaria^sINTA^pArgentina<|>^aÁlvarez, Lucía^nInstituto Nacional de Tecnología Industrial. Dirección Operativa. Gerencia Operativa de Asistencia Regional. Subgerencia Operativa Regional Patagonia. Departamento de Gestión de Proyectos Patagonia^sINTI-GOAR^pArgentina<|>^aCalí, M. J.^nInstituto Nacional de Tecnología Agropecuaria. Estación Experimental Agropecuaria Alto Valle^sINTA^pArgentina
051294;v22_Autor_personal;Simoncelli, A.<|>Buglioni, Luciano<|>Martínez Krahmer, Daniel Osvaldo<|>Sánchez Egea, A. J.;Simoncelli, Alejandro Ezequiel<|>Buglioni, Luciano<|>Martínez Krahmer, Daniel Osvaldo<|>Sánchez Egea, A. J.
051294;v26_Afiliacion_del_autor;^aSimoncelli, A.^nInstituto Nacional de Tecnología Industrial. INTI-Mecánica^pArgentina<|>^aSimoncelli, A.^nUniversitat Politècnica de Catalunya. Departament d’Enginyeria Mecánica^sUPC^pEspaña<|>^aBuglioni, Luciano^nInstituto Nacional de Tecnología Industrial. INTI-Mecánica^pArgentina<|>^aMartínez Krahmer, Daniel Osvaldo^nInstituto Nacional de Tecnología Industrial. Dirección Operativa. Gerencia Operativa de Servicios Industriales. Subgerencia Operativa de Mecánica y Logística. Dirección Técnica de Procesos Industriales. Departamento de Procesos de Mecanizado y Conformado^sINTI-GOSI-SOMyL^pArgentina<|>^aSánchez Egea, A.^nUniversitat Politècnica de Catalunya. Departament d’Enginyeria Mecánica^sUPC^pEspaña;^aSimoncelli, Alejandro Ezequiel^nInstituto Nacional de Tecnología Industrial. INTI-Mecánica^pArgentina<|>^aSimoncelli, Alejandro Ezequiel^nUniversitat Politècnica de Catalunya. Departament d’Enginyeria Mecánica^sUPC^pEspaña<|>^aBuglioni, Luciano^nInstituto Nacional de Tecnología Industrial. INTI-Mecánica^pArgentina<|>^aMartínez Krahmer, Daniel Osvaldo^nInstituto Nacional de Tecnología Industrial. Dirección Operativa. Gerencia Operativa de Servicios Industriales. Subgerencia Operativa de Mecánica y Logística. Dirección Técnica de Procesos Industriales. Departamento de Procesos de Mecanizado y Conformado^sINTI-GOSI-SOMyL^pArgentina<|>^aSánchez Egea, A.^nUniversitat Politècnica de Catalunya. Departament d’Enginyeria Mecánica^sUPC^pEspaña
051300;v22_Autor_personal;Álvarez, J.<|>Barrera, Verónica Natalia<|>Zaszczynski, Cristian Gabriel<|>Poldi, Leandro Ariel;Alvarez, Julio<|>Barrera, Verónica Natalia<|>Zaszczynski, Cristian Gabriel<|>Poldi, Leandro Ariel
051300;v26_Afiliacion_del_autor;^aÁlvarez, J.^nInstituto Nacional de Tecnología Industrial. Gerencia de Calidad y Ambiente. Programa de Asistencia a Consumidores y a la Industria de Manufactura^sINTI^pArgentina<|>^aBarrera, Verónica Natalia^nInstituto Nacional de Tecnología Industrial. Gerencia de Calidad y Ambiente. Programa de Asistencia a Consumidores y a la Industria de Manufactura^sINTI^pArgentina<|>^aZaszczynski, Cristian Gabriel^nInstituto Nacional de Tecnología Industrial. Gerencia de Calidad y Ambiente. Programa de Asistencia a Consumidores y a la Industria de Manufactura^sINTI^pArgentina<|>^aPoldi, Leandro Ariel^nInstituto Nacional de Tecnología Industrial. Gerencia de Calidad y Ambiente. Programa de Asistencia a Consumidores y a la Industria de Manufactura^sINTI^pArgentina;^aAlvarez, Julio^nInstituto Nacional de Tecnología Industrial. Gerencia de Calidad y Ambiente. Programa de Asistencia a Consumidores y a la Industria de Manufactura^sINTI^pArgentina<|>^aBarrera, Verónica Natalia^nInstituto Nacional de Tecnología Industrial. Gerencia de Calidad y Ambiente. Programa de Asistencia a Consumidores y a la Industria de Manufactura^sINTI^pArgentina<|>^aZaszczynski, Cristian Gabriel^nInstituto Nacional de Tecnología Industrial. Gerencia de Calidad y Ambiente. Programa de Asistencia a Consumidores y a la Industria de Manufactura^sINTI^pArgentina<|>^aPoldi, Leandro Ariel^nInstituto Nacional de Tecnología Industrial. Gerencia de Calidad y Ambiente. Programa de Asistencia a Consumidores y a la Industria de Manufactura^sINTI^pArgentina
051315;v25_Colaborador;Achával, Beatriz^rcol<|>Cabrera, Mirta^rcol<|>Costa, Cristina^rcol<|>Dedomenici, Ana Clara^rcol<|>Dell Orco, Andrea^rcol<|>Elizondo, Andrea^rcol<|>Gurini, Laura^rcol<|>López, Carolina^rcol<|>Ohaco, Patricia^rcol<|>Sánchez, Ana Carina^rcol<|>Schneiter, Ezequiel^rcol<|>Wanzenried, Rosana^rcol;Achával, Beatriz^rcol<|>Cabrera, Mirta^rcol<|>Costa, Cristina^rcol<|>Dedomenici, Ana Clara^rcol<|>Dell´Orco, Andrea Juliana^rcol<|>Elizondo, Andrea^rcol<|>Gurini, Laura^rcol<|>López, Carolina^rcol<|>Ohaco, Patricia^rcol<|>Sánchez, Ana Carina^rcol<|>Schneiter, Ezequiel^rcol<|>Wanzenried, Rosana^rcol
051388;v22_Autor_personal;Marino, Diego;Marino, Diego Alberto
051388;v26_Afiliacion_del_autor;^aMarino, Diego^nUniversidad Nacional de San Martín. Instituto de Calidad Industrial^sUNSAM-INTI-INCALIN^pArgentina<|>^aMarino, Diego^nInstituto Nacional de Tecnología Industrial. Instituto de Calidad Industrial^sUNSAM-INTI-INCALIN^pArgentina;^aMarino, Diego Alberto^nUniversidad Nacional de San Martín. Instituto de Calidad Industrial^sUNSAM-INTI-INCALIN^pArgentina<|>^aMarino, Diego Alberto^nInstituto Nacional de Tecnología Industrial. Instituto de Calidad Industrial^sUNSAM-INTI-INCALIN^pArgentina
