MFN;Columna;Antes;Despues
045915;v26_Afiliacion_del_autor;^aLavratti, F.^nCatholic University of Rio Grande do Sul. Signals and Systems for Computing Group^pBrasil<|>^aCeratti, A.^nCatholic University of Rio Grande do Sul. Signals and Systems for Computing Group^pBrasil<|>^aPrestes, D.^nCatholic University of Rio Grande do Sul. Signals and Systems for Computing Group^pBrasil<|>^aPinto, A. R.^nUniversidade Estadual Paulista^pBrasil<|>^aBolzani, L.^nCatholic University of Rio Grande do Sul. Signals and Systems for Computing Group^pBrasil<|>^aVargas, F.^nCatholic University of Rio Grande do Sul. Signals and Systems for Computing Group^pBrasil<|>^aMontez, C.^nUniversidade Federal de Santa Catarina^pBrasil<|>^aHernández, F.^nUnidad Reguladora de Servicios de Comunicaciones^pUruguay<|>^aGatti, E.^sInstituto Nacional de Tecnología Industrial. INTI-Electrónica e Informática^pArgentina<|>^aSilva, C.^nPontificia Universidad Católica del Perú^pPerú;^aLavratti, F.^nCatholic University of Rio Grande do Sul. Signals and Systems for Computing Group^pBrasil<|>^aCeratti, A.^nCatholic University of Rio Grande do Sul. Signals and Systems for Computing Group^pBrasil<|>^aPrestes, D.^nCatholic University of Rio Grande do Sul. Signals and Systems for Computing Group^pBrasil<|>^aPinto, A. R.^nUniversidade Estadual Paulista^pBrasil<|>^aBolzani, L.^nCatholic University of Rio Grande do Sul. Signals and Systems for Computing Group^pBrasil<|>^aVargas, F.^nCatholic University of Rio Grande do Sul. Signals and Systems for Computing Group^pBrasil<|>^aMontez, C.^nUniversidade Federal de Santa Catarina^pBrasil<|>^aHernández, F.^nUnidad Reguladora de Servicios de Comunicaciones^pUruguay<|>^aGatti, E.^sInstituto Nacional de Tecnología Industrial. INTI-Electrónica e Informática^pArgentina<|>^aSilva, Carmen Leonilda^nPontificia Universidad Católica del Perú^pPerú
046389;v26_Afiliacion_del_autor;^aBobbio, Federico^nInstituto Nacional de Tecnología Industrial. Córdoba^sINTI-Córdoba^pArgentina<|>^aSerna, Alexei^nInstituto Antioqueño de Investigación^sIAI^pColombia<|>^aRico, Humberto^nInstituto Tecnológico Metropolitano^sITM^pColombia<|>^aCastañeda, Lina^nInstituto Tecnológico Metropolitano^sITM^pColombia;^aBobbio, Federico Sebastián^nInstituto Nacional de Tecnología Industrial. Córdoba^sINTI-Córdoba^pArgentina<|>^aSerna, Alexei^nInstituto Antioqueño de Investigación^sIAI^pColombia<|>^aRico, Humberto^nInstituto Tecnológico Metropolitano^sITM^pColombia<|>^aCastañeda, Lina^nInstituto Tecnológico Metropolitano^sITM^pColombia
049259;v26_Afiliacion_del_autor;^aBlanco Massani, Mariana R.^nInstituto Nacional de Tecnología Industrial. INTI-Plásticos^pArgentina<|>^aBotana, Adrián^nInstituto Nacional de Tecnología Industrial. INTI-Plásticos^pArgentina<|>^aBotana, Adrián^nUniversidad Nacional de San Martín. Instituto de Investigación e Ingeniería Ambiental^s3iA-UNSaM^pArgentina<|>^aEisenberg, Patricia^nInstituto Nacional de Tecnología Industrial. INTI-Plásticos^pArgentina<|>^aEisenberg, Patricia^nUniversidad Nacional de San Martín. Instituto de Investigación e Ingeniería Ambiental^s3iA-UNSaM^pArgentina<|>^aVignolo, Graciela^nConsejo Nacional de Investigaciones Científicas y Técnicas. Centro de Referencia para Lactobacilos^sCERELA-CONICET^pArgentina;^aBlanco Massani, Mariana Raquel^nInstituto Nacional de Tecnología Industrial. INTI-Plásticos^pArgentina<|>^aBotana, Adrián^nInstituto Nacional de Tecnología Industrial. INTI-Plásticos^pArgentina<|>^aBotana, Adrián^nUniversidad Nacional de San Martín. Instituto de Investigación e Ingeniería Ambiental^s3iA-UNSaM^pArgentina<|>^aEisenberg, Patricia^nInstituto Nacional de Tecnología Industrial. INTI-Plásticos^pArgentina<|>^aEisenberg, Patricia^nUniversidad Nacional de San Martín. Instituto de Investigación e Ingeniería Ambiental^s3iA-UNSaM^pArgentina<|>^aVignolo, Graciela Margarita^nConsejo Nacional de Investigaciones Científicas y Técnicas. Centro de Referencia para Lactobacilos^sCERELA-CONICET^pArgentina
049260;v26_Afiliacion_del_autor;^aBlanco Massani, Mariana R.^nInstituto Nacional de Tecnología Industrial. INTI-Plásticos^pArgentina<|>^aEisenberg, Patricia^nInstituto Nacional de Tecnología Industrial. INTI-Plásticos^pArgentina<|>^aVignolo, Graciela^nInstituto Nacional de Tecnología Industrial. INTI-Plásticos^pArgentina<|>^aMolina, V.^nInstituto Nacional de Tecnología Industrial. INTI-Plásticos^pArgentina<|>^aSanchez, M.^nInstituto Nacional de Tecnología Industrial. INTI-Plásticos^pArgentina<|>^aRenaud, V.^nConsejo Nacional de Investigaciones Científicas y Técnicas. Centro de Referencia para Lactobacilos^pArgentina;^aBlanco Massani, Mariana Raquel^nInstituto Nacional de Tecnología Industrial. INTI-Plásticos^pArgentina<|>^aEisenberg, Patricia^nInstituto Nacional de Tecnología Industrial. INTI-Plásticos^pArgentina<|>^aVignolo, Graciela Margarita^nInstituto Nacional de Tecnología Industrial. INTI-Plásticos^pArgentina<|>^aMolina, V.^nInstituto Nacional de Tecnología Industrial. INTI-Plásticos^pArgentina<|>^aSanchez, M.^nInstituto Nacional de Tecnología Industrial. INTI-Plásticos^pArgentina<|>^aRenaud, V.^nConsejo Nacional de Investigaciones Científicas y Técnicas. Centro de Referencia para Lactobacilos^pArgentina
049406;v26_Afiliacion_del_autor;^aVigna, Alejandrina Moira^nInstituto Nacional de Tecnología Industrial. INTI-Diseño Industrial^pArgentina<|>^aDubois, María José^nInstituto Nacional de Tecnología Industrial. INTI-Diseño Industrial^pArgentina<|>^aBecker, Rosalba^nInstituto Nacional de Tecnología Industrial. INTI-Diseño Industrial^pArgentina;^aVigna, Alejandrina Moira^nInstituto Nacional de Tecnología Industrial. INTI-Diseño Industrial^pArgentina<|>^aDubois, María José^nInstituto Nacional de Tecnología Industrial. INTI-Diseño Industrial^pArgentina<|>^aBecker, Rosalba María^nInstituto Nacional de Tecnología Industrial. INTI-Diseño Industrial^pArgentina
049450;v26_Afiliacion_del_autor;^aDemaría, M.^nInstituto Nacional de Tecnología Industrial. INTI-Lácteos^pArgentina<|>^aBessone, N.^nInstituto Nacional de Tecnología Industrial. INTI-Lácteos^pArgentina<|>^aMurphy, M.^nInstituto Nacional de Tecnología Industrial. INTI-Lácteos^pArgentina<|>^aLópez, M.^nInstituto Nacional de Tecnología Industrial. INTI-Lácteos^pArgentina<|>^aRoldán, G.^nInstituto Nacional de Tecnología Industrial. INTI-Lácteos^pArgentina<|>^aCortes, M.^nInstituto Nacional de Tecnología Industrial. INTI-Lácteos^pArgentina;^aDemaría, M.^nInstituto Nacional de Tecnología Industrial. INTI-Lácteos^pArgentina<|>^aBessone, N.^nInstituto Nacional de Tecnología Industrial. INTI-Lácteos^pArgentina<|>^aMurphy, M.^nInstituto Nacional de Tecnología Industrial. INTI-Lácteos^pArgentina<|>^aLópez, María Cristina^nInstituto Nacional de Tecnología Industrial. INTI-Lácteos^pArgentina<|>^aRoldán, G.^nInstituto Nacional de Tecnología Industrial. INTI-Lácteos^pArgentina<|>^aCortes, M.^nInstituto Nacional de Tecnología Industrial. INTI-Lácteos^pArgentina
049451;v26_Afiliacion_del_autor;^aDemaría, M.^nInstituto Nacional de Tecnología Industrial. INTI-Lácteos^pArgentina<|>^aBessone, N.^nInstituto Nacional de Tecnología Industrial. INTI-Lácteos^pArgentina<|>^aMurphy, M.^nInstituto Nacional de Tecnología Industrial. INTI-Lácteos^pArgentina<|>^aLópez, M.^nInstituto Nacional de Tecnología Industrial. INTI-Lácteos^pArgentina<|>^aRoldán, G.^nInstituto Nacional de Tecnología Industrial. INTI-Lácteos^pArgentina<|>^aCortes, M.^nInstituto Nacional de Tecnología Industrial. INTI-Lácteos^pArgentina;^aDemaría, M.^nInstituto Nacional de Tecnología Industrial. INTI-Lácteos^pArgentina<|>^aBessone, N.^nInstituto Nacional de Tecnología Industrial. INTI-Lácteos^pArgentina<|>^aMurphy, M.^nInstituto Nacional de Tecnología Industrial. INTI-Lácteos^pArgentina<|>^aLópez, María Cristina^nInstituto Nacional de Tecnología Industrial. INTI-Lácteos^pArgentina<|>^aRoldán, G.^nInstituto Nacional de Tecnología Industrial. INTI-Lácteos^pArgentina<|>^aCortes, M.^nInstituto Nacional de Tecnología Industrial. INTI-Lácteos^pArgentina
049452;v26_Afiliacion_del_autor;^aDemaría, M.^nInstituto Nacional de Tecnología Industrial. INTI-Lácteos^pArgentina<|>^aBessone, N.^nInstituto Nacional de Tecnología Industrial. INTI-Lácteos^pArgentina<|>^aMurphy, M.^nInstituto Nacional de Tecnología Industrial. INTI-Lácteos^pArgentina<|>^aLópez, M.^nInstituto Nacional de Tecnología Industrial. INTI-Lácteos^pArgentina<|>^aRoldán, G.^nInstituto Nacional de Tecnología Industrial. INTI-Lácteos^pArgentina<|>^aCortes, M.^nInstituto Nacional de Tecnología Industrial. INTI-Lácteos^pArgentina;^aDemaría, M.^nInstituto Nacional de Tecnología Industrial. INTI-Lácteos^pArgentina<|>^aBessone, N.^nInstituto Nacional de Tecnología Industrial. INTI-Lácteos^pArgentina<|>^aMurphy, M.^nInstituto Nacional de Tecnología Industrial. INTI-Lácteos^pArgentina<|>^aLópez, María Cristina^nInstituto Nacional de Tecnología Industrial. INTI-Lácteos^pArgentina<|>^aRoldán, G.^nInstituto Nacional de Tecnología Industrial. INTI-Lácteos^pArgentina<|>^aCortes, M.^nInstituto Nacional de Tecnología Industrial. INTI-Lácteos^pArgentina
049484;v26_Afiliacion_del_autor;^aVelázquez, Silvia B.^nInstituto Nacional de Tecnología Industrial. INTI-Construcciones^pArgentina;^aVelázquez, Silvia Beatriz^nInstituto Nacional de Tecnología Industrial. INTI-Construcciones^pArgentina
049581;v26_Afiliacion_del_autor;^aBecker, Rosalba^nInstituto Nacional de Tecnología Industrial. INTI-Diseño Industrial^pArgentina<|>^aDiaz, Victoria^nInstituto Nacional de Tecnología Industrial. INTI-Diseño Industrial^pArgentina<|>^aDubois, María José^nInstituto Nacional de Tecnología Industrial. INTI-Diseño Industrial^pArgentina<|>^aVigna, Alejandrina Moira^nInstituto Nacional de Tecnología Industrial. INTI-Diseño Industrial^pArgentina;^aBecker, Rosalba María^nInstituto Nacional de Tecnología Industrial. INTI-Diseño Industrial^pArgentina<|>^aDiaz, Victoria^nInstituto Nacional de Tecnología Industrial. INTI-Diseño Industrial^pArgentina<|>^aDubois, María José^nInstituto Nacional de Tecnología Industrial. INTI-Diseño Industrial^pArgentina<|>^aVigna, Alejandrina Moira^nInstituto Nacional de Tecnología Industrial. INTI-Diseño Industrial^pArgentina
049583;v26_Afiliacion_del_autor;^aNemcansky, Kevin^nInstituto Nacional de Tecnología Industrial. INTI-Diseño Industrial^pArgentina<|>^aVergelín, Pablo^nInstituto Nacional de Tecnología Industrial. INTI-Diseño Industrial^pArgentina<|>^aSandre, Cristian^nInstituto Nacional de Tecnología Industrial. INTI-Diseño Industrial^pArgentina<|>^aCeballos, Jorge Ceferino^nInstituto Nacional de Tecnología Industrial. INTI-Diseño Industrial^pArgentina<|>^aGoglino, Manuel^nInstituto Nacional de Tecnología Industrial. INTI-Diseño Industrial^pArgentina<|>^aAriza, Raquel^nInstituto Nacional de Tecnología Industrial. INTI-Diseño Industrial^pArgentina<|>^aRamirez, Rodrigo^nInstituto Nacional de Tecnología Industrial. INTI-Diseño Industrial^pArgentina<|>^aAyoroa, Nuria^nInstituto Nacional de Tecnología Industrial. INTI-Diseño Industrial^pArgentina<|>^aMartinez, Lis^nInstituto Nacional de Tecnología Industrial. INTI-Diseño Industrial^pArgentina;^aNemcansky, Kevin^nInstituto Nacional de Tecnología Industrial. INTI-Diseño Industrial^pArgentina<|>^aVergelín, Pablo^nInstituto Nacional de Tecnología Industrial. INTI-Diseño Industrial^pArgentina<|>^aSandre, Cristian^nInstituto Nacional de Tecnología Industrial. INTI-Diseño Industrial^pArgentina<|>^aCeballos, Jorge Ceferino^nInstituto Nacional de Tecnología Industrial. INTI-Diseño Industrial^pArgentina<|>^aGoglino, Manuel^nInstituto Nacional de Tecnología Industrial. INTI-Diseño Industrial^pArgentina<|>^aAriza, Raquel^nInstituto Nacional de Tecnología Industrial. INTI-Diseño Industrial^pArgentina<|>^aRamírez, Rodrigo Javier^nInstituto Nacional de Tecnología Industrial. INTI-Diseño Industrial^pArgentina<|>^aAyoroa, Nuria^nInstituto Nacional de Tecnología Industrial. INTI-Diseño Industrial^pArgentina<|>^aMartinez, Lis^nInstituto Nacional de Tecnología Industrial. INTI-Diseño Industrial^pArgentina
049628;v26_Afiliacion_del_autor;^aDominguez, Alejandro^nInstituto Nacional de Tecnología Industrial^sINTI-Tecnologías Sustentables^lBuenos Aires^pAR;^aDomínguez, Alejandro Aníbal^nInstituto Nacional de Tecnología Industrial^sINTI-Tecnologías Sustentables^lBuenos Aires^pAR
049634;v26_Afiliacion_del_autor;^aAcosta, A.^nInstituto Nacional de Tecnología Industrial. INTI-Misiones^pArgentina<|>^aRojas, E.^nInstituto Nacional de Tecnología Industrial. INTI-Misiones^pArgentina<|>^aBalcaza, Javier Antonio^nUniversidad Nacional de Misiones. Facultad de Arte y Diseño^sUNAM-FAyD^pArgentina<|>^aDíaz, María Del Carmen^nFundación de Artesanías Misioneras^pArgentina;^aAcosta, Alejandra Daniela^nInstituto Nacional de Tecnología Industrial. INTI-Misiones^pArgentina<|>^aRojas, E.^nInstituto Nacional de Tecnología Industrial. INTI-Misiones^pArgentina<|>^aBalcaza, Javier Antonio^nUniversidad Nacional de Misiones. Facultad de Arte y Diseño^sUNAM-FAyD^pArgentina<|>^aDíaz, María Del Carmen^nFundación de Artesanías Misioneras^pArgentina
049723;v26_Afiliacion_del_autor;^aCerchiai, Edgar^nInstituto Nacional de Tecnología Industrial. INTI-Mendoza^pArgentina<|>^aCiurletti, Cristián Ricardo^nInstituto Nacional de Tecnología Industrial. INTI-Mendoza^pArgentina<|>^aClaros, S.^nInstituto Nacional de Tecnología Industrial. INTI-Mendoza^pArgentina<|>^aAlanis, Sergio Luis^nInstituto Nacional de Tecnología Industrial. INTI-Mendoza^pArgentina<|>^aCerutti Antonietti, Pablo^nInstituto Nacional de Tecnología Industrial. INTI-Mendoza^pArgentina;^aCerchiai, Edgar^nInstituto Nacional de Tecnología Industrial. INTI-Mendoza^pArgentina<|>^aCiurletti, Cristián Ricardo^nInstituto Nacional de Tecnología Industrial. INTI-Mendoza^pArgentina<|>^aClaros, Sonia Amelia^nInstituto Nacional de Tecnología Industrial. INTI-Mendoza^pArgentina<|>^aAlanis, Sergio Luis^nInstituto Nacional de Tecnología Industrial. INTI-Mendoza^pArgentina<|>^aCerutti Antonietti, Pablo^nInstituto Nacional de Tecnología Industrial. INTI-Mendoza^pArgentina
049730;v26_Afiliacion_del_autor;^aAcosta, A.^nInstituto Nacional de Tecnología Industrial^sINTI-Textiles^lBuenos Aires^pAR<|>^aDeregibus, Araceli Emilce^nInstituto Nacional de Tecnología Industrial^sINTI-Textiles^lBuenos Aires^pAR<|>^aFerricelli, G.^nInstituto Nacional de Tecnología Industrial^sINTI-Textiles^lBuenos Aires^pAR<|>^aPuhl, Julieta^nInstituto Nacional de Tecnología Industrial^sINTI-Textiles^lBuenos Aires^pAR<|>^aZander, K.^nInstituto Nacional de Tecnología Industrial^sINTI-Textiles^lBuenos Aires^pAR;^aAcosta, Alejandra Daniela^nInstituto Nacional de Tecnología Industrial^sINTI-Textiles^lBuenos Aires^pAR<|>^aDeregibus, Araceli Emilce^nInstituto Nacional de Tecnología Industrial^sINTI-Textiles^lBuenos Aires^pAR<|>^aFerricelli, G.^nInstituto Nacional de Tecnología Industrial^sINTI-Textiles^lBuenos Aires^pAR<|>^aPuhl, Julieta^nInstituto Nacional de Tecnología Industrial^sINTI-Textiles^lBuenos Aires^pAR<|>^aZander, K.^nInstituto Nacional de Tecnología Industrial^sINTI-Textiles^lBuenos Aires^pAR
049739;v26_Afiliacion_del_autor;^aMurano, M.^nInstituto Nacional de Tecnología Industrial. INTI-Agroalimentos^pArgentina<|>^aDománico, Ricardo Hugo^nInstituto Nacional de Tecnología Industrial. INTI-Agroalimentos^pArgentina<|>^aFalabella, R.^nInstituto Nacional de Tecnología Industrial. INTI-Agroalimentos^pArgentina<|>^aArechaga, Josefina^nInstituto Nacional de Tecnología Industrial. INTI-Agroalimentos^pArgentina<|>^aCirio, Mercedes^nInstituto Nacional de Tecnología Industrial. INTI-Agroalimentos^pArgentina<|>^aSimón, Mariano Ernesto^nInstituto Nacional de Tecnología Industrial. INTI-Agroalimentos^pArgentina<|>^aKneeteman, E.^nInstituto Nacional de Tecnología Industrial. INTI-Agroalimentos^pArgentina<|>^aSolá, Inés^nInstituto Nacional de Tecnología Industrial. INTI-Agroalimentos^pArgentina<|>^aCordara, Marcela Fernanda^nInstituto Nacional de Tecnología Industrial. INTI-Agroalimentos^pArgentina<|>^aCorbino, Graciela Beatriz^nInstituto Nacional de Tecnología Agropecuaria^sINTA^pArgentina<|>^aValentini, G.^nInstituto Nacional de Tecnología Agropecuaria^sINTA^pArgentina;^aMurano, M.^nInstituto Nacional de Tecnología Industrial. INTI-Agroalimentos^pArgentina<|>^aDománico, Ricardo Hugo^nInstituto Nacional de Tecnología Industrial. INTI-Agroalimentos^pArgentina<|>^aFalabella, R.^nInstituto Nacional de Tecnología Industrial. INTI-Agroalimentos^pArgentina<|>^aArechaga, Josefina^nInstituto Nacional de Tecnología Industrial. INTI-Agroalimentos^pArgentina<|>^aCirio, Mercedes^nInstituto Nacional de Tecnología Industrial. INTI-Agroalimentos^pArgentina<|>^aSimón, Mariano Ernesto^nInstituto Nacional de Tecnología Industrial. INTI-Agroalimentos^pArgentina<|>^aKneeteman, E.^nInstituto Nacional de Tecnología Industrial. INTI-Agroalimentos^pArgentina<|>^aSolá, Inés^nInstituto Nacional de Tecnología Industrial. INTI-Agroalimentos^pArgentina<|>^aCordara, Marcela Fernanda^nInstituto Nacional de Tecnología Industrial. INTI-Agroalimentos^pArgentina<|>^aCorbino, Graciela Beatriz^nInstituto Nacional de Tecnología Agropecuaria^sINTA^pArgentina<|>^aValentini, Gabriel Hugo^nInstituto Nacional de Tecnología Agropecuaria^sINTA^pArgentina
049740;v26_Afiliacion_del_autor;^aDománico, Ricardo Hugo^nInstituto Nacional de Tecnología Industrial. INTI-Agroalimentos^pArgentina<|>^aMurano, M.^nInstituto Nacional de Tecnología Industrial. INTI-Agroalimentos^pArgentina<|>^aArechaga, Josefina^nInstituto Nacional de Tecnología Industrial. INTI-Agroalimentos^pArgentina<|>^aCordara, Marcela Fernanda^nInstituto Nacional de Tecnología Industrial. INTI-Agroalimentos^pArgentina<|>^aCorbino, Graciela Beatriz^nInstituto Nacional de Tecnología Industrial. INTI-Agroalimentos^pArgentina<|>^aValentini, G.^nInstituto Nacional de Tecnología Industrial. INTI-Agroalimentos^pArgentina<|>^aFalabella, R.^nInstituto Nacional de Tecnología Industrial. INTI-Agroalimentos^pArgentina<|>^aCirio, Mercedes^nInstituto Nacional de Tecnología Industrial. INTI-Agroalimentos^pArgentina<|>^aSimón, Mariano Ernesto^nInstituto Nacional de Tecnología Industrial. INTI-Agroalimentos^pArgentina<|>^aKneeteman, E.^nInstituto Nacional de Tecnología Industrial. INTI-Agroalimentos^pArgentina<|>^aSolá, Inés^nInstituto Nacional de Tecnología Industrial. INTI-Agroalimentos^pArgentina<|>^aLópez, M.^nInstituto Nacional de Tecnología Industrial. INTI-Agroalimentos^pArgentina<|>^aToma, Ezequiel Roberto^nInstituto Nacional de Tecnología Industrial. INTI-Agroalimentos^pArgentina<|>^aEtelechea, S.^nInstituto Nacional de Tecnología Industrial. INTI-Agroalimentos^pArgentina<|>^aLópez, L.^nUniversidad de Buenos Aires. Facultad Farmacia y Bioquímica^sUBA-FFYB^pArgentina;^aDománico, Ricardo Hugo^nInstituto Nacional de Tecnología Industrial. INTI-Agroalimentos^pArgentina<|>^aMurano, M.^nInstituto Nacional de Tecnología Industrial. INTI-Agroalimentos^pArgentina<|>^aArechaga, Josefina^nInstituto Nacional de Tecnología Industrial. INTI-Agroalimentos^pArgentina<|>^aCordara, Marcela Fernanda^nInstituto Nacional de Tecnología Industrial. INTI-Agroalimentos^pArgentina<|>^aCorbino, Graciela Beatriz^nInstituto Nacional de Tecnología Industrial. INTI-Agroalimentos^pArgentina<|>^aValentini, Gabriel Hugo^nInstituto Nacional de Tecnología Industrial. INTI-Agroalimentos^pArgentina<|>^aFalabella, R.^nInstituto Nacional de Tecnología Industrial. INTI-Agroalimentos^pArgentina<|>^aCirio, Mercedes^nInstituto Nacional de Tecnología Industrial. INTI-Agroalimentos^pArgentina<|>^aSimón, Mariano Ernesto^nInstituto Nacional de Tecnología Industrial. INTI-Agroalimentos^pArgentina<|>^aKneeteman, E.^nInstituto Nacional de Tecnología Industrial. INTI-Agroalimentos^pArgentina<|>^aSolá, Inés^nInstituto Nacional de Tecnología Industrial. INTI-Agroalimentos^pArgentina<|>^aLópez, María Cristina^nInstituto Nacional de Tecnología Industrial. INTI-Agroalimentos^pArgentina<|>^aToma, Ezequiel Roberto^nInstituto Nacional de Tecnología Industrial. INTI-Agroalimentos^pArgentina<|>^aEtelechea, S.^nInstituto Nacional de Tecnología Industrial. INTI-Agroalimentos^pArgentina<|>^aLópez, L.^nUniversidad de Buenos Aires. Facultad Farmacia y Bioquímica^sUBA-FFYB^pArgentina
049749;v26_Afiliacion_del_autor;^aAcosta, A.^nInstituto Nacional de Tecnología Industrial. INTI-Misiones^pArgentina<|>^aRodríguez, H.^nInstituto Nacional de Tecnología Industrial^pArgentina<|>^aStacey, E.^nInstituto Nacional de Tecnología Industrial^pArgentina<|>^aArechaga, Josefina^nInstituto Nacional de Tecnología Industrial^pArgentina<|>^aAlterach, Miguel Angel^nInstituto Nacional de Tecnología Industrial^pArgentina;^aAcosta, Alejandra Daniela^nInstituto Nacional de Tecnología Industrial. INTI-Misiones^pArgentina<|>^aRodríguez, H.^nInstituto Nacional de Tecnología Industrial^pArgentina<|>^aStacey, E.^nInstituto Nacional de Tecnología Industrial^pArgentina<|>^aArechaga, Josefina^nInstituto Nacional de Tecnología Industrial^pArgentina<|>^aAlterach, Miguel Angel^nInstituto Nacional de Tecnología Industrial^pArgentina
049750;v26_Afiliacion_del_autor;^aAlterach, Miguel Angel^nInstituto Nacional de Tecnología Industrial. INTI-Misiones^pArgentina<|>^aUhrich, Santiago^nInstituto Nacional de Tecnología Industrial. INTI-Misiones^pArgentina<|>^aAcosta, A.^nInstituto Nacional de Tecnología Industrial. INTI-Misiones^pArgentina;^aAlterach, Miguel Angel^nInstituto Nacional de Tecnología Industrial. INTI-Misiones^pArgentina<|>^aUhrich, Santiago^nInstituto Nacional de Tecnología Industrial. INTI-Misiones^pArgentina<|>^aAcosta, Alejandra Daniela^nInstituto Nacional de Tecnología Industrial. INTI-Misiones^pArgentina
049754;v26_Afiliacion_del_autor;^aSilbert Voldman, Violeta^nInstituto Nacional de Tecnología Industrial. INTI-Córdoba^pArgentina<|>^aStacey, E.^nInstituto Nacional de Tecnología Industrial. INTI-Gerencia de Proyectos Especiales^pArgentina<|>^aBarrera, Verónica Natalia^nInstituto Nacional de Tecnología Industrial. INTI-Gerencia de Proyectos Especiales^pArgentina<|>^aBurroni, Laura Valeria^nInstituto Nacional de Tecnología Industrial. INTI-Gerencia de Proyectos Especiales^pArgentina<|>^aMolina, S.^nInstituto Nacional de Tecnología Industrial. INTI-Córdoba^pArgentina<|>^aFederico, M.^nInstituto Nacional de Tecnología Industrial. INTI-Córdoba^pArgentina<|>^aRivarola, P..^nInstituto Nacional de Tecnología Industrial. INTI-Córdoba^pArgentina<|>^aCerchiai, Edgar^nInstituto Nacional de Tecnología Industrial. INTI-Mendoza^pArgentina<|>^aClaros, S.^nInstituto Nacional de Tecnología Industrial. INTI-Mendoza^pArgentina<|>^aCiurletti, Cristián Ricardo^nInstituto Nacional de Tecnología Industrial. INTI-Mendoza^pArgentina<|>^aRenaud, V.^nInstituto Nacional de Tecnología Industrial. INTI-Carnes^pArgentina<|>^aStorani, E.^nInstituto Nacional de Tecnología Industrial. INTI-Lácteos^pArgentina<|>^aAimar, Bruno Nicolás^nInstituto Nacional de Tecnología Industrial. INTI-Lácteos^pArgentina<|>^aÁlvarez, J.^nInstituto Nacional de Tecnología Industrial. INTI-Gerencia de Proyectos Especiales^pArgentina<|>^aCerutti Antonietti, Pablo^nInstituto Nacional de Tecnología Industrial. INTI-Mendoza^pArgentina;^aSilbert Voldman, Violeta^nInstituto Nacional de Tecnología Industrial. INTI-Córdoba^pArgentina<|>^aStacey, E.^nInstituto Nacional de Tecnología Industrial. INTI-Gerencia de Proyectos Especiales^pArgentina<|>^aBarrera, Verónica Natalia^nInstituto Nacional de Tecnología Industrial. INTI-Gerencia de Proyectos Especiales^pArgentina<|>^aBurroni, Laura Valeria^nInstituto Nacional de Tecnología Industrial. INTI-Gerencia de Proyectos Especiales^pArgentina<|>^aMolina, S.^nInstituto Nacional de Tecnología Industrial. INTI-Córdoba^pArgentina<|>^aFederico, M.^nInstituto Nacional de Tecnología Industrial. INTI-Córdoba^pArgentina<|>^aRivarola, P..^nInstituto Nacional de Tecnología Industrial. INTI-Córdoba^pArgentina<|>^aCerchiai, Edgar^nInstituto Nacional de Tecnología Industrial. INTI-Mendoza^pArgentina<|>^aClaros, Sonia Amelia^nInstituto Nacional de Tecnología Industrial. INTI-Mendoza^pArgentina<|>^aCiurletti, Cristián Ricardo^nInstituto Nacional de Tecnología Industrial. INTI-Mendoza^pArgentina<|>^aRenaud, V.^nInstituto Nacional de Tecnología Industrial. INTI-Carnes^pArgentina<|>^aStorani, E.^nInstituto Nacional de Tecnología Industrial. INTI-Lácteos^pArgentina<|>^aAimar, Bruno Nicolás^nInstituto Nacional de Tecnología Industrial. INTI-Lácteos^pArgentina<|>^aÁlvarez, J.^nInstituto Nacional de Tecnología Industrial. INTI-Gerencia de Proyectos Especiales^pArgentina<|>^aCerutti Antonietti, Pablo^nInstituto Nacional de Tecnología Industrial. INTI-Mendoza^pArgentina
049755;v26_Afiliacion_del_autor;^aCerchiai, Edgar^nInstituto Nacional de Tecnología Industrial. INTI-Mendoza^pArgentina<|>^aCiurletti, Cristián Ricardo^nInstituto Nacional de Tecnología Industrial. INTI-Mendoza^pArgentina<|>^aClaros, S.^nInstituto Nacional de Tecnología Industrial. INTI-Mendoza^pArgentina<|>^aAlanis, Sergio Luis^nInstituto Nacional de Tecnología Industrial. INTI-Mendoza^pArgentina<|>^aCerutti Antonietti, Pablo^nInstituto Nacional de Tecnología Industrial. INTI-Mendoza^pArgentina;^aCerchiai, Edgar^nInstituto Nacional de Tecnología Industrial. INTI-Mendoza^pArgentina<|>^aCiurletti, Cristián Ricardo^nInstituto Nacional de Tecnología Industrial. INTI-Mendoza^pArgentina<|>^aClaros, Sonia Amelia^nInstituto Nacional de Tecnología Industrial. INTI-Mendoza^pArgentina<|>^aAlanis, Sergio Luis^nInstituto Nacional de Tecnología Industrial. INTI-Mendoza^pArgentina<|>^aCerutti Antonietti, Pablo^nInstituto Nacional de Tecnología Industrial. INTI-Mendoza^pArgentina
049756;v26_Afiliacion_del_autor;^aCerchiai, Edgar^nInstituto Nacional de Tecnología Industrial. INTI-Mendoza^pArgentina<|>^aCiurletti, Cristián Ricardo^nInstituto Nacional de Tecnología Industrial. INTI-Mendoza^pArgentina<|>^aClaros, S.^nInstituto Nacional de Tecnología Industrial. INTI-Mendoza^pArgentina<|>^aEspejo, C.^nInstituto Nacional de Tecnología Industrial. INTI-Mendoza^pArgentina<|>^aSanti, Analía Gabriela^nInstituto Nacional de Tecnología Industrial. INTI-Mendoza^pArgentina<|>^aFernández, P.^nInstituto Nacional de Tecnología Industrial. INTI-Mendoza^pArgentina;^aCerchiai, Edgar^nInstituto Nacional de Tecnología Industrial. INTI-Mendoza^pArgentina<|>^aCiurletti, Cristián Ricardo^nInstituto Nacional de Tecnología Industrial. INTI-Mendoza^pArgentina<|>^aClaros, Sonia Amelia^nInstituto Nacional de Tecnología Industrial. INTI-Mendoza^pArgentina<|>^aEspejo, C.^nInstituto Nacional de Tecnología Industrial. INTI-Mendoza^pArgentina<|>^aSanti, Analía Gabriela^nInstituto Nacional de Tecnología Industrial. INTI-Mendoza^pArgentina<|>^aFernández, P.^nInstituto Nacional de Tecnología Industrial. INTI-Mendoza^pArgentina
049757;v26_Afiliacion_del_autor;^aCerchiai, Edgar^nInstituto Nacional de Tecnología Industrial. INTI-Mendoza^pArgentina<|>^aClaros, S.^nInstituto Nacional de Tecnología Industrial. INTI-Mendoza^pArgentina<|>^aCiurletti, Cristián Ricardo^nInstituto Nacional de Tecnología Industrial. INTI-Mendoza^pArgentina<|>^aCerutti Antonietti, Pablo^nInstituto Nacional de Tecnología Industrial. INTI-Mendoza^pArgentina<|>^aCaballero Arancibia, Maximiliano Fabián^nInstituto Nacional de Tecnología Industrial. INTI-Mendoza^pArgentina<|>^aCastillo, Silvana Soledad^nInstituto Nacional de Tecnología Industrial. INTI-Mendoza^pArgentina<|>^aEspejo, C.^nInstituto Nacional de Tecnología Industrial. INTI-Mendoza^pArgentina<|>^aNeuilly, R.^nInstituto Nacional de Tecnología Industrial. INTI-Mendoza^pArgentina<|>^aFernández, M.^nInstituto Nacional de Tecnología Industrial. INTI-Mendoza^pArgentina<|>^aHerrera, C.^nInstituto Nacional de Tecnología Industrial. INTI-Mendoza^pArgentina<|>^aSanti, Analía Gabriela^nInstituto Nacional de Tecnología Industrial. INTI-Mendoza^pArgentina;^aCerchiai, Edgar^nInstituto Nacional de Tecnología Industrial. INTI-Mendoza^pArgentina<|>^aClaros, Sonia Amelia^nInstituto Nacional de Tecnología Industrial. INTI-Mendoza^pArgentina<|>^aCiurletti, Cristián Ricardo^nInstituto Nacional de Tecnología Industrial. INTI-Mendoza^pArgentina<|>^aCerutti Antonietti, Pablo^nInstituto Nacional de Tecnología Industrial. INTI-Mendoza^pArgentina<|>^aCaballero Arancibia, Maximiliano Fabián^nInstituto Nacional de Tecnología Industrial. INTI-Mendoza^pArgentina<|>^aCastillo, Silvana Soledad^nInstituto Nacional de Tecnología Industrial. INTI-Mendoza^pArgentina<|>^aEspejo, C.^nInstituto Nacional de Tecnología Industrial. INTI-Mendoza^pArgentina<|>^aNeuilly, R.^nInstituto Nacional de Tecnología Industrial. INTI-Mendoza^pArgentina<|>^aFernández, M.^nInstituto Nacional de Tecnología Industrial. INTI-Mendoza^pArgentina<|>^aHerrera, C.^nInstituto Nacional de Tecnología Industrial. INTI-Mendoza^pArgentina<|>^aSanti, Analía Gabriela^nInstituto Nacional de Tecnología Industrial. INTI-Mendoza^pArgentina
049760;v26_Afiliacion_del_autor;^aCastelli, María Laura^nInstituto Nacional de Tecnología Industrial. INTI-Lácteos^pArgentina<|>^aRodríguez, Abel Sebastián^nInstituto Nacional de Tecnología Industrial. INTI-Lácteos^pArgentina<|>^aRaco, Fernando Francisco^nInstituto Nacional de Tecnología Industrial. INTI-Lácteos^pArgentina<|>^aCastells, María Laura^nInstituto Nacional de Tecnología Industrial. INTI-Lácteos^pArgentina<|>^aZampatti, M.^nInstituto Nacional de Tecnología Industrial. INTI-Lácteos^pArgentina<|>^aRodríguez, G.^nInstituto Nacional de Tecnología Industrial. INTI-Lácteos^pArgentina<|>^aPalacios, I.^nInstituto Nacional de Tecnología Industrial. INTI-Lácteos^pArgentina<|>^aBalán, Matías^nPRODEO^pArgentina<|>^aOlivera Carrión, M.^nUniversidad de Buenos Aires. Facultad de Farmacia y Bioquímica^sUBA-FFyB^pArgentina;^aCastelli, María Laura^nInstituto Nacional de Tecnología Industrial. INTI-Lácteos^pArgentina<|>^aRodríguez, Abel Sebastián^nInstituto Nacional de Tecnología Industrial. INTI-Lácteos^pArgentina<|>^aRaco, Fernando Francisco^nInstituto Nacional de Tecnología Industrial. INTI-Lácteos^pArgentina<|>^aCastells, María Laura^nInstituto Nacional de Tecnología Industrial. INTI-Lácteos^pArgentina<|>^aZampatti, M.^nInstituto Nacional de Tecnología Industrial. INTI-Lácteos^pArgentina<|>^aRodríguez, Gisela Vanina^nInstituto Nacional de Tecnología Industrial. INTI-Lácteos^pArgentina<|>^aPalacios, I.^nInstituto Nacional de Tecnología Industrial. INTI-Lácteos^pArgentina<|>^aBalán, Matías^nPRODEO^pArgentina<|>^aOlivera Carrión, M.^nUniversidad de Buenos Aires. Facultad de Farmacia y Bioquímica^sUBA-FFyB^pArgentina
049761;v26_Afiliacion_del_autor;^aAcosta, A.^nInstituto Nacional de Tecnología Industrial. INTI-Misiones^pArgentina<|>^aRojas, M.^nMisiones. Ministerio del Agro y la Producción^pArgentina;^aAcosta, Alejandra Daniela^nInstituto Nacional de Tecnología Industrial. INTI-Misiones^pArgentina<|>^aRojas, M.^nMisiones. Ministerio del Agro y la Producción^pArgentina
049765;v26_Afiliacion_del_autor;^aBarda, Norma Beatriz^nInstituto Nacional de Tecnología Industrial. INTI-Villa Regina^pArgentina<|>^aCorti, Gilda María^nInstituto Nacional de Tecnología Industrial. INTI-Villa Regina^pArgentina<|>^aCalvo, P.^nInstituto Nacional de Tecnología Agropecuaria^sINTA^pArgentina<|>^aDe Ángelis, Verónica^nInstituto Nacional de Tecnología Agropecuaria^sINTA^pArgentina<|>^aGittins, C.^nInstituto Nacional de Tecnología Agropecuaria^sINTA^pArgentina<|>^aMiranda, María José^nInstituto Nacional de Tecnología Industrial. INTI-Villa Regina^pArgentina<|>^aSuárez, Pablo Javier^nInstituto Nacional de Tecnología Industrial. INTI-Villa Regina^pArgentina;^aBarda, Norma Beatriz^nInstituto Nacional de Tecnología Industrial. INTI-Villa Regina^pArgentina<|>^aCorti, Gilda María^nInstituto Nacional de Tecnología Industrial. INTI-Villa Regina^pArgentina<|>^aCalvo, Paula Cecilia^nInstituto Nacional de Tecnología Agropecuaria^sINTA^pArgentina<|>^aDe Ángelis, Verónica^nInstituto Nacional de Tecnología Agropecuaria^sINTA^pArgentina<|>^aGittins, C.^nInstituto Nacional de Tecnología Agropecuaria^sINTA^pArgentina<|>^aMiranda, María José^nInstituto Nacional de Tecnología Industrial. INTI-Villa Regina^pArgentina<|>^aSuárez, Pablo Javier^nInstituto Nacional de Tecnología Industrial. INTI-Villa Regina^pArgentina
049775;v26_Afiliacion_del_autor;^aCanepare, Carlos Alberto^nInstituto Nacional de Tecnología Industrial. INTI-Cereales y Oleaginosas^pArgentina<|>^aFornés, D.^nInstituto Nacional de Tecnología Industrial. INTI-Cereales y Oleaginosas^pArgentina<|>^aSánchez, E.^nInstituto Nacional de Tecnología Industrial. INTI-Cereales y Oleaginosas^pArgentina<|>^aCalvo, P.^nInstituto Nacional de Tecnología Industrial. INTI-Cereales y Oleaginosas^pArgentina<|>^aRodríguez, J. C.^nInstituto Nacional de Tecnología Industrial. INTI-Cereales y Oleaginosas^pArgentina<|>^aApro, Nicolás^nInstituto Nacional de Tecnología Industrial. INTI-Cereales y Oleaginosas^pArgentina;^aCanepare, Carlos Alberto^nInstituto Nacional de Tecnología Industrial. INTI-Cereales y Oleaginosas^pArgentina<|>^aFornés, D.^nInstituto Nacional de Tecnología Industrial. INTI-Cereales y Oleaginosas^pArgentina<|>^aSánchez, E.^nInstituto Nacional de Tecnología Industrial. INTI-Cereales y Oleaginosas^pArgentina<|>^aCalvo, Paula Cecilia^nInstituto Nacional de Tecnología Industrial. INTI-Cereales y Oleaginosas^pArgentina<|>^aRodríguez, J. C.^nInstituto Nacional de Tecnología Industrial. INTI-Cereales y Oleaginosas^pArgentina<|>^aApro, Nicolás^nInstituto Nacional de Tecnología Industrial. INTI-Cereales y Oleaginosas^pArgentina
049783;v26_Afiliacion_del_autor;^aArechaga, Josefina^nInstituto Nacional de Tecnología Industrial. INTI-Agroalimentos^pArgentina<|>^aCordara, Marcela Fernanda^nInstituto Nacional de Tecnología Industrial. INTI-Agroalimentos^pArgentina<|>^aCorbino, Graciela Beatriz^nInstituto Nacional de Tecnología Agropecuaria^sINTA^pArgentina<|>^aValentini, G.^nInstituto Nacional de Tecnología Agropecuaria^sINTA^pArgentina;^aArechaga, Josefina^nInstituto Nacional de Tecnología Industrial. INTI-Agroalimentos^pArgentina<|>^aCordara, Marcela Fernanda^nInstituto Nacional de Tecnología Industrial. INTI-Agroalimentos^pArgentina<|>^aCorbino, Graciela Beatriz^nInstituto Nacional de Tecnología Agropecuaria^sINTA^pArgentina<|>^aValentini, Gabriel Hugo^nInstituto Nacional de Tecnología Agropecuaria^sINTA^pArgentina
049804;v26_Afiliacion_del_autor;^aBarbelli López, Maria Soledad^nInstituto Nacional de Tecnología Industrial. INTI-Ambiente^pArgentina<|>^aViale, Pablo Gabriel^nInstituto Nacional de Tecnología Industrial. INTI-Ambiente^pArgentina<|>^aJordán, M.^nInstituto Nacional de Tecnología Industrial. INTI-Ambiente^pArgentina<|>^aPapa, M.^nInstituto Nacional de Tecnología Industrial. INTI-Ambiente^pArgentina;^aBarbelli López, Maria Soledad^nInstituto Nacional de Tecnología Industrial. INTI-Ambiente^pArgentina<|>^aViale, Pablo Gabriel^nInstituto Nacional de Tecnología Industrial. INTI-Ambiente^pArgentina<|>^aJordan, Marianela Paula^nInstituto Nacional de Tecnología Industrial. INTI-Ambiente^pArgentina<|>^aPapa, M.^nInstituto Nacional de Tecnología Industrial. INTI-Ambiente^pArgentina
049805;v26_Afiliacion_del_autor;^aSzteinberg, Silvia^nInstituto Nacional de Tecnología Industrial. INTI-Construcciones^pArgentina<|>^aKöber, Érica^nInstituto Nacional de Tecnología Industrial. INTI-Construcciones^pArgentina<|>^aBenítez, A.^nInstituto Nacional de Tecnología Industrial. INTI-Construcciones^pArgentina<|>^aFernández Sturla, M. J.^nInstituto Nacional de Tecnología Industrial. INTI-Construcciones^pArgentina<|>^aVergara, E. H.^nSomar MV S. A.^pArgentina<|>^aTomé, A. A.^nSomar MV S. A.^pArgentina;^aSzteinberg, Silvia^nInstituto Nacional de Tecnología Industrial. INTI-Construcciones^pArgentina<|>^aKöber, Érica^nInstituto Nacional de Tecnología Industrial. INTI-Construcciones^pArgentina<|>^aBenítez, A.^nInstituto Nacional de Tecnología Industrial. INTI-Construcciones^pArgentina<|>^aFernández Sturla, María José^nInstituto Nacional de Tecnología Industrial. INTI-Construcciones^pArgentina<|>^aVergara, E. H.^nSomar MV S. A.^pArgentina<|>^aTomé, A. A.^nSomar MV S. A.^pArgentina
049806;v26_Afiliacion_del_autor;^aFernández Sturla, M. J.^nInstituto Nacional de Tecnología Industrial. INTI-Construcciones^pArgentina<|>^aSformo, Alcides Oscar^nInstituto Nacional de Tecnología Industrial. INTI-Construcciones^pArgentina<|>^aBenítez, A.^nInstituto Nacional de Tecnología Industrial. INTI-Construcciones^pArgentina<|>^aCarreño, P.^nMateriales San Fernando S.A.^pArgentina<|>^aVerna, R.^nMateriales San Fernando S.A.^pArgentina;^aFernández Sturla, María José^nInstituto Nacional de Tecnología Industrial. INTI-Construcciones^pArgentina<|>^aSformo, Alcides Oscar^nInstituto Nacional de Tecnología Industrial. INTI-Construcciones^pArgentina<|>^aBenítez, A.^nInstituto Nacional de Tecnología Industrial. INTI-Construcciones^pArgentina<|>^aCarreño, P.^nMateriales San Fernando S.A.^pArgentina<|>^aVerna, R.^nMateriales San Fernando S.A.^pArgentina
049817;v26_Afiliacion_del_autor;^aBellelli, Diego Aldo^nInstituto Nacional de Tecnología Industrial. INTI-Córdoba^pArgentina<|>^aBlasco, M.^nInstituto Nacional de Tecnología Industrial. INTI-Córdoba^pArgentina<|>^aGastaldi, B.^nInstituto Nacional de Tecnología Industrial. INTI-Córdoba^pArgentina<|>^aLerda, Juan Manuel^nInstituto Nacional de Tecnología Industrial. INTI-Córdoba^pArgentina;^aBellelli, Diego Aldo^nInstituto Nacional de Tecnología Industrial. INTI-Córdoba^pArgentina<|>^aBlasco, Marco Javier^nInstituto Nacional de Tecnología Industrial. INTI-Córdoba^pArgentina<|>^aGastaldi, B.^nInstituto Nacional de Tecnología Industrial. INTI-Córdoba^pArgentina<|>^aLerda, Juan Manuel^nInstituto Nacional de Tecnología Industrial. INTI-Córdoba^pArgentina
049824;v26_Afiliacion_del_autor;^aGatti, P.^nInstituto Nacional de Tecnología Industrial. INTI-Lácteos^pArgentina<|>^aRodríguez, G.^nInstituto Nacional de Tecnología Industrial. INTI-Lácteos^pArgentina<|>^aOtheguy, L.^nHospital Materno Infantil Ramón Sardá^pArgentina<|>^aVega, O.^nHospital Materno Infantil Ramón Sardá^pArgentina;^aGatti, P.^nInstituto Nacional de Tecnología Industrial. INTI-Lácteos^pArgentina<|>^aRodríguez, Gisela Vanina^nInstituto Nacional de Tecnología Industrial. INTI-Lácteos^pArgentina<|>^aOtheguy, L.^nHospital Materno Infantil Ramón Sardá^pArgentina<|>^aVega, O.^nHospital Materno Infantil Ramón Sardá^pArgentina
049825;v26_Afiliacion_del_autor;^aGalacho, V.^nInstituto Nacional de Tecnología Industrial. INTI-Lácteos^pArgentina<|>^aRodríguez, G.^nInstituto Nacional de Tecnología Industrial. INTI-Lácteos^pArgentina<|>^aCastro, Fabiana Andrea^nInstituto Nacional de Tecnología Industrial. INTI-Lácteos^pArgentina;^aGalacho, V.^nInstituto Nacional de Tecnología Industrial. INTI-Lácteos^pArgentina<|>^aRodríguez, Gisela Vanina^nInstituto Nacional de Tecnología Industrial. INTI-Lácteos^pArgentina<|>^aCastro, Fabiana Andrea^nInstituto Nacional de Tecnología Industrial. INTI-Lácteos^pArgentina
049828;v26_Afiliacion_del_autor;"^aMastromonaco, G.^nInstituto Nacional de Tecnología Industrial. INTI-SAI^pArgentina<|>^aDavel, Graciela^nAdministración Nacional de Laboratorios e Institutos de Salud “Dr. Carlos G. Malbrán"". Instituto Nacional de Enfermedades Infecciosas^pArgentina<|>^aMazza, M. G.^nAdministración Nacional de Laboratorios e Institutos de Salud “Dr. Carlos G. Malbrán"". Centro<|>Nacional de Control de Calidad de Biológicos^pArgentina<|>^aMazza, M.^nAdministración Nacional de Laboratorios e Institutos de Salud “Dr. Carlos G. Malbrán"". Instituto Nacional de Enfermedades Infecciosas^pArgentina<|>^aRivas, C.^nAdministración Nacional de Laboratorios e Institutos de Salud “Dr. Carlos G. Malbrán"". Instituto Nacional de Enfermedades Infecciosas^pArgentina<|>^aBosco Borgeat, María Eugenia^nAdministración Nacional de Laboratorios e Institutos de Salud “Dr. Carlos G. Malbrán"". Instituto Nacional de Enfermedades Infecciosas^pArgentina<|>^aRefojo, N.^nAdministración Nacional de Laboratorios e Institutos de Salud “Dr. Carlos G. Malbrán"". Instituto Nacional de Enfermedades Infecciosas^pArgentina";"^aMastromónaco, Gladys Miriam^nInstituto Nacional de Tecnología Industrial. INTI-SAI^pArgentina<|>^aDavel, Graciela^nAdministración Nacional de Laboratorios e Institutos de Salud “Dr. Carlos G. Malbrán"". Instituto Nacional de Enfermedades Infecciosas^pArgentina<|>^aMazza, M. G.^nAdministración Nacional de Laboratorios e Institutos de Salud “Dr. Carlos G. Malbrán"". Centro<|>Nacional de Control de Calidad de Biológicos^pArgentina<|>^aMazza, M.^nAdministración Nacional de Laboratorios e Institutos de Salud “Dr. Carlos G. Malbrán"". Instituto Nacional de Enfermedades Infecciosas^pArgentina<|>^aRivas, C.^nAdministración Nacional de Laboratorios e Institutos de Salud “Dr. Carlos G. Malbrán"". Instituto Nacional de Enfermedades Infecciosas^pArgentina<|>^aBosco Borgeat, María Eugenia^nAdministración Nacional de Laboratorios e Institutos de Salud “Dr. Carlos G. Malbrán"". Instituto Nacional de Enfermedades Infecciosas^pArgentina<|>^aRefojo, N.^nAdministración Nacional de Laboratorios e Institutos de Salud “Dr. Carlos G. Malbrán"". Instituto Nacional de Enfermedades Infecciosas^pArgentina"
049830;v26_Afiliacion_del_autor;^aGelabert, L.^nInstituto Nacional de Tecnología Industrial. INTI-Textiles^pArgentina<|>^aEscobar, G.^nInstituto Nacional de Tecnología Industrial. INTI-Textiles^pArgentina<|>^adel Val, S.^nInstituto Nacional de Tecnología Industrial. INTI-Textiles^pArgentina;^aGelabert, L.^nInstituto Nacional de Tecnología Industrial. INTI-Textiles^pArgentina<|>^aEscobar, G.^nInstituto Nacional de Tecnología Industrial. INTI-Textiles^pArgentina<|>^aDel Val, Susana^nInstituto Nacional de Tecnología Industrial. INTI-Textiles^pArgentina
049833;v26_Afiliacion_del_autor;^aRivara, Mariana^nInstituto Nacional de Tecnología Industrial. INTI-Carnes^pArgentina<|>^aSilva, C.^nInstituto Nacional de Tecnología Industrial. INTI-Carnes^pArgentina<|>^aRossi, N.^nInstituto Nacional de Tecnología Industrial. INTI-Carnes^pArgentina<|>^aTrossero, Mariana^nInstituto Nacional de Tecnología Industrial. INTI-Entre Ríos^pArgentina<|>^aCastro, Á.^nInstituto Nacional de Tecnología Industrial. INTI-SAI^pArgentina<|>^aMastromónaco, Gladys Miriam^nInstituto Nacional de Tecnología Industrial. INTI-SAI^pArgentina<|>^aKornblit, Fernando^nInstituto Nacional de Tecnología Industrial. INTI-SAI^pArgentina;^aRivara, Mariana^nInstituto Nacional de Tecnología Industrial. INTI-Carnes^pArgentina<|>^aSilva, Carmen Leonilda^nInstituto Nacional de Tecnología Industrial. INTI-Carnes^pArgentina<|>^aRossi, N.^nInstituto Nacional de Tecnología Industrial. INTI-Carnes^pArgentina<|>^aTrossero, Mariana^nInstituto Nacional de Tecnología Industrial. INTI-Entre Ríos^pArgentina<|>^aCastro, Á.^nInstituto Nacional de Tecnología Industrial. INTI-SAI^pArgentina<|>^aMastromónaco, Gladys Miriam^nInstituto Nacional de Tecnología Industrial. INTI-SAI^pArgentina<|>^aKornblit, Fernando^nInstituto Nacional de Tecnología Industrial. INTI-SAI^pArgentina
049886;v26_Afiliacion_del_autor;^aBaldán, S.^nInstituto Nacional de Tecnología Industrial. INTI-Procesos Superficiales^pArgentina<|>^aBalmaceda, José Eduardo^nInstituto Nacional de Tecnología Industrial. INTI-Procesos Superficiales^pArgentina<|>^aBanega, Damián Guillermo^nInstituto Nacional de Tecnología Industrial. INTI-Procesos Superficiales^pArgentina<|>^aBisciotti, Karina Rosana^nInstituto Nacional de Tecnología Industrial. INTI-Organismo de Certificación^pArgentina<|>^aCeriotti, Andrés Leonardo^nInstituto Nacional de Tecnología Industrial. INTI-Procesos Superficiales^pArgentina<|>^aPinto, M.^nInstituto Nacional de Tecnología Industrial. INTI-Procesos Superficiales^pArgentina<|>^aTiscornia, María Isabel^nInstituto Nacional de Tecnología Industrial. INTI-Organismo de Certificación^pArgentina;^aBaldan, Santiago Martín^nInstituto Nacional de Tecnología Industrial. INTI-Procesos Superficiales^pArgentina<|>^aBalmaceda, José Eduardo^nInstituto Nacional de Tecnología Industrial. INTI-Procesos Superficiales^pArgentina<|>^aBanega, Damián Guillermo^nInstituto Nacional de Tecnología Industrial. INTI-Procesos Superficiales^pArgentina<|>^aBisciotti, Karina Rosana^nInstituto Nacional de Tecnología Industrial. INTI-Organismo de Certificación^pArgentina<|>^aCeriotti, Andrés Leonardo^nInstituto Nacional de Tecnología Industrial. INTI-Procesos Superficiales^pArgentina<|>^aPinto, M.^nInstituto Nacional de Tecnología Industrial. INTI-Procesos Superficiales^pArgentina<|>^aTiscornia, María Isabel^nInstituto Nacional de Tecnología Industrial. INTI-Organismo de Certificación^pArgentina
049901;v26_Afiliacion_del_autor;^aSan Martín, G^nUniversidad Nacional del Comahue^sUNCOMA^lNeuquén^pAR<|>^aAymonino, O.^nUniversidad Nacional del Sur^sUNS^lBahía Blanca^pAR<|>^aLindstrom, E. ^nUniversidad Nacional del Sur^sUNS^lBahía Blanca^pAR<|>^aMaldonesi, P. ^nUniversidad Nacional del Sur^sUNS^lBahía Blanca^pAR<|>^aJulián, P. ^nUniversidad Nacional del Sur^sUNS^lBahía Blanca^pAR<|>^aYbarra, Gabriel Omar^nInstituto Nacional de Tecnología Industrial^sINTI-Procesos Superficiales^lBuenos Aires^pAR<|>^aFraigi, Liliana Beatriz^nInstituto Nacional de Tecnología Industrial^sINTI-Electrónica e Informática^lBuenos Aires^pAR;^aSan Martín, G^nUniversidad Nacional del Comahue^sUNCOMA^lNeuquén^pAR<|>^aAymonino, O.^nUniversidad Nacional del Sur^sUNS^lBahía Blanca^pAR<|>^aLindstrom, Esteban Oscar^nUniversidad Nacional del Sur^sUNS^lBahía Blanca^pAR<|>^aMaldonesi, P. ^nUniversidad Nacional del Sur^sUNS^lBahía Blanca^pAR<|>^aJulián, P. ^nUniversidad Nacional del Sur^sUNS^lBahía Blanca^pAR<|>^aYbarra, Gabriel Omar^nInstituto Nacional de Tecnología Industrial^sINTI-Procesos Superficiales^lBuenos Aires^pAR<|>^aFraigi, Liliana Beatriz^nInstituto Nacional de Tecnología Industrial^sINTI-Electrónica e Informática^lBuenos Aires^pAR
049923;v26_Afiliacion_del_autor;^aRodríguez, G.^nInstituto Nacional de Tecnología Industrial^sINTI-Lácteos^lBuenos Aires^pAR<|>^aGatti, P.^nInstituto Nacional de Tecnología Industrial^sINTI-Lácteos^lBuenos Aires^pAR<|>^aOtheguy, L.^nHospital Materno Infantil Ramón Sardá^lBuenos Aires^pAR<|>^aVega, O.^nHospital Materno Infantil Ramón Sardá^lBuenos Aires^pAR;^aRodríguez, Gisela Vanina^nInstituto Nacional de Tecnología Industrial^sINTI-Lácteos^lBuenos Aires^pAR<|>^aGatti, P.^nInstituto Nacional de Tecnología Industrial^sINTI-Lácteos^lBuenos Aires^pAR<|>^aOtheguy, L.^nHospital Materno Infantil Ramón Sardá^lBuenos Aires^pAR<|>^aVega, O.^nHospital Materno Infantil Ramón Sardá^lBuenos Aires^pAR
049939;v26_Afiliacion_del_autor;^aSpath, C.^nInstituto Nacional de Tecnología Industrial^sINTI-Mar del Plata^lBuenos Aires^pAR<|>^aGarbari, D.^nInstituto Nacional de Tecnología Industrial^sINTI-Mar del Plata^lBuenos Aires^pAR<|>^aBononi, M.^nInstituto Nacional de Tecnología Industrial^sINTI-Mar del Plata^lBuenos Aires^pAR<|>^aVergara, O.^nInstituto Nacional de Tecnología Industrial^sINTI-Mar del Plata^lBuenos Aires^pAR<|>^aCampos Otamendi, F.^nInstituto Nacional de Tecnología Industrial^sINTI-Mar del Plata^lBuenos Aires^pAR;^aSpath, C.^nInstituto Nacional de Tecnología Industrial^sINTI-Mar del Plata^lBuenos Aires^pAR<|>^aGarbari, D.^nInstituto Nacional de Tecnología Industrial^sINTI-Mar del Plata^lBuenos Aires^pAR<|>^aBononi, M.^nInstituto Nacional de Tecnología Industrial^sINTI-Mar del Plata^lBuenos Aires^pAR<|>^aVergara, O.^nInstituto Nacional de Tecnología Industrial^sINTI-Mar del Plata^lBuenos Aires^pAR<|>^aCampos Otamendi, Felipe José^nInstituto Nacional de Tecnología Industrial^sINTI-Mar del Plata^lBuenos Aires^pAR
049973;v26_Afiliacion_del_autor;^aAbuin, Graciela Carmen^nInstituto Nacional de Tecnología Industrial^sINTI-Micro y Nanoelectrónica^lBuenos Aires^pAR<|>^aAmelotti, Franco^nInstituto Nacional de Tecnología Industrial^sINTI-Micro y Nanoelectrónica^lBuenos Aires^pAR<|>^aGiménez, G.^nInstituto Nacional de Tecnología Industrial^sINTI-Procesos Superficiales^lBuenos Aires^pAR;^aAbuin, Graciela Carmen^nInstituto Nacional de Tecnología Industrial^sINTI-Micro y Nanoelectrónica^lBuenos Aires^pAR<|>^aAmelotti, Franco Ignacio^nInstituto Nacional de Tecnología Industrial^sINTI-Micro y Nanoelectrónica^lBuenos Aires^pAR<|>^aGiménez, G.^nInstituto Nacional de Tecnología Industrial^sINTI-Procesos Superficiales^lBuenos Aires^pAR
049984;v26_Afiliacion_del_autor;^aGatti, P.^nInstituto Nacional de Tecnología Industrial^sINTI-Lácteos^lBuenos Aires^pAR<|>^aSola, I.^nInstituto Nacional de Tecnología Industrial^sINTI-Agroalimentos^lBuenos Aires^pAR;^aGatti, P.^nInstituto Nacional de Tecnología Industrial^sINTI-Lácteos^lBuenos Aires^pAR<|>^aSolá, Inés^nInstituto Nacional de Tecnología Industrial^sINTI-Agroalimentos^lBuenos Aires^pAR
049988;v26_Afiliacion_del_autor;^aHostench, M.C.^nInstituto Nacional de Tecnología Industrial^sINTI-Agroalimentos^lBuenos Aires^pAR<|>^aOlmedo, M.C.^nInstituto Nacional de Tecnología Industrial^sINTI-Agroalimentos^lBuenos Aires^pAR<|>^aDe Andrade Cattapan, R.^nInstituto Nacional de Tecnología Industrial^sINTI-Agroalimentos^lBuenos Aires^pAR<|>^aMonzón, C.^nInstituto Nacional de Tecnología Industrial^sINTI-Agroalimentos^lBuenos Aires^pAR<|>^aVivas, L.^nInstituto Nacional de Tecnología Industrial^sINTI-Agroalimentos^lBuenos Aires^pAR<|>^aÁlvarez, Marcela Andrea^nInstituto Nacional de Tecnología Industrial^sINTI-Agroalimentos^lBuenos Aires^pAR;^aHostench, M.C.^nInstituto Nacional de Tecnología Industrial^sINTI-Agroalimentos^lBuenos Aires^pAR<|>^aOlmedo, M.C.^nInstituto Nacional de Tecnología Industrial^sINTI-Agroalimentos^lBuenos Aires^pAR<|>^aDe Andrade Cattapan, R.^nInstituto Nacional de Tecnología Industrial^sINTI-Agroalimentos^lBuenos Aires^pAR<|>^aMonzón, C.^nInstituto Nacional de Tecnología Industrial^sINTI-Agroalimentos^lBuenos Aires^pAR<|>^aVivas, Lis Mariana^nInstituto Nacional de Tecnología Industrial^sINTI-Agroalimentos^lBuenos Aires^pAR<|>^aÁlvarez, Marcela Andrea^nInstituto Nacional de Tecnología Industrial^sINTI-Agroalimentos^lBuenos Aires^pAR
049991;v26_Afiliacion_del_autor;^aCorrales, D.^nInstituto Nacional de Tecnología Industrial^sINTI-Lácteos^lBuenos Aires^pAR<|>^aCastells, M.L.^nInstituto Nacional de Tecnología Industrial^sINTI-Lácteos^lBuenos Aires^pAR<|>^aPino, F.^nInstituto Nacional de Tecnología Industrial^sINTI-Lácteos^lBuenos Aires^pAR<|>^aKuba, D.^nInstituto Nacional de Tecnología Industrial^sINTI-Lácteos^lBuenos Aires^pAR<|>^aRolón, M.L.^nInstituto Nacional de Tecnología Industrial^sINTI-Lácteos^lBuenos Aires^pAR;^aCorrales, Diego David^nInstituto Nacional de Tecnología Industrial^sINTI-Lácteos^lBuenos Aires^pAR<|>^aCastells, M.L.^nInstituto Nacional de Tecnología Industrial^sINTI-Lácteos^lBuenos Aires^pAR<|>^aPino, F.^nInstituto Nacional de Tecnología Industrial^sINTI-Lácteos^lBuenos Aires^pAR<|>^aKuba, D.^nInstituto Nacional de Tecnología Industrial^sINTI-Lácteos^lBuenos Aires^pAR<|>^aRolón, M.L.^nInstituto Nacional de Tecnología Industrial^sINTI-Lácteos^lBuenos Aires^pAR
049992;v26_Afiliacion_del_autor;^aCastells, M.^nInstituto Nacional de Tecnología Industrial^sINTI-Lácteos^lBuenos Aires^pAR<|>^aRolón, M.L.^nInstituto Nacional de Tecnología Industrial^sINTI-Lácteos^lBuenos Aires^pAR<|>^aSarquis, S.^nInstituto Nacional de Tecnología Industrial^sINTI-Lácteos^lBuenos Aires^pAR<|>^aRodríguez, G.^nInstituto Nacional de Tecnología Industrial^sINTI-Lácteos^lBuenos Aires^pAR<|>^aEpifane, M.^nInstituto Nacional de Tecnología Industrial^sINTI-Carnes^lBuenos Aires^pAR;^aCastells, María Laura^nInstituto Nacional de Tecnología Industrial^sINTI-Lácteos^lBuenos Aires^pAR<|>^aRolón, M.L.^nInstituto Nacional de Tecnología Industrial^sINTI-Lácteos^lBuenos Aires^pAR<|>^aSarquis, S.^nInstituto Nacional de Tecnología Industrial^sINTI-Lácteos^lBuenos Aires^pAR<|>^aRodríguez, Gisela Vanina^nInstituto Nacional de Tecnología Industrial^sINTI-Lácteos^lBuenos Aires^pAR<|>^aEpifane, M.^nInstituto Nacional de Tecnología Industrial^sINTI-Carnes^lBuenos Aires^pAR
049997;v26_Afiliacion_del_autor;^aNieto, I.^nInstituto Nacional de Tecnología Industrial^sINTI-Lácteos^lRafaela^pAR<|>^aKarlen, J.^nInstituto Nacional de Tecnología Industrial^sINTI-Lácteos^lRafaela^pAR<|>^aOliszewski, R.^nUniversidad Nacional de Tucumán. Facultad de Agronomía y Zootecnia^sUNT-FAZ^lSan Miguel de Tucumán^pAR<|>^aAimar, Bruno Nicolás^nInstituto Nacional de Tecnología Industrial^sINTI-Lácteos^lRafaela^pAR<|>^aPicotti, J.^nInstituto Nacional de Tecnología Industrial^sINTI-Lácteos^lRafaela^pAR;^aNieto, I.^nInstituto Nacional de Tecnología Industrial^sINTI-Lácteos^lRafaela^pAR<|>^aKarlen, J.^nInstituto Nacional de Tecnología Industrial^sINTI-Lácteos^lRafaela^pAR<|>^aOliszewski, R.^nUniversidad Nacional de Tucumán. Facultad de Agronomía y Zootecnia^sUNT-FAZ^lSan Miguel de Tucumán^pAR<|>^aAimar, Bruno Nicolás^nInstituto Nacional de Tecnología Industrial^sINTI-Lácteos^lRafaela^pAR<|>^aPicotti, Jorge Hugo^nInstituto Nacional de Tecnología Industrial^sINTI-Lácteos^lRafaela^pAR
049998;v26_Afiliacion_del_autor;^aNieto, I.^nInstituto Nacional de Tecnología Industrial^sINTI-Lácteos^lRafaela^pAR<|>^aAimar, Bruno Nicolás^nInstituto Nacional de Tecnología Industrial^sINTI-Lácteos^lRafaela^pAR<|>^aPicotti, J.^nInstituto Nacional de Tecnología Industrial^sINTI-Lácteos^lRafaela^pAR<|>^aBonafede, M.F.^nInstituto Nacional de Tecnología Industrial^sINTI-Lácteos^lRafaela^pAR<|>^aMolina Ortiz, Sara Eugenia^nInstituto Nacional de Tecnología Industrial^sINTI-Córdoba^lCórdoba^pAR;^aNieto, I.^nInstituto Nacional de Tecnología Industrial^sINTI-Lácteos^lRafaela^pAR<|>^aAimar, Bruno Nicolás^nInstituto Nacional de Tecnología Industrial^sINTI-Lácteos^lRafaela^pAR<|>^aPicotti, Jorge Hugo^nInstituto Nacional de Tecnología Industrial^sINTI-Lácteos^lRafaela^pAR<|>^aBonafede, M.F.^nInstituto Nacional de Tecnología Industrial^sINTI-Lácteos^lRafaela^pAR<|>^aMolina Ortiz, Sara Eugenia^nInstituto Nacional de Tecnología Industrial^sINTI-Córdoba^lCórdoba^pAR
049999;v26_Afiliacion_del_autor;^aBonafede, M.F.^nInstituto Nacional de Tecnología Industrial^sINTI-Lácteos^lRafaela^pAR<|>^aAimar, Bruno Nicolás^nInstituto Nacional de Tecnología Industrial^sINTI-Lácteos^lRafaela^pAR<|>^aNieto, I.^nInstituto Nacional de Tecnología Industrial^sINTI-Lácteos^lRafaela^pAR<|>^aPicotti, J.^nInstituto Nacional de Tecnología Industrial^sINTI-Lácteos^lRafaela^pAR<|>^aMolina Ortiz, Sara Eugenia^nInstituto Nacional de Tecnología Industrial^sINTI-Córdoba^lCórdoba^pAR;^aBonafede, M.F.^nInstituto Nacional de Tecnología Industrial^sINTI-Lácteos^lRafaela^pAR<|>^aAimar, Bruno Nicolás^nInstituto Nacional de Tecnología Industrial^sINTI-Lácteos^lRafaela^pAR<|>^aNieto, I.^nInstituto Nacional de Tecnología Industrial^sINTI-Lácteos^lRafaela^pAR<|>^aPicotti, Jorge Hugo^nInstituto Nacional de Tecnología Industrial^sINTI-Lácteos^lRafaela^pAR<|>^aMolina Ortiz, Sara Eugenia^nInstituto Nacional de Tecnología Industrial^sINTI-Córdoba^lCórdoba^pAR
050005;v26_Afiliacion_del_autor;^aCerchiai, Edgar^nInstituto Nacional de Tecnología Industrial^sINTI-Mendoza^lMendoza^pAR<|>^aClaros, S.^nInstituto Nacional de Tecnología Industrial^sINTI-Mendoza^lMendoza^pAR<|>^aCiurletti, Cristián Ricardo^nInstituto Nacional de Tecnología Industrial^sINTI-Mendoza^lMendoza^pAR<|>^aCerutti Antonietti, Pablo^nInstituto Nacional de Tecnología Industrial^sINTI-Mendoza^lMendoza^pAR;^aCerchiai, Edgar^nInstituto Nacional de Tecnología Industrial^sINTI-Mendoza^lMendoza^pAR<|>^aClaros, Sonia Amelia^nInstituto Nacional de Tecnología Industrial^sINTI-Mendoza^lMendoza^pAR<|>^aCiurletti, Cristián Ricardo^nInstituto Nacional de Tecnología Industrial^sINTI-Mendoza^lMendoza^pAR<|>^aCerutti Antonietti, Pablo^nInstituto Nacional de Tecnología Industrial^sINTI-Mendoza^lMendoza^pAR
050009;v26_Afiliacion_del_autor;^aCerchiai, Edgar^nInstituto Nacional de Tecnología Industrial^sINTI-Mendoza^lMendoza^pAR<|>^aClaros, S.^nInstituto Nacional de Tecnología Industrial^sINTI-Mendoza^lMendoza^pAR<|>^aCiurletti, Cristián Ricardo^nInstituto Nacional de Tecnología Industrial^sINTI-Mendoza^lMendoza^pAR<|>^aMartínez, C.^nInstituto Nacional de Tecnología Industrial^sINTI-Mendoza^lMendoza^pAR;^aCerchiai, Edgar^nInstituto Nacional de Tecnología Industrial^sINTI-Mendoza^lMendoza^pAR<|>^aClaros, Sonia Amelia^nInstituto Nacional de Tecnología Industrial^sINTI-Mendoza^lMendoza^pAR<|>^aCiurletti, Cristián Ricardo^nInstituto Nacional de Tecnología Industrial^sINTI-Mendoza^lMendoza^pAR<|>^aMartínez, Carlos Daniel^nInstituto Nacional de Tecnología Industrial^sINTI-Mendoza^lMendoza^pAR
050011;v26_Afiliacion_del_autor;^aCerchiai, Edgar^nInstituto Nacional de Tecnología Industrial^sINTI-Mendoza^lMendoza^pAR<|>^aClaros, S.^nInstituto Nacional de Tecnología Industrial^sINTI-Mendoza^lMendoza^pAR<|>^aCiurletti, Cristián Ricardo^nInstituto Nacional de Tecnología Industrial^sINTI-Mendoza^lMendoza^pAR<|>^aCerutti Antonietti, Pablo^nInstituto Nacional de Tecnología Industrial^sINTI-Mendoza^lMendoza^pAR;^aCerchiai, Edgar^nInstituto Nacional de Tecnología Industrial^sINTI-Mendoza^lMendoza^pAR<|>^aClaros, Sonia Amelia^nInstituto Nacional de Tecnología Industrial^sINTI-Mendoza^lMendoza^pAR<|>^aCiurletti, Cristián Ricardo^nInstituto Nacional de Tecnología Industrial^sINTI-Mendoza^lMendoza^pAR<|>^aCerutti Antonietti, Pablo^nInstituto Nacional de Tecnología Industrial^sINTI-Mendoza^lMendoza^pAR
050012;v26_Afiliacion_del_autor;^aCerchiai, Edgar^nInstituto Nacional de Tecnología Industrial^sINTI-Mendoza^lMendoza^pAR<|>^aClaros, S.^nInstituto Nacional de Tecnología Industrial^sINTI-Mendoza^lMendoza^pAR<|>^aCiurletti, Cristián Ricardo^nInstituto Nacional de Tecnología Industrial^sINTI-Mendoza^lMendoza^pAR<|>^aCerutti Antonietti, Pablo^nInstituto Nacional de Tecnología Industrial^sINTI-Mendoza^lMendoza^pAR;^aCerchiai, Edgar^nInstituto Nacional de Tecnología Industrial^sINTI-Mendoza^lMendoza^pAR<|>^aClaros, Sonia Amelia^nInstituto Nacional de Tecnología Industrial^sINTI-Mendoza^lMendoza^pAR<|>^aCiurletti, Cristián Ricardo^nInstituto Nacional de Tecnología Industrial^sINTI-Mendoza^lMendoza^pAR<|>^aCerutti Antonietti, Pablo^nInstituto Nacional de Tecnología Industrial^sINTI-Mendoza^lMendoza^pAR
050037;v26_Afiliacion_del_autor;^aSpath, C.^nInstituto Nacional de Tecnología Industrial^sINTI-Mar del Plata^lBuenos Aires^pAR<|>^aBononi, M.^nInstituto Nacional de Tecnología Industrial^sINTI-Mar del Plata^lBuenos Aires^pAR<|>^aRoldán, H.^nInstituto Nacional de Tecnología Industrial^sINTI-Mar del Plata^lBuenos Aires^pAR<|>^aGarbari, D.^nInstituto Nacional de Tecnología Industrial^sINTI-Mar del Plata^lBuenos Aires^pAR<|>^aCampos Otamendi, F.^nInstituto Nacional de Tecnología Industrial^sINTI-Mar del Plata^lBuenos Aires^pAR<|>^aVergara, O.^nInstituto Nacional de Tecnología Industrial^sINTI-Mar del Plata^lBuenos Aires^pAR;^aSpath, C.^nInstituto Nacional de Tecnología Industrial^sINTI-Mar del Plata^lBuenos Aires^pAR<|>^aBononi, M.^nInstituto Nacional de Tecnología Industrial^sINTI-Mar del Plata^lBuenos Aires^pAR<|>^aRoldán, H.^nInstituto Nacional de Tecnología Industrial^sINTI-Mar del Plata^lBuenos Aires^pAR<|>^aGarbari, D.^nInstituto Nacional de Tecnología Industrial^sINTI-Mar del Plata^lBuenos Aires^pAR<|>^aCampos Otamendi, Felipe José^nInstituto Nacional de Tecnología Industrial^sINTI-Mar del Plata^lBuenos Aires^pAR<|>^aVergara, O.^nInstituto Nacional de Tecnología Industrial^sINTI-Mar del Plata^lBuenos Aires^pAR
050050;v26_Afiliacion_del_autor;^aGradizuela, C.^nInstituto Nacional de Tecnología Industrial^sINTI-Concepción del Uruguay^lEntre Ríos^pAR<|>^aAlaluf, Andrés Matías^nInstituto Nacional de Tecnología Industrial^sINTI-Concepción del Uruguay^lEntre Ríos^pAR<|>^aGamero, E.^nInstituto Nacional de Tecnología Industrial^sINTI-Concepción del Uruguay^lEntre Ríos^pAR<|>^aRodríguez, C.^nRepública Bolivariana de Venezuela. Dirección ejecutiva de la Magistratura. Corporación Venezolana de Alimentos. Corporación Venezolana de Azúcar^sCVAL^lChacao^pVE<|>^aColina, D.^nRepública Bolivariana de Venezuela. Dirección ejecutiva de la Magistratura. Corporación Venezolana de Alimentos. Corporación Venezolana de Azúcar^sCVAL^lChacao^pVE<|>^aAldana, Karla^nRepública Bolivariana de Venezuela. Dirección ejecutiva de la Magistratura. Corporación Venezolana de Alimentos. Corporación Venezolana de Azúcar^sCVAL^lChacao^pVE<|>^aDi Cola, C.^nCorporación Venezolana del Azúcar^sCVAA^pVE<|>^aLaorden, D..^nInstituto Nacional de Tecnología Industrial^sINTI-Rafaela^lRafaela^pAR<|>^aMontú, C.^nConvenio Cuba-Venezuela^lChacao^pVE;^aGradizuela, C.^nInstituto Nacional de Tecnología Industrial^sINTI-Concepción del Uruguay^lEntre Ríos^pAR<|>^aAlaluf, Andrés Matías^nInstituto Nacional de Tecnología Industrial^sINTI-Concepción del Uruguay^lEntre Ríos^pAR<|>^aGamero, E.^nInstituto Nacional de Tecnología Industrial^sINTI-Concepción del Uruguay^lEntre Ríos^pAR<|>^aRodríguez, Carlos Roberto^nRepública Bolivariana de Venezuela. Dirección ejecutiva de la Magistratura. Corporación Venezolana de Alimentos. Corporación Venezolana de Azúcar^sCVAL^lChacao^pVE<|>^aColina, D.^nRepública Bolivariana de Venezuela. Dirección ejecutiva de la Magistratura. Corporación Venezolana de Alimentos. Corporación Venezolana de Azúcar^sCVAL^lChacao^pVE<|>^aAldana, Karla^nRepública Bolivariana de Venezuela. Dirección ejecutiva de la Magistratura. Corporación Venezolana de Alimentos. Corporación Venezolana de Azúcar^sCVAL^lChacao^pVE<|>^aDi Cola, C.^nCorporación Venezolana del Azúcar^sCVAA^pVE<|>^aLaorden, D..^nInstituto Nacional de Tecnología Industrial^sINTI-Rafaela^lRafaela^pAR<|>^aMontú, C.^nConvenio Cuba-Venezuela^lChacao^pVE
050053;v26_Afiliacion_del_autor;^aSilbert Voldman, Violeta^nInstituto Nacional de Tecnología Industrial^sINTI-Córdoba^lCórdoba^pAR<|>^aCerutti Antonietti, Pablo^nInstituto Nacional de Tecnología Industrial^sINTI-Mendoza^lMendoza^pAR<|>^aCerchiai, Edgar^nInstituto Nacional de Tecnología Industrial^sINTI-Mendoza^lMendoza^pAR<|>^aClaros, S.^nInstituto Nacional de Tecnología Industrial^sINTI-Mendoza^lMendoza^pAR<|>^aCiurletti, Cristián Ricardo^nInstituto Nacional de Tecnología Industrial^sINTI-Mendoza^lMendoza^pAR;^aSilbert Voldman, Violeta^nInstituto Nacional de Tecnología Industrial^sINTI-Córdoba^lCórdoba^pAR<|>^aCerutti Antonietti, Pablo^nInstituto Nacional de Tecnología Industrial^sINTI-Mendoza^lMendoza^pAR<|>^aCerchiai, Edgar^nInstituto Nacional de Tecnología Industrial^sINTI-Mendoza^lMendoza^pAR<|>^aClaros, Sonia Amelia^nInstituto Nacional de Tecnología Industrial^sINTI-Mendoza^lMendoza^pAR<|>^aCiurletti, Cristián Ricardo^nInstituto Nacional de Tecnología Industrial^sINTI-Mendoza^lMendoza^pAR
050074;v26_Afiliacion_del_autor;^aGarrido, G.^nInstituto Nacional de Tecnología Industrial. INTI-Córdoba^pArgentina<|>^aPettigiani, Eugenio^nInstituto Nacional de Tecnología Industrial. INTI-Córdoba^pArgentina<|>^aBernocco, Eliana Carolina^nInstituto Nacional de Tecnología Industrial. INTI-Córdoba^pArgentina<|>^aAngelelli, Melina^nInstituto Nacional de Tecnología Industrial. INTI-Córdoba^pArgentina<|>^aErmeninto, S.^nInstituto Nacional de Tecnología Industrial. INTI-Córdoba^pArgentina;^aGarrido, G.^nInstituto Nacional de Tecnología Industrial. INTI-Córdoba^pArgentina<|>^aPettigiani, Eugenio^nInstituto Nacional de Tecnología Industrial. INTI-Córdoba^pArgentina<|>^aBernocco, Eliana Carolina^nInstituto Nacional de Tecnología Industrial. INTI-Córdoba^pArgentina<|>^aÁngelelli, Melina Mariel^nInstituto Nacional de Tecnología Industrial. INTI-Córdoba^pArgentina<|>^aErmeninto, S.^nInstituto Nacional de Tecnología Industrial. INTI-Córdoba^pArgentina
050079;v26_Afiliacion_del_autor;^aDifeo, Gonzalo Javier^nInstituto Nacional de Tecnología Industrial. INTI-Diseño Industrial^pArgentina<|>^aLelli, D.^nInstituto Nacional de Tecnología Industrial. INTI-Diseño Industrial^pArgentina<|>^aRuíz Díaz, R.^nInstituto Nacional de Tecnología Industrial. INTI-Diseño Industrial^pArgentina<|>^aLópez, Eduardo Antonio^nInstituto Nacional de Tecnología Industrial. INTI-Diseño Industrial^pArgentina<|>^aPeralta, M.^nInstituto Nacional de Tecnología Industrial. INTI-Diseño Industrial^pArgentina<|>^aElizondo, A.^nInstituto Nacional de Tecnología Industrial. INTI-Diseño Industrial^pArgentina<|>^aGonzález, H.^nInstituto Nacional de Tecnología Industrial. INTI-Gerencia de Comercialización^pArgentina<|>^aBartoloni, Valeria Gabriela^nInstituto Nacional de Tecnología Industrial. INTI-Diseño Industrial^pArgentina<|>^aBaravalle, Sergio^nArgentina. Ministerio de Desarrollo Social^pArgentina;^aDifeo, Gonzalo Javier^nInstituto Nacional de Tecnología Industrial. INTI-Diseño Industrial^pArgentina<|>^aLelli, D.^nInstituto Nacional de Tecnología Industrial. INTI-Diseño Industrial^pArgentina<|>^aRuíz Díaz, R.^nInstituto Nacional de Tecnología Industrial. INTI-Diseño Industrial^pArgentina<|>^aLópez, Eduardo Antonio^nInstituto Nacional de Tecnología Industrial. INTI-Diseño Industrial^pArgentina<|>^aPeralta, Matías Eduardo^nInstituto Nacional de Tecnología Industrial. INTI-Diseño Industrial^pArgentina<|>^aElizondo, A.^nInstituto Nacional de Tecnología Industrial. INTI-Diseño Industrial^pArgentina<|>^aGonzález, H.^nInstituto Nacional de Tecnología Industrial. INTI-Gerencia de Comercialización^pArgentina<|>^aBartoloni, Valeria Gabriela^nInstituto Nacional de Tecnología Industrial. INTI-Diseño Industrial^pArgentina<|>^aBaravalle, Sergio^nArgentina. Ministerio de Desarrollo Social^pArgentina
050088;v26_Afiliacion_del_autor;^aClaret, Sara^nInstituto Nacional de Tecnología Industrial. INTI-Entre Ríos^pArgentina<|>^aGaspart, V.^nInstituto Nacional de Tecnología Industrial. INTI-Entre Ríos^pArgentina<|>^aGonzález, D.^nInstituto Nacional de Tecnología Industrial. INTI-Entre Ríos^pArgentina<|>^aGuibaudo, C.^nInstituto Nacional de Tecnología Industrial. INTI-Entre Ríos^pArgentina<|>^aLarrivey, A.^nInstituto Nacional de Tecnología Industrial. INTI-Entre Ríos^pArgentina<|>^aMinaglia, M.^nInstituto Nacional de Tecnología Industrial. INTI-Entre Ríos^pArgentina<|>^aOchoteco, A.^nInstituto Nacional de Tecnología Industrial. INTI-Entre Ríos^pArgentina<|>^aRodríguez, G.^nInstituto Nacional de Tecnología Industrial. INTI-Entre Ríos^pArgentina<|>^aToledo, María Fernanda^nInstituto Nacional de Tecnología Industrial. INTI-Entre Ríos^pArgentina<|>^aTrossero, Mariana^nInstituto Nacional de Tecnología Industrial. INTI-Entre Ríos^pArgentina<|>^aUchitel, Virginia^nInstituto Nacional de Tecnología Industrial. INTI-Entre Ríos^pArgentina<|>^aVillamonte, I.^nInstituto Nacional de Tecnología Industrial. INTI-Entre Ríos^pArgentina<|>^aWalser, Vanesa Soledad^nInstituto Nacional de Tecnología Industrial. INTI-Entre Ríos^pArgentina;^aClaret, Sara^nInstituto Nacional de Tecnología Industrial. INTI-Entre Ríos^pArgentina<|>^aGaspart, V.^nInstituto Nacional de Tecnología Industrial. INTI-Entre Ríos^pArgentina<|>^aGonzález, D.^nInstituto Nacional de Tecnología Industrial. INTI-Entre Ríos^pArgentina<|>^aGuibaudo, C.^nInstituto Nacional de Tecnología Industrial. INTI-Entre Ríos^pArgentina<|>^aLarrivey, A.^nInstituto Nacional de Tecnología Industrial. INTI-Entre Ríos^pArgentina<|>^aMinaglia, M.^nInstituto Nacional de Tecnología Industrial. INTI-Entre Ríos^pArgentina<|>^aOchoteco, A.^nInstituto Nacional de Tecnología Industrial. INTI-Entre Ríos^pArgentina<|>^aRodríguez, Gisela Vanina^nInstituto Nacional de Tecnología Industrial. INTI-Entre Ríos^pArgentina<|>^aToledo, María Fernanda^nInstituto Nacional de Tecnología Industrial. INTI-Entre Ríos^pArgentina<|>^aTrossero, Mariana^nInstituto Nacional de Tecnología Industrial. INTI-Entre Ríos^pArgentina<|>^aUchitel, Virginia^nInstituto Nacional de Tecnología Industrial. INTI-Entre Ríos^pArgentina<|>^aVillamonte, I.^nInstituto Nacional de Tecnología Industrial. INTI-Entre Ríos^pArgentina<|>^aWalser, Vanesa Soledad^nInstituto Nacional de Tecnología Industrial. INTI-Entre Ríos^pArgentina
050099;v26_Afiliacion_del_autor;^aBenítez, A.^nInstituto Nacional de Tecnología Industrial. INTI-Construcciones^pArgentina<|>^aRuiz, A.^nInstituto Nacional de Tecnología Industrial. INTI-Construcciones^pArgentina<|>^aKöber, Érica^nInstituto Nacional de Tecnología Industrial. INTI-Construcciones^pArgentina<|>^aLeiberman, M.^nMatermix S.R.L.^pArgentina<|>^aScarano, A.^nMatermix S.R.L.^pArgentina;^aBenítez, A.^nInstituto Nacional de Tecnología Industrial. INTI-Construcciones^pArgentina<|>^aRuiz, Adrián Alejandro^nInstituto Nacional de Tecnología Industrial. INTI-Construcciones^pArgentina<|>^aKöber, Érica^nInstituto Nacional de Tecnología Industrial. INTI-Construcciones^pArgentina<|>^aLeiberman, M.^nMatermix S.R.L.^pArgentina<|>^aScarano, A.^nMatermix S.R.L.^pArgentina
050111;v26_Afiliacion_del_autor;^aBorgiattino Walker, Hernán Luis^nInstituto Nacional de Tecnología Industrial. INTI-Rafaela^pArgentina<|>^aDunky, Adrián Guillermo^nInstituto Nacional de Tecnología Industrial. INTI-Rafaela^pArgentina<|>^aMartínez, J.^nInstituto Nacional de Tecnología Industrial. INTI-Rafaela^pArgentina<|>^aBaine, Simón Enrique^nInstituto Nacional de Tecnología Industrial. INTI-Rafaela^pArgentina;^aBorgiattino Walker, Hernán Luis^nInstituto Nacional de Tecnología Industrial. INTI-Rafaela^pArgentina<|>^aDunky, Adrián Guillermo^nInstituto Nacional de Tecnología Industrial. INTI-Rafaela^pArgentina<|>^aMartínez, Jonatan^nInstituto Nacional de Tecnología Industrial. INTI-Rafaela^pArgentina<|>^aBaine, Simón Enrique^nInstituto Nacional de Tecnología Industrial. INTI-Rafaela^pArgentina
050121;v26_Afiliacion_del_autor;^aBarella, Mariano^nInstituto Nacional de Tecnología Industrial. INTI-Micro y Nanoelectrónica^pArgentina<|>^aSanca, G.A.^nUniversidad Nacional de San Martín^sUNSAM^pArgentina<|>^aGómez Marlasca, F.^nComisión Nacional de Energía Atómica^sCNEA^pArgentina<|>^aRodríguez, G.^nInstituto Nacional de Tecnología Industrial. INTI-Micro y Nanoelectrónica^pArgentina<|>^aMartelliti, D.^nInstituto Nacional de Tecnología Industrial. INTI-Micro y Nanoelectrónica^pArgentina<|>^aPatrone, Luciano  Agustín^nInstituto Nacional de Tecnología Industrial. INTI-Micro y Nanoelectrónica^pArgentina<|>^aAbanto, L.^nUniversidad Nacional de San Martín^sUNSAM^pArgentina<|>^aLevy, Pablo^nComisión Nacional de Energía Atómica^sCNEA^pArgentina<|>^aGolmar, F.^nInstituto Nacional de Tecnología Industrial. INTI-Micro y Nanoelectrónica^pArgentina;^aBarella, Mariano^nInstituto Nacional de Tecnología Industrial. INTI-Micro y Nanoelectrónica^pArgentina<|>^aSanca, G.A.^nUniversidad Nacional de San Martín^sUNSAM^pArgentina<|>^aGómez Marlasca, F.^nComisión Nacional de Energía Atómica^sCNEA^pArgentina<|>^aRodríguez, Gisela Vanina^nInstituto Nacional de Tecnología Industrial. INTI-Micro y Nanoelectrónica^pArgentina<|>^aMartelliti, D.^nInstituto Nacional de Tecnología Industrial. INTI-Micro y Nanoelectrónica^pArgentina<|>^aPatrone, Luciano  Agustín^nInstituto Nacional de Tecnología Industrial. INTI-Micro y Nanoelectrónica^pArgentina<|>^aAbanto, L.^nUniversidad Nacional de San Martín^sUNSAM^pArgentina<|>^aLevy, Pablo^nComisión Nacional de Energía Atómica^sCNEA^pArgentina<|>^aGolmar, F.^nInstituto Nacional de Tecnología Industrial. INTI-Micro y Nanoelectrónica^pArgentina
050143;v26_Afiliacion_del_autor;^aMoretti, I.^nInstituto Nacional de Tecnología Industrial. INTI-Córdoba^pArgentina<|>^aJorge, J.^nInstituto Nacional de Tecnología Industrial. INTI-Córdoba^pArgentina<|>^aAmado, José Luis^nInstituto Nacional de Tecnología Industrial. INTI-Córdoba^pArgentina<|>^aCaniglia, Cristian Sergio^nInstituto Nacional de Tecnología Industrial. INTI-Córdoba^pArgentina<|>^aPuntillo, D.^nInstituto Nacional de Tecnología Industrial. INTI-Córdoba^pArgentina<|>^aBlasco, M.^nInstituto Nacional de Tecnología Industrial. INTI-Córdoba^pArgentina;^aMoretti, I.^nInstituto Nacional de Tecnología Industrial. INTI-Córdoba^pArgentina<|>^aJorge, J.^nInstituto Nacional de Tecnología Industrial. INTI-Córdoba^pArgentina<|>^aAmado, José Luis^nInstituto Nacional de Tecnología Industrial. INTI-Córdoba^pArgentina<|>^aCaniglia, Cristian Sergio^nInstituto Nacional de Tecnología Industrial. INTI-Córdoba^pArgentina<|>^aPuntillo, D.^nInstituto Nacional de Tecnología Industrial. INTI-Córdoba^pArgentina<|>^aBlasco, Marco Javier^nInstituto Nacional de Tecnología Industrial. INTI-Córdoba^pArgentina
050154;v26_Afiliacion_del_autor;^aGalacho, V.^nInstituto Nacional de Tecnología Industrial. INTI-Lácteos^pArgentina<|>^aRodríguez, G.^nInstituto Nacional de Tecnología Industrial. INTI-Lácteos^pArgentina<|>^aCastro, Fabiana Andrea^nInstituto Nacional de Tecnología Industrial. INTI-Lácteos^pArgentina;^aGalacho, V.^nInstituto Nacional de Tecnología Industrial. INTI-Lácteos^pArgentina<|>^aRodríguez, Gisela Vanina^nInstituto Nacional de Tecnología Industrial. INTI-Lácteos^pArgentina<|>^aCastro, Fabiana Andrea^nInstituto Nacional de Tecnología Industrial. INTI-Lácteos^pArgentina
050161;v26_Afiliacion_del_autor;^aPoliti, M.^nInstituto Nacional de Tecnología Industrial. INTI-Energías Renovables^pArgentina<|>^aSegura, I.^nUniversidad Tecnológica Nacional^sUTN^pArgentina<|>^aRusso, F.^nUniversidad Tecnológica Nacional^sUTN^pArgentina<|>^aGarcía, M.V.^nUniversidad Tecnológica Nacional^sUTN^pArgentina<|>^aSabetta, A.^nUniversidad Tecnológica Nacional^sUTN^pArgentina<|>^aValentini, G.^nUniversidad Tecnológica Nacional^sUTN^pArgentina<|>^aMerino, C.^nUniversidad Tecnológica Nacional^sUTN^pArgentina<|>^aDietz, Rodrigo^nUniversidad Tecnológica Nacional^sUTN^pArgentina<|>^aKeinburg, F.^nUniversidad Tecnológica Nacional^sUTN^pArgentina;^aPoliti, M.^nInstituto Nacional de Tecnología Industrial. INTI-Energías Renovables^pArgentina<|>^aSegura, I.^nUniversidad Tecnológica Nacional^sUTN^pArgentina<|>^aRusso, F.^nUniversidad Tecnológica Nacional^sUTN^pArgentina<|>^aGarcía, M.V.^nUniversidad Tecnológica Nacional^sUTN^pArgentina<|>^aSabetta, A.^nUniversidad Tecnológica Nacional^sUTN^pArgentina<|>^aValentini, Gabriel Hugo^nUniversidad Tecnológica Nacional^sUTN^pArgentina<|>^aMerino, C.^nUniversidad Tecnológica Nacional^sUTN^pArgentina<|>^aDietz, Rodrigo^nUniversidad Tecnológica Nacional^sUTN^pArgentina<|>^aKeinburg, F.^nUniversidad Tecnológica Nacional^sUTN^pArgentina
050166;v26_Afiliacion_del_autor;^aAbuin, Graciela Carmen^nInstituto Nacional de Tecnología Industrial. INTI-Procesos Superficiales^pArgentina<|>^aDiaz, L. A.^nInstituto Nacional de Tecnología Industrial. INTI-Procesos Superficiales^pArgentina<|>^aCoppola, Roxana Elisabeth^nInstituto Nacional de Tecnología Industrial. INTI-Procesos Superficiales^pArgentina;^aAbuin, Graciela Carmen^nInstituto Nacional de Tecnología Industrial. INTI-Procesos Superficiales^pArgentina<|>^aDíaz, Liliana Analía^nInstituto Nacional de Tecnología Industrial. INTI-Procesos Superficiales^pArgentina<|>^aCoppola, Roxana Elisabeth^nInstituto Nacional de Tecnología Industrial. INTI-Procesos Superficiales^pArgentina
050168;v26_Afiliacion_del_autor;^aBlasco, M.^nInstituto Nacional de Tecnología Industrial. INTI-Córdoba^pArgentina<|>^aCaniglia, Cristian Sergio^nInstituto Nacional de Tecnología Industrial. INTI-Córdoba^pArgentina<|>^aMoretti, I.^nInstituto Nacional de Tecnología Industrial. INTI-Córdoba^pArgentina<|>^aJorge, J.^nInstituto Nacional de Tecnología Industrial. INTI-Córdoba^pArgentina<|>^aAmado, José Luis^nInstituto Nacional de Tecnología Industrial. INTI-Córdoba^pArgentina<|>^aPuntillo, D.^nInstituto Nacional de Tecnología Industrial. INTI-Córdoba^pArgentina<|>^aOrtiz, I.^nFábrica Argentina de Elásticos S.A.^sFAESA^pArgentina;^aBlasco, Marco Javier^nInstituto Nacional de Tecnología Industrial. INTI-Córdoba^pArgentina<|>^aCaniglia, Cristian Sergio^nInstituto Nacional de Tecnología Industrial. INTI-Córdoba^pArgentina<|>^aMoretti, I.^nInstituto Nacional de Tecnología Industrial. INTI-Córdoba^pArgentina<|>^aJorge, J.^nInstituto Nacional de Tecnología Industrial. INTI-Córdoba^pArgentina<|>^aAmado, José Luis^nInstituto Nacional de Tecnología Industrial. INTI-Córdoba^pArgentina<|>^aPuntillo, D.^nInstituto Nacional de Tecnología Industrial. INTI-Córdoba^pArgentina<|>^aOrtiz, I.^nFábrica Argentina de Elásticos S.A.^sFAESA^pArgentina
050175;v26_Afiliacion_del_autor;^aLabanca, JM.^nInstituto Nacional de Tecnología Industrial. INTI-Mecánica^pArgentina<|>^aPérez, D.^nInstituto Nacional de Tecnología Industrial. INTI-Mecánica^pArgentina<|>^aAntúnez, N.^nInstituto Nacional de Tecnología Industrial. INTI-Mecánica^pArgentina<|>^aMartínez Krahmer, Daniel Osvaldo^nInstituto Nacional de Tecnología Industrial. INTI-Mecánica^pArgentina<|>^aSchneebeli, Jorge Ernesto^nInstituto Nacional de Tecnología Industrial. INTI-Mecánica^pArgentina;^aLabanca, JM.^nInstituto Nacional de Tecnología Industrial. INTI-Mecánica^pArgentina<|>^aPérez, D.^nInstituto Nacional de Tecnología Industrial. INTI-Mecánica^pArgentina<|>^aAntunez, Nazareno Nahuel^nInstituto Nacional de Tecnología Industrial. INTI-Mecánica^pArgentina<|>^aMartínez Krahmer, Daniel Osvaldo^nInstituto Nacional de Tecnología Industrial. INTI-Mecánica^pArgentina<|>^aSchneebeli, Jorge Ernesto^nInstituto Nacional de Tecnología Industrial. INTI-Mecánica^pArgentina
050183;v26_Afiliacion_del_autor;^aSperanza, J.^nInstituto Nacional de Tecnología Industrial. INTI-Lácteos^pArgentina<|>^aCastañeda, Roberto Aníbal^nInstituto Nacional de Tecnología Industrial. INTI-Lácteos^pArgentina<|>^aMuset, G.^nInstituto Nacional de Tecnología Industrial. INTI-Gerencia de Cooperación Económica e Internacional^pArgentina<|>^aMaggiore, Agustina^nInstituto Nacional de Tecnología Industrial. INTI-Gerencia de Cooperación Económica e Internacional^pArgentina<|>^aGonzález, M.^nInstituto Nacional de Tecnología Industrial. INTI-Lácteos^pArgentina<|>^aLabacá,  Patricia^nInstituto Nacional de Tecnología Industrial. INTI-Lácteos^pArgentina<|>^aRodríguez, G.^nInstituto Nacional de Tecnología Industrial. INTI-Lácteos^pArgentina<|>^aFornero, P.^nInstituto Nacional de Tecnología Industrial. INTI-Lácteos^pArgentina<|>^aJunges, O.^nInstituto Nacional de Tecnología Industrial. INTI-Lácteos^pArgentina;^aSperanza, J.^nInstituto Nacional de Tecnología Industrial. INTI-Lácteos^pArgentina<|>^aCastañeda, Roberto Aníbal^nInstituto Nacional de Tecnología Industrial. INTI-Lácteos^pArgentina<|>^aMuset, G.^nInstituto Nacional de Tecnología Industrial. INTI-Gerencia de Cooperación Económica e Internacional^pArgentina<|>^aMaggiore, Agustina^nInstituto Nacional de Tecnología Industrial. INTI-Gerencia de Cooperación Económica e Internacional^pArgentina<|>^aGonzález, M.^nInstituto Nacional de Tecnología Industrial. INTI-Lácteos^pArgentina<|>^aLabacá,  Patricia^nInstituto Nacional de Tecnología Industrial. INTI-Lácteos^pArgentina<|>^aRodríguez, Gisela Vanina^nInstituto Nacional de Tecnología Industrial. INTI-Lácteos^pArgentina<|>^aFornero, P.^nInstituto Nacional de Tecnología Industrial. INTI-Lácteos^pArgentina<|>^aJunges, O.^nInstituto Nacional de Tecnología Industrial. INTI-Lácteos^pArgentina
050184;v26_Afiliacion_del_autor;^aDuzdevich, Juan Pablo^nInstituto Nacional de Tecnología Industrial. INTI-Neuquén^pArgentina<|>^aZappa, Andrés Enrique^nInstituto Nacional de Tecnología Industrial. INTI-Neuquén^pArgentina<|>^aWild Cañón, C.^nInstituto Nacional de Tecnología Industrial. INTI-Neuquén^pArgentina<|>^aAmadio, Mariano^nInstituto Nacional de Tecnología Industrial. INTI-Neuquén^pArgentina<|>^aDíaz, María Del Carmen^nInstituto Nacional de Tecnología Industrial. INTI-Neuquén^pArgentina<|>^aUrrutia, Laura Vanesa^nInstituto Nacional de Tecnología Industrial. INTI-Neuquén^pArgentina;^aDuzdevich, Juan Pablo^nInstituto Nacional de Tecnología Industrial. INTI-Neuquén^pArgentina<|>^aZappa, Andrés Enrique^nInstituto Nacional de Tecnología Industrial. INTI-Neuquén^pArgentina<|>^aWild Cañón, Carlos Alberto^nInstituto Nacional de Tecnología Industrial. INTI-Neuquén^pArgentina<|>^aAmadio, Mariano^nInstituto Nacional de Tecnología Industrial. INTI-Neuquén^pArgentina<|>^aDíaz, María Del Carmen^nInstituto Nacional de Tecnología Industrial. INTI-Neuquén^pArgentina<|>^aUrrutia, Laura Vanesa^nInstituto Nacional de Tecnología Industrial. INTI-Neuquén^pArgentina
050218;v26_Afiliacion_del_autor;^aClaros, S.^nInstituto Nacional de Tecnología Industrial. INTI-Mendoza^pArgentina<|>^aCiurletti, Cristián Ricardo^nInstituto Nacional de Tecnología Industrial. INTI-Mendoza^pArgentina<|>^aCerchiai, Edgar^nInstituto Nacional de Tecnología Industrial. INTI-Mendoza^pArgentina;^aClaros, Sonia Amelia^nInstituto Nacional de Tecnología Industrial. INTI-Mendoza^pArgentina<|>^aCiurletti, Cristián Ricardo^nInstituto Nacional de Tecnología Industrial. INTI-Mendoza^pArgentina<|>^aCerchiai, Edgar^nInstituto Nacional de Tecnología Industrial. INTI-Mendoza^pArgentina
050220;v26_Afiliacion_del_autor;^aCiurletti, Cristián Ricardo^nInstituto Nacional de Tecnología Industrial. INTI-Mendoza^pArgentina<|>^aCerchiai, Edgar^nInstituto Nacional de Tecnología Industrial. INTI-Mendoza^pArgentina<|>^aClaros, S.^nInstituto Nacional de Tecnología Industrial. INTI-Mendoza^pArgentina<|>^aCerutti Antonietti, Pablo^nInstituto Nacional de Tecnología Industrial. INTI-Mendoza^pArgentina;^aCiurletti, Cristián Ricardo^nInstituto Nacional de Tecnología Industrial. INTI-Mendoza^pArgentina<|>^aCerchiai, Edgar^nInstituto Nacional de Tecnología Industrial. INTI-Mendoza^pArgentina<|>^aClaros, Sonia Amelia^nInstituto Nacional de Tecnología Industrial. INTI-Mendoza^pArgentina<|>^aCerutti Antonietti, Pablo^nInstituto Nacional de Tecnología Industrial. INTI-Mendoza^pArgentina
050226;v26_Afiliacion_del_autor;^aBarda, Norma Beatriz^nInstituto Nacional de Tecnología Industrial. INTI-Villa Regina^pArgentina<|>^aCalvo, P.^nInstituto Nacional de Tecnología Agropecuaria^sINTA^pArgentina<|>^aDe Ángelis, Verónica^nInstituto Nacional de Tecnología Agropecuaria^sINTA^pArgentina<|>^aMiranda, María José^nInstituto Nacional de Tecnología Industrial. INTI-Villa Regina^pArgentina<|>^aSuárez, Pablo Javier^nInstituto Nacional de Tecnología Industrial. INTI-Villa Regina^pArgentina<|>^aToscana, M. F.^nInstituto Nacional de Tecnología Industrial. INTI-Villa Regina^pArgentina;^aBarda, Norma Beatriz^nInstituto Nacional de Tecnología Industrial. INTI-Villa Regina^pArgentina<|>^aCalvo, Paula Cecilia^nInstituto Nacional de Tecnología Agropecuaria^sINTA^pArgentina<|>^aDe Ángelis, Verónica^nInstituto Nacional de Tecnología Agropecuaria^sINTA^pArgentina<|>^aMiranda, María José^nInstituto Nacional de Tecnología Industrial. INTI-Villa Regina^pArgentina<|>^aSuárez, Pablo Javier^nInstituto Nacional de Tecnología Industrial. INTI-Villa Regina^pArgentina<|>^aToscana, M. F.^nInstituto Nacional de Tecnología Industrial. INTI-Villa Regina^pArgentina
050251;v26_Afiliacion_del_autor;^aReich, G.^nInstituto Nacional de Tecnología Industrial. INTI-Agroalimentos^pArgentina<|>^aMurano, M.^nInstituto Nacional de Tecnología Industrial. INTI-Agroalimentos^pArgentina<|>^aGonzález, J.^nInstituto Nacional de Tecnología Industrial. INTI-Agroalimentos^pArgentina<|>^aPettinari, V.^nInstituto Nacional de Tecnología Industrial. INTI-Agroalimentos^pArgentina<|>^aBarbagallo, Gustavo Alfredo^nInstituto Nacional de Tecnología Industrial. INTI-Agroalimentos^pArgentina<|>^aCirio, Mercedes^nInstituto Nacional de Tecnología Industrial. INTI-Agroalimentos^pArgentina<|>^aVillarreal, Marcela^nInstituto Nacional de Tecnología Industrial. INTI-Agroalimentos^pArgentina<|>^aKneetemann, E.^nInstituto Nacional de Tecnología Industrial. INTI-Agroalimentos^pArgentina<|>^aValentini, G.^nInstituto Nacional de Tecnología Agropecuaria^sINTA^pArgentina<|>^aCorbino, Graciela Beatriz^nInstituto Nacional de Tecnología Agropecuaria^sINTA^pArgentina<|>^aDománico, Ricardo Hugo^nInstituto Nacional de Tecnología Industrial. INTI-Agroalimentos^pArgentina;^aReich, G.^nInstituto Nacional de Tecnología Industrial. INTI-Agroalimentos^pArgentina<|>^aMurano, M.^nInstituto Nacional de Tecnología Industrial. INTI-Agroalimentos^pArgentina<|>^aGonzález, J.^nInstituto Nacional de Tecnología Industrial. INTI-Agroalimentos^pArgentina<|>^aPettinari, V.^nInstituto Nacional de Tecnología Industrial. INTI-Agroalimentos^pArgentina<|>^aBarbagallo, Gustavo Alfredo^nInstituto Nacional de Tecnología Industrial. INTI-Agroalimentos^pArgentina<|>^aCirio, Mercedes^nInstituto Nacional de Tecnología Industrial. INTI-Agroalimentos^pArgentina<|>^aVillarreal, Marcela^nInstituto Nacional de Tecnología Industrial. INTI-Agroalimentos^pArgentina<|>^aKneetemann, E.^nInstituto Nacional de Tecnología Industrial. INTI-Agroalimentos^pArgentina<|>^aValentini, Gabriel Hugo^nInstituto Nacional de Tecnología Agropecuaria^sINTA^pArgentina<|>^aCorbino, Graciela Beatriz^nInstituto Nacional de Tecnología Agropecuaria^sINTA^pArgentina<|>^aDománico, Ricardo Hugo^nInstituto Nacional de Tecnología Industrial. INTI-Agroalimentos^pArgentina
050259;v26_Afiliacion_del_autor;^aAmelotti, Franco^nInstituto Nacional de Tecnología Industrial. INTI-Procesos Superficiales^pArgentina<|>^aAbuin, Graciela Carmen^nInstituto Nacional de Tecnología Industrial. INTI-Procesos Superficiales^pArgentina<|>^aScorini, M.^nUniversidad de Buenos Aires. Facultad de Ingeniería^sFIUBA^pArgentina<|>^aMartins Alho, M.^nUniversidad de Buenos Aires. Facultad de Ingeniería^sFIUBA^pArgentina;^aAmelotti, Franco Ignacio^nInstituto Nacional de Tecnología Industrial. INTI-Procesos Superficiales^pArgentina<|>^aAbuin, Graciela Carmen^nInstituto Nacional de Tecnología Industrial. INTI-Procesos Superficiales^pArgentina<|>^aScorini, M.^nUniversidad de Buenos Aires. Facultad de Ingeniería^sFIUBA^pArgentina<|>^aMartins Alho, M.^nUniversidad de Buenos Aires. Facultad de Ingeniería^sFIUBA^pArgentina
050301;v26_Afiliacion_del_autor;^aCeruti, Roberto J.^nConsejo Nacional de Investigaciones Científicas y Técnicas. Instituto de Desarrollo Tecnológico para la Industria Química^sINTEC-CONICET^lSanta Fe^pArgentina<|>^aPirola, María B.^nInstituto Nacional de Tecnología Industrial^sINTI-Lácteos^lRafaela^pArgentina<|>^aRamos, Elisabet^nInstituto Nacional de Tecnología Industrial^sINTI-Lácteos^lRafaela^pArgentina<|>^aRobert, Laura^nInstituto Nacional de Tecnología Industrial^sINTI-Lácteos^lRafaela^pArgentina<|>^aRubiolo, Amelia C.^nConsejo Nacional de Investigaciones Científicas y Técnicas. Instituto de Desarrollo Tecnológico para la Industria Química^sINTEC-CONICET^lSanta Fe^pArgentina<|>^aSihufe, Guillermo A.^nConsejo Nacional de Investigaciones Científicas y Técnicas. Instituto de Desarrollo Tecnológico para la Industria Química^sINTEC-CONICET^lSanta Fe^pArgentina;^aCeruti, Roberto J.^nConsejo Nacional de Investigaciones Científicas y Técnicas. Instituto de Desarrollo Tecnológico para la Industria Química^sINTEC-CONICET^lSanta Fe^pArgentina<|>^aPirola, María  Belén^nInstituto Nacional de Tecnología Industrial^sINTI-Lácteos^lRafaela^pArgentina<|>^aRamos, Elisabet^nInstituto Nacional de Tecnología Industrial^sINTI-Lácteos^lRafaela^pArgentina<|>^aRobert, Laura^nInstituto Nacional de Tecnología Industrial^sINTI-Lácteos^lRafaela^pArgentina<|>^aRubiolo, Amelia C.^nConsejo Nacional de Investigaciones Científicas y Técnicas. Instituto de Desarrollo Tecnológico para la Industria Química^sINTEC-CONICET^lSanta Fe^pArgentina<|>^aSihufe, Guillermo A.^nConsejo Nacional de Investigaciones Científicas y Técnicas. Instituto de Desarrollo Tecnológico para la Industria Química^sINTEC-CONICET^lSanta Fe^pArgentina
050304;v26_Afiliacion_del_autor;^aMoretti, Ignacio^nInstituto Nacional de Tecnología Industrial^sINTI-Córdoba^lCórdoba^pArgentina<|>^aJorge, Javier^nInstituto Nacional de Tecnología Industrial^sINTI-Córdoba^lCórdoba^pArgentina<|>^aAmado, José Luis^nInstituto Nacional de Tecnología Industrial^sINTI-Córdoba^lCórdoba^pArgentina<|>^aCaniglia, Cristian^nInstituto Nacional de Tecnología Industrial^sINTI-Córdoba^lCórdoba^pArgentina<|>^aPuntillo, Daniel^nInstituto Nacional de Tecnología Industrial^sINTI-Córdoba^lCórdoba^pArgentina<|>^aBlasco, Marcos^nInstituto Nacional de Tecnología Industrial^sINTI-Córdoba^lCórdoba^pArgentina;^aMoretti, Ignacio^nInstituto Nacional de Tecnología Industrial^sINTI-Córdoba^lCórdoba^pArgentina<|>^aJorge, Javier^nInstituto Nacional de Tecnología Industrial^sINTI-Córdoba^lCórdoba^pArgentina<|>^aAmado, José Luis^nInstituto Nacional de Tecnología Industrial^sINTI-Córdoba^lCórdoba^pArgentina<|>^aCaniglia, Cristian Sergio^nInstituto Nacional de Tecnología Industrial^sINTI-Córdoba^lCórdoba^pArgentina<|>^aPuntillo, Daniel^nInstituto Nacional de Tecnología Industrial^sINTI-Córdoba^lCórdoba^pArgentina<|>^aBlasco, Marcos^nInstituto Nacional de Tecnología Industrial^sINTI-Córdoba^lCórdoba^pArgentina
050308;v26_Afiliacion_del_autor;^aMorales Arias, Juan P.^nUniversidad de Buenos Aires. Facultad de Ingeniería. Instituto de Tecnología en Polímeros y Nanotecnología^sITPN-UBA-CONICET^lBuenos Aires^pArgentina<|>^aBernal, Celina^nUniversidad de Buenos Aires. Facultad de Ingeniería. Instituto de Tecnología en Polímeros y Nanotecnología^sITPN-UBA-CONICET^lBuenos Aires^pArgentina<|>^aVázquez, Analía^nUniversidad de Buenos Aires. Facultad de Ingeniería. Instituto de Tecnología en Polímeros y Nanotecnología^sITPN-UBA-CONICET^lBuenos Aires^pArgentina<|>^aEscobar, Mariano M.^nInstituto Nacional de Tecnología Industrial^sINTI^lBuenos Aires^pArgentina;^aMorales Arias, Juan P.^nUniversidad de Buenos Aires. Facultad de Ingeniería. Instituto de Tecnología en Polímeros y Nanotecnología^sITPN-UBA-CONICET^lBuenos Aires^pArgentina<|>^aBernal, Celina Raquel^nUniversidad de Buenos Aires. Facultad de Ingeniería. Instituto de Tecnología en Polímeros y Nanotecnología^sITPN-UBA-CONICET^lBuenos Aires^pArgentina<|>^aVázquez, Analía^nUniversidad de Buenos Aires. Facultad de Ingeniería. Instituto de Tecnología en Polímeros y Nanotecnología^sITPN-UBA-CONICET^lBuenos Aires^pArgentina<|>^aEscobar, Mariano M.^nInstituto Nacional de Tecnología Industrial^sINTI^lBuenos Aires^pArgentina
050312;v26_Afiliacion_del_autor;^aPisano, Mauro^nInstituto Nacional de Tecnología Industrial. INTI-Mecánica^pArgentina<|>^aPereiro, Cristian^nInstituto Nacional de Tecnología Industrial. INTI-Mecánica^pArgentina<|>^aPazos, Leonardo^nInstituto Nacional de Tecnología Industrial. INTI-Mecánica^pArgentina<|>^aPerez,  Ezequiel M.^nInstituto Nacional de Tecnología Industrial. INTI-Plásticos^pArgentina;^aPisano, Mauro^nInstituto Nacional de Tecnología Industrial. INTI-Mecánica^pArgentina<|>^aPereiro, Cristian^nInstituto Nacional de Tecnología Industrial. INTI-Mecánica^pArgentina<|>^aPazos, Leonardo Martín^nInstituto Nacional de Tecnología Industrial. INTI-Mecánica^pArgentina<|>^aPerez,  Ezequiel M.^nInstituto Nacional de Tecnología Industrial. INTI-Plásticos^pArgentina
050314;v26_Afiliacion_del_autor;^aMoretti, Ignacio^nInstituto Nacional de Tecnología Industrial^sINTI-Córdoba^lCórdoba^pArgentina<|>^aJorge, Javier^nInstituto Nacional de Tecnología Industrial^sINTI-Córdoba^lCórdoba^pArgentina<|>^aAmado, José Luis^nInstituto Nacional de Tecnología Industrial^sINTI-Córdoba^lCórdoba^pArgentina<|>^aCaniglia, Cristian^nInstituto Nacional de Tecnología Industrial^sINTI-Córdoba^lCórdoba^pArgentina<|>^aPuntillo, Daniel^nInstituto Nacional de Tecnología Industrial^sINTI-Córdoba^lCórdoba^pArgentina;^aMoretti, Ignacio^nInstituto Nacional de Tecnología Industrial^sINTI-Córdoba^lCórdoba^pArgentina<|>^aJorge, Javier^nInstituto Nacional de Tecnología Industrial^sINTI-Córdoba^lCórdoba^pArgentina<|>^aAmado, José Luis^nInstituto Nacional de Tecnología Industrial^sINTI-Córdoba^lCórdoba^pArgentina<|>^aCaniglia, Cristian Sergio^nInstituto Nacional de Tecnología Industrial^sINTI-Córdoba^lCórdoba^pArgentina<|>^aPuntillo, Daniel^nInstituto Nacional de Tecnología Industrial^sINTI-Córdoba^lCórdoba^pArgentina
050317;v26_Afiliacion_del_autor;^aMedvedevskikh, M.^nUral Scientific Research Institute for Metrology^sUNIIM^pRusia<|>^aJury, B.^nUral Scientific Research Institute for Metrology^sUNIIM^pRusia<|>^aKrasheninina, M.^nUral Scientific Research Institute for Metrology^sUNIIM^pRusia<|>^aAcco García, S. A.^nInstituto Nacional de Calidad^sINACAL^pPerú<|>^aHaraldsson, C.^nSP Technical Research Institute of Sweden^pSuecia<|>^aRodríguez, Matías Agustín^nInstituto Nacional de Tecnología Industrial^sINTI^pArgentina<|>^aRodríguez, G.^nInstituto Nacional de Tecnología Industrial^sINTI^pArgentina<|>^aSalvo, K.^nLaboratorio Tecnológico del Uruguay^sLATU^pUruguay<|>^aGavrilkin, V.^nUkrCSM^pUcrania<|>^aKulik, S.^nUkrCSM^pUcrania<|>^aSamuel, L.^nMeasurement Standards Laboratory^sMSL^pNueva Zelanda<|>^aRego, E. C. P. do.^nInstituto Nacional de Metrologia, Qualidade e Tecnologia^sINMetro^pBrasil<|>^aWollinger, Wagner^nInstituto Nacional de Metrologia, Qualidade e Tecnologia^sINMetro^pBrasil<|>^aMonteiro, T. M.^nInstituto Nacional de Metrologia, Qualidade e Tecnologia^sINMetro^pBrasil<|>^aCarvalho, Lucas Junqueira de^nInstituto Nacional de Metrologia, Qualidade e Tecnologia^sINMetro^pBrasil;^aMedvedevskikh, M.^nUral Scientific Research Institute for Metrology^sUNIIM^pRusia<|>^aJury, B.^nUral Scientific Research Institute for Metrology^sUNIIM^pRusia<|>^aKrasheninina, M.^nUral Scientific Research Institute for Metrology^sUNIIM^pRusia<|>^aAcco García, S. A.^nInstituto Nacional de Calidad^sINACAL^pPerú<|>^aHaraldsson, C.^nSP Technical Research Institute of Sweden^pSuecia<|>^aRodríguez, Matías Agustín^nInstituto Nacional de Tecnología Industrial^sINTI^pArgentina<|>^aRodríguez, Gisela Vanina^nInstituto Nacional de Tecnología Industrial^sINTI^pArgentina<|>^aSalvo, K.^nLaboratorio Tecnológico del Uruguay^sLATU^pUruguay<|>^aGavrilkin, V.^nUkrCSM^pUcrania<|>^aKulik, S.^nUkrCSM^pUcrania<|>^aSamuel, L.^nMeasurement Standards Laboratory^sMSL^pNueva Zelanda<|>^aRego, Eliane Cristina Pires do^nInstituto Nacional de Metrologia, Qualidade e Tecnologia^sINMetro^pBrasil<|>^aWollinger, Wagner^nInstituto Nacional de Metrologia, Qualidade e Tecnologia^sINMetro^pBrasil<|>^aMonteiro, T. M.^nInstituto Nacional de Metrologia, Qualidade e Tecnologia^sINMetro^pBrasil<|>^aCarvalho, Lucas Junqueira de^nInstituto Nacional de Metrologia, Qualidade e Tecnologia^sINMetro^pBrasil
050328;v26_Afiliacion_del_autor;^aAbate, Germán Rubén^nInstituto Nacional de Tecnología Industrial. INTI-Mecánica^pArgentina^nUniversidad Nacional de Lomas de Zamora. Facultad de Ingeniería^pArgentina<|>^aPerez, D.^nInstituto Nacional de Tecnología Industrial. INTI-Mecánica^pArgentina^nUniversidad Nacional de Lomas de Zamora. Facultad de Ingeniería^pArgentina<|>^aMartinez Krahmer, D.^nInstituto Nacional de Tecnología Industrial. INTI-Mecánica^pArgentina^nUniversidad Nacional de Lomas de Zamora. Facultad de Ingeniería^pArgentina<|>^aBigot, Régis^nEcole Nationale Supérieure d'Arts et Métiers^pFrancia<|>^aRadev, R.^nUniversidad de Ruse^pBulgaria;^aAbate, Germán Rubén^nInstituto Nacional de Tecnología Industrial. INTI-Mecánica^pArgentina^nUniversidad Nacional de Lomas de Zamora. Facultad de Ingeniería^pArgentina<|>^aPerez, D.^nInstituto Nacional de Tecnología Industrial. INTI-Mecánica^pArgentina^nUniversidad Nacional de Lomas de Zamora. Facultad de Ingeniería^pArgentina<|>^aMartínez Krahmer, Daniel Osvaldo^nInstituto Nacional de Tecnología Industrial. INTI-Mecánica^pArgentina^nUniversidad Nacional de Lomas de Zamora. Facultad de Ingeniería^pArgentina<|>^aBigot, Régis^nEcole Nationale Supérieure d'Arts et Métiers^pFrancia<|>^aRadev, R.^nUniversidad de Ruse^pBulgaria
050333;v26_Afiliacion_del_autor;^aRodríguez, Cristina E.^nUniversidad de Buenos Aires. Instituto de Oncología Ángel H. Roffo^pArgentina<|>^aReidel, Sara I.^nInstituto Nacional de Tecnología Industrial. INTI-Biotecnología Industrial^pArgentina<|>^aBal de Kier Joffé, Elisa D.^nUniversidad de Buenos Aires. Instituto de Oncología Ángel H. Roffo^pArgentina<|>^aJasnis, Maria A.^nUniversidad de Buenos Aires. Instituto de Oncología Ángel H. Roffo^pArgentina<|>^aFiszman, Gabriel L.^nInstituto Nacional de Tecnología Industrial. INTI-Biotecnología Industrial^pArgentina;^aRodríguez, Cristina E.^nUniversidad de Buenos Aires. Instituto de Oncología Ángel H. Roffo^pArgentina<|>^aReidel, Sara Isabel^nInstituto Nacional de Tecnología Industrial. INTI-Biotecnología Industrial^pArgentina<|>^aBal de Kier Joffé, Elisa Dora^nUniversidad de Buenos Aires. Instituto de Oncología Ángel H. Roffo^pArgentina<|>^aJasnis, Maria A.^nUniversidad de Buenos Aires. Instituto de Oncología Ángel H. Roffo^pArgentina<|>^aFiszman, Gabriel L.^nInstituto Nacional de Tecnología Industrial. INTI-Biotecnología Industrial^pArgentina
050337;v26_Afiliacion_del_autor;^aMoretti, Ignacio^nInstituto Nacional de Tecnología Industrial. INTI-Córdoba^pArgentina<|>^aJorge, Javier^nInstituto Nacional de Tecnología Industrial. INTI-Córdoba^pArgentina<|>^aAmado, José Luis^nInstituto Nacional de Tecnología Industrial. INTI-Córdoba^pArgentina<|>^aPuntillo, Daniel^nInstituto Nacional de Tecnología Industrial. INTI-Córdoba^pArgentina<|>^aCaniglia, Cristian^nInstituto Nacional de Tecnología Industrial. INTI-Córdoba^pArgentina;^aMoretti, Ignacio^nInstituto Nacional de Tecnología Industrial. INTI-Córdoba^pArgentina<|>^aJorge, Javier^nInstituto Nacional de Tecnología Industrial. INTI-Córdoba^pArgentina<|>^aAmado, José Luis^nInstituto Nacional de Tecnología Industrial. INTI-Córdoba^pArgentina<|>^aPuntillo, Daniel^nInstituto Nacional de Tecnología Industrial. INTI-Córdoba^pArgentina<|>^aCaniglia, Cristian Sergio^nInstituto Nacional de Tecnología Industrial. INTI-Córdoba^pArgentina
050344;v26_Afiliacion_del_autor;^aEscudero, Gustavo^nInstituto Nacional de Tecnología Industrial. INTI-Electrónica e Informática^pArgentina;^aEscudero, Gustavo Pablo^nInstituto Nacional de Tecnología Industrial. INTI-Electrónica e Informática^pArgentina
050345;v26_Afiliacion_del_autor;^aKyriazis, Gregory A.^nInstituto Nacional de Metrologia, Qualidade e Tecnologia^sINMetro^pBrasil<|>^aDi Lillo, Lucas^nInstituto Nacional de Tecnología Industrial^sINTI^pArgentina<|>^aSlomovitz, Daniel^nAdministración Nacional de Usinas e Transmisiones Eléctricas^sUTE^pUruguay<|>^aIuzzolino, Ricardo^nInstituto Nacional de Tecnología Industrial^sINTI^pArgentina<|>^aYasuda, Eliana^nAdministración Nacional de Usinas e Transmisiones Eléctricas^sUTE^pUruguay<|>^aTrigo, Leonardo^nAdministración Nacional de Usinas e Transmisiones Eléctricas^sUTE^pUruguay<|>^aLaiz, Héctor^nInstituto Nacional de Tecnología Industrial^sINTI^pArgentina<|>^aDebatin, Rosane^nInstituto Nacional de Metrologia, Qualidade e Tecnologia^sINMetro^pBrasil<|>^aFranco, Ana Maria R.^nInstituto Nacional de Metrologia, Qualidade e Tecnologia^sINMetro^pBrasil<|>^aAfonso, Edson^nInstituto Nacional de Metrologia, Qualidade e Tecnologia^sINMetro^pBrasil;^aKyriazis, Gregory A.^nInstituto Nacional de Metrologia, Qualidade e Tecnologia^sINMetro^pBrasil<|>^aDi Lillo, Lucas Daniel^nInstituto Nacional de Tecnología Industrial^sINTI^pArgentina<|>^aSlomovitz, Daniel^nAdministración Nacional de Usinas e Transmisiones Eléctricas^sUTE^pUruguay<|>^aIuzzolino, Ricardo Javier^nInstituto Nacional de Tecnología Industrial^sINTI^pArgentina<|>^aYasuda, Eliana Soledad^nAdministración Nacional de Usinas e Transmisiones Eléctricas^sUTE^pUruguay<|>^aTrigo, Leonardo^nAdministración Nacional de Usinas e Transmisiones Eléctricas^sUTE^pUruguay<|>^aLaiz, Héctor^nInstituto Nacional de Tecnología Industrial^sINTI^pArgentina<|>^aDebatin, Rosane^nInstituto Nacional de Metrologia, Qualidade e Tecnologia^sINMetro^pBrasil<|>^aFranco, Ana Maria R.^nInstituto Nacional de Metrologia, Qualidade e Tecnologia^sINMetro^pBrasil<|>^aAfonso, Edson^nInstituto Nacional de Metrologia, Qualidade e Tecnologia^sINMetro^pBrasil
050346;v26_Afiliacion_del_autor;^aVillarroel Poblete, Juan Christian^nInstituto de Investigaciones y Control del Ejército^sIDIC^pChile<|>^aOliva C., Hernán^nInstituto de Investigaciones y Control del Ejército^sIDIC^pChile<|>^aSoto Pinto, Luis Rubén^nInstituto de Investigaciones y Control del Ejército^sIDIC^pChile<|>^aCárdenas, Alejandro^nCentro Nacional de Metrología^sCENAM^pMéxico<|>^aTorres Guzmán, Jorge C.^nCentro Nacional de Metrología^sCENAM^pMéxico<|>^aDajes, Arístides^nInstituto Nacional de Metrología^sINM^pColombia<|>^aSavarín, Alejandro^nInstituto Nacional de Tecnología Industrial^sINTI^pArgentina;^aVillarroel Poblete, Juan Christian^nInstituto de Investigaciones y Control del Ejército^sIDIC^pChile<|>^aOliva C., Hernán^nInstituto de Investigaciones y Control del Ejército^sIDIC^pChile<|>^aSoto Pinto, Luis Rubén^nInstituto de Investigaciones y Control del Ejército^sIDIC^pChile<|>^aCárdenas, Alejandro^nCentro Nacional de Metrología^sCENAM^pMéxico<|>^aTorres Guzmán, Jorge C.^nCentro Nacional de Metrología^sCENAM^pMéxico<|>^aDajes, Arístides^nInstituto Nacional de Metrología^sINM^pColombia<|>^aSavarin, Alejandro^nInstituto Nacional de Tecnología Industrial^sINTI^pArgentina
050348;v26_Afiliacion_del_autor;^aYasuda, Eliana^nInstituto Nacional de Tecnología Industrial^sINTI^pArgentina<|>^aDi Lillo, Lucas^nInstituto Nacional de Tecnología Industrial^sINTI^pArgentina<|>^aKyriazis, Gregory A.^nInstituto Nacional de Metrologia, Qualidade e Tecnologia^sINMetro^pBrasil;^aYasuda, Eliana Soledad^nInstituto Nacional de Tecnología Industrial^sINTI^pArgentina<|>^aDi Lillo, Lucas Daniel^nInstituto Nacional de Tecnología Industrial^sINTI^pArgentina<|>^aKyriazis, Gregory A.^nInstituto Nacional de Metrologia, Qualidade e Tecnologia^sINMetro^pBrasil
050349;v26_Afiliacion_del_autor;^aAbate, Germán Rubén^nInstituto Nacional de Tecnología Industrial. INTI-Mecánica^pArgentina<|>^aPerez, Daniela^nInstituto Nacional de Tecnología Industrial. INTI-Mecánica^pArgentina<|>^aVilas, Ariel^nInstituto Nacional de Tecnología Industrial. INTI-Mecánica^pArgentina<|>^aMartinez Krahmer, Daniel^nInstituto Nacional de Tecnología Industrial. INTI-Mecánica^pArgentina;^aAbate, Germán Rubén^nInstituto Nacional de Tecnología Industrial. INTI-Mecánica^pArgentina<|>^aPerez, Daniela^nInstituto Nacional de Tecnología Industrial. INTI-Mecánica^pArgentina<|>^aVilas, Ariel Alberto^nInstituto Nacional de Tecnología Industrial. INTI-Mecánica^pArgentina<|>^aMartínez Krahmer, Daniel Osvaldo^nInstituto Nacional de Tecnología Industrial. INTI-Mecánica^pArgentina
050358;v26_Afiliacion_del_autor;^aBarillaro, Sebastián^nNational Institute of Standards and Technology^sNIST^lGaithersburg^pEstados Unidos<|>^aKacker, Raghu^nNational Institute of Standards and Technology^sNIST^lGaithersburg^pEstados Unidos<|>^aRhee, Sokwoo^nNational Institute of Standards and Technology^sNIST^lGaithersburg^pEstados Unidos<|>^aEscudero, Gustavo^nInstituto Nacional de Tecnología Industrial^sINTI^lBuenos Aires^pArgentina<|>^aBadger, Lee^nNational Institute of Standards and Technology^sNIST^lGaithersburg^pEstados Unidos<|>^aKuhn, D. Rick^nNational Institute of Standards and Technology^sNIST^lGaithersburg^pEstados Unidos;^aBarillaro, Sebastián^nNational Institute of Standards and Technology^sNIST^lGaithersburg^pEstados Unidos<|>^aKacker, Raghu^nNational Institute of Standards and Technology^sNIST^lGaithersburg^pEstados Unidos<|>^aRhee, Sokwoo^nNational Institute of Standards and Technology^sNIST^lGaithersburg^pEstados Unidos<|>^aEscudero, Gustavo Pablo^nInstituto Nacional de Tecnología Industrial^sINTI^lBuenos Aires^pArgentina<|>^aBadger, Lee^nNational Institute of Standards and Technology^sNIST^lGaithersburg^pEstados Unidos<|>^aKuhn, D. Rick^nNational Institute of Standards and Technology^sNIST^lGaithersburg^pEstados Unidos
050368;v26_Afiliacion_del_autor;^aMartinez Krahmer, D.^nInstituto Nacional Tecnología Industrial^sINTI^lBuenos Aires^pArgentina<|>^aHameed, S.^nUniversitat Politècnica de Catalunya^lBarcelona^pEspaña<|>^aSánchez Egea, A. J.^nUniversitat Politècnica de Catalunya^lBarcelona^pEspaña<|>^aPérez, D.^nInstituto Nacional de Tecnología Industrial^sINTI^lBuenos Aires^pArgentina<|>^aCanales Abaitua, Javier^nUniversidad del País Vasco. Escuela de Ingeniería de Bilbao^lBilbao^pEspaña<|>^aLópez de Lacalle, L. N.^nUniversidad del País Vasco. Escuela de Ingeniería de Bilbao^lBilbao^pEspaña;^aMartínez Krahmer, Daniel Osvaldo^nInstituto Nacional Tecnología Industrial^sINTI^lBuenos Aires^pArgentina<|>^aHameed, S.^nUniversitat Politècnica de Catalunya^lBarcelona^pEspaña<|>^aSánchez Egea, A. J.^nUniversitat Politècnica de Catalunya^lBarcelona^pEspaña<|>^aPérez, D.^nInstituto Nacional de Tecnología Industrial^sINTI^lBuenos Aires^pArgentina<|>^aCanales Abaitua, Javier^nUniversidad del País Vasco. Escuela de Ingeniería de Bilbao^lBilbao^pEspaña<|>^aLópez de Lacalle, L. N.^nUniversidad del País Vasco. Escuela de Ingeniería de Bilbao^lBilbao^pEspaña
050370;v26_Afiliacion_del_autor;^aCruz, Natalia^nInstituto Nacional de Tecnología Industrial^sINTI^lBuenos Aires^pArgentina<|>^aMazzeo, Nadia^nInstituto Nacional de Tecnología Industrial^sINTI^lBuenos Aires^pArgentina<|>^aMuzlera, Ana^nInstituto Nacional de Tecnología Industrial^sINTI^lBuenos Aires^pArgentina<|>^aRosso, Adriana^nInstituto Nacional de Tecnología Industrial^sINTI^lBuenos Aires^pArgentina;^aCruz, Natalia Priscila^nInstituto Nacional de Tecnología Industrial^sINTI^lBuenos Aires^pArgentina<|>^aMazzeo, Nadia^nInstituto Nacional de Tecnología Industrial^sINTI^lBuenos Aires^pArgentina<|>^aMuzlera, Ana^nInstituto Nacional de Tecnología Industrial^sINTI^lBuenos Aires^pArgentina<|>^aRosso, Adriana^nInstituto Nacional de Tecnología Industrial^sINTI^lBuenos Aires^pArgentina
050382;v26_Afiliacion_del_autor;^aRego, E. C. P.^nInstituto Nacional de Metrologia, Qualidade e Tecnologia^sINMetro^pBrasil<|>^aSimón, Mariano Ernesto^nInstituto Nacional de Tecnología Industrial. INTI-Agroalimentos^pArgentina<|>^aLi, X.^nNational Institute of Metrology^sNIM^pChina<|>^aLi, X.2^nNational Institute of Metrology^sNIM^pChina<|>^aDaireaux, Adeline^nBureau International des Poids et Mesures^sBIPM^pFrancia<|>^aChote, Tiphaine^nBureau International des Poids et Mesures^sBIPM^pFrancia<|>^aWestwood, Steven^nBureau International des Poids et Mesures^sBIPM^pFrancia<|>^aJosephs, R. D.^nBureau International des Poids et Mesures^sBIPM^pFrancia<|>^aWielgosz, Robert I.^nBureau International des Poids et Mesures^sBIPM^pFrancia<|>^aCunha, V. S.^nInstituto Nacional de Metrologia, Qualidade e Tecnologia^sINMetro^pBrasil;^aRego, Eliane Cristina Pires do^nInstituto Nacional de Metrologia, Qualidade e Tecnologia^sINMetro^pBrasil<|>^aSimón, Mariano Ernesto^nInstituto Nacional de Tecnología Industrial. INTI-Agroalimentos^pArgentina<|>^aLi, X.^nNational Institute of Metrology^sNIM^pChina<|>^aLi, X.2^nNational Institute of Metrology^sNIM^pChina<|>^aDaireaux, Adeline^nBureau International des Poids et Mesures^sBIPM^pFrancia<|>^aChote, Tiphaine^nBureau International des Poids et Mesures^sBIPM^pFrancia<|>^aWestwood, Steven^nBureau International des Poids et Mesures^sBIPM^pFrancia<|>^aJosephs, R. D.^nBureau International des Poids et Mesures^sBIPM^pFrancia<|>^aWielgosz, Robert I.^nBureau International des Poids et Mesures^sBIPM^pFrancia<|>^aCunha, V. S.^nInstituto Nacional de Metrologia, Qualidade e Tecnologia^sINMetro^pBrasil
050388;v26_Afiliacion_del_autor;^aAbate, Germán Rubén^nInstituto Nacional de Tecnología Industrial^sINTI^pArgentina<|>^aDeferrari, Nicolás^nInstituto Nacional de Tecnología Industrial^sINTI^pArgentina<|>^aMartinez Krahmer, Daniel O.^nInstituto Nacional de Tecnología Industrial^sINTI^pArgentina;^aAbate, Germán Rubén^nInstituto Nacional de Tecnología Industrial^sINTI^pArgentina<|>^aDeferrari, Nicolás^nInstituto Nacional de Tecnología Industrial^sINTI^pArgentina<|>^aMartínez Krahmer, Daniel Osvaldo^nInstituto Nacional de Tecnología Industrial^sINTI^pArgentina
050399;v26_Afiliacion_del_autor;^aAbate, Germán Rubén^nInstituto Nacional de Tecnología Industrial. INTI-Mecánica^pArgentina^nUniversidad Nacional de Lomas de Zamora. Facultad de Ingeniería^pArgentina<|>^aPérez, Daniela^nInstituto Nacional de Tecnología Industrial. INTI-Mecánica^pArgentina<|>^aMartínez Krahmer, Daniel^nInstituto Nacional de Tecnología Industrial. INTI-Mecánica^pArgentina^nUniversidad Nacional de Lomas de Zamora. Facultad de Ingeniería^pArgentina<|>^aMaceira, G.^nInstituto Nacional de Tecnología Industrial. INTI-Mecánica^pArgentina^nUniversidad Nacional de Lomas de Zamora. Facultad de Ingeniería^pArgentina;^aAbate, Germán Rubén^nInstituto Nacional de Tecnología Industrial. INTI-Mecánica^pArgentina^nUniversidad Nacional de Lomas de Zamora. Facultad de Ingeniería^pArgentina<|>^aPérez, Daniela^nInstituto Nacional de Tecnología Industrial. INTI-Mecánica^pArgentina<|>^aMartínez Krahmer, Daniel Osvaldo^nInstituto Nacional de Tecnología Industrial. INTI-Mecánica^pArgentina^nUniversidad Nacional de Lomas de Zamora. Facultad de Ingeniería^pArgentina<|>^aMaceira, G.^nInstituto Nacional de Tecnología Industrial. INTI-Mecánica^pArgentina^nUniversidad Nacional de Lomas de Zamora. Facultad de Ingeniería^pArgentina
050401;v26_Afiliacion_del_autor;^aBierzychudek, Marcos E.^nInstituto Nacional de Tecnología Industrial^sINTI^pArgentina<|>^aElmquist, Randolph^nNational Institute of Standards and Technology^sNIST^pEstados Unidos<|>^aHernández, Felipe^nCentro Nacional de Metrología^sCENAM^pMéxico;^aBierzychudek, Marcos Eduardo^nInstituto Nacional de Tecnología Industrial^sINTI^pArgentina<|>^aElmquist, Randolph^nNational Institute of Standards and Technology^sNIST^pEstados Unidos<|>^aHernández, Felipe^nCentro Nacional de Metrología^sCENAM^pMéxico
050403;v26_Afiliacion_del_autor;^aSalomón, Francisco^nInstituto Nacional de Tecnología Industrial^sINTI^pArgentina<|>^aTropea, Salvador^nInstituto Nacional de Tecnología Industrial^sINTI^pArgentina<|>^aBrengi, Diego^nInstituto Nacional de Tecnología Industrial^sINTI^pArgentina<|>^aHernández, Ariel^nInstituto Nacional de Tecnología Industrial^sINTI^pArgentina<|>^aAlamón, Diego Fernando^nInstituto Nacional de Tecnología Industrial^sINTI^pArgentina<|>^aParra, Matías^nInstituto Nacional de Tecnología Industrial^sINTI^pArgentina<|>^aLonginotti, Gloria^nInstituto Nacional de Tecnología Industrial^sINTI^pArgentina<|>^aYbarra, Gabriel^nInstituto Nacional de Tecnología Industrial^sINTI^pArgentina<|>^aLloret, Paulina^nInstituto Nacional de Tecnología Industrial^sINTI^pArgentina<|>^aMass, Mijal^nInstituto Nacional de Tecnología Industrial^sINTI^pArgentina<|>^aRoberti, Mariano^nInstituto Nacional de Tecnología Industrial^sINTI^pArgentina<|>^aLloret, Matías^nInstituto Nacional de Tecnología Industrial^sINTI^pArgentina<|>^aMalatto, Laura^nInstituto Nacional de Tecnología Industrial^sINTI^pArgentina<|>^aMoina, Carlos^nInstituto Nacional de Tecnología Industrial^sINTI^pArgentina<|>^aFraigi, Liliana^nInstituto Nacional de Tecnología Industrial^sINTI^pArgentina<|>^aMelli, Luciano^nUniversidad Nacional de San Martín. Instituto de Investigaciones Biotecnológicas^sIIB-UNSaM^pArgentina<|>^aCortina, María Eugenia^nUniversidad Nacional de San Martín. Instituto de Investigaciones Biotecnológicas^sIIB-UNSaM^pArgentina<|>^aRey Serantes, Diego^nUniversidad Nacional de San Martín. Instituto de Investigaciones Biotecnológicas^sIIB-UNSaM^pArgentina<|>^aUgalde, Juan E.^nUniversidad Nacional de San Martín. Instituto de Investigaciones Biotecnológicas^sIIB-UNSaM^pArgentina<|>^aCiocchini, Andrés^nUniversidad Nacional de San Martín. Instituto de Investigaciones Biotecnológicas^sIIB-UNSaM^pArgentina<|>^aComerci, Diego J.^nUniversidad Nacional de San Martín. Instituto de Investigaciones Biotecnológicas^sIIB-UNSaM^pArgentina;^aSalomón, Francisco^nInstituto Nacional de Tecnología Industrial^sINTI^pArgentina<|>^aTropea, Salvador Eduardo^nInstituto Nacional de Tecnología Industrial^sINTI^pArgentina<|>^aBrengi, Diego Javier^nInstituto Nacional de Tecnología Industrial^sINTI^pArgentina<|>^aHernández, Ariel^nInstituto Nacional de Tecnología Industrial^sINTI^pArgentina<|>^aAlamón, Diego Fernando^nInstituto Nacional de Tecnología Industrial^sINTI^pArgentina<|>^aParra, Matías^nInstituto Nacional de Tecnología Industrial^sINTI^pArgentina<|>^aLonginotti, Gloria^nInstituto Nacional de Tecnología Industrial^sINTI^pArgentina<|>^aYbarra, Gabriel Omar^nInstituto Nacional de Tecnología Industrial^sINTI^pArgentina<|>^aLloret, Paulina^nInstituto Nacional de Tecnología Industrial^sINTI^pArgentina<|>^aMass, Mijal Inés^nInstituto Nacional de Tecnología Industrial^sINTI^pArgentina<|>^aRoberti, Mariano^nInstituto Nacional de Tecnología Industrial^sINTI^pArgentina<|>^aLloret, Matías^nInstituto Nacional de Tecnología Industrial^sINTI^pArgentina<|>^aMalatto, Laura^nInstituto Nacional de Tecnología Industrial^sINTI^pArgentina<|>^aMoina, Carlos Alberto^nInstituto Nacional de Tecnología Industrial^sINTI^pArgentina<|>^aFraigi, Liliana Beatriz^nInstituto Nacional de Tecnología Industrial^sINTI^pArgentina<|>^aMelli, Luciano^nUniversidad Nacional de San Martín. Instituto de Investigaciones Biotecnológicas^sIIB-UNSaM^pArgentina<|>^aCortina, María Eugenia^nUniversidad Nacional de San Martín. Instituto de Investigaciones Biotecnológicas^sIIB-UNSaM^pArgentina<|>^aRey Serantes, Diego^nUniversidad Nacional de San Martín. Instituto de Investigaciones Biotecnológicas^sIIB-UNSaM^pArgentina<|>^aUgalde, Juan E.^nUniversidad Nacional de San Martín. Instituto de Investigaciones Biotecnológicas^sIIB-UNSaM^pArgentina<|>^aCiocchini, Andrés^nUniversidad Nacional de San Martín. Instituto de Investigaciones Biotecnológicas^sIIB-UNSaM^pArgentina<|>^aComerci, Diego J.^nUniversidad Nacional de San Martín. Instituto de Investigaciones Biotecnológicas^sIIB-UNSaM^pArgentina
050409;v26_Afiliacion_del_autor;^aAbate, Germán Rubén^nInstituto Nacional de Tecnología Industrial. INTI-Mecánica^pArgentina^nUniversidad Nacional de Lomas de Zamora. Facultad de Ingeniería^pArgentina<|>^aPérez, Daniela^nInstituto Nacional de Tecnología Industrial. INTI-Mecánica^pArgentina<|>^aMartínez Krahmer, Daniel^nInstituto Nacional de Tecnología Industrial. INTI-Mecánica^pArgentina^nUniversidad Nacional de Lomas de Zamora. Facultad de Ingeniería^pArgentina<|>^aMaceira, G.^nInstituto Nacional de Tecnología Industrial. INTI-Mecánica^pArgentina^nUniversidad Nacional de Lomas de Zamora. Facultad de Ingeniería^pArgentina;^aAbate, Germán Rubén^nInstituto Nacional de Tecnología Industrial. INTI-Mecánica^pArgentina^nUniversidad Nacional de Lomas de Zamora. Facultad de Ingeniería^pArgentina<|>^aPérez, Daniela^nInstituto Nacional de Tecnología Industrial. INTI-Mecánica^pArgentina<|>^aMartínez Krahmer, Daniel Osvaldo^nInstituto Nacional de Tecnología Industrial. INTI-Mecánica^pArgentina^nUniversidad Nacional de Lomas de Zamora. Facultad de Ingeniería^pArgentina<|>^aMaceira, G.^nInstituto Nacional de Tecnología Industrial. INTI-Mecánica^pArgentina^nUniversidad Nacional de Lomas de Zamora. Facultad de Ingeniería^pArgentina
050414;v26_Afiliacion_del_autor;^aCardama, Georgina A.^nUniversidad Nacional de Quilmes. Laboratorio de Oncología Molecular^sUNQ^pArgentina<|>^aComin, Maria J.^nInstituto Nacional de Tecnología Industrial. INTI-Química^pArgentina^nConsejo Nacional de Investigaciones Científicas y Técnicas (CONICET)^pArgentina<|>^aHornos, Leandro^nInstituto Nacional de Tecnología Industrial. INTI-Química^pArgentina^nConsejo Nacional de Investigaciones Científicas y Técnicas (CONICET)^pArgentina<|>^aGonzalez, Nazareno^nUniversidad Nacional de Quilmes. Laboratorio de Oncología Molecular^sUNQ^pArgentina<|>^aDefelipe, Lucas^nUniversidad de Buenos Aires. Facultad de Ciencias Exactas y Naturales^sFCEN-UBA^pArgentina<|>^aTurjanski, Adrian G.^nUniversidad de Buenos Aires. Facultad de Ciencias Exactas y Naturales^sFCEN-UBA^pArgentina<|>^aAlonso, Daniel Fernando^nUniversidad Nacional de Quilmes. Laboratorio de Oncología Molecular^sUNQ^pArgentina<|>^aGomez, Daniel E.^nUniversidad Nacional de Quilmes. Laboratorio de Oncología Molecular^sUNQ^pArgentina<|>^aLorenzano Menna, Pablo^nUniversidad Nacional de Quilmes. Laboratorio de Oncología Molecular^sUNQ^pArgentina;^aCardama, Georgina Alexandra^nUniversidad Nacional de Quilmes. Laboratorio de Oncología Molecular^sUNQ^pArgentina<|>^aComin, María Julieta^nInstituto Nacional de Tecnología Industrial. INTI-Química^pArgentina^nConsejo Nacional de Investigaciones Científicas y Técnicas (CONICET)^pArgentina<|>^aHornos, Leandro^nInstituto Nacional de Tecnología Industrial. INTI-Química^pArgentina^nConsejo Nacional de Investigaciones Científicas y Técnicas (CONICET)^pArgentina<|>^aGonzalez, Nazareno^nUniversidad Nacional de Quilmes. Laboratorio de Oncología Molecular^sUNQ^pArgentina<|>^aDefelipe, Lucas Alfredo^nUniversidad de Buenos Aires. Facultad de Ciencias Exactas y Naturales^sFCEN-UBA^pArgentina<|>^aTurjanski, Adrián G.^nUniversidad de Buenos Aires. Facultad de Ciencias Exactas y Naturales^sFCEN-UBA^pArgentina<|>^aAlonso, Daniel Fernando^nUniversidad Nacional de Quilmes. Laboratorio de Oncología Molecular^sUNQ^pArgentina<|>^aGomez, Daniel E.^nUniversidad Nacional de Quilmes. Laboratorio de Oncología Molecular^sUNQ^pArgentina<|>^aLorenzano Menna, Pablo^nUniversidad Nacional de Quilmes. Laboratorio de Oncología Molecular^sUNQ^pArgentina
050421;v26_Afiliacion_del_autor;^adel Val, Susana^nInstituto Nacional de Tecnología Industrial. INTI-Textiles^pArgentina<|>^aZunino, Cristina^nInstituto Nacional de Tecnología Industrial. INTI-Textiles^pArgentina<|>^aMartínez, Laura^nInstituto Nacional de Tecnología Industrial. INTI-Textiles^pArgentina<|>^aMartínez, Marisa^nInstituto Nacional de Tecnología Industrial. INTI-Química^pArgentina<|>^aReñones, Laura^nInstituto Nacional de Tecnología Industrial. INTI-Química^pArgentina<|>^aBartoloni, Valeria^nInstituto Nacional de Tecnología Industrial. INTI-Química^pArgentina<|>^aFrangie, Sofía^nInstituto Nacional de Tecnología Industrial. INTI-Química^pArgentina;^aDel Val, Susana^nInstituto Nacional de Tecnología Industrial. INTI-Textiles^pArgentina<|>^aZunino, Cristina^nInstituto Nacional de Tecnología Industrial. INTI-Textiles^pArgentina<|>^aMartínez, Laura^nInstituto Nacional de Tecnología Industrial. INTI-Textiles^pArgentina<|>^aMartínez, Marisa^nInstituto Nacional de Tecnología Industrial. INTI-Química^pArgentina<|>^aReñones, Laura^nInstituto Nacional de Tecnología Industrial. INTI-Química^pArgentina<|>^aBartoloni, Valeria Gabriela^nInstituto Nacional de Tecnología Industrial. INTI-Química^pArgentina<|>^aFrangie, Sofía^nInstituto Nacional de Tecnología Industrial. INTI-Química^pArgentina
050424;v26_Afiliacion_del_autor;^aPellegrino, Nestor^nUniversidad de Buenos Aires. Facultad de Farmacia y Bioquímica^pArgentina<|>^aGiacomino, María Silvia^nUniversidad de Buenos Aires. Facultad de Farmacia y Bioquímica^pArgentina<|>^aCuria, Ana Valeria^nInstituto Nacional de Tecnología Industrial. INTI-Cereales y Oleaginosas^pArgentina<|>^aFerreira, Verónica^nInstituto Nacional de Tecnología Industrial. INTI-Cereales y Oleaginosas^pArgentina<|>^aApro, Nicolas^nInstituto Nacional de Tecnología Industrial. INTI-Cereales y Oleaginosas^pArgentina<|>^aPita Martín de Portela, María Luz^nUniversidad de Buenos Aires. Facultad de Farmacia y Bioquímica^pArgentina;^aPellegrino, Nestor^nUniversidad de Buenos Aires. Facultad de Farmacia y Bioquímica^pArgentina<|>^aGiacomino, María Silvia^nUniversidad de Buenos Aires. Facultad de Farmacia y Bioquímica^pArgentina<|>^aCuria, Ana Valeria^nInstituto Nacional de Tecnología Industrial. INTI-Cereales y Oleaginosas^pArgentina<|>^aFerreira, Verónica^nInstituto Nacional de Tecnología Industrial. INTI-Cereales y Oleaginosas^pArgentina<|>^aApro, Nicolás^nInstituto Nacional de Tecnología Industrial. INTI-Cereales y Oleaginosas^pArgentina<|>^aPita Martín de Portela, María Luz^nUniversidad de Buenos Aires. Facultad de Farmacia y Bioquímica^pArgentina
050426;v26_Afiliacion_del_autor;^aEspinosa, Susana Beatriz^nSecretaria de Gobierno de Ambiente y Desarrollo Sustentable^pArgentina<|>^aFernández, Mariano^nSecretaria de Gobierno de Ambiente y Desarrollo Sustentable^pArgentina<|>^aGonzález, Marcelo^nInstituto Nacional de Tecnología Industrial^sINTI^pArgentina<|>^aCañameras, Carlos^nInstituto Nacional de Tecnología Industrial^sINTI^pArgentina<|>^aSchmidt, Erica^nInstituto Nacional de Tecnología Industrial^sINTI^pArgentina<|>^aZampatti, Mariela^nInstituto Nacional de Tecnología Industrial^sINTI^pArgentina<|>^aPirola, María Belén^nInstituto Nacional de Tecnología Industrial^sINTI^pArgentina<|>^aKarlen, Joselina^nInstituto Nacional de Tecnología Industrial^sINTI^pArgentina<|>^aDi Risio, Juan^nInstituto Nacional de Tecnología Industrial^sINTI^pArgentina<|>^aMachinea, Eduardo^nFundación Green Cross^pArgentina<|>^aCravero, Ricardo^nQ-Innova^pArgentina;^aEspinosa, Susana Beatriz^nSecretaria de Gobierno de Ambiente y Desarrollo Sustentable^pArgentina<|>^aFernández, Mariano^nSecretaria de Gobierno de Ambiente y Desarrollo Sustentable^pArgentina<|>^aGonzález, Marcelo^nInstituto Nacional de Tecnología Industrial^sINTI^pArgentina<|>^aCañameras, Carlos Alfredo^nInstituto Nacional de Tecnología Industrial^sINTI^pArgentina<|>^aSchmidt, Erica^nInstituto Nacional de Tecnología Industrial^sINTI^pArgentina<|>^aZampatti, Mariela^nInstituto Nacional de Tecnología Industrial^sINTI^pArgentina<|>^aPirola, María  Belén^nInstituto Nacional de Tecnología Industrial^sINTI^pArgentina<|>^aKarlen, Joselina^nInstituto Nacional de Tecnología Industrial^sINTI^pArgentina<|>^aDi Risio, Juan^nInstituto Nacional de Tecnología Industrial^sINTI^pArgentina<|>^aMachinea, Eduardo^nFundación Green Cross^pArgentina<|>^aCravero, Ricardo^nQ-Innova^pArgentina
050427;v26_Afiliacion_del_autor;^aPereiro, Cristian^nInstituto Nacional de Tecnología Industrial. INTI-Mecánica^pArgentina<|>^aPazos, Leonardo^nInstituto Nacional de Tecnología Industrial. INTI-Mecánica^pArgentina;^aPereiro, Cristian^nInstituto Nacional de Tecnología Industrial. INTI-Mecánica^pArgentina<|>^aPazos, Leonardo Martín^nInstituto Nacional de Tecnología Industrial. INTI-Mecánica^pArgentina
050430;v26_Afiliacion_del_autor;^aPereiro, Cristian^nInstituto Nacional de Tecnología Industrial. Subgerenica Operativa de Mecánica y Logística^sINTI^pArgentina<|>^aPazos, Leonardo^nInstituto Nacional de Tecnología Industrial. Subgerenica Operativa de Mecánica y Logística^sINTI^pArgentina;^aPereiro, Cristian^nInstituto Nacional de Tecnología Industrial. Subgerenica Operativa de Mecánica y Logística^sINTI^pArgentina<|>^aPazos, Leonardo Martín^nInstituto Nacional de Tecnología Industrial. Subgerenica Operativa de Mecánica y Logística^sINTI^pArgentina
050434;v26_Afiliacion_del_autor;^aJones, George R.^nNational Institute of Standards and Technology^sNIST^pEstados Unidos<|>^aLipe, Thomas^nNational Institute of Standards and Technology^sNIST^pEstados Unidos<|>^aLandim, Regis^nInstituto Nacional de Metrologia, Qualidade e Tecnologia^sINMetro^pBrasil<|>^aDi Lillo, Lucas^nInstituto Nacional de Tecnología Industrial^sINTI^pArgentina;^aJones, George R.^nNational Institute of Standards and Technology^sNIST^pEstados Unidos<|>^aLipe, Thomas^nNational Institute of Standards and Technology^sNIST^pEstados Unidos<|>^aLandim, Regis^nInstituto Nacional de Metrologia, Qualidade e Tecnologia^sINMetro^pBrasil<|>^aDi Lillo, Lucas Daniel^nInstituto Nacional de Tecnología Industrial^sINTI^pArgentina
050442;v26_Afiliacion_del_autor;^aAbate, Germán Rubén^nInstituto Nacional de Tecnología Industrial. INTI-Mecánica^pArgentina<|>^aMoraes, Alexsandro^nSimufact Americas<|>^aPerez, Daniela^nInstituto Nacional de Tecnología Industrial. INTI-Mecánica^pArgentina<|>^aMartinez Krahmer, Daniel^nInstituto Nacional de Tecnología Industrial. INTI-Mecánica^pArgentina;^aAbate, Germán Rubén^nInstituto Nacional de Tecnología Industrial. INTI-Mecánica^pArgentina<|>^aMoraes, Alexsandro^nSimufact Americas<|>^aPerez, Daniela^nInstituto Nacional de Tecnología Industrial. INTI-Mecánica^pArgentina<|>^aMartínez Krahmer, Daniel Osvaldo^nInstituto Nacional de Tecnología Industrial. INTI-Mecánica^pArgentina
050450;v26_Afiliacion_del_autor;^aWestwood, Steven^nBureau International des Poids et Mesures^sBIPM^pFrancia<|>^aJosephs, R.^nBureau International des Poids et Mesures^sBIPM^pFrancia<|>^aChote, Tiphaine^nBureau International des Poids et Mesures^sBIPM^pFrancia<|>^aDaireaux, A.e^nBureau International des Poids et Mesures^sBIPM^pFrancia<|>^aMesquida, C.e^nBureau International des Poids et Mesures^sBIPM^pFrancia<|>^aWielgosz, Robert I.^nBureau International des Poids et Mesures^sBIPM^pFrancia<|>^aRosso, A.a^nInstituto Nacional de Tecnología Industrial^sINTI^pArgentina<|>^aRuiz de Arechavaleta, Mariana^nInstituto Nacional de Tecnología Industrial^sINTI^pArgentina<|>^aDavies, Stephen^nNational Measurement Institute^sNMIA^pAustralia<|>^aWang, H.^nNational Measurement Institute^sNMIA^pAustralia<|>^aPires do Rego, E. C.^nInstituto Nacional de Metrologia, Qualidade e Tecnologia^sINMetro^pBrasil<|>^aMarques Rodrigues, J.^nInstituto Nacional de Metrologia, Qualidade e Tecnologia^sINMetro^pBrasil<|>^aFreitas Guimarães, E. de.^nInstituto Nacional de Metrologia, Qualidade e Tecnologia^sINMetro^pBrasil<|>^aBarreto Sousa, Marcus Vinicius^nInstituto Nacional de Metrologia, Qualidade e Tecnologia^sINMetro^pBrasil<|>^aMonteiro, T. M.^nInstituto Nacional de Metrologia, Qualidade e Tecnologia^sINMetro^pBrasil<|>^aValente, Laura Alves das Neves^nInstituto Nacional de Metrologia, Qualidade e Tecnologia^sINMetro^pBrasil<|>^aMarques Violante, F. G.^nInstituto Nacional de Metrologia, Qualidade e Tecnologia^sINMetro^pBrasil<|>^aRubim, R.^nInstituto Nacional de Metrologia, Qualidade e Tecnologia^sINMetro^pBrasil<|>^aAlmeida, R.^nInstituto Nacional de Metrologia, Qualidade e Tecnologia^sINMetro^pBrasil<|>^aBaptista Quaresma, Maria Cristina^nInstituto Nacional de Metrologia, Qualidade e Tecnologia^sINMetro^pBrasil<|>^aNogueira, R.^nInstituto Nacional de Metrologia, Qualidade e Tecnologia^sINMetro^pBrasil<|>^aWindust, Anthony^nInstitute for National Measurement Standards. National Research Council Canada^sNRC-INMS^pCanadá<|>^aDai, Xinhua^nNational Institute of Metrology^sNIM^pChina<|>^aLi, X.^nNational Institute of Metrology^sNIM^pChina<|>^aZhang, W.^nNational Institute of Metrology^sNIM^pChina<|>^aLi, M.^nNational Institute of Metrology^sNIM^pChina<|>^aShao, M.^nNational Institute of Metrology^sNIM^pChina<|>^aWei, C.^nNational Institute of Metrology^sNIM^pChina<|>^aWong, Siu-kay^nGovernment Laboratory of Hong Kong SAR^sGLHK^pChina<|>^aCabillic, Julie^nLaboratoire National de Métrologie et d’Essais^sLNE^pFrancia<|>^aGantois, F.^nLaboratoire National de Métrologie et d’Essais^sLNE^pFrancia<|>^aPhilipp, R.^nBundesanstalt für Materialforschung^sBAM^pAlemania<|>^aPfeifer, D.^nBundesanstalt für Materialforschung^sBAM^pAlemania<|>^aHein, S.^nBundesanstalt für Materialforschung^sBAM^pAlemania<|>^aKlyk-Seitz, U.^nBundesanstalt für Materialforschung^sBAM^pAlemania<|>^aIshikawa, K.^nNational Metrology Institute of Japan^sNMIJ^pJapón<|>^aCastro, Esther^nCentro Nacional de Metrología^sCENAM^pMéxico<|>^aGonzález, N.^nCentro Nacional de Metrología^sCENAM^pMéxico<|>^aKrylov, A.^nD. I. Mendeleev Institute for Metrology^sVNIIM^pRusia<|>^aLin, T. T.^nHealth Sciences Authority^sHSA^pSingapur<|>^aKooi, L. T.^nHealth Sciences Authority^sHSA^pSingapur<|>^aFernandes-Whaley, M.^nNational Metrology Institute of South Africa^sNMISA^pSudáfrica<|>^aPrévoo, D.^nNational Metrology Institute of South Africa^sNMISA^pSudáfrica<|>^aArcher, M.^nNational Metrology Institute of South Africa^sNMISA^pSudáfrica<|>^aVisser, R.^nNational Metrology Institute of South Africa^sNMISA^pSudáfrica<|>^aNlhapo, N.^nNational Metrology Institute of South Africa^sNMISA^pSudáfrica<|>^ade Vos, B.^nNational Metrology Institute of South Africa^sNMISA^pSudáfrica<|>^aAhn, Seonghee^nKorea Research Institute of Standards and Science^sKRISS^pCorea del Sur<|>^aPookrod, P.^nNational Institute of Metrology of Thailand^sNIMT^pTailandia<|>^aWiangnon,  Kanjana^nNational Institute of Metrology of Thailand^sNIMT^pTailandia<|>^aSudsiri, Nittaya^nNational Institute of Metrology of Thailand^sNIMT^pTailandia<|>^aMuaksang, K.^nNational Institute of Metrology of Thailand^sNIMT^pTailandia<|>^aCherdchu, Chainarong^nNational Institute of Metrology of Thailand^sNIMT^pTailandia<|>^aGören, A. C.^nNational Metrology Institute^sTUBITAK UME^pTurquía<|>^aBilsel, Gökhan^nNational Metrology Institute^sTUBITAK UME^pTurquía<|>^aLeGoff, T.^nLGC Limited^pReino Unido<|>^aBearden, Dan^nNational Institute of Standards and Technology^sNIST^pEstados Unidos<|>^aBedner, Mary^nNational Institute of Standards and Technology^sNIST^pEstados Unidos<|>^aDuewer, David^nNational Institute of Standards and Technology^sNIST^pEstados Unidos<|>^aHancock, D.^nNational Institute of Standards and Technology^sNIST^pEstados Unidos<|>^aLang, B.^nNational Institute of Standards and Technology^sNIST^pEstados Unidos<|>^aLippa, K.^nNational Institute of Standards and Technology^sNIST^pEstados Unidos<|>^aSchantz, M.^nNational Institute of Standards and Technology^sNIST^pEstados Unidos<|>^aSieber, John^nNational Institute of Standards and Technology^sNIST^pEstados Unidos;^aWestwood, Steven^nBureau International des Poids et Mesures^sBIPM^pFrancia<|>^aJosephs, R.^nBureau International des Poids et Mesures^sBIPM^pFrancia<|>^aChote, Tiphaine^nBureau International des Poids et Mesures^sBIPM^pFrancia<|>^aDaireaux, A.e^nBureau International des Poids et Mesures^sBIPM^pFrancia<|>^aMesquida, C.e^nBureau International des Poids et Mesures^sBIPM^pFrancia<|>^aWielgosz, Robert I.^nBureau International des Poids et Mesures^sBIPM^pFrancia<|>^aRosso, A.a^nInstituto Nacional de Tecnología Industrial^sINTI^pArgentina<|>^aRuiz de Arechavaleta, Mariana^nInstituto Nacional de Tecnología Industrial^sINTI^pArgentina<|>^aDavies, Stephen^nNational Measurement Institute^sNMIA^pAustralia<|>^aWang, Hongjie^nNational Measurement Institute^sNMIA^pAustralia<|>^aPires do Rego, E. C.^nInstituto Nacional de Metrologia, Qualidade e Tecnologia^sINMetro^pBrasil<|>^aMarques Rodrigues, J.^nInstituto Nacional de Metrologia, Qualidade e Tecnologia^sINMetro^pBrasil<|>^aFreitas Guimarães, E. de.^nInstituto Nacional de Metrologia, Qualidade e Tecnologia^sINMetro^pBrasil<|>^aBarreto Sousa, Marcus Vinicius^nInstituto Nacional de Metrologia, Qualidade e Tecnologia^sINMetro^pBrasil<|>^aMonteiro, T. M.^nInstituto Nacional de Metrologia, Qualidade e Tecnologia^sINMetro^pBrasil<|>^aValente, Laura Alves das Neves^nInstituto Nacional de Metrologia, Qualidade e Tecnologia^sINMetro^pBrasil<|>^aMarques Violante, F. G.^nInstituto Nacional de Metrologia, Qualidade e Tecnologia^sINMetro^pBrasil<|>^aRubim, R.^nInstituto Nacional de Metrologia, Qualidade e Tecnologia^sINMetro^pBrasil<|>^aAlmeida, R.^nInstituto Nacional de Metrologia, Qualidade e Tecnologia^sINMetro^pBrasil<|>^aBaptista Quaresma, Maria Cristina^nInstituto Nacional de Metrologia, Qualidade e Tecnologia^sINMetro^pBrasil<|>^aNogueira, R.^nInstituto Nacional de Metrologia, Qualidade e Tecnologia^sINMetro^pBrasil<|>^aWindust, Anthony^nInstitute for National Measurement Standards. National Research Council Canada^sNRC-INMS^pCanadá<|>^aDai, Xinhua^nNational Institute of Metrology^sNIM^pChina<|>^aLi, X.^nNational Institute of Metrology^sNIM^pChina<|>^aZhang, W.^nNational Institute of Metrology^sNIM^pChina<|>^aLi, M.^nNational Institute of Metrology^sNIM^pChina<|>^aShao, M.^nNational Institute of Metrology^sNIM^pChina<|>^aWei, C.^nNational Institute of Metrology^sNIM^pChina<|>^aWong, Siu-kay^nGovernment Laboratory of Hong Kong SAR^sGLHK^pChina<|>^aCabillic, Julie^nLaboratoire National de Métrologie et d’Essais^sLNE^pFrancia<|>^aGantois, F.^nLaboratoire National de Métrologie et d’Essais^sLNE^pFrancia<|>^aPhilipp, R.^nBundesanstalt für Materialforschung^sBAM^pAlemania<|>^aPfeifer, D.^nBundesanstalt für Materialforschung^sBAM^pAlemania<|>^aHein, S.^nBundesanstalt für Materialforschung^sBAM^pAlemania<|>^aKlyk-Seitz, U.^nBundesanstalt für Materialforschung^sBAM^pAlemania<|>^aIshikawa, K.^nNational Metrology Institute of Japan^sNMIJ^pJapón<|>^aCastro, Esther^nCentro Nacional de Metrología^sCENAM^pMéxico<|>^aGonzález, N.^nCentro Nacional de Metrología^sCENAM^pMéxico<|>^aKrylov, A.^nD. I. Mendeleev Institute for Metrology^sVNIIM^pRusia<|>^aLin, T. T.^nHealth Sciences Authority^sHSA^pSingapur<|>^aKooi, L. T.^nHealth Sciences Authority^sHSA^pSingapur<|>^aFernandes-Whaley, M.^nNational Metrology Institute of South Africa^sNMISA^pSudáfrica<|>^aPrévoo, D.^nNational Metrology Institute of South Africa^sNMISA^pSudáfrica<|>^aArcher, M.^nNational Metrology Institute of South Africa^sNMISA^pSudáfrica<|>^aVisser, R.^nNational Metrology Institute of South Africa^sNMISA^pSudáfrica<|>^aNlhapo, N.^nNational Metrology Institute of South Africa^sNMISA^pSudáfrica<|>^ade Vos, B.^nNational Metrology Institute of South Africa^sNMISA^pSudáfrica<|>^aAhn, Seonghee^nKorea Research Institute of Standards and Science^sKRISS^pCorea del Sur<|>^aPookrod, P.^nNational Institute of Metrology of Thailand^sNIMT^pTailandia<|>^aWiangnon,  Kanjana^nNational Institute of Metrology of Thailand^sNIMT^pTailandia<|>^aSudsiri, Nittaya^nNational Institute of Metrology of Thailand^sNIMT^pTailandia<|>^aMuaksang, K.^nNational Institute of Metrology of Thailand^sNIMT^pTailandia<|>^aCherdchu, Chainarong^nNational Institute of Metrology of Thailand^sNIMT^pTailandia<|>^aGören, A. C.^nNational Metrology Institute^sTUBITAK UME^pTurquía<|>^aBilsel, Gökhan^nNational Metrology Institute^sTUBITAK UME^pTurquía<|>^aLeGoff, T.^nLGC Limited^pReino Unido<|>^aBearden, Dan^nNational Institute of Standards and Technology^sNIST^pEstados Unidos<|>^aBedner, Mary^nNational Institute of Standards and Technology^sNIST^pEstados Unidos<|>^aDuewer, David^nNational Institute of Standards and Technology^sNIST^pEstados Unidos<|>^aHancock, D.^nNational Institute of Standards and Technology^sNIST^pEstados Unidos<|>^aLang, B.^nNational Institute of Standards and Technology^sNIST^pEstados Unidos<|>^aLippa, K.^nNational Institute of Standards and Technology^sNIST^pEstados Unidos<|>^aSchantz, M.^nNational Institute of Standards and Technology^sNIST^pEstados Unidos<|>^aSieber, John^nNational Institute of Standards and Technology^sNIST^pEstados Unidos
050455;v26_Afiliacion_del_autor;^aBaudino, Guillermo A.^nInstituto Nacional de Tecnología Industrial^sINTI^pArgentina;^aBaudino, Guillermo Andrés^nInstituto Nacional de Tecnología Industrial^sINTI^pArgentina
050457;v26_Afiliacion_del_autor;^aDi Lillo, Lucas^nInstituto Nacional de Tecnología Industrial^sINTI^lBuenos Aires^pArgentina<|>^aLaiz, Héctor^nInstituto Nacional de Tecnología Industrial^sINTI^lBuenos Aires^pArgentina<|>^aYasuda, Eliana^nInstituto Nacional de Tecnología Industrial^sINTI^lBuenos Aires^pArgentina<|>^aGarcía, Ricardo^nInstituto Nacional de Tecnología Industrial^sINTI^lBuenos Aires^pArgentina;^aDi Lillo, Lucas Daniel^nInstituto Nacional de Tecnología Industrial^sINTI^lBuenos Aires^pArgentina<|>^aLaiz, Héctor^nInstituto Nacional de Tecnología Industrial^sINTI^lBuenos Aires^pArgentina<|>^aYasuda, Eliana Soledad^nInstituto Nacional de Tecnología Industrial^sINTI^lBuenos Aires^pArgentina<|>^aGarcía, Ricardo^nInstituto Nacional de Tecnología Industrial^sINTI^lBuenos Aires^pArgentina
050459;v26_Afiliacion_del_autor;^aForastieri, Juan^nInstituto Nacional de Tecnología Industrial^sINTI^lBuenos Aires^pArgentina<|>^aLupo, Sergio^nInstituto Nacional de Tecnología Industrial^sINTI^lBuenos Aires^pArgentina<|>^aFilipovic, Ezequiel^nInstituto Nacional de Tecnología Industrial^sINTI^lBuenos Aires^pArgentina;^aForastieri, Juan^nInstituto Nacional de Tecnología Industrial^sINTI^lBuenos Aires^pArgentina<|>^aLupo, Sergio Gustavo^nInstituto Nacional de Tecnología Industrial^sINTI^lBuenos Aires^pArgentina<|>^aFilipovic, Ezequiel^nInstituto Nacional de Tecnología Industrial^sINTI^lBuenos Aires^pArgentina
050460;v26_Afiliacion_del_autor;^aLupo, Sergio^nInstituto Nacional de Tecnología Industrial^sINTI^lBuenos Aires^pArgentina<|>^aForastieri, Juan^nInstituto Nacional de Tecnología Industrial^sINTI^lBuenos Aires^pArgentina<|>^aFilipovic, Ezequiel^nInstituto Nacional de Tecnología Industrial^sINTI^lBuenos Aires^pArgentina;^aLupo, Sergio Gustavo^nInstituto Nacional de Tecnología Industrial^sINTI^lBuenos Aires^pArgentina<|>^aForastieri, Juan^nInstituto Nacional de Tecnología Industrial^sINTI^lBuenos Aires^pArgentina<|>^aFilipovic, Ezequiel^nInstituto Nacional de Tecnología Industrial^sINTI^lBuenos Aires^pArgentina
050461;v26_Afiliacion_del_autor;^aKornblit, Fernando^nInstituto Nacional de Tecnología Industrial^sINTI^lBuenos Aires^pArgentina<|>^aLeiblich, Juan^nInstituto Nacional de Tecnología Industrial^sINTI^lBuenos Aires^pArgentina<|>^aMinutti, Gerardo^nInstituto Nacional de Tecnología Industrial^sINTI^lBuenos Aires^pArgentina<|>^aBarbagrigia, Javier^nInstituto Nacional de Tecnología Industrial^sINTI^lBuenos Aires^pArgentina;^aKornblit, Fernando^nInstituto Nacional de Tecnología Industrial^sINTI^lBuenos Aires^pArgentina<|>^aLeiblich, Juan Antonio^nInstituto Nacional de Tecnología Industrial^sINTI^lBuenos Aires^pArgentina<|>^aMinutti, Gerardo^nInstituto Nacional de Tecnología Industrial^sINTI^lBuenos Aires^pArgentina<|>^aBarbagrigia, Javier^nInstituto Nacional de Tecnología Industrial^sINTI^lBuenos Aires^pArgentina
050462;v26_Afiliacion_del_autor;^aMilanesio, Horacio^nInstituto Nacional de Tecnología Industrial^sINTI^pArgentina<|>^aFabro, Mabel^nInstituto Nacional de Tecnología Industrial^sINTI^pArgentina<|>^aSperanza, Jorge^nInstituto Nacional de Tecnología Industrial^sINTI^pArgentina<|>^aFomero, Pedro^nInstituto Nacional de Tecnología Industrial^sINTI^pArgentina<|>^aSchamne, Nicolás^nInstituto Nacional de Tecnología Industrial^sINTI^pArgentina<|>^aDemaria, Mónica^nInstituto Nacional de Tecnología Industrial^sINTI^pArgentina<|>^aJunges, Omar^nInstituto Nacional de Tecnología Industrial^sINTI^pArgentina<|>^aNieto, Ivana^nInstituto Nacional de Tecnología Industrial^sINTI^pArgentina;^aMilanesio, Horacio^nInstituto Nacional de Tecnología Industrial^sINTI^pArgentina<|>^aFabro, Mabel Angélica^nInstituto Nacional de Tecnología Industrial^sINTI^pArgentina<|>^aSperanza, Jorge^nInstituto Nacional de Tecnología Industrial^sINTI^pArgentina<|>^aFomero, Pedro^nInstituto Nacional de Tecnología Industrial^sINTI^pArgentina<|>^aSchamne, Nicolás^nInstituto Nacional de Tecnología Industrial^sINTI^pArgentina<|>^aDemaria, Mónica^nInstituto Nacional de Tecnología Industrial^sINTI^pArgentina<|>^aJunges, Omar^nInstituto Nacional de Tecnología Industrial^sINTI^pArgentina<|>^aNieto, Ivana^nInstituto Nacional de Tecnología Industrial^sINTI^pArgentina
050464;v26_Afiliacion_del_autor;^aMahmud, Zulema A.^nInstituto Nacional de Tecnología Industrial^sINTI^pArgentina<|>^aMíngolo, Norma^nComisión Nacional de Energía Atómica^sCNEA^pArgentina<|>^aGordillo, Gabriel^nUniversidad de Buenos Aires. Facultad de Ciencias Exactas y Naturales^sFCEN-UBA^pArgentina;^aMahmud, Zulema Ángela^nInstituto Nacional de Tecnología Industrial^sINTI^pArgentina<|>^aMíngolo, Norma^nComisión Nacional de Energía Atómica^sCNEA^pArgentina<|>^aGordillo, Gabriel^nUniversidad de Buenos Aires. Facultad de Ciencias Exactas y Naturales^sFCEN-UBA^pArgentina
050466;v26_Afiliacion_del_autor;^aDutrey, Luciano^nInstituto Nacional de Tecnología Industrial. INTI-Mecánica^pArgentina<|>^aDe Las Heras, Evangelina^nInstituto Nacional de Tecnología Industrial. INTI-Mecánica^pArgentina<|>^aSvoboda, Hernán G.^nUniversidad de Buenos Aires. Facultad de Ingeniería. Instituto de Tecnologías y Ciencias de la Ingeniería Hilario Fernández Long^sINTECIN-FI-UBA^pArgentina<|>^aCorengia, Pablo A.^nFundación INASMET-Tecnalia^pEspaña;^aDutrey, Luciano^nInstituto Nacional de Tecnología Industrial. INTI-Mecánica^pArgentina<|>^aDe Las Heras, Evangelina^nInstituto Nacional de Tecnología Industrial. INTI-Mecánica^pArgentina<|>^aSvoboda, Hernán Gabriel^nUniversidad de Buenos Aires. Facultad de Ingeniería. Instituto de Tecnologías y Ciencias de la Ingeniería Hilario Fernández Long^sINTECIN-FI-UBA^pArgentina<|>^aCorengia, Pablo A.^nFundación INASMET-Tecnalia^pEspaña
050467;v26_Afiliacion_del_autor;^aPerez, Ezequiel^nInstituto Nacional de Tecnología Industrial. INTI-Mecánica^pArgentina<|>^aPazos, Leonardo^nInstituto Nacional de Tecnología Industrial. INTI-Mecánica^pArgentina<|>^aDe Las Heras, Evangelina^nInstituto Nacional de Tecnología Industrial. INTI-Mecánica^pArgentina<|>^aParodi, Belén^nInstituto Nacional de Tecnología Industrial. INTI-Mecánica^pArgentina<|>^aCorengia, Pablo^nFundación INASMET-Tecnalia^pEspaña<|>^aBraceras, Iñigo^nFundación INASMET-Tecnalia^pEspaña;^aPerez, Ezequiel^nInstituto Nacional de Tecnología Industrial. INTI-Mecánica^pArgentina<|>^aPazos, Leonardo Martín^nInstituto Nacional de Tecnología Industrial. INTI-Mecánica^pArgentina<|>^aDe Las Heras, Evangelina^nInstituto Nacional de Tecnología Industrial. INTI-Mecánica^pArgentina<|>^aParodi, Belén^nInstituto Nacional de Tecnología Industrial. INTI-Mecánica^pArgentina<|>^aCorengia, Pablo^nFundación INASMET-Tecnalia^pEspaña<|>^aBraceras, Iñigo^nFundación INASMET-Tecnalia^pEspaña
050469;v26_Afiliacion_del_autor;^aTaibo, Lucía N.^nInstituto Nacional de Tecnología Industrial. INTI-Física y Metrología^pArgentina<|>^aBarcelo, Lucía E.^nInstituto Nacional de Tecnología Industrial. INTI-Física y Metrología^pArgentina<|>^aZapata, Alexis G.^nInstituto Nacional de Tecnología Industrial. INTI-Física y Metrología^pArgentina;^aTaibo, Lucía N.^nInstituto Nacional de Tecnología Industrial. INTI-Física y Metrología^pArgentina<|>^aBarcelo, Lucía E.^nInstituto Nacional de Tecnología Industrial. INTI-Física y Metrología^pArgentina<|>^aZapata, Alexis Gastón^nInstituto Nacional de Tecnología Industrial. INTI-Física y Metrología^pArgentina
050480;v26_Afiliacion_del_autor;^aIzquierdo, D.^nUsinas y Trasmisiones Eléctricas^sUTE^pUruguay<|>^aFaverio, C.^nUsinas y Trasmisiones Eléctricas^sUTE^pUruguay<|>^aSlomovitz, D.^nUsinas y Trasmisiones Eléctricas^sUTE^pUruguay<|>^aIhlenfeld, W. G. K.^nPhysikalisch – Technischen Bundesanstalt^sPTB^pAlemania<|>^aDi Lillo, Lucas^nInstituto Nacional de Tecnología Industrial^sINTI^pArgentina<|>^aLaiz, Héctor^nInstituto Nacional de Tecnología Industrial^sINTI^pArgentina<|>^aGarcía, Ricardo^nInstituto Nacional de Tecnología Industrial^sINTI^pArgentina<|>^aFranco, A. M. R.^nInstituto Nacional de Metrología, Normalizaçao e Qualidade Industrial^sINMetro^pBrasil<|>^aDebatin, R. M.^nInstituto Nacional de Metrología, Normalizaçao e Qualidade Industrial^sINMetro^pBrasil;^aIzquierdo, D.^nUsinas y Trasmisiones Eléctricas^sUTE^pUruguay<|>^aFaverio, C.^nUsinas y Trasmisiones Eléctricas^sUTE^pUruguay<|>^aSlomovitz, D.^nUsinas y Trasmisiones Eléctricas^sUTE^pUruguay<|>^aIhlenfeld, W. G. K.^nPhysikalisch – Technischen Bundesanstalt^sPTB^pAlemania<|>^aDi Lillo, Lucas Daniel^nInstituto Nacional de Tecnología Industrial^sINTI^pArgentina<|>^aLaiz, Héctor^nInstituto Nacional de Tecnología Industrial^sINTI^pArgentina<|>^aGarcía, Ricardo^nInstituto Nacional de Tecnología Industrial^sINTI^pArgentina<|>^aFranco, A. M. R.^nInstituto Nacional de Metrología, Normalizaçao e Qualidade Industrial^sINMetro^pBrasil<|>^aDebatin, R. M.^nInstituto Nacional de Metrología, Normalizaçao e Qualidade Industrial^sINMetro^pBrasil
050486;v26_Afiliacion_del_autor;^aSanca, G. A.^nUniversidad Nacional de San Martín^sUNSAM^pArgentina<|>^aBarella, Mariano^nInstituto Nacional de Tecnología Industrial. INTI-Micro y Nanoelectrónica^pArgentina^nConsejo Nacional de Investigaciones Científicas y Técnicas^sCONICET^pArgentina^nComisión Nacional de Energía Atómica^sCNEA^pArgentina<|>^aGómez Marlasca, F.^nComisión Nacional de Energía Atómica^sCNEA^pArgentina<|>^aRodríguez, G.^nInstituto Nacional de Tecnología Industrial. INTI-Micro y Nanoelectrónica^pArgentina<|>^aMartelliti, D.^nInstituto Nacional de Tecnología Industrial. INTI-Micro y Nanoelectrónica^pArgentina<|>^aPatrone, Luciano  Agustín^nInstituto Nacional de Tecnología Industrial. INTI-Micro y Nanoelectrónica^pArgentina<|>^aLevy, Pablo^nConsejo Nacional de Investigaciones Científicas y Técnicas^sCONICET^pArgentina^nComisión Nacional de Energía Atómica^sCNEA^pArgentina<|>^aGolmar, F.^nInstituto Nacional de Tecnología Industrial. INTI-Micro y Nanoelectrónica^pArgentina^nUniversidad Nacional de San Martín^sUNSAM^pArgentina^nConsejo Nacional de Investigaciones Científicas y Técnicas^sCONICET;^aSanca, G. A.^nUniversidad Nacional de San Martín^sUNSAM^pArgentina<|>^aBarella, Mariano^nInstituto Nacional de Tecnología Industrial. INTI-Micro y Nanoelectrónica^pArgentina^nConsejo Nacional de Investigaciones Científicas y Técnicas^sCONICET^pArgentina^nComisión Nacional de Energía Atómica^sCNEA^pArgentina<|>^aGómez Marlasca, F.^nComisión Nacional de Energía Atómica^sCNEA^pArgentina<|>^aRodríguez, Gisela Vanina^nInstituto Nacional de Tecnología Industrial. INTI-Micro y Nanoelectrónica^pArgentina<|>^aMartelliti, D.^nInstituto Nacional de Tecnología Industrial. INTI-Micro y Nanoelectrónica^pArgentina<|>^aPatrone, Luciano  Agustín^nInstituto Nacional de Tecnología Industrial. INTI-Micro y Nanoelectrónica^pArgentina<|>^aLevy, Pablo^nConsejo Nacional de Investigaciones Científicas y Técnicas^sCONICET^pArgentina^nComisión Nacional de Energía Atómica^sCNEA^pArgentina<|>^aGolmar, F.^nInstituto Nacional de Tecnología Industrial. INTI-Micro y Nanoelectrónica^pArgentina^nUniversidad Nacional de San Martín^sUNSAM^pArgentina^nConsejo Nacional de Investigaciones Científicas y Técnicas^sCONICET
050500;v26_Afiliacion_del_autor;^aCogno, Jorge Adrián^nInstituto Nacional de Tecnología Industrial. INTI-Procesos Superficiales^pArgentina<|>^aAmelotti, Franco^nInstituto Nacional de Tecnología Industrial. INTI-Procesos Superficiales^pArgentina<|>^aAbuin, Graciela Carmen^nInstituto Nacional de Tecnología Industrial. INTI-Procesos Superficiales^pArgentina<|>^aAmore, S. F.^nInstituto Nacional de Tecnología Industrial. INTI-Química^pArgentina<|>^aCastro, Á.^nInstituto Nacional de Tecnología Industrial. INTI-Servicio Argentino de Interlaboratorios^pArgentina;^aCogno, Jorge Adrián^nInstituto Nacional de Tecnología Industrial. INTI-Procesos Superficiales^pArgentina<|>^aAmelotti, Franco Ignacio^nInstituto Nacional de Tecnología Industrial. INTI-Procesos Superficiales^pArgentina<|>^aAbuin, Graciela Carmen^nInstituto Nacional de Tecnología Industrial. INTI-Procesos Superficiales^pArgentina<|>^aAmore, S. F.^nInstituto Nacional de Tecnología Industrial. INTI-Química^pArgentina<|>^aCastro, Á.^nInstituto Nacional de Tecnología Industrial. INTI-Servicio Argentino de Interlaboratorios^pArgentina
050510;v26_Afiliacion_del_autor;^aRodríguez, G.^nInstituto Nacional de Tecnología Industrial. INTI-Lácteos^pArgentina;^aRodríguez, Gisela Vanina^nInstituto Nacional de Tecnología Industrial. INTI-Lácteos^pArgentina
050514;v26_Afiliacion_del_autor;^aEspejo, C.^nInstituto Nacional de Tecnología Industrial. INTI-Mendoza^pArgentina<|>^aFernández, P.^nInstituto Nacional de Tecnología Industrial. INTI-Mendoza^pArgentina<|>^aFunes, O.^nInstituto Nacional de Tecnología Industrial. INTI-Mendoza^pArgentina<|>^aGreco, F.^nInstituto Nacional de Tecnología Industrial. INTI-Mendoza^pArgentina<|>^aPolo, P^nInstituto Nacional de Tecnología Industrial. INTI-Mendoza^pArgentina<|>^aFlores, S.^nInstituto Nacional de Tecnología Industrial. INTI-Mendoza^pArgentina<|>^aFabro, Mabel Angélica^nInstituto Nacional de Tecnología Industrial. INTI-San Juan^pArgentina;^aEspejo, C.^nInstituto Nacional de Tecnología Industrial. INTI-Mendoza^pArgentina<|>^aFernández, P.^nInstituto Nacional de Tecnología Industrial. INTI-Mendoza^pArgentina<|>^aFunes, O.^nInstituto Nacional de Tecnología Industrial. INTI-Mendoza^pArgentina<|>^aGreco, F.^nInstituto Nacional de Tecnología Industrial. INTI-Mendoza^pArgentina<|>^aPolo, Pablo César^nInstituto Nacional de Tecnología Industrial. INTI-Mendoza^pArgentina<|>^aFlores, S.^nInstituto Nacional de Tecnología Industrial. INTI-Mendoza^pArgentina<|>^aFabro, Mabel Angélica^nInstituto Nacional de Tecnología Industrial. INTI-San Juan^pArgentina
050517;v26_Afiliacion_del_autor;^aReidel, Sara^nInstituto Nacional de Tecnología Industrial. INTI-Biotecnología Industrial^pArgentina<|>^aBlasco, Martín^nInstituto Nacional de Tecnología Industrial. INTI-Biotecnología Industrial^pArgentina<|>^aMatos, Maria Laura^nInstituto Nacional de Tecnología Industrial. INTI-Biotecnología Industrial^pArgentina;^aReidel, Sara Isabel^nInstituto Nacional de Tecnología Industrial. INTI-Biotecnología Industrial^pArgentina<|>^aBlasco, Martín^nInstituto Nacional de Tecnología Industrial. INTI-Biotecnología Industrial^pArgentina<|>^aMatos, María Laura^nInstituto Nacional de Tecnología Industrial. INTI-Biotecnología Industrial^pArgentina
050526;v26_Afiliacion_del_autor;^aRego, E. C. P.^nInstituto Nacional de Metrologia, Qualidade e Tecnologia^sINMetro^pBrasil<|>^aSimón, Mariano Ernesto^nInstituto Nacional de Tecnología Industrial. INTI-Agroalimentos^pArgentina<|>^aJosephs, R. D.^nBureau International des Poids et Mesures^sBIPM^pFrancia<|>^aDaireaux, Adeline^nBureau International des Poids et Mesures^sBIPM^pFrancia<|>^aLi, X.^nNational Institute of Metrology^sNIM^pChina<|>^aChote, Tiphaine^nBureau International des Poids et Mesures^sBIPM^pFrancia<|>^aWestwood, Steven^nBureau International des Poids et Mesures^sBIPM^pFrancia<|>^aWielgosz, Robert I.^nBureau International des Poids et Mesures^sBIPM^pFrancia;^aRego, Eliane Cristina Pires do^nInstituto Nacional de Metrologia, Qualidade e Tecnologia^sINMetro^pBrasil<|>^aSimón, Mariano Ernesto^nInstituto Nacional de Tecnología Industrial. INTI-Agroalimentos^pArgentina<|>^aJosephs, R. D.^nBureau International des Poids et Mesures^sBIPM^pFrancia<|>^aDaireaux, Adeline^nBureau International des Poids et Mesures^sBIPM^pFrancia<|>^aLi, X.^nNational Institute of Metrology^sNIM^pChina<|>^aChote, Tiphaine^nBureau International des Poids et Mesures^sBIPM^pFrancia<|>^aWestwood, Steven^nBureau International des Poids et Mesures^sBIPM^pFrancia<|>^aWielgosz, Robert I.^nBureau International des Poids et Mesures^sBIPM^pFrancia
050534;v26_Afiliacion_del_autor;^aDubois, María José^nInstituto Nacional de Tecnología Industrial. Gerencia de Desarrollo Tecnológico e Innovación. Dirección Técnica de Diseño Industrial^pArgentina<|>^aOms, Eyra^nInstituto Nacional de Tecnología Industrial. Gerencia de Desarrollo Tecnológico e Innovación. Dirección Técnica de Diseño Industrial^pArgentina<|>^aBecker, Rosalba^nInstituto Nacional de Tecnología Industrial. Gerencia de Desarrollo Tecnológico e Innovación. Dirección Técnica de Diseño Industrial^pArgentina<|>^aSecchi, Mariela^nInstituto Nacional de Tecnología Industrial. Gerencia de Desarrollo Tecnológico e Innovación. Dirección Técnica de Diseño Industrial^pArgentina;^aDubois, María José^nInstituto Nacional de Tecnología Industrial. Gerencia de Desarrollo Tecnológico e Innovación. Dirección Técnica de Diseño Industrial^pArgentina<|>^aOms, Eyra Malena^nInstituto Nacional de Tecnología Industrial. Gerencia de Desarrollo Tecnológico e Innovación. Dirección Técnica de Diseño Industrial^pArgentina<|>^aBecker, Rosalba María^nInstituto Nacional de Tecnología Industrial. Gerencia de Desarrollo Tecnológico e Innovación. Dirección Técnica de Diseño Industrial^pArgentina<|>^aSecchi, Mariela^nInstituto Nacional de Tecnología Industrial. Gerencia de Desarrollo Tecnológico e Innovación. Dirección Técnica de Diseño Industrial^pArgentina
050536;v26_Afiliacion_del_autor;^aSecchi, Mariela^nInstituto Nacional de Tecnología Industrial. Gerencia de Desarrollo Tecnológico e Innovación. Dirección Técnica de Diseño Industrial^pArgentina<|>^aBecker, Rosalba^nInstituto Nacional de Tecnología Industrial. Gerencia de Desarrollo Tecnológico e Innovación. Dirección Técnica de Diseño Industrial^pArgentina;^aSecchi, Mariela^nInstituto Nacional de Tecnología Industrial. Gerencia de Desarrollo Tecnológico e Innovación. Dirección Técnica de Diseño Industrial^pArgentina<|>^aBecker, Rosalba María^nInstituto Nacional de Tecnología Industrial. Gerencia de Desarrollo Tecnológico e Innovación. Dirección Técnica de Diseño Industrial^pArgentina
050537;v26_Afiliacion_del_autor;^aMartínez, Fernando^nInstituto Nacional de Tecnología Industrial. Gerencia de Desarrollo Tecnológico e Innovación. Dirección Técnica de Diseño Industrial^pArgentina<|>^aNemcansky, Kevin^nInstituto Nacional de Tecnología Industrial. Gerencia de Desarrollo Tecnológico e Innovación. Dirección Técnica de Diseño Industrial^pArgentina<|>^aSecchi, Mariela^nInstituto Nacional de Tecnología Industrial. Gerencia de Desarrollo Tecnológico e Innovación. Dirección Técnica de Diseño Industrial^pArgentina<|>^aBecker, Rosalba^nInstituto Nacional de Tecnología Industrial. Gerencia de Desarrollo Tecnológico e Innovación. Dirección Técnica de Diseño Industrial^pArgentina;^aMartínez, Fernando^nInstituto Nacional de Tecnología Industrial. Gerencia de Desarrollo Tecnológico e Innovación. Dirección Técnica de Diseño Industrial^pArgentina<|>^aNemcansky, Kevin^nInstituto Nacional de Tecnología Industrial. Gerencia de Desarrollo Tecnológico e Innovación. Dirección Técnica de Diseño Industrial^pArgentina<|>^aSecchi, Mariela^nInstituto Nacional de Tecnología Industrial. Gerencia de Desarrollo Tecnológico e Innovación. Dirección Técnica de Diseño Industrial^pArgentina<|>^aBecker, Rosalba María^nInstituto Nacional de Tecnología Industrial. Gerencia de Desarrollo Tecnológico e Innovación. Dirección Técnica de Diseño Industrial^pArgentina
050538;v26_Afiliacion_del_autor;^aBecker, Rosalba^nInstituto Nacional de Tecnología Industrial. Gerencia de Desarrollo Tecnológico e Innovación. Dirección Técnica de Diseño Industrial^pArgentina<|>^aSecchi, Mariela^nInstituto Nacional de Tecnología Industrial. Gerencia de Desarrollo Tecnológico e Innovación. Dirección Técnica de Diseño Industrial^pArgentina<|>^aMartínez, Fernando^nInstituto Nacional de Tecnología Industrial. Gerencia de Desarrollo Tecnológico e Innovación. Dirección Técnica de Diseño Industrial^pArgentina;^aBecker, Rosalba María^nInstituto Nacional de Tecnología Industrial. Gerencia de Desarrollo Tecnológico e Innovación. Dirección Técnica de Diseño Industrial^pArgentina<|>^aSecchi, Mariela^nInstituto Nacional de Tecnología Industrial. Gerencia de Desarrollo Tecnológico e Innovación. Dirección Técnica de Diseño Industrial^pArgentina<|>^aMartínez, Fernando^nInstituto Nacional de Tecnología Industrial. Gerencia de Desarrollo Tecnológico e Innovación. Dirección Técnica de Diseño Industrial^pArgentina
050545;v26_Afiliacion_del_autor;^aCarola, Luis Federico José^nInstituto Nacional de Tecnología Industrial^sINTI^pArgentina<|>^aKorb, Mariel^nInstituto Nacional de Tecnología Industrial^sINTI^pArgentina<|>^aLagier, María Eugenia^nInstituto Nacional de Tecnología Industrial^sINTI^pArgentina<|>^aRichard, Ayelén^nInstituto Nacional de Tecnología Industrial^sINTI^pArgentina;^aCarola, Luis Federico José^nInstituto Nacional de Tecnología Industrial^sINTI^pArgentina<|>^aKorb, Mariel Lioren^nInstituto Nacional de Tecnología Industrial^sINTI^pArgentina<|>^aLagier, María Eugenia^nInstituto Nacional de Tecnología Industrial^sINTI^pArgentina<|>^aRichard, Ayelén^nInstituto Nacional de Tecnología Industrial^sINTI^pArgentina
050546;v26_Afiliacion_del_autor;^aRodríguez, Marcos^nInstituto Nacional de Tecnología Industrial^sINTI^pArgentina<|>^aRosso, Julián^nInstituto Nacional de Tecnología Industrial^sINTI^pArgentina<|>^aRichard, Ayelén^nInstituto Nacional de Tecnología Industrial^sINTI^pArgentina<|>^aSuárez, Eugenia^nInstituto Nacional de Tecnología Industrial^sINTI^pArgentina<|>^aPesci, Renata^nInstituto Nacional de Tecnología Industrial^sINTI^pArgentina<|>^aFoti, Sebastián^nInstituto Nacional de Tecnología Industrial^sINTI^pArgentina<|>^aParenti, Agustina^nInstituto Nacional de Tecnología Industrial^sINTI^pArgentina<|>^aZielinski, Ana^nInstituto Nacional de Tecnología Industrial^sINTI^pArgentina;^aRodríguez, Marcos Ignacio^nInstituto Nacional de Tecnología Industrial^sINTI^pArgentina<|>^aRosso, Julián^nInstituto Nacional de Tecnología Industrial^sINTI^pArgentina<|>^aRichard, Ayelén^nInstituto Nacional de Tecnología Industrial^sINTI^pArgentina<|>^aSuárez, Eugenia^nInstituto Nacional de Tecnología Industrial^sINTI^pArgentina<|>^aPesci, Renata^nInstituto Nacional de Tecnología Industrial^sINTI^pArgentina<|>^aFoti, Sebastián^nInstituto Nacional de Tecnología Industrial^sINTI^pArgentina<|>^aParenti, Agustina^nInstituto Nacional de Tecnología Industrial^sINTI^pArgentina<|>^aZielinski, Ana^nInstituto Nacional de Tecnología Industrial^sINTI^pArgentina
050553;v26_Afiliacion_del_autor;^aBarella, Mariano^nInstituto Nacional de Tecnología Industrial. INTI-Micro y Nanoelectrónica^pArgentina^nConsejo Nacional de Investigaciones Científicas y Técnicas^pArgentina^nComisión Nacional de Energía Atómica^pArgentina<|>^aSanca, G. A.^nUniversidad Nacional de San Martín. Escuela de Ciencia y Tecnología^pArgentina<|>^aGomez Marlasca, F.^nComisión Nacional de Energía Atómica^pArgentina<|>^aRodríguez, G.^nInstituto Nacional de Tecnología Industrial. INTI-Micro y Nanoelectrónica^pArgentina<|>^aMartelliti, D.^nInstituto Nacional de Tecnología Industrial. INTI-Micro y Nanoelectrónica^pArgentina<|>^aAbanto, L.^nUniversidad Nacional de San Martín. Escuela de Ciencia y Tecnología^pArgentina<|>^aLevy, Pablo^nComisión Nacional de Energía Atómica^pArgentina^nConsejo Nacional de Investigaciones Científicas y Técnicas^pArgentina<|>^aGolmar, F.^nInstituto Nacional de Tecnología Industrial. INTI-Micro y Nanoelectrónica^pArgentina^nUniversidad Nacional de San Martín. Escuela de Ciencia y Tecnología^pArgentina^nConsejo Nacional de Investigaciones Científicas y Técnicas^pArgentina;^aBarella, Mariano^nInstituto Nacional de Tecnología Industrial. INTI-Micro y Nanoelectrónica^pArgentina^nConsejo Nacional de Investigaciones Científicas y Técnicas^pArgentina^nComisión Nacional de Energía Atómica^pArgentina<|>^aSanca, G. A.^nUniversidad Nacional de San Martín. Escuela de Ciencia y Tecnología^pArgentina<|>^aGomez Marlasca, F.^nComisión Nacional de Energía Atómica^pArgentina<|>^aRodríguez, Gisela Vanina^nInstituto Nacional de Tecnología Industrial. INTI-Micro y Nanoelectrónica^pArgentina<|>^aMartelliti, D.^nInstituto Nacional de Tecnología Industrial. INTI-Micro y Nanoelectrónica^pArgentina<|>^aAbanto, L.^nUniversidad Nacional de San Martín. Escuela de Ciencia y Tecnología^pArgentina<|>^aLevy, Pablo^nComisión Nacional de Energía Atómica^pArgentina^nConsejo Nacional de Investigaciones Científicas y Técnicas^pArgentina<|>^aGolmar, F.^nInstituto Nacional de Tecnología Industrial. INTI-Micro y Nanoelectrónica^pArgentina^nUniversidad Nacional de San Martín. Escuela de Ciencia y Tecnología^pArgentina^nConsejo Nacional de Investigaciones Científicas y Técnicas^pArgentina
050558;v26_Afiliacion_del_autor;^aMahmud, Z. Á.^nInstituto Nacional de Tecnología Industrial^pArgentina<|>^aMíngolo, N.^nComisión Nacional de Energía Atómica^pArgentina<|>^aGordillo, G.^nUniversidad de Buenos Aires. Facultad de Ciencias Exactas y Naturales^pArgentina;^aMahmud, Zulema Ángela^nInstituto Nacional de Tecnología Industrial^pArgentina<|>^aMíngolo, N.^nComisión Nacional de Energía Atómica^pArgentina<|>^aGordillo, G.^nUniversidad de Buenos Aires. Facultad de Ciencias Exactas y Naturales^pArgentina
050565;v26_Afiliacion_del_autor;^aVigna, Alejandrina Moira^nInstituto Nacional de Tecnología Industrial. INTI-Diseño Industrial^pArgentina<|>^aRamírez, Rodrigo^nInstituto Nacional de Tecnología Industrial. INTI-Diseño Industrial^pArgentina<|>^aTorregiani, Luciana^nInstituto Nacional de Tecnología Industrial. INTI-Diseño Industrial^pArgentina;^aVigna, Alejandrina Moira^nInstituto Nacional de Tecnología Industrial. INTI-Diseño Industrial^pArgentina<|>^aRamírez, Rodrigo Javier^nInstituto Nacional de Tecnología Industrial. INTI-Diseño Industrial^pArgentina<|>^aTorregiani, Luciana^nInstituto Nacional de Tecnología Industrial. INTI-Diseño Industrial^pArgentina
050566;v26_Afiliacion_del_autor;^aPinheiro, Verónica^nInstituto Nacional de Tecnología Industrial. INTI-Diseño Industrial^pArgentina<|>^aRamírez, Rodrigo^nInstituto Nacional de Tecnología Industrial. INTI-Diseño Industrial^pArgentina;^aPinheiro, Verónica^nInstituto Nacional de Tecnología Industrial. INTI-Diseño Industrial^pArgentina<|>^aRamírez, Rodrigo Javier^nInstituto Nacional de Tecnología Industrial. INTI-Diseño Industrial^pArgentina
050568;v26_Afiliacion_del_autor;^aRamírez, Rodrigo^nInstituto Nacional de Tecnología Industrial. INTI-Diseño Industrial^pArgentina<|>^aPinheiro, Verónica^nInstituto Nacional de Tecnología Industrial. INTI-Diseño Industrial^pArgentina<|>^aZorrilla, Ladislao^nInstituto Nacional de Tecnología Industrial. INTI-Diseño Industrial^pArgentina<|>^aCeballos, Jorge Ceferino^nInstituto Nacional de Tecnología Industrial. INTI-Diseño Industrial^pArgentina<|>^aBenasso, Tomás^nInstituto Nacional de Tecnología Industrial. INTI-Diseño Industrial^pArgentina;^aRamírez, Rodrigo Javier^nInstituto Nacional de Tecnología Industrial. INTI-Diseño Industrial^pArgentina<|>^aPinheiro, Verónica^nInstituto Nacional de Tecnología Industrial. INTI-Diseño Industrial^pArgentina<|>^aZorrilla, Ladislao León^nInstituto Nacional de Tecnología Industrial. INTI-Diseño Industrial^pArgentina<|>^aCeballos, Jorge Ceferino^nInstituto Nacional de Tecnología Industrial. INTI-Diseño Industrial^pArgentina<|>^aBenasso, Tomás^nInstituto Nacional de Tecnología Industrial. INTI-Diseño Industrial^pArgentina
050569;v26_Afiliacion_del_autor;^aSecchi, Mariela^nInstituto Nacional de Tecnología Industrial. INTI-Diseño Industrial^pArgentina<|>^aRamírez, Rodrigo^nInstituto Nacional de Tecnología Industrial. INTI-Diseño Industrial^pArgentina<|>^aZorrilla, Ladislao^nInstituto Nacional de Tecnología Industrial. INTI-Diseño Industrial^pArgentina<|>^aCeballos, Jorge Ceferino^nInstituto Nacional de Tecnología Industrial. INTI-Diseño Industrial^pArgentina;^aSecchi, Mariela^nInstituto Nacional de Tecnología Industrial. INTI-Diseño Industrial^pArgentina<|>^aRamírez, Rodrigo Javier^nInstituto Nacional de Tecnología Industrial. INTI-Diseño Industrial^pArgentina<|>^aZorrilla, Ladislao León^nInstituto Nacional de Tecnología Industrial. INTI-Diseño Industrial^pArgentina<|>^aCeballos, Jorge Ceferino^nInstituto Nacional de Tecnología Industrial. INTI-Diseño Industrial^pArgentina
050570;v26_Afiliacion_del_autor;^aDubois, María José^nInstituto Nacional de Tecnología Industrial. INTI-Diseño Industrial^pArgentina<|>^aApecena, Luciana^nInstituto Nacional de Tecnología Industrial. INTI-Diseño Industrial^pArgentina<|>^aVigna, Alejandrina Moira^nInstituto Nacional de Tecnología Industrial. INTI-Diseño Industrial^pArgentina<|>^aRamírez, Rodrigo^nInstituto Nacional de Tecnología Industrial. INTI-Diseño Industrial^pArgentina;^aDubois, María José^nInstituto Nacional de Tecnología Industrial. INTI-Diseño Industrial^pArgentina<|>^aApecena, Luciana^nInstituto Nacional de Tecnología Industrial. INTI-Diseño Industrial^pArgentina<|>^aVigna, Alejandrina Moira^nInstituto Nacional de Tecnología Industrial. INTI-Diseño Industrial^pArgentina<|>^aRamírez, Rodrigo Javier^nInstituto Nacional de Tecnología Industrial. INTI-Diseño Industrial^pArgentina
050571;v26_Afiliacion_del_autor;^aPinheiro, Verónica^nInstituto Nacional de Tecnología Industrial. INTI-Diseño Industrial^pArgentina<|>^aZorrilla, Ladislao^nInstituto Nacional de Tecnología Industrial. INTI-Diseño Industrial^pArgentina<|>^aRamírez, Rodrigo^nInstituto Nacional de Tecnología Industrial. INTI-Diseño Industrial^pArgentina;^aPinheiro, Verónica^nInstituto Nacional de Tecnología Industrial. INTI-Diseño Industrial^pArgentina<|>^aZorrilla, Ladislao León^nInstituto Nacional de Tecnología Industrial. INTI-Diseño Industrial^pArgentina<|>^aRamírez, Rodrigo Javier^nInstituto Nacional de Tecnología Industrial. INTI-Diseño Industrial^pArgentina
050581;v26_Afiliacion_del_autor;^aGauna Peter, R.^nInstituto Nacional de Tecnología Industrial. INTI-Química^pArgentina<|>^aMartínez, V.^nInstituto Nacional de Tecnología Industrial. INTI-Química^pArgentina<|>^aAmore, S.^nInstituto Nacional de Tecnología Industrial. INTI-Química^pArgentina<|>^aRuiz Díaz, R.^nInstituto Nacional de Tecnología Industrial. INTI-Química^pArgentina<|>^aLelli, D.^nInstituto Nacional de Tecnología Industrial. INTI-Química^pArgentina<|>^aFrangie, M. S.^nInstituto Nacional de Tecnología Industrial. INTI-Química^pArgentina<|>^aSakson, M.^nGador^pArgentina<|>^aDíaz, L.^nGador^pArgentina<|>^aMartínez, A.^nGador^pArgentina<|>^aMondelo, N.^nGador^pArgentina<|>^aTombari, D.^nGador^pArgentina<|>^aDefain Tesoriero, María Victoria^nInstituto Nacional de Tecnología Industrial. INTI-Química^pArgentina;^aGauna Peter, R.^nInstituto Nacional de Tecnología Industrial. INTI-Química^pArgentina<|>^aMartínez, V.^nInstituto Nacional de Tecnología Industrial. INTI-Química^pArgentina<|>^aAmore, S.^nInstituto Nacional de Tecnología Industrial. INTI-Química^pArgentina<|>^aRuiz Díaz, R.^nInstituto Nacional de Tecnología Industrial. INTI-Química^pArgentina<|>^aLelli, D.^nInstituto Nacional de Tecnología Industrial. INTI-Química^pArgentina<|>^aFrangie, M. S.^nInstituto Nacional de Tecnología Industrial. INTI-Química^pArgentina<|>^aSakson, M.^nGador^pArgentina<|>^aDíaz, Liliana Analía^nGador^pArgentina<|>^aMartínez, A.^nGador^pArgentina<|>^aMondelo, N.^nGador^pArgentina<|>^aTombari, D.^nGador^pArgentina<|>^aDefain Tesoriero, María Victoria^nInstituto Nacional de Tecnología Industrial. INTI-Química^pArgentina
050582;v26_Afiliacion_del_autor;^aArata, Juan Esteban^nInstituto Nacional de Tecnología Industrial. INTI-Química^pArgentina<|>^aCórdoba Estévez, Mónica María^nInstituto Nacional de Tecnología Industrial. INTI-Química^pArgentina<|>^aFerreira, A.^nInstituto Nacional de Tecnología Industrial. INTI-Química^pArgentina<|>^aRey, F.^nInstituto Nacional de Tecnología Industrial. INTI-Química^pArgentina<|>^aWarcok, Leonardo Carlos^nInstituto Nacional de Tecnología Industrial. INTI-Química^pArgentina<|>^aArcangelo, M.^nInstituto Nacional de Tecnología Industrial. INTI-Química^pArgentina<|>^aZannoni, Valeria^nInstituto Nacional de Tecnología Industrial. INTI-Química^pArgentina;^aArata, Juan Esteban^nInstituto Nacional de Tecnología Industrial. INTI-Química^pArgentina<|>^aCórdoba Estévez, Mónica María^nInstituto Nacional de Tecnología Industrial. INTI-Química^pArgentina<|>^aFerreira, A.^nInstituto Nacional de Tecnología Industrial. INTI-Química^pArgentina<|>^aRey, F.^nInstituto Nacional de Tecnología Industrial. INTI-Química^pArgentina<|>^aWarcok, Leonardo Carlos^nInstituto Nacional de Tecnología Industrial. INTI-Química^pArgentina<|>^aArcángelo, Marisa Ruth^nInstituto Nacional de Tecnología Industrial. INTI-Química^pArgentina<|>^aZannoni, Valeria^nInstituto Nacional de Tecnología Industrial. INTI-Química^pArgentina
050595;v26_Afiliacion_del_autor;^aNavarro, Leandro^nInstituto Nacional de Tecnología Industrial. INTI-Biotecnología^pArgentina<|>^aBlasco, M.^nInstituto Nacional de Tecnología Industrial. INTI-Biotecnología^pArgentina;^aNavarro, Leandro^nInstituto Nacional de Tecnología Industrial. INTI-Biotecnología^pArgentina<|>^aBlasco, Marco Javier^nInstituto Nacional de Tecnología Industrial. INTI-Biotecnología^pArgentina
050599;v26_Afiliacion_del_autor;^aFiora, M.^nInstituto Nacional de Tecnología Industrial. INTI-Micro y Nanoelectrónica^pArgentina<|>^aAlamón, D.^nInstituto Nacional de Tecnología Industrial. INTI-Micro y Nanoelectrónica^pArgentina<|>^aMalatto, L.^nInstituto Nacional de Tecnología Industrial. INTI-Micro y Nanoelectrónica^pArgentina;^aFiora, M.^nInstituto Nacional de Tecnología Industrial. INTI-Micro y Nanoelectrónica^pArgentina<|>^aAlamón, Diego Fernando^nInstituto Nacional de Tecnología Industrial. INTI-Micro y Nanoelectrónica^pArgentina<|>^aMalatto, L.^nInstituto Nacional de Tecnología Industrial. INTI-Micro y Nanoelectrónica^pArgentina
050615;v26_Afiliacion_del_autor;^aDe Pari, Silvia Patricia^nInstituto Nacional de Tecnología Industrial. INTI-Salta^pArgentina<|>^aAndrés, C.^nInstituto Nacional de Tecnología Industrial. INTI-Salta^pArgentina<|>^aLópez, G.^nInstituto Nacional de Tecnología Industrial. INTI-Salta^pArgentina<|>^aCabrera, Jesús Ernesto^nInstituto Nacional de Tecnología Industrial. INTI-Salta^pArgentina<|>^aCanalís, Verónica Lorena^nInstituto Nacional de Tecnología Industrial. INTI-Salta^pArgentina;^aDe Pari, Silvia Patricia^nInstituto Nacional de Tecnología Industrial. INTI-Salta^pArgentina<|>^aAndres, Claudia Raquel^nInstituto Nacional de Tecnología Industrial. INTI-Salta^pArgentina<|>^aLópez, G.^nInstituto Nacional de Tecnología Industrial. INTI-Salta^pArgentina<|>^aCabrera, Jesús Ernesto^nInstituto Nacional de Tecnología Industrial. INTI-Salta^pArgentina<|>^aCanalís, Verónica Lorena^nInstituto Nacional de Tecnología Industrial. INTI-Salta^pArgentina
050623;v26_Afiliacion_del_autor;^aRodríguez, M.^nInstituto Nacional de Tecnología Industrial. Gerencia de Proyectos Especiales^pArgentina<|>^aClaros, S.^nInstituto Nacional de Tecnología Industrial. Gerencia de Proyectos Especiales^pArgentina<|>^aRoa, Ruy Diego^nInstituto Nacional de Tecnología Industrial. Gerencia de Proyectos Especiales^pArgentina<|>^aMogensen, M.^nInstituto Nacional de Tecnología Industrial. Gerencia de Proyectos Especiales^pArgentina;^aRodríguez, M.^nInstituto Nacional de Tecnología Industrial. Gerencia de Proyectos Especiales^pArgentina<|>^aClaros, Sonia Amelia^nInstituto Nacional de Tecnología Industrial. Gerencia de Proyectos Especiales^pArgentina<|>^aRoa, Ruy Diego^nInstituto Nacional de Tecnología Industrial. Gerencia de Proyectos Especiales^pArgentina<|>^aMogensen, M.^nInstituto Nacional de Tecnología Industrial. Gerencia de Proyectos Especiales^pArgentina
050641;v26_Afiliacion_del_autor;^aTouloumdjian, Carolina Sofía^nInstituto Nacional de Tecnología Industrial. INTI-Química^pArgentina<|>^aElhalem, E.^nInstituto Nacional de Tecnología Industrial. INTI-Química^pArgentina<|>^aComin,  M. J.^nInstituto Nacional de Tecnología Industrial. INTI-Química^pArgentina<|>^aGandolfi Donadío, L.^nInstituto Nacional de Tecnología Industrial. INTI-Química^pArgentina;^aTouloumdjian, Carolina Sofía^nInstituto Nacional de Tecnología Industrial. INTI-Química^pArgentina<|>^aElhalem, E.^nInstituto Nacional de Tecnología Industrial. INTI-Química^pArgentina<|>^aComin, María Julieta^nInstituto Nacional de Tecnología Industrial. INTI-Química^pArgentina<|>^aGandolfi Donadío, L.^nInstituto Nacional de Tecnología Industrial. INTI-Química^pArgentina
050642;v26_Afiliacion_del_autor;^aElhalem, E.^nInstituto Nacional de Tecnología Industrial. INTI-Química^pArgentina<|>^aMorrone, Josefina^nInstituto Nacional de Tecnología Industrial. INTI-Química^pArgentina<|>^aReidel, Sara Isabel^nInstituto Nacional de Tecnología Industrial. INTI-Biotecnología Industrial^pArgentina<|>^aCiarlantini, Matías Sebastián^nInstituto Nacional de Tecnología Industrial. INTI-Química^pArgentina<|>^aGauna, R. P.^nInstituto Nacional de Tecnología Industrial. INTI-Química^pArgentina<|>^aZannoni, Valeria^nInstituto Nacional de Tecnología Industrial. INTI-Química^pArgentina<|>^aGandolfi Donadío, L.^nInstituto Nacional de Tecnología Industrial. INTI-Química^pArgentina<|>^aPozo, Larisa^nInstituto Nacional de Tecnología Industrial. Gerencia de Desarrollo^pArgentina<|>^aCesa, Verónica Silvina^nInstituto Nacional de Tecnología Industrial. INTI-Economía Industrial^pArgentina<|>^aMatos, María Laura^nInstituto Nacional de Tecnología Industrial. INTI-Biotecnología Industrial^pArgentina<|>^aBlasco, M.^nInstituto Nacional de Tecnología Industrial. INTI-Biotecnología Industrial^pArgentina<|>^aDefain Tesoriero, María Victoria^nInstituto Nacional de Tecnología Industrial. INTI-Química^pArgentina<|>^aComin, María Julieta^nInstituto Nacional de Tecnología Industrial. INTI-Química^pArgentina;^aElhalem, E.^nInstituto Nacional de Tecnología Industrial. INTI-Química^pArgentina<|>^aMorrone, Josefina^nInstituto Nacional de Tecnología Industrial. INTI-Química^pArgentina<|>^aReidel, Sara Isabel^nInstituto Nacional de Tecnología Industrial. INTI-Biotecnología Industrial^pArgentina<|>^aCiarlantini, Matías Sebastián^nInstituto Nacional de Tecnología Industrial. INTI-Química^pArgentina<|>^aGauna, R. P.^nInstituto Nacional de Tecnología Industrial. INTI-Química^pArgentina<|>^aZannoni, Valeria^nInstituto Nacional de Tecnología Industrial. INTI-Química^pArgentina<|>^aGandolfi Donadío, L.^nInstituto Nacional de Tecnología Industrial. INTI-Química^pArgentina<|>^aPozo, Larisa^nInstituto Nacional de Tecnología Industrial. Gerencia de Desarrollo^pArgentina<|>^aCesa, Verónica Silvina^nInstituto Nacional de Tecnología Industrial. INTI-Economía Industrial^pArgentina<|>^aMatos, María Laura^nInstituto Nacional de Tecnología Industrial. INTI-Biotecnología Industrial^pArgentina<|>^aBlasco, Marco Javier^nInstituto Nacional de Tecnología Industrial. INTI-Biotecnología Industrial^pArgentina<|>^aDefain Tesoriero, María Victoria^nInstituto Nacional de Tecnología Industrial. INTI-Química^pArgentina<|>^aComin, María Julieta^nInstituto Nacional de Tecnología Industrial. INTI-Química^pArgentina
050646;v26_Afiliacion_del_autor;^aTouloumdjian, C.^nInstituto Nacional de Tecnología Industrial. INTI-Química^pArgentina<|>^aCatone, Mariela Verónica^nInstituto Nacional de Tecnología Industrial. INTI-Biotecnología Industrial^pArgentina<|>^aElhalem, E.^nInstituto Nacional de Tecnología Industrial. INTI-Química^pArgentina<|>^aCórdoba Estévez, Mónica María^nInstituto Nacional de Tecnología Industrial. INTI-Química^pArgentina<|>^aPozo, Larisa^nInstituto Nacional de Tecnología Industrial. Gerencia de Desarrollo^pArgentina<|>^aCesa, Verónica Silvina^nInstituto Nacional de Tecnología Industrial. INTI-Economía Industrial^pArgentina<|>^aComin, María Julieta^nInstituto Nacional de Tecnología Industrial. INTI-Química^pArgentina<|>^aBlasco, M.^nInstituto Nacional de Tecnología Industrial. INTI-Biotecnología Industrial^pArgentina<|>^aGandolfi Donadío, L.^nInstituto Nacional de Tecnología Industrial. INTI-Química^pArgentina;^aTouloumdjian, C.^nInstituto Nacional de Tecnología Industrial. INTI-Química^pArgentina<|>^aCatone, Mariela Verónica^nInstituto Nacional de Tecnología Industrial. INTI-Biotecnología Industrial^pArgentina<|>^aElhalem, E.^nInstituto Nacional de Tecnología Industrial. INTI-Química^pArgentina<|>^aCórdoba Estévez, Mónica María^nInstituto Nacional de Tecnología Industrial. INTI-Química^pArgentina<|>^aPozo, Larisa^nInstituto Nacional de Tecnología Industrial. Gerencia de Desarrollo^pArgentina<|>^aCesa, Verónica Silvina^nInstituto Nacional de Tecnología Industrial. INTI-Economía Industrial^pArgentina<|>^aComin, María Julieta^nInstituto Nacional de Tecnología Industrial. INTI-Química^pArgentina<|>^aBlasco, Marco Javier^nInstituto Nacional de Tecnología Industrial. INTI-Biotecnología Industrial^pArgentina<|>^aGandolfi Donadío, L.^nInstituto Nacional de Tecnología Industrial. INTI-Química^pArgentina
050678;v26_Afiliacion_del_autor;^aRisso, Marcos Gabriel^nInstituto Nacional de Tecnología Industrial. INTI-Tucumán^pArgentina<|>^aRearte, M.^nInstituto Nacional de Tecnología Industrial. INTI-Tucumán^pArgentina<|>^aMartinez Pulido, G.^nInstituto Nacional de Tecnología Industrial. INTI-Tucumán^pArgentina<|>^aAbdelhamid, Sado^nInstituto Nacional de Tecnología Industrial. INTI-Tucumán^pArgentina<|>^aMolina Tirado, L.^nInstituto Nacional de Tecnología Industrial. INTI-Biorrefinerías^pArgentina;^aRisso, Marcos Gabriel^nInstituto Nacional de Tecnología Industrial. INTI-Tucumán^pArgentina<|>^aRearte, M.^nInstituto Nacional de Tecnología Industrial. INTI-Tucumán^pArgentina<|>^aMartínez Pulido, Guillermo^nInstituto Nacional de Tecnología Industrial. INTI-Tucumán^pArgentina<|>^aAbdelhamid, Sado^nInstituto Nacional de Tecnología Industrial. INTI-Tucumán^pArgentina<|>^aMolina Tirado, L.^nInstituto Nacional de Tecnología Industrial. INTI-Biorrefinerías^pArgentina
050692;v26_Afiliacion_del_autor;^aBecker, Rosalba^nInstituto Nacional de Tecnología Industrial. Departamento de Alimentos Centro^sINTI^pArgentina<|>^aDíaz, Victoria^nInstituto Nacional de Tecnología Industrial. Departamento de Experiencia del Usuario^sINTI^pArgentina<|>^aDorado, Cecilia^nInstituto Nacional de Tecnología Industrial. Departamento de Gestión del Diseño^sINTI^pArgentina<|>^aGoglino, Manuel^nInstituto Nacional de Tecnología Industrial. Departamento de Gestión de Proyectos Patagonia^sINTI^pArgentina<|>^aMinaglia, Mariano^nInstituto Nacional de Tecnología Industrial. Departamento de Medio Ambiente Centro^sINTI^pArgentina<|>^aOstoich, Maximiliano^nInstituto Nacional de Tecnología Industrial. Dirección Técnica de Diseño Industrial^sINTI^pArgentina<|>^aReiner, Walter^nInstituto Nacional de Tecnología Industrial. Departamento de Gestión del Diseño^sINTI^pArgentina<|>^aRodríguez, Gisela^nInstituto Nacional de Tecnología Industrial. Departamento de Medio Ambiente Centro^sINTI^pArgentina<|>^aRuhl, Gustavo^nInstituto Nacional de Tecnología Industrial. Departamento de Medio Ambiente Centro^sINTI^pArgentina<|>^aZorrilla, Ladislao^nInstituto Nacional de Tecnología Industrial. Departamento de Experiencia del Usuario^sINTI^pArgentina;^aBecker, Rosalba María^nInstituto Nacional de Tecnología Industrial. Departamento de Alimentos Centro^sINTI^pArgentina<|>^aDíaz, Victoria^nInstituto Nacional de Tecnología Industrial. Departamento de Experiencia del Usuario^sINTI^pArgentina<|>^aDorado, Cecilia^nInstituto Nacional de Tecnología Industrial. Departamento de Gestión del Diseño^sINTI^pArgentina<|>^aGoglino, Manuel^nInstituto Nacional de Tecnología Industrial. Departamento de Gestión de Proyectos Patagonia^sINTI^pArgentina<|>^aMinaglia, Mariano^nInstituto Nacional de Tecnología Industrial. Departamento de Medio Ambiente Centro^sINTI^pArgentina<|>^aOstoich, Maximiliano^nInstituto Nacional de Tecnología Industrial. Dirección Técnica de Diseño Industrial^sINTI^pArgentina<|>^aReiner, Walter^nInstituto Nacional de Tecnología Industrial. Departamento de Gestión del Diseño^sINTI^pArgentina<|>^aRodríguez, Gisela Vanina^nInstituto Nacional de Tecnología Industrial. Departamento de Medio Ambiente Centro^sINTI^pArgentina<|>^aRuhl, Gustavo Gabriel^nInstituto Nacional de Tecnología Industrial. Departamento de Medio Ambiente Centro^sINTI^pArgentina<|>^aZorrilla, Ladislao León^nInstituto Nacional de Tecnología Industrial. Departamento de Experiencia del Usuario^sINTI^pArgentina
050693;v26_Afiliacion_del_autor;^aBecker, Rosalba^nInstituto Nacional de Tecnología Industrial. Departamento de Alimentos Centro^sINTI^pArgentina<|>^aDíaz, Victoria^nInstituto Nacional de Tecnología Industrial. Departamento de Experiencia del Usuario^sINTI^pArgentina<|>^aDorado, Cecilia^nInstituto Nacional de Tecnología Industrial. Departamento de Gestión del Diseño^sINTI^pArgentina<|>^aGoglino, Manuel^nInstituto Nacional de Tecnología Industrial. Departamento de Gestión de Proyectos Patagonia^sINTI^pArgentina<|>^aMinaglia, Mariano^nInstituto Nacional de Tecnología Industrial. Departamento de Medio Ambiente Centro^sINTI^pArgentina<|>^aOstoich, Maximiliano^nInstituto Nacional de Tecnología Industrial.Dirección Técnica de Diseño Industrial^sINTI^pArgentina<|>^aReiner, Walter^nInstituto Nacional de Tecnología Industrial.Departamento de Gestión del Diseño^sINTI^pArgentina<|>^aRodríguez, Gisela^nInstituto Nacional de Tecnología Industrial.Departamento de Medio Ambiente Centro^sINTI^pArgentina<|>^aRuhl, Gustavo^nInstituto Nacional de Tecnología Industrial.Departamento de Medio Ambiente Centro^sINTI^pArgentina<|>^aZorrilla, Ladislao^nInstituto Nacional de Tecnología Industrial.Departamento de Experiencia del Usuario^sINTI^pArgentina;^aBecker, Rosalba María^nInstituto Nacional de Tecnología Industrial. Departamento de Alimentos Centro^sINTI^pArgentina<|>^aDíaz, Victoria^nInstituto Nacional de Tecnología Industrial. Departamento de Experiencia del Usuario^sINTI^pArgentina<|>^aDorado, Cecilia^nInstituto Nacional de Tecnología Industrial. Departamento de Gestión del Diseño^sINTI^pArgentina<|>^aGoglino, Manuel^nInstituto Nacional de Tecnología Industrial. Departamento de Gestión de Proyectos Patagonia^sINTI^pArgentina<|>^aMinaglia, Mariano^nInstituto Nacional de Tecnología Industrial. Departamento de Medio Ambiente Centro^sINTI^pArgentina<|>^aOstoich, Maximiliano^nInstituto Nacional de Tecnología Industrial.Dirección Técnica de Diseño Industrial^sINTI^pArgentina<|>^aReiner, Walter^nInstituto Nacional de Tecnología Industrial.Departamento de Gestión del Diseño^sINTI^pArgentina<|>^aRodríguez, Gisela Vanina^nInstituto Nacional de Tecnología Industrial.Departamento de Medio Ambiente Centro^sINTI^pArgentina<|>^aRuhl, Gustavo Gabriel^nInstituto Nacional de Tecnología Industrial.Departamento de Medio Ambiente Centro^sINTI^pArgentina<|>^aZorrilla, Ladislao León^nInstituto Nacional de Tecnología Industrial.Departamento de Experiencia del Usuario^sINTI^pArgentina
050698;v26_Afiliacion_del_autor;^aVillarreal, M^nInstituto Nacional de Tecnología Industrial. Gerencia Operativa de Servicios Industriales. Subgerencia Operativa de Tecnología de Alimentos^sINTI^pArgentina<|>^aLandoni, Lourdes Nahir^nInstituto Nacional de Tecnología Industrial. Gerencia Operativa de Desarrollo Tecnológico e Innovación. Subgerencia Operativa de Tecnología de Alimentos^sINTI-GODTeI-SOTA^pArgentina<|>^aCornacchini, Marina^nInstituto Nacional de Tecnología Industrial. Gerencia Operativa de Desarrollo Tecnológico e Innovación. Subgerencia Operativa de Tecnología de Alimentos^sINTI-GODTeI-SOTA^pArgentina<|>^aMurphy, M.^nInstituto Nacional de Tecnología Industrial. Gerencia Operativa de Servicios Industriales. Subgerencia Operativa de Tecnología de Alimentos^sINTI-GODTeI-SOTA^pArgentina<|>^aLópez, M.^nInstituto Nacional de Tecnología Industrial. Gerencia Operativa de Servicios Industriales. Subgerencia Operativa de Tecnología de Alimentos^sINTI-GODTeI-SOTA^pArgentina<|>^aSanta, C.^nInstituto Nacional de Tecnología Industrial. Gerencia Operativa de Servicios Industriales. Subgerencia Operativa de Tecnología de Alimentos^sINTI-GODTeI-SOTA^pArgentina<|>^aSimón, Mariano Ernesto^nInstituto Nacional de Tecnología Industrial. Gerencia Operativa de Servicios Industriales. Subgerencia Operativa de Tecnología de Alimentos^sINTI-GODTeI-SOTA^pArgentina<|>^aRzeznik, M.^nInstituto Nacional de Tecnología Industrial. Gerencia Operativa de Servicios Industriales. Subgerencia Operativa de Tecnología de Alimentos^sINTI-GODTeI-SOTA^pArgentina<|>^aCirio, Mercedes^nInstituto Nacional de Tecnología Industrial. Gerencia Operativa de Servicios Industriales. Subgerencia Operativa de Tecnología de Alimentos^sINTI-GODTeI-SOTA^pArgentina<|>^aPino, F.^nInstituto Nacional de Tecnología Industrial. Gerencia Operativa de Servicios Industriales. Subgerencia Operativa de Tecnología de Alimentos^sINTI-GODTeI-SOTA^pArgentina<|>^aGiammarco, A.^nInstituto Nacional de Tecnología Industrial. Gerencia Operativa de Servicios Industriales. Subgerencia Operativa de Tecnología de Alimentos^sINTI-GODTeI-SOTA^pArgentina<|>^aIglesias, F.^nInstituto Nacional de Tecnología Industrial. Gerencia Operativa de Desarrollo Tecnológico e Innovación. Subgerencia Operativa de Tecnología de Alimentos^sINTI-GODTeI-SOTA^pArgentina<|>^aMaiorana, Pablo Andrés^nInstituto Nacional de Tecnología Industrial. Gerencia Operativa de Servicios Industriales. Subgerencia Operativa de Mecánica y Logística^sINTI-GOSI-SOMyL^pArgentina<|>^aHeredia, Sergio Alberto^nInstituto Nacional de Tecnología Industrial. Gerencia Operativa de Servicios Industriales. Subgerencia Operativa de Mecánica y Logística^sINTI-GOSI-SOMyL^pArgentina<|>^aGarro, J.^nInstituto Nacional de Tecnología Industrial. Gerencia Operativa de Servicios Industriales. Subgerencia Operativa de Química y Ambiente^sINTI-GOSI-SOQyA^pArgentina<|>^aFalabella, C.^nInstituto Nacional de Tecnología Industrial. Gerencia Operativa de Servicios Industriales. Subgerencia Operativa de Química y Ambiente^sINTI-GOSI-SOQyA^pArgentina<|>^aRivarola, A.^nInstituto Nacional de Tecnología Industrial. Gerencia Operativa de Servicios Industriales. Subgerencia Operativa de Química y Ambiente^sINTI-GOSI-SOQyA^pArgentina<|>^aHenríquez, V.^nInstituto Nacional de Tecnología Industrial. Gerencia Operativa de Servicios Industriales. Subgerencia Operativa de Química y Ambiente^sINTI-GOSI-SOQyA^pArgentina;^aVillarreal, M^nInstituto Nacional de Tecnología Industrial. Gerencia Operativa de Servicios Industriales. Subgerencia Operativa de Tecnología de Alimentos^sINTI^pArgentina<|>^aLandoni, Lourdes Nahir^nInstituto Nacional de Tecnología Industrial. Gerencia Operativa de Desarrollo Tecnológico e Innovación. Subgerencia Operativa de Tecnología de Alimentos^sINTI-GODTeI-SOTA^pArgentina<|>^aCornacchini, Marina^nInstituto Nacional de Tecnología Industrial. Gerencia Operativa de Desarrollo Tecnológico e Innovación. Subgerencia Operativa de Tecnología de Alimentos^sINTI-GODTeI-SOTA^pArgentina<|>^aMurphy, M.^nInstituto Nacional de Tecnología Industrial. Gerencia Operativa de Servicios Industriales. Subgerencia Operativa de Tecnología de Alimentos^sINTI-GODTeI-SOTA^pArgentina<|>^aLópez, María Cristina^nInstituto Nacional de Tecnología Industrial. Gerencia Operativa de Servicios Industriales. Subgerencia Operativa de Tecnología de Alimentos^sINTI-GODTeI-SOTA^pArgentina<|>^aSanta, C.^nInstituto Nacional de Tecnología Industrial. Gerencia Operativa de Servicios Industriales. Subgerencia Operativa de Tecnología de Alimentos^sINTI-GODTeI-SOTA^pArgentina<|>^aSimón, Mariano Ernesto^nInstituto Nacional de Tecnología Industrial. Gerencia Operativa de Servicios Industriales. Subgerencia Operativa de Tecnología de Alimentos^sINTI-GODTeI-SOTA^pArgentina<|>^aRzeznik, M.^nInstituto Nacional de Tecnología Industrial. Gerencia Operativa de Servicios Industriales. Subgerencia Operativa de Tecnología de Alimentos^sINTI-GODTeI-SOTA^pArgentina<|>^aCirio, Mercedes^nInstituto Nacional de Tecnología Industrial. Gerencia Operativa de Servicios Industriales. Subgerencia Operativa de Tecnología de Alimentos^sINTI-GODTeI-SOTA^pArgentina<|>^aPino, F.^nInstituto Nacional de Tecnología Industrial. Gerencia Operativa de Servicios Industriales. Subgerencia Operativa de Tecnología de Alimentos^sINTI-GODTeI-SOTA^pArgentina<|>^aGiammarco, A.^nInstituto Nacional de Tecnología Industrial. Gerencia Operativa de Servicios Industriales. Subgerencia Operativa de Tecnología de Alimentos^sINTI-GODTeI-SOTA^pArgentina<|>^aIglesias, F.^nInstituto Nacional de Tecnología Industrial. Gerencia Operativa de Desarrollo Tecnológico e Innovación. Subgerencia Operativa de Tecnología de Alimentos^sINTI-GODTeI-SOTA^pArgentina<|>^aMaiorana, Pablo Andrés^nInstituto Nacional de Tecnología Industrial. Gerencia Operativa de Servicios Industriales. Subgerencia Operativa de Mecánica y Logística^sINTI-GOSI-SOMyL^pArgentina<|>^aHeredia, Sergio Alberto^nInstituto Nacional de Tecnología Industrial. Gerencia Operativa de Servicios Industriales. Subgerencia Operativa de Mecánica y Logística^sINTI-GOSI-SOMyL^pArgentina<|>^aGarro, J.^nInstituto Nacional de Tecnología Industrial. Gerencia Operativa de Servicios Industriales. Subgerencia Operativa de Química y Ambiente^sINTI-GOSI-SOQyA^pArgentina<|>^aFalabella, C.^nInstituto Nacional de Tecnología Industrial. Gerencia Operativa de Servicios Industriales. Subgerencia Operativa de Química y Ambiente^sINTI-GOSI-SOQyA^pArgentina<|>^aRivarola, A.^nInstituto Nacional de Tecnología Industrial. Gerencia Operativa de Servicios Industriales. Subgerencia Operativa de Química y Ambiente^sINTI-GOSI-SOQyA^pArgentina<|>^aHenríquez, V.^nInstituto Nacional de Tecnología Industrial. Gerencia Operativa de Servicios Industriales. Subgerencia Operativa de Química y Ambiente^sINTI-GOSI-SOQyA^pArgentina
050700;v26_Afiliacion_del_autor;^aCiurletti, Cristián Ricardo^nInstituto Nacional de Tecnología Industrial^sINTI^pArgentina<|>^aClaros, S.^nInstituto Nacional de Tecnología Industrial^sINTI^pArgentina;^aCiurletti, Cristián Ricardo^nInstituto Nacional de Tecnología Industrial^sINTI^pArgentina<|>^aClaros, Sonia Amelia^nInstituto Nacional de Tecnología Industrial^sINTI^pArgentina
050704;v26_Afiliacion_del_autor;^aGubelin, K.^nInstituto Nacional de Tecnología Industrial. Dirección Operativa. Gerencia Operativa de Asistencia Regional. Subgerencia Operativa Regional Patagonia. Dirección Técnica Regional Patagonia Norte. Departamento de Servicios Analíticos Industriales Patagonia^sINTI-GOAR-SOR^pArgentina<|>^aSánchez Valdivia, V.^nInstituto Nacional de Tecnología Industrial. Dirección Operativa. Gerencia Operativa de Asistencia Regional. Subgerencia Operativa Regional Patagonia. Dirección Técnica Regional Patagonia Norte. Departamento de Servicios Analíticos Industriales Patagonia^sINTI-GOAR-SOR^pArgentina<|>^aOhaco, P..^nInstituto Nacional de Tecnología Industrial. Dirección Operativa. Gerencia Operativa de Asistencia Regional. Subgerencia Operativa Regional Patagonia. Dirección Técnica Regional Patagonia Norte. Departamento de Servicios Analíticos Industriales Patagonia^sINTI-GOAR-SOR^pArgentina<|>^aApablaza, Olga Mirene^nInstituto Nacional de Tecnología Industrial. Dirección Operativa. Gerencia Operativa de Asistencia Regional. Subgerencia Operativa Regional Patagonia. Dirección Técnica Regional Patagonia Norte. Departamento de Servicios Analíticos Industriales Patagonia^sINTI-GOAR-SOR^pArgentina<|>^aVaca Ruíz, M. L.^nInstituto Nacional de Tecnología Industrial. Dirección Operativa. Gerencia Operativa de Asistencia Regional. Subgerencia Operativa Regional Patagonia. Dirección Técnica Regional Patagonia Norte. Departamento de Servicios Analíticos Industriales Patagonia^sINTI-GOAR-SOR^pArgentina;^aGubelin, K.^nInstituto Nacional de Tecnología Industrial. Dirección Operativa. Gerencia Operativa de Asistencia Regional. Subgerencia Operativa Regional Patagonia. Dirección Técnica Regional Patagonia Norte. Departamento de Servicios Analíticos Industriales Patagonia^sINTI-GOAR-SOR^pArgentina<|>^aSánchez Valdivia, V.^nInstituto Nacional de Tecnología Industrial. Dirección Operativa. Gerencia Operativa de Asistencia Regional. Subgerencia Operativa Regional Patagonia. Dirección Técnica Regional Patagonia Norte. Departamento de Servicios Analíticos Industriales Patagonia^sINTI-GOAR-SOR^pArgentina<|>^aOhaco, P..^nInstituto Nacional de Tecnología Industrial. Dirección Operativa. Gerencia Operativa de Asistencia Regional. Subgerencia Operativa Regional Patagonia. Dirección Técnica Regional Patagonia Norte. Departamento de Servicios Analíticos Industriales Patagonia^sINTI-GOAR-SOR^pArgentina<|>^aApablaza, Olga Mirene^nInstituto Nacional de Tecnología Industrial. Dirección Operativa. Gerencia Operativa de Asistencia Regional. Subgerencia Operativa Regional Patagonia. Dirección Técnica Regional Patagonia Norte. Departamento de Servicios Analíticos Industriales Patagonia^sINTI-GOAR-SOR^pArgentina<|>^aVaca Ruiz, María Laura^nInstituto Nacional de Tecnología Industrial. Dirección Operativa. Gerencia Operativa de Asistencia Regional. Subgerencia Operativa Regional Patagonia. Dirección Técnica Regional Patagonia Norte. Departamento de Servicios Analíticos Industriales Patagonia^sINTI-GOAR-SOR^pArgentina
050713;v26_Afiliacion_del_autor;^aRueda, Leandro Félix^nInstituto Nacional de Tecnología Industrial. Dirección Operativa. Gerencia Operativa de Asistencia Regional. Subgerencia Operativa Regional Centro. Dirección Técnica Centro Litoral. Departamento de Producción Sustentable y Agregado de Valor Centro^sINTI-GOAR^pArgentina<|>^aVignau, Sol^nInstituto Nacional de Tecnología Industrial. Dirección Operativa. Gerencia Operativa de Asistencia Regional. Subgerencia Operativa Regional Centro. Dirección Técnica Centro Litoral. Departamento de Producción Sustentable y Agregado de Valor Centro^sINTI-GOAR^pArgentina<|>^aMolina Ortíz, S. E.^nInstituto Nacional de Tecnología Industrial. Dirección Operativa. Gerencia Operativa de Asistencia Regional. Subgerencia Operativa Regional Centro. Dirección Técnica Centro Oriental. Departamento de Alimentos Centro^sINTI-GOAR^pArgentina;^aRueda, Leandro Félix^nInstituto Nacional de Tecnología Industrial. Dirección Operativa. Gerencia Operativa de Asistencia Regional. Subgerencia Operativa Regional Centro. Dirección Técnica Centro Litoral. Departamento de Producción Sustentable y Agregado de Valor Centro^sINTI-GOAR^pArgentina<|>^aVignau, Sol^nInstituto Nacional de Tecnología Industrial. Dirección Operativa. Gerencia Operativa de Asistencia Regional. Subgerencia Operativa Regional Centro. Dirección Técnica Centro Litoral. Departamento de Producción Sustentable y Agregado de Valor Centro^sINTI-GOAR^pArgentina<|>^aMolina Ortiz, Sara Eugenia^nInstituto Nacional de Tecnología Industrial. Dirección Operativa. Gerencia Operativa de Asistencia Regional. Subgerencia Operativa Regional Centro. Dirección Técnica Centro Oriental. Departamento de Alimentos Centro^sINTI-GOAR^pArgentina
050745;v26_Afiliacion_del_autor;^aRuhl, Gustavo Gabriel^nInstituto Nacional de Tecnología Industrial. Dirección Operativa. Gerencia Operativa de Asistencia Regional. Subgerencia Operativa Regional Centro. Dirección Técnica Centro Occidental. Departamento de Medio Ambiente Centro^sINTl-GOAR^pArgentina<|>^aBailat, Federico Luis^nInstituto Nacional de Tecnología Industrial. Dirección Operativa. Gerencia Operativa de Asistencia Regional. Subgerencia Operativa Regional Centro. Dirección Técnica Centro Occidental. Departamento de Química Analítica y Residuos Urbanos Centro^sINTl-GOAR^pArgentina<|>^aBertoncini, Verónica Laura^nInstituto Nacional de Tecnología Industrial. Dirección Operativa. Gerencia Operativa de Asistencia Regional. Subgerencia Operativa Regional Centro. Dirección Técnica Centro Occidental. Departamento de Medio Ambiente Centro^sINTl-GOAR^pArgentina<|>^aRodríguez, G.^nInstituto Nacional de Tecnología Industrial. Dirección Operativa. Gerencia Operativa de Asistencia Regional. Subgerencia Operativa Regional Centro. Dirección Técnica Centro Occidental. Departamento de Medio Ambiente Centro^sINTl-GOAR^pArgentina<|>^aBarlatey, María Alejandra^nInstituto Nacional de Tecnología Industrial. Dirección Operativa. Gerencia Operativa de Asistencia Regional. Subgerencia Operativa Regional Centro. Dirección Técnica Centro Occidental. Departamento de Medio Ambiente Centro^sINTl-GOAR^pArgentina<|>^aPettigiani, Eugenio^nInstituto Nacional de Tecnología Industrial. Dirección Operativa. Gerencia Operativa de Asistencia Regional. Subgerencia Operativa Regional Centro. Dirección Técnica Centro Occidental. Departamento de Química Analítica y Residuos Urbanos Centro^sINTl-GOAR^pArgentina<|>^aSilbert Voldman, Violeta^nInstituto Nacional de Tecnología Industrial. Dirección Operativa. Gerencia Operativa de Asistencia Regional. Subgerencia Operativa Regional Centro. Dirección Técnica Centro Occidental. Departamento de Química Analítica y Residuos Urbanos Centro^sINTl-GOAR^pArgentina;^aRuhl, Gustavo Gabriel^nInstituto Nacional de Tecnología Industrial. Dirección Operativa. Gerencia Operativa de Asistencia Regional. Subgerencia Operativa Regional Centro. Dirección Técnica Centro Occidental. Departamento de Medio Ambiente Centro^sINTl-GOAR^pArgentina<|>^aBailat, Federico Luis^nInstituto Nacional de Tecnología Industrial. Dirección Operativa. Gerencia Operativa de Asistencia Regional. Subgerencia Operativa Regional Centro. Dirección Técnica Centro Occidental. Departamento de Química Analítica y Residuos Urbanos Centro^sINTl-GOAR^pArgentina<|>^aBertoncini, Verónica Laura^nInstituto Nacional de Tecnología Industrial. Dirección Operativa. Gerencia Operativa de Asistencia Regional. Subgerencia Operativa Regional Centro. Dirección Técnica Centro Occidental. Departamento de Medio Ambiente Centro^sINTl-GOAR^pArgentina<|>^aRodríguez, Gisela Vanina^nInstituto Nacional de Tecnología Industrial. Dirección Operativa. Gerencia Operativa de Asistencia Regional. Subgerencia Operativa Regional Centro. Dirección Técnica Centro Occidental. Departamento de Medio Ambiente Centro^sINTl-GOAR^pArgentina<|>^aBarlatey, María Alejandra^nInstituto Nacional de Tecnología Industrial. Dirección Operativa. Gerencia Operativa de Asistencia Regional. Subgerencia Operativa Regional Centro. Dirección Técnica Centro Occidental. Departamento de Medio Ambiente Centro^sINTl-GOAR^pArgentina<|>^aPettigiani, Eugenio^nInstituto Nacional de Tecnología Industrial. Dirección Operativa. Gerencia Operativa de Asistencia Regional. Subgerencia Operativa Regional Centro. Dirección Técnica Centro Occidental. Departamento de Química Analítica y Residuos Urbanos Centro^sINTl-GOAR^pArgentina<|>^aSilbert Voldman, Violeta^nInstituto Nacional de Tecnología Industrial. Dirección Operativa. Gerencia Operativa de Asistencia Regional. Subgerencia Operativa Regional Centro. Dirección Técnica Centro Occidental. Departamento de Química Analítica y Residuos Urbanos Centro^sINTl-GOAR^pArgentina
050749;v26_Afiliacion_del_autor;^aZappa, Andrés Enrique^nInstituto Nacional de Tecnología Industrial. Dirección Operativa. Gerencia Operativa de Asistencia Regional. Subgerencia Operativa Regional Patagonia. Dirección Técnica General Patagonia Norte. Departamento de Energías Renovables Patagonia^sINTI-GOAR^pArgentina<|>^aAmadio, Mariano^nInstituto Nacional de Tecnología Industrial. Dirección Operativa. Gerencia Operativa de Asistencia Regional. Subgerencia Operativa Regional Patagonia. Dirección Técnica General Patagonia Norte. Departamento de Energías Renovables Patagonia^sINTI-GOAR^pArgentina<|>^aWild Cañón, C.^nInstituto Nacional de Tecnología Industrial. Dirección Operativa. Gerencia Operativa de Asistencia Regional. Subgerencia Operativa Regional Patagonia. Dirección Técnica General Patagonia Norte. Departamento de Energías Renovables Patagonia^sINTI-GOAR^pArgentina<|>^aIeracitano, Yanina^nInstituto Nacional de Tecnología Industrial. Dirección Operativa. Organismo de Certificación^sINTI^pArgentina;^aZappa, Andrés Enrique^nInstituto Nacional de Tecnología Industrial. Dirección Operativa. Gerencia Operativa de Asistencia Regional. Subgerencia Operativa Regional Patagonia. Dirección Técnica General Patagonia Norte. Departamento de Energías Renovables Patagonia^sINTI-GOAR^pArgentina<|>^aAmadio, Mariano^nInstituto Nacional de Tecnología Industrial. Dirección Operativa. Gerencia Operativa de Asistencia Regional. Subgerencia Operativa Regional Patagonia. Dirección Técnica General Patagonia Norte. Departamento de Energías Renovables Patagonia^sINTI-GOAR^pArgentina<|>^aWild Cañón, Carlos Alberto^nInstituto Nacional de Tecnología Industrial. Dirección Operativa. Gerencia Operativa de Asistencia Regional. Subgerencia Operativa Regional Patagonia. Dirección Técnica General Patagonia Norte. Departamento de Energías Renovables Patagonia^sINTI-GOAR^pArgentina<|>^aIeracitano, Yanina^nInstituto Nacional de Tecnología Industrial. Dirección Operativa. Organismo de Certificación^sINTI^pArgentina
050792;v26_Afiliacion_del_autor;^aBenítez, A.^nInstituto Nacional de Tecnología Industrial. Dirección Operativa. Gerencia Operativa de Servicios Industriales. Subgerencia Operativa de Construcciones e Infraestructura. Dirección Técnica de Tecnología del Hormigón y Aglomerantes^sINTI-GOSI-SOCeI^pArgentina<|>^aKöber, Érica^nInstituto Nacional de Tecnología Industrial. Dirección Operativa. Gerencia Operativa de Servicios Industriales. Subgerencia Operativa de Construcciones e Infraestructura. Dirección Técnica de Tecnología del Hormigón y Aglomerantes^sINTI-GOSI-SOCeI^pArgentina<|>^aRuiz, A.^nInstituto Nacional de Tecnología Industrial. Dirección Operativa. Gerencia Operativa de Servicios Industriales. Subgerencia Operativa de Construcciones e Infraestructura. Dirección Técnica de Tecnología del Hormigón y Aglomerantes^sINTI-GOSI-SOCeI^pArgentina<|>^aStipelman, A.^nPenetron Argentina SRL^sPenetron Argentina SRL^pArgentina;^aBenítez, A.^nInstituto Nacional de Tecnología Industrial. Dirección Operativa. Gerencia Operativa de Servicios Industriales. Subgerencia Operativa de Construcciones e Infraestructura. Dirección Técnica de Tecnología del Hormigón y Aglomerantes^sINTI-GOSI-SOCeI^pArgentina<|>^aKöber, Érica^nInstituto Nacional de Tecnología Industrial. Dirección Operativa. Gerencia Operativa de Servicios Industriales. Subgerencia Operativa de Construcciones e Infraestructura. Dirección Técnica de Tecnología del Hormigón y Aglomerantes^sINTI-GOSI-SOCeI^pArgentina<|>^aRuiz, Adrián Alejandro^nInstituto Nacional de Tecnología Industrial. Dirección Operativa. Gerencia Operativa de Servicios Industriales. Subgerencia Operativa de Construcciones e Infraestructura. Dirección Técnica de Tecnología del Hormigón y Aglomerantes^sINTI-GOSI-SOCeI^pArgentina<|>^aStipelman, A.^nPenetron Argentina SRL^sPenetron Argentina SRL^pArgentina
050805;v26_Afiliacion_del_autor;^aBenítez, A.^nInstituto Nacional de Tecnología Industrial. Dirección Operativa. Gerencia Operativa de Servicios Industriales. Subgerencia Operativa de Construcciones e Infraestructura. Dirección Técnica de Tecnología del Hormigón y Aglomerantes^sINTI-GOSI-SOCel^pArgentina<|>^aRuíz, A.^nInstituto Nacional de Tecnología Industrial. Dirección Operativa. Gerencia Operativa de Servicios Industriales. Subgerencia Operativa de Construcciones e Infraestructura. Dirección Técnica de Tecnología del Hormigón y Aglomerantes^sINTI-GOSI-SOCel^pArgentina<|>^aCastro, A.^nServicio Argentino de Interlaboratorios-INTI^pArgentina<|>^aRodríguez Ierace, D.^nServicio Argentino de Interlaboratorios-INTI^pArgentina<|>^aPerrone, F.^n Asociación Argentina de Tecnología del Hormigón^sAATH^pArgentina;^aBenítez, A.^nInstituto Nacional de Tecnología Industrial. Dirección Operativa. Gerencia Operativa de Servicios Industriales. Subgerencia Operativa de Construcciones e Infraestructura. Dirección Técnica de Tecnología del Hormigón y Aglomerantes^sINTI-GOSI-SOCel^pArgentina<|>^aRuiz, Adrián Alejandro^nInstituto Nacional de Tecnología Industrial. Dirección Operativa. Gerencia Operativa de Servicios Industriales. Subgerencia Operativa de Construcciones e Infraestructura. Dirección Técnica de Tecnología del Hormigón y Aglomerantes^sINTI-GOSI-SOCel^pArgentina<|>^aCastro, A.^nServicio Argentino de Interlaboratorios-INTI^pArgentina<|>^aRodríguez Ierace, D.^nServicio Argentino de Interlaboratorios-INTI^pArgentina<|>^aPerrone, F.^n Asociación Argentina de Tecnología del Hormigón^sAATH^pArgentina
050815;v26_Afiliacion_del_autor;^aBenítez, A.^nInstituto Nacional de Tecnología Industrial. Dirección Operativa. Gerencia Operativa de Servicios Industriales. Subgerencia Operativa de Construcciones e Infraestructura. Dirección Técnica de Tecnología del Hormigón y Aglomerantes^sINTI-SOCel-GOSEL^pArgentina<|>^aKöber, Érica^nInstituto Nacional de Tecnología Industrial. Dirección Operativa. Gerencia Operativa de Servicios Industriales. Subgerencia Operativa de Construcciones e Infraestructura. Dirección Técnica de Tecnología del Hormigón y Aglomerantes^sINTI-SOCel-GOSEL^pArgentina<|>^aRuíz, A.^nInstituto Nacional de Tecnología Industrial. Dirección Operativa. Gerencia Operativa de Servicios Industriales. Subgerencia Operativa de Construcciones e Infraestructura. Dirección Técnica de Tecnología del Hormigón y Aglomerantes^sINTI-SOCel-GOSEL^pArgentina<|>^aStipelman, A.^nPenetron Argentina SRL^pArgentina;^aBenítez, A.^nInstituto Nacional de Tecnología Industrial. Dirección Operativa. Gerencia Operativa de Servicios Industriales. Subgerencia Operativa de Construcciones e Infraestructura. Dirección Técnica de Tecnología del Hormigón y Aglomerantes^sINTI-SOCel-GOSEL^pArgentina<|>^aKöber, Érica^nInstituto Nacional de Tecnología Industrial. Dirección Operativa. Gerencia Operativa de Servicios Industriales. Subgerencia Operativa de Construcciones e Infraestructura. Dirección Técnica de Tecnología del Hormigón y Aglomerantes^sINTI-SOCel-GOSEL^pArgentina<|>^aRuiz, Adrián Alejandro^nInstituto Nacional de Tecnología Industrial. Dirección Operativa. Gerencia Operativa de Servicios Industriales. Subgerencia Operativa de Construcciones e Infraestructura. Dirección Técnica de Tecnología del Hormigón y Aglomerantes^sINTI-SOCel-GOSEL^pArgentina<|>^aStipelman, A.^nPenetron Argentina SRL^pArgentina
050816;v26_Afiliacion_del_autor;^aBezazian, A. L.^nLaboratorio de Micología Experimental - InMiBo^sUBA-CONICET^pArgentina<|>^aBezazian, A. L.^nCátedra de Biología de Hongos-FCEN-UB^pArgentina<|>^aMajul, L.^nLaboratorio de Micología Experimental - InMiBo^sUBA-CONICET^pArgentina<|>^aItria, R. F.^nLaboratorio de Micología Experimental - InMiBo^sUBA-CONICET^pArgentina<|>^aItria, R. F^nCátedra de Biología de Hongos - FCEN-UB^pArgentina<|>^aItria, R. F.^nInstituto Nacional De Tecnología Industrial. Dirección Técnica Gestión de la Innovación y Vinculación Tecnológica^sINTI-GODTeI^pArgentina;^aBezazian, A. L.^nLaboratorio de Micología Experimental - InMiBo^sUBA-CONICET^pArgentina<|>^aBezazian, A. L.^nCátedra de Biología de Hongos-FCEN-UB^pArgentina<|>^aMajul, L.^nLaboratorio de Micología Experimental - InMiBo^sUBA-CONICET^pArgentina<|>^aItria, R. F.^nLaboratorio de Micología Experimental - InMiBo^sUBA-CONICET^pArgentina<|>^aItria, Raúl Fabio^nCátedra de Biología de Hongos - FCEN-UB^pArgentina<|>^aItria, R. F.^nInstituto Nacional De Tecnología Industrial. Dirección Técnica Gestión de la Innovación y Vinculación Tecnológica^sINTI-GODTeI^pArgentina
050822;v26_Afiliacion_del_autor;^aBarbelli López, Maria Soledad^nInstituto Nacional de Tecnología Industrial. Dirección Operativa. Gerencia Operativa de Servicios Industriales. Subgerencia Operativa de Química y Ambiente. Dirección Técnica Químico Ambiental Sustentable. Departamento de Manejo y Gestión de Sustancias Químicas^sINTI-GOSI-SOQyA^pArgentina<|>^aPapa, M.^nInstituto Nacional de Tecnología Industrial. Dirección Operativa. Gerencia Operativa de Servicios Industriales. Subgerencia Operativa de Química y Ambiente. Dirección Técnica Químico Ambiental Sustentable. Departamento de Manejo y Gestión de Sustancias Químicas^sINTI-GOSI-SOQyA^pArgentina<|>^aJordán, M.^nInstituto Nacional de Tecnología Industrial. Dirección Operativa. Gerencia Operativa de Servicios Industriales. Subgerencia Operativa de Química y Ambiente. Dirección Técnica Químico Ambiental Sustentable. Departamento de Manejo y Gestión de Sustancias Químicas^sINTI-GOSI-SOQyA^pArgentina;^aBarbelli López, Maria Soledad^nInstituto Nacional de Tecnología Industrial. Dirección Operativa. Gerencia Operativa de Servicios Industriales. Subgerencia Operativa de Química y Ambiente. Dirección Técnica Químico Ambiental Sustentable. Departamento de Manejo y Gestión de Sustancias Químicas^sINTI-GOSI-SOQyA^pArgentina<|>^aPapa, M.^nInstituto Nacional de Tecnología Industrial. Dirección Operativa. Gerencia Operativa de Servicios Industriales. Subgerencia Operativa de Química y Ambiente. Dirección Técnica Químico Ambiental Sustentable. Departamento de Manejo y Gestión de Sustancias Químicas^sINTI-GOSI-SOQyA^pArgentina<|>^aJordan, Marianela Paula^nInstituto Nacional de Tecnología Industrial. Dirección Operativa. Gerencia Operativa de Servicios Industriales. Subgerencia Operativa de Química y Ambiente. Dirección Técnica Químico Ambiental Sustentable. Departamento de Manejo y Gestión de Sustancias Químicas^sINTI-GOSI-SOQyA^pArgentina
050835;v26_Afiliacion_del_autor;^aPeralta, M.^nInstituto Nacional de Tecnología Industrial. Dirección Operativa. Gerencia Operativa de Metrología y Calidad. Subgerencia Operativa de Metrología Científica e Industrial. Dirección Técnica de Metrología Química. Departamento de Metrología en Ambiente y Salud^sINTI-GOMyC-SOMCeI^pArgentina<|>^aAcosta, Osvaldo Héctor^nInstituto Nacional de Tecnología Industrial. Dirección Operativa. Gerencia Operativa de Metrología y Calidad. Subgerencia Operativa de Metrología Científica e Industrial. Dirección Técnica de Metrología Química. Departamento de Metrología en Ambiente y Salud^sINTI-GOMyC-SOMCeI^pArgentina<|>^aLozano, H.^nInstituto Nacional de Tecnología Industrial. Dirección Operativa. Gerencia Operativa de Metrología y Calidad. Subgerencia Operativa de Metrología Científica e Industrial. Dirección Técnica de Metrología Química. Departamento de Metrología en Ambiente y Salud^sINTI-GOMyC-SOMCeI^pArgentina<|>^aStrático, M.^nInstituto Nacional de Tecnología Industrial. Dirección Operativa. Gerencia Operativa de Metrología y Calidad. Subgerencia Operativa de Metrología Científica e Industrial. Dirección Técnica de Metrología Química. Departamento de Metrología en Ambiente y Salud^sINTI-GOMyC-SOMCeI^pArgentina<|>^aPuelles, M.^nInstituto Nacional de Tecnología Industrial. Dirección Operativa. Gerencia Operativa de Metrología y Calidad. Subgerencia Operativa de Metrología Científica e Industrial. Dirección Técnica de Metrología Química. Departamento de Metrología en Ambiente y Salud^sINTI-GOMyC-SOMCeI^pArgentina;^aPeralta, Matías Eduardo^nInstituto Nacional de Tecnología Industrial. Dirección Operativa. Gerencia Operativa de Metrología y Calidad. Subgerencia Operativa de Metrología Científica e Industrial. Dirección Técnica de Metrología Química. Departamento de Metrología en Ambiente y Salud^sINTI-GOMyC-SOMCeI^pArgentina<|>^aAcosta, Osvaldo Héctor^nInstituto Nacional de Tecnología Industrial. Dirección Operativa. Gerencia Operativa de Metrología y Calidad. Subgerencia Operativa de Metrología Científica e Industrial. Dirección Técnica de Metrología Química. Departamento de Metrología en Ambiente y Salud^sINTI-GOMyC-SOMCeI^pArgentina<|>^aLozano, H.^nInstituto Nacional de Tecnología Industrial. Dirección Operativa. Gerencia Operativa de Metrología y Calidad. Subgerencia Operativa de Metrología Científica e Industrial. Dirección Técnica de Metrología Química. Departamento de Metrología en Ambiente y Salud^sINTI-GOMyC-SOMCeI^pArgentina<|>^aStrático, M.^nInstituto Nacional de Tecnología Industrial. Dirección Operativa. Gerencia Operativa de Metrología y Calidad. Subgerencia Operativa de Metrología Científica e Industrial. Dirección Técnica de Metrología Química. Departamento de Metrología en Ambiente y Salud^sINTI-GOMyC-SOMCeI^pArgentina<|>^aPuelles, M.^nInstituto Nacional de Tecnología Industrial. Dirección Operativa. Gerencia Operativa de Metrología y Calidad. Subgerencia Operativa de Metrología Científica e Industrial. Dirección Técnica de Metrología Química. Departamento de Metrología en Ambiente y Salud^sINTI-GOMyC-SOMCeI^pArgentina
050839;v26_Afiliacion_del_autor;^aAcosta, Osvaldo Héctor^nInstituto Nacional de Tecnología Industrial. Dirección Operativa. Gerencia Operativa de Metrología y Calidad. Subgerencia Operativa de Metrología Científica e Industrial. Dirección Técnica de Metrología Química. Departamento de Metrología en Ambiente y Salud^sINTI-GOMyC-SOMCeI^pArgentina<|>^aPuelles, M.^nInstituto Nacional de Tecnología Industrial. Dirección Operativa. Gerencia Operativa de Metrología y Calidad. Subgerencia Operativa de Metrología Científica e Industrial. Dirección Técnica de Metrología Química. Departamento de Metrología en Ambiente y Salud^sINTI-GOMyC-SOMCeI^pArgentina<|>^aStratico, M.^nInstituto Nacional de Tecnología Industrial. Dirección Operativa. Gerencia Operativa de Metrología y Calidad. Subgerencia Operativa de Metrología Científica e Industrial. Dirección Técnica de Metrología Química. Departamento de Metrología en Ambiente y Salud^sINTI-GOMyC-SOMCeI^pArgentina<|>^aPeralta, M.^nInstituto Nacional de Tecnología Industrial. Dirección Operativa. Gerencia Operativa de Metrología y Calidad. Subgerencia Operativa de Metrología Científica e Industrial. Dirección Técnica de Metrología Química. Departamento de Metrología en Ambiente y Salud^sINTI-GOMyC-SOMCeI^pArgentina<|>^aSperanza, J.^nInstituto Nacional de Tecnología Industrial. Dirección Operativa. Gerencia Operativa de Metrología y Calidad. Subgerencia Operativa de Metrología Científica e Industrial. Dirección Técnica de Metrología Química. Departamento de Metrología en Ambiente y Salud^sINTI-GOMyC-SOMCeI^pArgentina<|>^aGatti, P.^nInstituto Nacional de Tecnología Industrial. Dirección Operativa. Gerencia Operativa de Metrología y Calidad. Subgerencia Operativa de Metrología Científica e Industrial^sINTI-GOMyC-SOMCeI^pArgentina;^aAcosta, Osvaldo Héctor^nInstituto Nacional de Tecnología Industrial. Dirección Operativa. Gerencia Operativa de Metrología y Calidad. Subgerencia Operativa de Metrología Científica e Industrial. Dirección Técnica de Metrología Química. Departamento de Metrología en Ambiente y Salud^sINTI-GOMyC-SOMCeI^pArgentina<|>^aPuelles, M.^nInstituto Nacional de Tecnología Industrial. Dirección Operativa. Gerencia Operativa de Metrología y Calidad. Subgerencia Operativa de Metrología Científica e Industrial. Dirección Técnica de Metrología Química. Departamento de Metrología en Ambiente y Salud^sINTI-GOMyC-SOMCeI^pArgentina<|>^aStratico, M.^nInstituto Nacional de Tecnología Industrial. Dirección Operativa. Gerencia Operativa de Metrología y Calidad. Subgerencia Operativa de Metrología Científica e Industrial. Dirección Técnica de Metrología Química. Departamento de Metrología en Ambiente y Salud^sINTI-GOMyC-SOMCeI^pArgentina<|>^aPeralta, Matías Eduardo^nInstituto Nacional de Tecnología Industrial. Dirección Operativa. Gerencia Operativa de Metrología y Calidad. Subgerencia Operativa de Metrología Científica e Industrial. Dirección Técnica de Metrología Química. Departamento de Metrología en Ambiente y Salud^sINTI-GOMyC-SOMCeI^pArgentina<|>^aSperanza, J.^nInstituto Nacional de Tecnología Industrial. Dirección Operativa. Gerencia Operativa de Metrología y Calidad. Subgerencia Operativa de Metrología Científica e Industrial. Dirección Técnica de Metrología Química. Departamento de Metrología en Ambiente y Salud^sINTI-GOMyC-SOMCeI^pArgentina<|>^aGatti, P.^nInstituto Nacional de Tecnología Industrial. Dirección Operativa. Gerencia Operativa de Metrología y Calidad. Subgerencia Operativa de Metrología Científica e Industrial^sINTI-GOMyC-SOMCeI^pArgentina
050881;v26_Afiliacion_del_autor;^aCerchiai, Edgar^nInstituto Nacional de Tecnología Industrial. Dirección Operativa. Gerencia Operativa de Asistencia Regional. Subgerencia Operativa Regional Cuyo. Dirección Técnica de Alimentos Cuyo. Departamento de Desarrollo de Cadenas de Valor Agroindustriales Cuyo^sINTI-GOAR^pArgentina<|>^aMarchuk, A. L.^nInstituto Nacional de Tecnología Industrial. Dirección Operativa. Gerencia Operativa de Asistencia Regional. Subgerencia Operativa Regional Cuyo. Dirección Técnica de Alimentos Cuyo. Departamento de Desarrollo de Cadenas de Valor Agroindustriales Cuyo^sINTI-GOAR^pArgentina<|>^aClaros, Sonia Amelia^nInstituto Nacional de Tecnología Industrial. Dirección Operativa. Gerencia Operativa de Asistencia Regional. Subgerencia Operativa Regional Cuyo. Dirección Técnica de Alimentos Cuyo. Departamento de Desarrollo de Cadenas de Valor Agroindustriales Cuyo^sINTI-GOAR^pArgentina<|>^aCiurletti,  C. R.^nInstituto Nacional de Tecnología Industrial. Dirección Operativa. Gerencia Operativa de Asistencia Regional. Subgerencia Operativa Regional Cuyo. Dirección Técnica de Alimentos Cuyo. Departamento de Desarrollo de Cadenas de Valor Agroindustriales Cuyo^sINTI-GOAR^pArgentina<|>^aGómez, R. E.^nEEA INTA MENDOZA – AER INTA LAVALLE^pArgentina<|>^aSiliprandi, A.^nMunicipalidad de Lavalle^pArgentina;^aCerchiai, Edgar^nInstituto Nacional de Tecnología Industrial. Dirección Operativa. Gerencia Operativa de Asistencia Regional. Subgerencia Operativa Regional Cuyo. Dirección Técnica de Alimentos Cuyo. Departamento de Desarrollo de Cadenas de Valor Agroindustriales Cuyo^sINTI-GOAR^pArgentina<|>^aMarchuk, A. L.^nInstituto Nacional de Tecnología Industrial. Dirección Operativa. Gerencia Operativa de Asistencia Regional. Subgerencia Operativa Regional Cuyo. Dirección Técnica de Alimentos Cuyo. Departamento de Desarrollo de Cadenas de Valor Agroindustriales Cuyo^sINTI-GOAR^pArgentina<|>^aClaros, Sonia Amelia^nInstituto Nacional de Tecnología Industrial. Dirección Operativa. Gerencia Operativa de Asistencia Regional. Subgerencia Operativa Regional Cuyo. Dirección Técnica de Alimentos Cuyo. Departamento de Desarrollo de Cadenas de Valor Agroindustriales Cuyo^sINTI-GOAR^pArgentina<|>^aCiurletti, Cristián Ricardo^nInstituto Nacional de Tecnología Industrial. Dirección Operativa. Gerencia Operativa de Asistencia Regional. Subgerencia Operativa Regional Cuyo. Dirección Técnica de Alimentos Cuyo. Departamento de Desarrollo de Cadenas de Valor Agroindustriales Cuyo^sINTI-GOAR^pArgentina<|>^aGómez, R. E.^nEEA INTA MENDOZA – AER INTA LAVALLE^pArgentina<|>^aSiliprandi, A.^nMunicipalidad de Lavalle^pArgentina
050904;v26_Afiliacion_del_autor;^aRodríguez, Ruth Alejandra^nInstituto Nacional de Tecnología Industrial. Dirección Operativa. Gerencia Operativa de Servicios Industriales. Subgerencia Operativa de Química y Ambiente. Dirección Técnica Químico Ambiental Sustentable. Departamento de Evaluación y Control de la Contaminación^sINTI-GOSI-SOQyA^pArgentina<|>^aFlesler, F.^nInstituto Nacional de Tecnología Industrial. Dirección Operativa. Gerencia Operativa de Servicios Industriales. Subgerencia Operativa de Química y Ambiente. Dirección Técnica Químico Ambiental Sustentable. Departamento de Evaluación y Control de la Contaminación^sINTI-GOSI-SOQyA^pArgentina<|>^aFarias, C. B.^nInstituto Nacional de Tecnología Industrial. Dirección Operativa. Gerencia Operativa de Servicios Industriales. Subgerencia Operativa de Química y Ambiente. Dirección Técnica Químico Ambiental Sustentable. Departamento de Evaluación y Control de la Contaminación^sINTI-GOSI-SOQyA^pArgentina<|>^aVidela, Estefanía^nInstituto Nacional de Tecnología Industrial. Dirección Operativa. Gerencia Operativa de Servicios Industriales. Subgerencia Operativa de Química y Ambiente. Dirección Técnica Químico Ambiental Sustentable. Departamento de Evaluación y Control de la Contaminación^sINTI-GOSI-SOQyA^pArgentina<|>^aRodríguez, Diego Ezequiel^nInstituto Nacional de Tecnología Industrial. Dirección Operativa. Gerencia Operativa de Servicios Industriales. Subgerencia Operativa de Química y Ambiente. Dirección Técnica Químico Ambiental Sustentable. Departamento de Evaluación y Control de la Contaminación^sINTI-GOSI-SOQyA^pArgentina<|>^aBarlatey, María Alejandra^nInstituto Nacional de Tecnología Industrial. Dirección Operativa. Gerencia Operativa de Asistencia Regional. Subgerencia Operativa Regional Centro. Dirección Técnica Centro Oriental. Departamento de Medio Ambiente Centro^sINTI-GOAR^pArgentina<|>^aRuhl, Gustavo Gabriel^nInstituto Nacional de Tecnología Industrial. Dirección Operativa. Gerencia Operativa de Asistencia Regional. Subgerencia Operativa Regional Centro. Dirección Técnica Centro Oriental. Departamento de Medio Ambiente Centro^sINTI-GOAR^pArgentina<|>^aBailat, Federico Luis^nInstituto Nacional de Tecnología Industrial. Dirección Operativa. Gerencia Operativa de Asistencia Regional. Subgerencia Operativa Regional Centro. Dirección Técnica Centro Oriental. Departamento de Medio Ambiente Centro^sINTI-GOAR^pArgentina<|>^aRodríguez, G.^nInstituto Nacional de Tecnología Industrial. Dirección Operativa. Gerencia Operativa de Asistencia Regional. Subgerencia Operativa Regional Centro. Dirección Técnica Centro Oriental. Departamento de Medio Ambiente Centro^sINTI-GOAR^pArgentina<|>^aQuiroga, Nieves Soledad^nInstituto Nacional de Tecnología Industrial. Dirección Operativa. Gerencia Operativa de Asistencia Regional. Subgerencia Operativa Regional Centro. Dirección Técnica Centro Oriental. Departamento de Medio Ambiente Centro^sINTI-GOAR^pArgentina<|>^aBusquet, Cynthia Melisa^nInstituto Nacional de Tecnología Industrial. Dirección Operativa. Gerencia Operativa de Asistencia Regional. Subgerencia Operativa Regional Centro. Dirección Técnica Centro Oriental. Departamento de Medio Ambiente Centro^sINTI-GOAR^pArgentina<|>^aEchazarreta, M. L.^nInstituto Nacional de Tecnología Industrial. Dirección Operativa. Gerencia Operativa de Asistencia Regional. Subgerencia Operativa Regional Centro. Dirección Técnica Centro Oriental. Departamento de Medio Ambiente Centro^sINTI-GOAR^pArgentina<|>^aMinaglia, M.^nInstituto Nacional de Tecnología Industrial. Dirección Operativa. Gerencia Operativa de Asistencia Regional. Subgerencia Operativa Regional Centro. Dirección Técnica Centro Oriental. Departamento de Medio Ambiente Centro^sINTI-GOAR^pArgentina<|>^aGoicoa, V.^nInstituto Nacional de Tecnología Industrial. Dirección Operativa. Gerencia Operativa de Asistencia Regional. Subgerencia Operativa Regional Cuyo. Dirección Técnica Industrias Extractivas y Manufactureras Cuyo. Departamento de Energías Renovables y Gestión Energética Cuyo^sINTI-GOAR^pArgentina<|>^aSole, A.^nInstituto Nacional de Tecnología Industrial. Dirección Operativa. Gerencia Operativa de Asistencia Regional. Subgerencia Operativa Regional Cuyo. Dirección Técnica Industrias Extractivas y Manufactureras Cuyo. Departamento de Energías Renovables y Gestión Energética Cuyo^sINTI-GOAR^pArgentina<|>^aLenzi, Santiago^nInstituto Nacional de Tecnología Industrial. Dirección Operativa. Gerencia Operativa de Asistencia Regional. Subgerencia Operativa Regional Pampeana. Dirección Técnica Regional Buenos Aires. Departamento de Producción Sustentable Pampeana^sINTI-GOAR^pArgentina<|>^aZubiaurre, Juan Lucas^nInstituto Nacional de Tecnología Industrial. Dirección Operativa. Gerencia Operativa de Asistencia Regional. Subgerencia Operativa Regional Pampeana. Dirección Técnica Regional Buenos Aires. Departamento de Producción Sustentable Pampeana^sINTI-GOAR^pArgentina<|>^aLonghi, S.^nInstituto Nacional de Tecnología Industrial. Dirección Operativa. Gerencia Operativa de Asistencia Regional. Subgerencia Operativa Regional Pampeana. Dirección Técnica Regional Buenos Aires. Departamento de Producción Sustentable Pampeana^sINTI-GOAR^pArgentina<|>^aCazzaniga Arduzzo, Diego Santiago^nInstituto Nacional de Tecnología Industrial. Gerencia Operativa de Desarrollo Tecnológico e Innovación. Subgerencia Operativa de Tecnología de Alimentos. Departamento de Valorización de Subproductos^sINTI-GODTeI-SOTA^pArgentina<|>^aPirola, María  Belén^nInstituto Nacional de Tecnología Industrial. Gerencia Operativa de Desarrollo Tecnológico e Innovación. Subgerencia Operativa de Tecnología de Alimentos. Departamento de Valorización de Subproductos^sINTI-GODTeI-SOTA^pArgentina<|>^aAlarcón, Mariana^nInstituto Nacional de Tecnología Industrial. Gerencia Operativa de Desarrollo Tecnológico e Innovación. Subgerencia Operativa de Tecnología de Alimentos. Departamento de Valorización de Subproductos^sINTI-GODTeI-SOTA^pArgentina;^aRodríguez, Ruth Alejandra^nInstituto Nacional de Tecnología Industrial. Dirección Operativa. Gerencia Operativa de Servicios Industriales. Subgerencia Operativa de Química y Ambiente. Dirección Técnica Químico Ambiental Sustentable. Departamento de Evaluación y Control de la Contaminación^sINTI-GOSI-SOQyA^pArgentina<|>^aFlesler, F.^nInstituto Nacional de Tecnología Industrial. Dirección Operativa. Gerencia Operativa de Servicios Industriales. Subgerencia Operativa de Química y Ambiente. Dirección Técnica Químico Ambiental Sustentable. Departamento de Evaluación y Control de la Contaminación^sINTI-GOSI-SOQyA^pArgentina<|>^aFarias, C. B.^nInstituto Nacional de Tecnología Industrial. Dirección Operativa. Gerencia Operativa de Servicios Industriales. Subgerencia Operativa de Química y Ambiente. Dirección Técnica Químico Ambiental Sustentable. Departamento de Evaluación y Control de la Contaminación^sINTI-GOSI-SOQyA^pArgentina<|>^aVidela, Estefanía^nInstituto Nacional de Tecnología Industrial. Dirección Operativa. Gerencia Operativa de Servicios Industriales. Subgerencia Operativa de Química y Ambiente. Dirección Técnica Químico Ambiental Sustentable. Departamento de Evaluación y Control de la Contaminación^sINTI-GOSI-SOQyA^pArgentina<|>^aRodríguez, Diego Ezequiel^nInstituto Nacional de Tecnología Industrial. Dirección Operativa. Gerencia Operativa de Servicios Industriales. Subgerencia Operativa de Química y Ambiente. Dirección Técnica Químico Ambiental Sustentable. Departamento de Evaluación y Control de la Contaminación^sINTI-GOSI-SOQyA^pArgentina<|>^aBarlatey, María Alejandra^nInstituto Nacional de Tecnología Industrial. Dirección Operativa. Gerencia Operativa de Asistencia Regional. Subgerencia Operativa Regional Centro. Dirección Técnica Centro Oriental. Departamento de Medio Ambiente Centro^sINTI-GOAR^pArgentina<|>^aRuhl, Gustavo Gabriel^nInstituto Nacional de Tecnología Industrial. Dirección Operativa. Gerencia Operativa de Asistencia Regional. Subgerencia Operativa Regional Centro. Dirección Técnica Centro Oriental. Departamento de Medio Ambiente Centro^sINTI-GOAR^pArgentina<|>^aBailat, Federico Luis^nInstituto Nacional de Tecnología Industrial. Dirección Operativa. Gerencia Operativa de Asistencia Regional. Subgerencia Operativa Regional Centro. Dirección Técnica Centro Oriental. Departamento de Medio Ambiente Centro^sINTI-GOAR^pArgentina<|>^aRodríguez, Gisela Vanina^nInstituto Nacional de Tecnología Industrial. Dirección Operativa. Gerencia Operativa de Asistencia Regional. Subgerencia Operativa Regional Centro. Dirección Técnica Centro Oriental. Departamento de Medio Ambiente Centro^sINTI-GOAR^pArgentina<|>^aQuiroga, Nieves Soledad^nInstituto Nacional de Tecnología Industrial. Dirección Operativa. Gerencia Operativa de Asistencia Regional. Subgerencia Operativa Regional Centro. Dirección Técnica Centro Oriental. Departamento de Medio Ambiente Centro^sINTI-GOAR^pArgentina<|>^aBusquet, Cynthia Melisa^nInstituto Nacional de Tecnología Industrial. Dirección Operativa. Gerencia Operativa de Asistencia Regional. Subgerencia Operativa Regional Centro. Dirección Técnica Centro Oriental. Departamento de Medio Ambiente Centro^sINTI-GOAR^pArgentina<|>^aEchazarreta, M. L.^nInstituto Nacional de Tecnología Industrial. Dirección Operativa. Gerencia Operativa de Asistencia Regional. Subgerencia Operativa Regional Centro. Dirección Técnica Centro Oriental. Departamento de Medio Ambiente Centro^sINTI-GOAR^pArgentina<|>^aMinaglia, M.^nInstituto Nacional de Tecnología Industrial. Dirección Operativa. Gerencia Operativa de Asistencia Regional. Subgerencia Operativa Regional Centro. Dirección Técnica Centro Oriental. Departamento de Medio Ambiente Centro^sINTI-GOAR^pArgentina<|>^aGoicoa, V.^nInstituto Nacional de Tecnología Industrial. Dirección Operativa. Gerencia Operativa de Asistencia Regional. Subgerencia Operativa Regional Cuyo. Dirección Técnica Industrias Extractivas y Manufactureras Cuyo. Departamento de Energías Renovables y Gestión Energética Cuyo^sINTI-GOAR^pArgentina<|>^aSole, A.^nInstituto Nacional de Tecnología Industrial. Dirección Operativa. Gerencia Operativa de Asistencia Regional. Subgerencia Operativa Regional Cuyo. Dirección Técnica Industrias Extractivas y Manufactureras Cuyo. Departamento de Energías Renovables y Gestión Energética Cuyo^sINTI-GOAR^pArgentina<|>^aLenzi, Santiago^nInstituto Nacional de Tecnología Industrial. Dirección Operativa. Gerencia Operativa de Asistencia Regional. Subgerencia Operativa Regional Pampeana. Dirección Técnica Regional Buenos Aires. Departamento de Producción Sustentable Pampeana^sINTI-GOAR^pArgentina<|>^aZubiaurre, Juan Lucas^nInstituto Nacional de Tecnología Industrial. Dirección Operativa. Gerencia Operativa de Asistencia Regional. Subgerencia Operativa Regional Pampeana. Dirección Técnica Regional Buenos Aires. Departamento de Producción Sustentable Pampeana^sINTI-GOAR^pArgentina<|>^aLonghi, S.^nInstituto Nacional de Tecnología Industrial. Dirección Operativa. Gerencia Operativa de Asistencia Regional. Subgerencia Operativa Regional Pampeana. Dirección Técnica Regional Buenos Aires. Departamento de Producción Sustentable Pampeana^sINTI-GOAR^pArgentina<|>^aCazzaniga Arduzzo, Diego Santiago^nInstituto Nacional de Tecnología Industrial. Gerencia Operativa de Desarrollo Tecnológico e Innovación. Subgerencia Operativa de Tecnología de Alimentos. Departamento de Valorización de Subproductos^sINTI-GODTeI-SOTA^pArgentina<|>^aPirola, María  Belén^nInstituto Nacional de Tecnología Industrial. Gerencia Operativa de Desarrollo Tecnológico e Innovación. Subgerencia Operativa de Tecnología de Alimentos. Departamento de Valorización de Subproductos^sINTI-GODTeI-SOTA^pArgentina<|>^aAlarcón, Mariana^nInstituto Nacional de Tecnología Industrial. Gerencia Operativa de Desarrollo Tecnológico e Innovación. Subgerencia Operativa de Tecnología de Alimentos. Departamento de Valorización de Subproductos^sINTI-GODTeI-SOTA^pArgentina
050999;v26_Afiliacion_del_autor;^aBocchetto, Roberto^nInstituto Nacional de Tecnología Agropecuaria^sINTA^pArgentina<|>^aVitale, Javier^nInstituto Nacional de Tecnología Agropecuaria^sINTA^pArgentina<|>^aGhezan, Graciela^nUniversidad Nacional de Mar del Plata. Facultad de Ciencias Agrarias^sUNMdP^pArgentina<|>^aTapia, Ciro^nUniversidad Nacional de Mar del Plata. Facultad de Ciencias Agrarias^sUNMdP^pArgentina<|>^aGrabois, Marcelo^nUniversidad Nacional del Litoral. Facultad de Ingeniería Química^sUNL^pArgentina;^aBocchetto, Roberto Mario^nInstituto Nacional de Tecnología Agropecuaria^sINTA^pArgentina<|>^aVitale, Javier^nInstituto Nacional de Tecnología Agropecuaria^sINTA^pArgentina<|>^aGhezan, Graciela^nUniversidad Nacional de Mar del Plata. Facultad de Ciencias Agrarias^sUNMdP^pArgentina<|>^aTapia, Ciro^nUniversidad Nacional de Mar del Plata. Facultad de Ciencias Agrarias^sUNMdP^pArgentina<|>^aGrabois, Marcelo^nUniversidad Nacional del Litoral. Facultad de Ingeniería Química^sUNL^pArgentina
051029;v26_Afiliacion_del_autor;^aWyngaard, Guillermo^nInstituto Nacional de Tecnología Industrial. Dirección Operativa. Gerencia Operativa de Asistencia Regional. Subgerencia Operativa Regional Pampeana. Dirección Técnica Regional Buenos Aires. Departamento de Tecnologías de Gestión Pampeana^sINTI-GOAR^pArgentina<|>^aBurquet, Griselda^nInstituto Nacional de Tecnología Industrial^sINTI^pArgentina<|>^aAlaluf, Andrés Matías^nInstituto Nacional de Tecnología Industrial^sINTI^pArgentina<|>^aTalamoni, Silvina^nInstituto Nacional de Tecnología Industrial. Dirección Operativa. Dirección de Planeamiento y Dirección^sINTI^pArgentina<|>^aRosso, Julián^nInstituto Nacional de Tecnología Industrial^sINTI^pArgentina<|>^aBaraschi, Mauricio^nInstituto Nacional de Tecnología Industrial. Dirección Operativa. Gerencia Operativa de Servicios Industriales. Dirección Técnica de Procesos Industriales. Departamento de Servicios de Ingeniería^sINTI-GOSI^pArgentina<|>^aGariglio, Alejandro^nInstituto Nacional de Tecnología Industrial^sINTI^pArgentina<|>^aArias, Martín^nInstituto Nacional de Tecnología Industrial. Dirección Operativa. Subgerencia Operativa Regional NOA. Dirección Técnica de Agroindustria NOA. Departamento de Tecnologías de Gestión NOA^sINTI^pArgentina;^aWyngaard, Guillermo^nInstituto Nacional de Tecnología Industrial. Dirección Operativa. Gerencia Operativa de Asistencia Regional. Subgerencia Operativa Regional Pampeana. Dirección Técnica Regional Buenos Aires. Departamento de Tecnologías de Gestión Pampeana^sINTI-GOAR^pArgentina<|>^aBurquet, Griselda Liliana^nInstituto Nacional de Tecnología Industrial^sINTI^pArgentina<|>^aAlaluf, Andrés Matías^nInstituto Nacional de Tecnología Industrial^sINTI^pArgentina<|>^aTalamoni, Silvina^nInstituto Nacional de Tecnología Industrial. Dirección Operativa. Dirección de Planeamiento y Dirección^sINTI^pArgentina<|>^aRosso, Julián^nInstituto Nacional de Tecnología Industrial^sINTI^pArgentina<|>^aBaraschi, Mauricio Andrés^nInstituto Nacional de Tecnología Industrial. Dirección Operativa. Gerencia Operativa de Servicios Industriales. Dirección Técnica de Procesos Industriales. Departamento de Servicios de Ingeniería^sINTI-GOSI^pArgentina<|>^aGariglio, Alejandro^nInstituto Nacional de Tecnología Industrial^sINTI^pArgentina<|>^aArias, Martín^nInstituto Nacional de Tecnología Industrial. Dirección Operativa. Subgerencia Operativa Regional NOA. Dirección Técnica de Agroindustria NOA. Departamento de Tecnologías de Gestión NOA^sINTI^pArgentina
051031;v26_Afiliacion_del_autor;^aWyngaard, Guillermo^nInstituto Nacional de Tecnología Industrial. Dirección Operativa. Gerencia Operativa de Asistencia Regional. Subgerencia Operativa Regional Pampeana. Dirección Técnica Regional Buenos Aires. Departamento de Tecnologías de Gestión Pampeana^sINTI-GOAR^pArgentina<|>^aAlaluf, Andrés Matías^nInstituto Nacional de Tecnología Industrial. Dirección Operativa. Gerencia Operativa de Asistencia Regional. Subgerencia Operativa Regional Cuyo. Dirección Técnica Indust. Extractivas y Manufactureras Cuyo. Departamento de Mejora de la Productividad^sINTI-GOAR^pArgentina<|>^aTalamoni, Silvina^nInstituto Nacional de Tecnología Industrial. Dirección Operativa. Dirección de Planeamiento y Comercialización. Subgerencia Operativa de Comercialización y Ventas. Dirección Técnica de Vinculación^sINTI^pArgentina<|>^aRosso, Julián^nInstituto Nacional de Tecnología Industrial^sINTI^pArgentina<|>^aGariglio, Alejandro^nInstituto Nacional de Tecnología Industrial^sINTI^pArgentina<|>^aDurando, Germán^nInstituto Nacional de Tecnología Industrial^sINTI^pArgentina<|>^aMartino, E.^nInstituto Nacional de Tecnología Industrial^sINTI^pArgentina<|>^aRubino, Juan Manuel^nInstituto Nacional de Tecnología Industrial^sINTI^pArgentina<|>^aAraujo, Carolina^nInstituto Nacional de Tecnología Industrial^sINTI^pArgentina<|>^aTalamoni, Silvina^nInstituto Nacional de Tecnología Industrial. Dirección Operativa. Dirección de Planeamiento y Comercialización^sINTI^pArgentina<|>^aNuñez, Gabriela^nInstituto Nacional de Tecnología Industrial. Dirección Operativa. Subgerencia Operativa de Servicios Sectoriales. Dirección Técnica de Textil y Cuero. Departamento de Tecnología de la Producción del Cuero y Calzado^sINTI-SOSS^pArgentina<|>^aBigoglio, Patricio^nInstituto Nacional de Tecnología Industrial. Dirección Operativa. Subgerencia Operativa de Servicios Sectoriales. Dirección Técnica de Textil y Cuero. Departamento de Tecnología de la Producción del Cuero y Calzado^sINTI-SOSS^pArgentina<|>^aEscola, Marcos^nInstituto Nacional de Tecnología Industrial. Dirección Operativa. Subgerencia Operativa de Servicios Sectoriales. Dirección Técnica de Textil y Cuero. Departamento de Tecnología de la Producción del Cuero y Calzado^sINTI-SOSS^pArgentina<|>^aEstrelles, Gabriela^nInstituto Nacional de Tecnología Industrial^sINTI^pArgentina<|>^aPossetto, Mirta^nInstituto Nacional de Tecnología Industrial. Dirección Operativa. Gerencia Operativa de Asistencia Regional. Subgerencia Operativa Regional Cuyo^sINTI-GOAR^pArgentina<|>^aFernández, Martin^nInstituto Nacional de Tecnología Industrial^sINTI^pArgentina<|>^aMonti, Facundo^nInstituto Nacional de Tecnología Industrial. Dirección Operativa. Gerencia Operativa de Asistencia Regional. Subgerencia Operativa Regional Cuyo. Dirección Técnica de Alimentos Cuyo. Departamento de Inocuidad Alimentaria y Gestión de la Calidad Cuyo^sINTI-GOAR-SORCuyo^pArgentina<|>^aDel Negro, Natalia^nInstituto Nacional de Tecnología Industrial^sINTI^pArgentina<|>^aFoglia, Rodolfo^nInstituto Nacional de Tecnología Industrial. Dirección Operativa. Gerencia Operativa de Servicios Industriales. Subgerencia Operativa de Servicios Sectoriales. Dirección Técnica de Foresto Industria. Departamento de Industria de la Madera y el Mueble^sINTI-SOSS^pArgentina<|>^aOwszarczyn, Laura^nInstituto Nacional de Tecnología Industrial^sINTI^pArgentina<|>^aGradizuela, Claudio^nInstituto Nacional de Tecnología Industrial^sINTI^pArgentina<|>^aAyala, Andrés^nInstituto Nacional de Tecnología Industrial^sINTI^pArgentina<|>^aLópez, A.^nInstituto Nacional de Tecnología Industrial^sINTI^pArgentina<|>^aMartínez, Emiliano^nInstituto Nacional de Tecnología Industrial^sINTI^pArgentina<|>^aPirosanto, I.^nInstituto Nacional de Tecnología Industrial^sINTI^pArgentina;^aWyngaard, Guillermo^nInstituto Nacional de Tecnología Industrial. Dirección Operativa. Gerencia Operativa de Asistencia Regional. Subgerencia Operativa Regional Pampeana. Dirección Técnica Regional Buenos Aires. Departamento de Tecnologías de Gestión Pampeana^sINTI-GOAR^pArgentina<|>^aAlaluf, Andrés Matías^nInstituto Nacional de Tecnología Industrial. Dirección Operativa. Gerencia Operativa de Asistencia Regional. Subgerencia Operativa Regional Cuyo. Dirección Técnica Indust. Extractivas y Manufactureras Cuyo. Departamento de Mejora de la Productividad^sINTI-GOAR^pArgentina<|>^aTalamoni, Silvina^nInstituto Nacional de Tecnología Industrial. Dirección Operativa. Dirección de Planeamiento y Comercialización. Subgerencia Operativa de Comercialización y Ventas. Dirección Técnica de Vinculación^sINTI^pArgentina<|>^aRosso, Julián^nInstituto Nacional de Tecnología Industrial^sINTI^pArgentina<|>^aGariglio, Alejandro^nInstituto Nacional de Tecnología Industrial^sINTI^pArgentina<|>^aDurando, Germán^nInstituto Nacional de Tecnología Industrial^sINTI^pArgentina<|>^aMartino, E.^nInstituto Nacional de Tecnología Industrial^sINTI^pArgentina<|>^aRubino, Juan Manuel^nInstituto Nacional de Tecnología Industrial^sINTI^pArgentina<|>^aAraujo, Carolina^nInstituto Nacional de Tecnología Industrial^sINTI^pArgentina<|>^aTalamoni, Silvina^nInstituto Nacional de Tecnología Industrial. Dirección Operativa. Dirección de Planeamiento y Comercialización^sINTI^pArgentina<|>^aNuñez, Gabriela^nInstituto Nacional de Tecnología Industrial. Dirección Operativa. Subgerencia Operativa de Servicios Sectoriales. Dirección Técnica de Textil y Cuero. Departamento de Tecnología de la Producción del Cuero y Calzado^sINTI-SOSS^pArgentina<|>^aBigoglio, Patricio Pablo^nInstituto Nacional de Tecnología Industrial. Dirección Operativa. Subgerencia Operativa de Servicios Sectoriales. Dirección Técnica de Textil y Cuero. Departamento de Tecnología de la Producción del Cuero y Calzado^sINTI-SOSS^pArgentina<|>^aEscola, Marcos^nInstituto Nacional de Tecnología Industrial. Dirección Operativa. Subgerencia Operativa de Servicios Sectoriales. Dirección Técnica de Textil y Cuero. Departamento de Tecnología de la Producción del Cuero y Calzado^sINTI-SOSS^pArgentina<|>^aEstrelles, Gabriela^nInstituto Nacional de Tecnología Industrial^sINTI^pArgentina<|>^aPossetto, Mirta^nInstituto Nacional de Tecnología Industrial. Dirección Operativa. Gerencia Operativa de Asistencia Regional. Subgerencia Operativa Regional Cuyo^sINTI-GOAR^pArgentina<|>^aFernández, Martin^nInstituto Nacional de Tecnología Industrial^sINTI^pArgentina<|>^aMonti, Facundo^nInstituto Nacional de Tecnología Industrial. Dirección Operativa. Gerencia Operativa de Asistencia Regional. Subgerencia Operativa Regional Cuyo. Dirección Técnica de Alimentos Cuyo. Departamento de Inocuidad Alimentaria y Gestión de la Calidad Cuyo^sINTI-GOAR-SORCuyo^pArgentina<|>^aDel Negro, Natalia Elizabeth^nInstituto Nacional de Tecnología Industrial^sINTI^pArgentina<|>^aFoglia, Rodolfo^nInstituto Nacional de Tecnología Industrial. Dirección Operativa. Gerencia Operativa de Servicios Industriales. Subgerencia Operativa de Servicios Sectoriales. Dirección Técnica de Foresto Industria. Departamento de Industria de la Madera y el Mueble^sINTI-SOSS^pArgentina<|>^aOwszarczyn, Laura^nInstituto Nacional de Tecnología Industrial^sINTI^pArgentina<|>^aGradizuela, Claudio^nInstituto Nacional de Tecnología Industrial^sINTI^pArgentina<|>^aAyala, Andrés^nInstituto Nacional de Tecnología Industrial^sINTI^pArgentina<|>^aLópez, A.^nInstituto Nacional de Tecnología Industrial^sINTI^pArgentina<|>^aMartínez, Emiliano^nInstituto Nacional de Tecnología Industrial^sINTI^pArgentina<|>^aPirosanto, I.^nInstituto Nacional de Tecnología Industrial^sINTI^pArgentina
051087;v26_Afiliacion_del_autor;^aMasferrer, N.^nInstituto Nacional de Tecnología Industrial. Dirección Operativa. Gerencia Operativa de Asistencia Regional. Subgerencia Operativa Regional Centro. Dirección Técnica Centro Occidental. Departamento de Alimentos Centro^sINTI-GOAR^pArgentina<|>^aSilbert Voldman, Violeta^nInstituto Nacional de Tecnología Industrial. Gerencia Operativa de Asistencia Regional. Subgerencia Operativa Regional Centro. Departamento de Química Analítica y Residuos Urbanos Centro^sINTI-GOAR^pArgentina<|>^aStefanini, X.^nInstituto Nacional de Tecnología Agropecuaria. Agencia de Extensión Rural^sINTA-AER^pArgentina;^aMasferrer, Natalia Paola^nInstituto Nacional de Tecnología Industrial. Dirección Operativa. Gerencia Operativa de Asistencia Regional. Subgerencia Operativa Regional Centro. Dirección Técnica Centro Occidental. Departamento de Alimentos Centro^sINTI-GOAR^pArgentina<|>^aSilbert Voldman, Violeta^nInstituto Nacional de Tecnología Industrial. Gerencia Operativa de Asistencia Regional. Subgerencia Operativa Regional Centro. Departamento de Química Analítica y Residuos Urbanos Centro^sINTI-GOAR^pArgentina<|>^aStefanini, Ximena Verónica^nInstituto Nacional de Tecnología Agropecuaria. Agencia de Extensión Rural^sINTA-AER^pArgentina
051088;v26_Afiliacion_del_autor;^aSilbert Voldman, Violeta^nInstituto Nacional de Tecnología Industrial. Gerencia Operativa de Asistencia Regional. Subgerencia Operativa Regional Centro. Departamento de Química Analítica y Residuos Urbanos Centro^sINTI-GOAR^pArgentina<|>^aMasferrer, N.^nInstituto Nacional de Tecnología Industrial. Dirección Operativa. Gerencia Operativa de Asistencia Regional. Subgerencia Operativa Regional Centro. Dirección Técnica Centro Occidental. Departamento de Alimentos Centro^sINTI-GOAR^pArgentina;^aSilbert Voldman, Violeta^nInstituto Nacional de Tecnología Industrial. Gerencia Operativa de Asistencia Regional. Subgerencia Operativa Regional Centro. Departamento de Química Analítica y Residuos Urbanos Centro^sINTI-GOAR^pArgentina<|>^aMasferrer, Natalia Paola^nInstituto Nacional de Tecnología Industrial. Dirección Operativa. Gerencia Operativa de Asistencia Regional. Subgerencia Operativa Regional Centro. Dirección Técnica Centro Occidental. Departamento de Alimentos Centro^sINTI-GOAR^pArgentina
051090;v26_Afiliacion_del_autor;^aGarrido, Guillermo^nInstituto Nacional de Tecnología Industrial. Dirección Operativa. Gerencia Operativa de Asistencia Regional. Subgerencia Operativa Regional Centro. Dirección Técnica Centro Occidental. Departamento de Química Analítica y Residuos Urbanos Centro^sINTI-GOAR^pArgentina<|>^aPettigiani, Eugenio^nInstituto Nacional de Tecnología Industrial. Dirección Operativa. Gerencia Operativa de Asistencia Regional. Subgerencia Operativa Regional Centro. Dirección Técnica Centro Occidental. Departamento de Química Analítica y Residuos Urbanos Centro^sINTI-GOAR^pArgentina<|>^aSilbert Voldman, Violeta^nInstituto Nacional de Tecnología Industrial. Dirección Operativa. Gerencia Operativa de Asistencia Regional. Subgerencia Operativa Regional Centro. Dirección Técnica Centro Occidental. Departamento de Química Analítica y Residuos Urbanos Centro^sINTI-GOAR^pArgentina<|>^aMazzeo, Nadia^nInstituto Nacional de Tecnología Industrial. Dirección Operativa. Gerencia Operativa de Servicios Industriales. Subgerencia Operativa de Química y Ambiente. Dirección Técnica Químico Ambiental Sustentable. Departamento de Sistemas y Herramientas para el Desarrollo Sustentable^sINTI-GOSI-SOQyA^pArgentina<|>^aCruz, Natalia^nInstituto Nacional de Tecnología Industrial. Dirección Operativa. Gerencia Operativa de Servicios Industriales. Subgerencia Operativa de Química y Ambiente. Dirección Técnica Químico Ambiental Sustentable. Departamento de Sistemas y Herramientas para el Desarrollo Sustentable^sINTI-GOSI-SOQyA^pArgentina;^aGarrido, Guillermo^nInstituto Nacional de Tecnología Industrial. Dirección Operativa. Gerencia Operativa de Asistencia Regional. Subgerencia Operativa Regional Centro. Dirección Técnica Centro Occidental. Departamento de Química Analítica y Residuos Urbanos Centro^sINTI-GOAR^pArgentina<|>^aPettigiani, Eugenio^nInstituto Nacional de Tecnología Industrial. Dirección Operativa. Gerencia Operativa de Asistencia Regional. Subgerencia Operativa Regional Centro. Dirección Técnica Centro Occidental. Departamento de Química Analítica y Residuos Urbanos Centro^sINTI-GOAR^pArgentina<|>^aSilbert Voldman, Violeta^nInstituto Nacional de Tecnología Industrial. Dirección Operativa. Gerencia Operativa de Asistencia Regional. Subgerencia Operativa Regional Centro. Dirección Técnica Centro Occidental. Departamento de Química Analítica y Residuos Urbanos Centro^sINTI-GOAR^pArgentina<|>^aMazzeo, Nadia^nInstituto Nacional de Tecnología Industrial. Dirección Operativa. Gerencia Operativa de Servicios Industriales. Subgerencia Operativa de Química y Ambiente. Dirección Técnica Químico Ambiental Sustentable. Departamento de Sistemas y Herramientas para el Desarrollo Sustentable^sINTI-GOSI-SOQyA^pArgentina<|>^aCruz, Natalia Priscila^nInstituto Nacional de Tecnología Industrial. Dirección Operativa. Gerencia Operativa de Servicios Industriales. Subgerencia Operativa de Química y Ambiente. Dirección Técnica Químico Ambiental Sustentable. Departamento de Sistemas y Herramientas para el Desarrollo Sustentable^sINTI-GOSI-SOQyA^pArgentina
051124;v26_Afiliacion_del_autor;^aRodriguez, R.^nInstituto Nacional de Tecnología Industrial. Dirección Operativa. Gerencia Operativa de Asistencia Regional. Subgerencia Operativa Regional Centro. Dirección Técnica Centro Oriental. Departamento de Medio Ambiente Centro^sINTI-GOAR^pArgentina<|>^aBailat, Federico Luis^nInstituto Nacional de Tecnología Industrial. Dirección Operativa. Gerencia Operativa de Asistencia Regional. Subgerencia Operativa Regional Centro. Dirección Técnica Centro Oriental. Departamento de Medio Ambiente Centro^sINTI-GOAR^pArgentina<|>^aFarias, C.^nInstituto Nacional de Tecnología Industrial. Dirección Operativa. Gerencia Operativa de Asistencia Regional. Subgerencia Operativa Regional Centro. Dirección Técnica Centro Oriental. Departamento de Medio Ambiente Centro^sINTI-GOAR^pArgentina<|>^aMiño, A.^nInstituto Nacional de Tecnología Industrial. Dirección Operativa. Gerencia Operativa de Asistencia Regional. Subgerencia Operativa Regional Centro. Dirección Técnica Centro Oriental. Departamento de Medio Ambiente Centro^sINTI-GOAR^pArgentina;^aRodríguez, Ruth Alejandra^nInstituto Nacional de Tecnología Industrial. Dirección Operativa. Gerencia Operativa de Asistencia Regional. Subgerencia Operativa Regional Centro. Dirección Técnica Centro Oriental. Departamento de Medio Ambiente Centro^sINTI-GOAR^pArgentina<|>^aBailat, Federico Luis^nInstituto Nacional de Tecnología Industrial. Dirección Operativa. Gerencia Operativa de Asistencia Regional. Subgerencia Operativa Regional Centro. Dirección Técnica Centro Oriental. Departamento de Medio Ambiente Centro^sINTI-GOAR^pArgentina<|>^aFarias, C.^nInstituto Nacional de Tecnología Industrial. Dirección Operativa. Gerencia Operativa de Asistencia Regional. Subgerencia Operativa Regional Centro. Dirección Técnica Centro Oriental. Departamento de Medio Ambiente Centro^sINTI-GOAR^pArgentina<|>^aMiño, A.^nInstituto Nacional de Tecnología Industrial. Dirección Operativa. Gerencia Operativa de Asistencia Regional. Subgerencia Operativa Regional Centro. Dirección Técnica Centro Oriental. Departamento de Medio Ambiente Centro^sINTI-GOAR^pArgentina
051140;v26_Afiliacion_del_autor;^aAriza, Irene Raquel^nInstituto Nacional de Tecnología Industrial^sINTI^pArgentina<|>^aOms, Eyra Malena^nInstituto Nacional de Tecnología Industrial^sINTI^pArgentina<|>^aNemcansky, K.^nInstituto Nacional de Tecnología Industrial^sINTI^pArgentina<|>^aCeballos, Jorge Ceferino^nInstituto Nacional de Tecnología Industrial^sINTI^pArgentina<|>^aLosso, A.^nInstituto Nacional de Tecnología Industrial^sINTI^pArgentina<|>^aMartin, D.^nInstituto Nacional de Tecnología Industrial^sINTI^pArgentina<|>^aHerrero, P.^nInstituto Nacional de Tecnología Industrial^sINTI^pArgentina;^aAriza, Irene Raquel^nInstituto Nacional de Tecnología Industrial^sINTI^pArgentina<|>^aOms, Eyra Malena^nInstituto Nacional de Tecnología Industrial^sINTI^pArgentina<|>^aNemcansky, K.^nInstituto Nacional de Tecnología Industrial^sINTI^pArgentina<|>^aCeballos, Jorge Ceferino^nInstituto Nacional de Tecnología Industrial^sINTI^pArgentina<|>^aLosso, A.^nInstituto Nacional de Tecnología Industrial^sINTI^pArgentina<|>^aMartin, Diego Ignacio^nInstituto Nacional de Tecnología Industrial^sINTI^pArgentina<|>^aHerrero, P.^nInstituto Nacional de Tecnología Industrial^sINTI^pArgentina
051255;v26_Afiliacion_del_autor;^aReich, G.^nInstituto Nacional de Tecnología Industrial. Agroalimentos^sINTI-Agroalimentos^pArgentina<|>^aMurano, M.^nInstituto Nacional de Tecnología Industrial. Dirección Operativa. Gerencia Operativa de Desarrollo Tecnológico e Innovación. Subgerencia Operativa de Tecnología de Alimentos. Departamento de Desarrollo de Ingredientes^sINTI-GODTeI-SOTA^pArgentina<|>^aGonzález, J.^nInstituto Nacional de Tecnología Industrial. Agroalimentos^sINTI-Agroalimentos^pArgentina<|>^aPettinari, V.^nInstituto Nacional de Tecnología Industrial. Agroalimentos^sINTI-Agroalimentos^pArgentina<|>^aBarbagallo, Gustavo Alfredo^nInstituto Nacional de Tecnología Industrial. Agroalimentos^sINTI-Agroalimentos^pArgentina<|>^aCirio, Mercedes^nInstituto Nacional de Tecnología Industrial. Agroalimentos^sINTI-Agroalimentos^pArgentina<|>^aVillarreal, Marcela^nInstituto Nacional de Tecnología Industrial. Agroalimentos^sINTI-Agroalimentos^pArgentina<|>^aKneetemann, E.^nInstituto Nacional de Tecnología Industrial. Agroalimentos^sINTI-Agroalimentos^pArgentina<|>^aValentini, G.^nInstituto Nacional de Tecnología Agropecuaria. Estación Experimental Agropecuaria San Pedro^sINTA^pArgentina<|>^aCorbino, Graciela Beatriz^nInstituto Nacional de Tecnología Agropecuaria. Estación Experimental Agropecuaria San Pedro^sINTA^pArgentina<|>^aDománico, Ricardo Hugo^nInstituto Nacional de Tecnología Industrial. Agroalimentos^sINTI-Agroalimentos^pArgentina;^aReich, G.^nInstituto Nacional de Tecnología Industrial. Agroalimentos^sINTI-Agroalimentos^pArgentina<|>^aMurano, M.^nInstituto Nacional de Tecnología Industrial. Dirección Operativa. Gerencia Operativa de Desarrollo Tecnológico e Innovación. Subgerencia Operativa de Tecnología de Alimentos. Departamento de Desarrollo de Ingredientes^sINTI-GODTeI-SOTA^pArgentina<|>^aGonzález, J.^nInstituto Nacional de Tecnología Industrial. Agroalimentos^sINTI-Agroalimentos^pArgentina<|>^aPettinari, V.^nInstituto Nacional de Tecnología Industrial. Agroalimentos^sINTI-Agroalimentos^pArgentina<|>^aBarbagallo, Gustavo Alfredo^nInstituto Nacional de Tecnología Industrial. Agroalimentos^sINTI-Agroalimentos^pArgentina<|>^aCirio, Mercedes^nInstituto Nacional de Tecnología Industrial. Agroalimentos^sINTI-Agroalimentos^pArgentina<|>^aVillarreal, Marcela^nInstituto Nacional de Tecnología Industrial. Agroalimentos^sINTI-Agroalimentos^pArgentina<|>^aKneetemann, E.^nInstituto Nacional de Tecnología Industrial. Agroalimentos^sINTI-Agroalimentos^pArgentina<|>^aValentini, Gabriel Hugo^nInstituto Nacional de Tecnología Agropecuaria. Estación Experimental Agropecuaria San Pedro^sINTA^pArgentina<|>^aCorbino, Graciela Beatriz^nInstituto Nacional de Tecnología Agropecuaria. Estación Experimental Agropecuaria San Pedro^sINTA^pArgentina<|>^aDománico, Ricardo Hugo^nInstituto Nacional de Tecnología Industrial. Agroalimentos^sINTI-Agroalimentos^pArgentina
051263;v26_Afiliacion_del_autor;^aGallo, C.^nInstituto Nacional de Tecnología Agropecuaria. Estación Experimental Agropecuaria Oliveros^sINTA^pArgentina<|>^aMartínez, M. A.^nUniversidad Nacional de Rosario. Facultad de Ciencias Agrarias^sUNR-FCAGR^pArgentina<|>^aArango, M. R.^nInstituto Nacional de Tecnología Agropecuaria. Estación Experimental Agropecuaria Oliveros^sINTA^pArgentina<|>^aRubino Andretich, G.^nInstituto Nacional de Tecnología Industrial. Dirección Operativa. Gerencia Operativa de Asistencia Regional. Subgerencia Operativa Regional Centro. Dirección Técnica Centro Litoral. Departamento de Validación de Equipos y Componentes Centro^sINTI-GOAR^pArgentina<|>^aPeralta, M.^nInstituto Nacional de Tecnología Industrial. Dirección Operativa. Gerencia Operativa de Asistencia Regional. Subgerencia Operativa Regional Centro. Dirección Técnica Centro Litoral. Departamento de Validación de Equipos y Componentes Centro^sINTI-GOAR^pArgentina<|>^aAiraldo, Gastón^nInstituto Nacional de Tecnología Industrial. Dirección Operativa. Gerencia Operativa de Asistencia Regional. Subgerencia Operativa Regional Centro. Dirección Técnica Centro Litoral. Departamento de Validación de Equipos y Componentes Centro^sINTI-GOAR^pArgentina;^aGallo, C.^nInstituto Nacional de Tecnología Agropecuaria. Estación Experimental Agropecuaria Oliveros^sINTA^pArgentina<|>^aMartínez, M. A.^nUniversidad Nacional de Rosario. Facultad de Ciencias Agrarias^sUNR-FCAGR^pArgentina<|>^aArango, M. R.^nInstituto Nacional de Tecnología Agropecuaria. Estación Experimental Agropecuaria Oliveros^sINTA^pArgentina<|>^aRubino Andretich, G.^nInstituto Nacional de Tecnología Industrial. Dirección Operativa. Gerencia Operativa de Asistencia Regional. Subgerencia Operativa Regional Centro. Dirección Técnica Centro Litoral. Departamento de Validación de Equipos y Componentes Centro^sINTI-GOAR^pArgentina<|>^aPeralta, Matías Eduardo^nInstituto Nacional de Tecnología Industrial. Dirección Operativa. Gerencia Operativa de Asistencia Regional. Subgerencia Operativa Regional Centro. Dirección Técnica Centro Litoral. Departamento de Validación de Equipos y Componentes Centro^sINTI-GOAR^pArgentina<|>^aAiraldo, Gastón^nInstituto Nacional de Tecnología Industrial. Dirección Operativa. Gerencia Operativa de Asistencia Regional. Subgerencia Operativa Regional Centro. Dirección Técnica Centro Litoral. Departamento de Validación de Equipos y Componentes Centro^sINTI-GOAR^pArgentina
051298;v26_Afiliacion_del_autor;^aMacagnano, A.^nConsiglio Nazionale delle Ricerche. Istituto sull'Inquinamento Atmosferico^sCNR-IIA^pItalia<|>^aMolinari, F. N.^nInstituto Nacional de Tecnología Industrial. Textiles^sINTI-Textiles^pArgentina<|>^aMolinari, F. N.^nConsiglio Nazionale delle Ricerche. Istituto sull'Inquinamento Atmosferico^sCNR-IIA^pItalia<|>^aPapa, P.^nConsiglio Nazionale delle Ricerche. Istituto sull'Inquinamento Atmosferico^sCNR-IIA^pItalia<|>^aMancini, T.^nSapienza Università di Roma. Dipartimento di Fisica^sUNIROMA^pItalia<|>^aLupi, S.^nSapienza Università di Roma. Dipartimento di Fisica^sUNIROMA^pItalia<|>^aD’Arco, A.^nSapienza Università di Roma. Dipartimento di Fisica^sUNIROMA^pItalia<|>^aTaddei, Anna Rita^nUniversità degli Studi della Tuscia^sUNITUS^pItalia<|>^aSerrecchia, S.^nConsiglio Nazionale delle Ricerche. Istituto sull'Inquinamento Atmosferico^sCNR-IIA^pItalia<|>^aDe Cesare, F.^nConsiglio Nazionale delle Ricerche. Istituto sull'Inquinamento Atmosferico^sCNR-IIA^pItalia<|>^aDe Cesare, F.^nUniversità degli Studi della Tuscia^sUNITUS^pItalia;^aMacagnano, A.^nConsiglio Nazionale delle Ricerche. Istituto sull'Inquinamento Atmosferico^sCNR-IIA^pItalia<|>^aMolinari, F. N.^nInstituto Nacional de Tecnología Industrial. Textiles^sINTI-Textiles^pArgentina<|>^aMolinari, F. N.^nConsiglio Nazionale delle Ricerche. Istituto sull'Inquinamento Atmosferico^sCNR-IIA^pItalia<|>^aPapa, P.^nConsiglio Nazionale delle Ricerche. Istituto sull'Inquinamento Atmosferico^sCNR-IIA^pItalia<|>^aMancini, T.^nSapienza Università di Roma. Dipartimento di Fisica^sUNIROMA^pItalia<|>^aLupi, S.^nSapienza Università di Roma. Dipartimento di Fisica^sUNIROMA^pItalia<|>^aD´Arco, Annalisa^nSapienza Università di Roma. Dipartimento di Fisica^sUNIROMA^pItalia<|>^aTaddei, Anna Rita^nUniversità degli Studi della Tuscia^sUNITUS^pItalia<|>^aSerrecchia, S.^nConsiglio Nazionale delle Ricerche. Istituto sull'Inquinamento Atmosferico^sCNR-IIA^pItalia<|>^aDe Cesare, F.^nConsiglio Nazionale delle Ricerche. Istituto sull'Inquinamento Atmosferico^sCNR-IIA^pItalia<|>^aDe Cesare, F.^nUniversità degli Studi della Tuscia^sUNITUS^pItalia
051302;v26_Afiliacion_del_autor;^aBecker, Rosalba^nInstituto Nacional de Tecnología Industrial. Dirección Operativa. Gerencia Operativa de Asistencia Regional. Subgerencia Operativa Regional Centro. Dirección Técnica Centro Oriental. Departamento de Alimentos Centro^sINTI-GOAR-SORCentro^pArgentina<|>^aDíaz, Victoria^nInstituto Nacional de Tecnología Industrial. Dirección Operativa. Gerencia Operativa de Desarrollo Tecnológico e Innovación. Subgerencia Operativa de Áreas de Conocimiento. Dirección Técnica de Diseño Industrial. Departamento de Experiencia del Usuario^sINTI-GODTeI-SOAC^pArgentina<|>^aDubois, María José^nInstituto Nacional de Tecnología Industrial. Gerencia Operativa de Desarrollo Tecnológico e Innovación. Subgerencia Operativa de Áreas del Conocimiento. Dirección Técnica de Diseño Industrial. Departamento de Experiencia del Usuario^sINTI-GODTeI-SOAC^pArgentina<|>^aVigna, Alejandrina Moira^nInstituto Nacional de Tecnología Industrial. Dirección Operativa. Gerencia Operativa de Desarrollo Tecnológico e Innovación. Subgerencia Operativa de Áreas de Conocimiento. Dirección Técnica de Industria 4.0^sINTI-GODTeI-SOAC^pArgentina;^aBecker, Rosalba María^nInstituto Nacional de Tecnología Industrial. Dirección Operativa. Gerencia Operativa de Asistencia Regional. Subgerencia Operativa Regional Centro. Dirección Técnica Centro Oriental. Departamento de Alimentos Centro^sINTI-GOAR-SORCentro^pArgentina<|>^aDíaz, Victoria^nInstituto Nacional de Tecnología Industrial. Dirección Operativa. Gerencia Operativa de Desarrollo Tecnológico e Innovación. Subgerencia Operativa de Áreas de Conocimiento. Dirección Técnica de Diseño Industrial. Departamento de Experiencia del Usuario^sINTI-GODTeI-SOAC^pArgentina<|>^aDubois, María José^nInstituto Nacional de Tecnología Industrial. Gerencia Operativa de Desarrollo Tecnológico e Innovación. Subgerencia Operativa de Áreas del Conocimiento. Dirección Técnica de Diseño Industrial. Departamento de Experiencia del Usuario^sINTI-GODTeI-SOAC^pArgentina<|>^aVigna, Alejandrina Moira^nInstituto Nacional de Tecnología Industrial. Dirección Operativa. Gerencia Operativa de Desarrollo Tecnológico e Innovación. Subgerencia Operativa de Áreas de Conocimiento. Dirección Técnica de Industria 4.0^sINTI-GODTeI-SOAC^pArgentina
051303;v26_Afiliacion_del_autor;^aRamírez, Rodrigo^nInstituto Nacional de Tecnología Industrial. Dirección Operativa. Gerencia Operativa de Desarrollo Tecnológico e Innovación. Subgerencia Operativa de Áreas de Conocimiento. Dirección Técnica de Diseño Industrial^sINTI-GODTeI-SOAC^pArgentina<|>^aSecchi, Mariela Celina^nInstituto Nacional de Tecnología Industrial. Dirección Operativa. Gerencia Operativa de Desarrollo Tecnológico e Innovación. Subgerencia Operativa de Áreas de Conocimiento. Dirección Técnica de Diseño Industrial. Departamento de Experiencia del Usuario^sINTI-GODTeI-SOAC^pArgentina;^aRamírez, Rodrigo Javier^nInstituto Nacional de Tecnología Industrial. Dirección Operativa. Gerencia Operativa de Desarrollo Tecnológico e Innovación. Subgerencia Operativa de Áreas de Conocimiento. Dirección Técnica de Diseño Industrial^sINTI-GODTeI-SOAC^pArgentina<|>^aSecchi, Mariela Celina^nInstituto Nacional de Tecnología Industrial. Dirección Operativa. Gerencia Operativa de Desarrollo Tecnológico e Innovación. Subgerencia Operativa de Áreas de Conocimiento. Dirección Técnica de Diseño Industrial. Departamento de Experiencia del Usuario^sINTI-GODTeI-SOAC^pArgentina
051310;v26_Afiliacion_del_autor;^aBarda, Nora^nInstituto Nacional de Tecnología Industrial. Villa Regina^pINTI^pArgentina<|>^aMiranda, María José^nInstituto Nacional de Tecnología Industrial. Villa Regina^pINTI^pArgentina<|>^aSuárez, Pablo^nInstituto Nacional de Tecnología Industrial. Villa Regina^pINTI^pArgentina;^aBarda, Nora^nInstituto Nacional de Tecnología Industrial. Villa Regina^pINTI^pArgentina<|>^aMiranda, María José^nInstituto Nacional de Tecnología Industrial. Villa Regina^pINTI^pArgentina<|>^aSuárez, Pablo Javier^nInstituto Nacional de Tecnología Industrial. Villa Regina^pINTI^pArgentina
051329;v26_Afiliacion_del_autor;^aObermann, Cristian^nUniversidad Nacional de Lomas de Zamora. Facultad de Ingeniería^sUNLZ^pArgentina<|>^aAbate, Germán Rubén^nUniversidad Nacional de Lomas de Zamora. Facultad de Ingeniería^sUNLZ^pArgentina<|>^aAbate, Germán Rubén^nInstituto Nacional de Tecnología Industrial. Centro de Desarrollo en Mecánica^sINTI-Mecánica^pArgentina<|>^aSimoncelli, Alejandro Ezequiel^nUniversidad Nacional de Lomas de Zamora. Facultad de Ingeniería^sUNLZ^pArgentina<|>^aSimoncelli, Alejandro Ezequiel^nInstituto Nacional de Tecnología Industrial. Centro de Desarrollo en Mecánica^sINTI-Mecánica^pArgentina<|>^aAntúnez, Nazareno Nahuel^nUniversidad Nacional de Lomas de Zamora. Facultad de Ingeniería^sUNLZ^pArgentina<|>^aAntúnez, Alejandro^nInstituto Nacional de Tecnología Industrial. Centro de Desarrollo en Mecánica^sINTI-Mecánica^pArgentina<|>^aMartínez Krahmer, Daniel Osvaldo^nUniversidad Nacional de Hurlingham. Instituto de Tecnología e Ingeniería^sUNAHUR^pArgentina<|>^aPereyra Osenda, Raúl Alberto^nUniversidad Nacional de Hurlingham. Instituto de Tecnología e Ingeniería^sUNAHUR^pArgentina;^aObermann, Cristian^nUniversidad Nacional de Lomas de Zamora. Facultad de Ingeniería^sUNLZ^pArgentina<|>^aAbate, Germán Rubén^nUniversidad Nacional de Lomas de Zamora. Facultad de Ingeniería^sUNLZ^pArgentina<|>^aAbate, Germán Rubén^nInstituto Nacional de Tecnología Industrial. Centro de Desarrollo en Mecánica^sINTI-Mecánica^pArgentina<|>^aSimoncelli, Alejandro Ezequiel^nUniversidad Nacional de Lomas de Zamora. Facultad de Ingeniería^sUNLZ^pArgentina<|>^aSimoncelli, Alejandro Ezequiel^nInstituto Nacional de Tecnología Industrial. Centro de Desarrollo en Mecánica^sINTI-Mecánica^pArgentina<|>^aAntunez, Nazareno Nahuel^nUniversidad Nacional de Lomas de Zamora. Facultad de Ingeniería^sUNLZ^pArgentina<|>^aAntúnez, Alejandro^nInstituto Nacional de Tecnología Industrial. Centro de Desarrollo en Mecánica^sINTI-Mecánica^pArgentina<|>^aMartínez Krahmer, Daniel Osvaldo^nUniversidad Nacional de Hurlingham. Instituto de Tecnología e Ingeniería^sUNAHUR^pArgentina<|>^aPereyra Osenda, Raúl Alberto^nUniversidad Nacional de Hurlingham. Instituto de Tecnología e Ingeniería^sUNAHUR^pArgentina
051423;v26_Afiliacion_del_autor;"^aWise, Stephen A.^nNational Institute of Standards and Technology^sNIST^pEstados Unidos<|>^aPhinney, Karen W.^nNational Institute of Standards and Technology^sNIST^pEstados Unidos<|>^aDuewer, David^nNational Institute of Standards and Technology^sNIST^pEstados Unidos<|>^aSniegoski, Lorna T.^nNational Institute of Standards and Technology^sNIST^pEstados Unidos<|>^aWelch, Michael J.^nNational Institute of Standards and Technology^sNIST^pEstados Unidos<|>^aPabello, Guiomar^nCentro Nacional de Metrologia^sCENAM^pMéxico<|>^aÁvila Caldero, Marco Antonio^nCentro Nacional de Metrologia^sCENAM^pMéxico<|>^aQinde, Liu^nHealth Sciences Authority^sHSA^pSingapur<|>^aTong Kooi, Lee^nHealth Sciences Authority^sHSA^pSingapur<|>^aRego, Eliane^nInstituto Nacional de Metrologia, Qualidade e Tecnologia^sINMETRO^pBrasil<|>^aGarrido, Bruno^nInstituto Nacional de Metrologia, Qualidade e Tecnologia^sINMETRO^pBrasil<|>^aAllegri, Gabriella^nInstituto Nacional de Metrologia, Qualidade e Tecnologia^sINMETRO^pBrasil<|>^aDe La Cruz, Marcia^nInstituto Nacional de Metrologia, Qualidade e Tecnologia^sINMETRO^pBrasil<|>^aBarrabin, Juliana^nInstituto Nacional de Metrologia, Qualidade e Tecnologia^sINMETRO^pBrasil<|>^aPuglisi, Celia María^nInstituto Nacional de Tecnología Industrial^sINTI^pArgentina<|>^aLópez, Eduardo Emilio^nInstituto Nacional de Tecnología Industrial^sINTI^pArgentina<|>^aLee, Hwashim^nKorea Research Institute of Standards and Science^sKRISS^pRepública de Corea<|>^aKim, Byungioo^nKorea Research Institute of Standards and Science^sKRISS^pRepública de Corea<|>^aDelatour, Vincent^nLaboratoire National de Métrologie et d’Essais^sLNE^pFrancia<|>^aHeuillet, Maud^nLaboratoire National de Métrologie et d’Essais^sLNE^pFrancia<|>^aNammoonnoy, Jintana^nNational Institute of Metrology^sNIMT^pTailandia<|>^aGören, Ahmet Ceyhan^nNational Metrology Institute of Turkey^sTÜB&#304;TAK UME^pTurquía<|>^aBilsel, Gokhan^nNational Metrology Institute of Turkey^sTÜB&#304;TAK UME^pTurquía<|>^aKonopelko, L.^nD.I. Mendeleyev Institute for Metrology^sVNIIM^pRusia<|>^aKrylov, A.^nD.I. Mendeleyev Institute for Metrology^sVNIIM^pRusia<|>^aLopushanskaya, E.^nD.I. Mendeleyev Institute for Metrology^sVNIIM^pRusia";"^aWise, Stephen A.^nNational Institute of Standards and Technology^sNIST^pEstados Unidos<|>^aPhinney, Karen W.^nNational Institute of Standards and Technology^sNIST^pEstados Unidos<|>^aDuewer, David^nNational Institute of Standards and Technology^sNIST^pEstados Unidos<|>^aSniegoski, Lorna T.^nNational Institute of Standards and Technology^sNIST^pEstados Unidos<|>^aWelch, Michael J.^nNational Institute of Standards and Technology^sNIST^pEstados Unidos<|>^aPabello, Guiomar^nCentro Nacional de Metrologia^sCENAM^pMéxico<|>^aÁvila Caldero, Marco Antonio^nCentro Nacional de Metrologia^sCENAM^pMéxico<|>^aQinde, Liu^nHealth Sciences Authority^sHSA^pSingapur<|>^aTong Kooi, Lee^nHealth Sciences Authority^sHSA^pSingapur<|>^aRego, Eliane Cristina Pires do^nInstituto Nacional de Metrologia, Qualidade e Tecnologia^sINMETRO^pBrasil<|>^aGarrido, Bruno^nInstituto Nacional de Metrologia, Qualidade e Tecnologia^sINMETRO^pBrasil<|>^aAllegri, Gabriella^nInstituto Nacional de Metrologia, Qualidade e Tecnologia^sINMETRO^pBrasil<|>^aDe La Cruz, Marcia^nInstituto Nacional de Metrologia, Qualidade e Tecnologia^sINMETRO^pBrasil<|>^aBarrabin, Juliana^nInstituto Nacional de Metrologia, Qualidade e Tecnologia^sINMETRO^pBrasil<|>^aPuglisi, Celia María^nInstituto Nacional de Tecnología Industrial^sINTI^pArgentina<|>^aLópez, Eduardo Emilio^nInstituto Nacional de Tecnología Industrial^sINTI^pArgentina<|>^aLee, Hwashim^nKorea Research Institute of Standards and Science^sKRISS^pRepública de Corea<|>^aKim, Byungioo^nKorea Research Institute of Standards and Science^sKRISS^pRepública de Corea<|>^aDelatour, Vincent^nLaboratoire National de Métrologie et d’Essais^sLNE^pFrancia<|>^aHeuillet, Maud^nLaboratoire National de Métrologie et d’Essais^sLNE^pFrancia<|>^aNammoonnoy, Jintana^nNational Institute of Metrology^sNIMT^pTailandia<|>^aGören, Ahmet Ceyhan^nNational Metrology Institute of Turkey^sTÜB&#304;TAK UME^pTurquía<|>^aBilsel, Gökhan^nNational Metrology Institute of Turkey^sTÜB&#304;TAK UME^pTurquía<|>^aKonopelko, L.^nD.I. Mendeleyev Institute for Metrology^sVNIIM^pRusia<|>^aKrylov, A.^nD.I. Mendeleyev Institute for Metrology^sVNIIM^pRusia<|>^aLopushanskaya, E.^nD.I. Mendeleyev Institute for Metrology^sVNIIM^pRusia"
051433;v26_Afiliacion_del_autor;^aZorrilla, Ladislao León^nInstituto Nacional de Tecnología Industrial. Dirección Operativa. Gerencia Operativa de Desarrollo Tecnológico e Innovación. Subgerencia Operativa de Áreas de Conocimiento. Dirección Técnica de Diseño Industrial. Departamento de Experiencia del Usuario^sINTI-GODTeI-SOAC^pArgentina<|>^aMartín, Diego Ignacio^nInstituto Nacional de Tecnología Industrial. Gerencia Operativa de Desarrollo Tecnológico e Innovación. Subgerencia Operativa de Áreas del Conocimiento. Dirección Técnica de Diseño Industrial. Departamento de Gestión del Diseño^sINTI-GODTeI-SOAC^pArgentina;^aZorrilla, Ladislao León^nInstituto Nacional de Tecnología Industrial. Dirección Operativa. Gerencia Operativa de Desarrollo Tecnológico e Innovación. Subgerencia Operativa de Áreas de Conocimiento. Dirección Técnica de Diseño Industrial. Departamento de Experiencia del Usuario^sINTI-GODTeI-SOAC^pArgentina<|>^aMartin, Diego Ignacio^nInstituto Nacional de Tecnología Industrial. Gerencia Operativa de Desarrollo Tecnológico e Innovación. Subgerencia Operativa de Áreas del Conocimiento. Dirección Técnica de Diseño Industrial. Departamento de Gestión del Diseño^sINTI-GODTeI-SOAC^pArgentina
051435;v26_Afiliacion_del_autor;^aKramar, María Belén^nInstituto Nacional de Tecnología Industrial. Gerencia Operativa de Desarrollo Tecnológico e Innovación. Subgerencia Operativa de Áreas de Conocimiento. Dirección Técnica de Micro y Nano Tecnologías. Departamento de Micro y Nano Fabricación^sINTI-GODTeI-SOAC^pArgentina<|>^aRota, Franco^nUniversidad Nacional de San Martín. Escuela de Ciencia y Tecnología^sUNSAM-ECyT^pArgentina<|>^aPatrone, Luciano Agustín^nInstituto Nacional de Tecnología Industrial. Gerencia Operativa de Desarrollo Tecnológico e Innovación. Subgerencia Operativa de Áreas de Conocimiento. Dirección Técnica de Micro y Nano Tecnologías. Departamento de Micro y Nano Fabricación^sINTI-GODTeI-SOAC^pArgentina<|>^aLozano, Carlos Álex^nInstituto Nacional de Tecnología Industrial. Gerencia Operativa de Desarrollo Tecnológico e Innovación. Subgerencia Operativa de Áreas de Conocimiento. Dirección Técnica de Micro y Nano Tecnologías. Departamento de Micro y Nano Fabricación^sINTI-GODTeI-SOAC^pArgentina<|>^aLozano, Carlos Álex^nUniversidad Tecnológica Nacional. Facultad Regional Buenos Aires^sUTN-FRBA^pArgentina<|>^aMalatto, María Laura^nInstituto Nacional de Tecnología Industrial. Gerencia Operativa de Desarrollo Tecnológico e Innovación. Subgerencia Operativa de Áreas de Conocimiento. Dirección Técnica de Micro y Nano Tecnologías. Departamento de Micro y Nano Fabricación^sINTI-GODTeI-SOAC^pArgentina;^aKramar, María Belén^nInstituto Nacional de Tecnología Industrial. Gerencia Operativa de Desarrollo Tecnológico e Innovación. Subgerencia Operativa de Áreas de Conocimiento. Dirección Técnica de Micro y Nano Tecnologías. Departamento de Micro y Nano Fabricación^sINTI-GODTeI-SOAC^pArgentina<|>^aRota, Franco^nUniversidad Nacional de San Martín. Escuela de Ciencia y Tecnología^sUNSAM-ECyT^pArgentina<|>^aPatrone, Luciano  Agustín^nInstituto Nacional de Tecnología Industrial. Gerencia Operativa de Desarrollo Tecnológico e Innovación. Subgerencia Operativa de Áreas de Conocimiento. Dirección Técnica de Micro y Nano Tecnologías. Departamento de Micro y Nano Fabricación^sINTI-GODTeI-SOAC^pArgentina<|>^aLozano, Carlos Álex^nInstituto Nacional de Tecnología Industrial. Gerencia Operativa de Desarrollo Tecnológico e Innovación. Subgerencia Operativa de Áreas de Conocimiento. Dirección Técnica de Micro y Nano Tecnologías. Departamento de Micro y Nano Fabricación^sINTI-GODTeI-SOAC^pArgentina<|>^aLozano, Carlos Álex^nUniversidad Tecnológica Nacional. Facultad Regional Buenos Aires^sUTN-FRBA^pArgentina<|>^aMalatto, María Laura^nInstituto Nacional de Tecnología Industrial. Gerencia Operativa de Desarrollo Tecnológico e Innovación. Subgerencia Operativa de Áreas de Conocimiento. Dirección Técnica de Micro y Nano Tecnologías. Departamento de Micro y Nano Fabricación^sINTI-GODTeI-SOAC^pArgentina
