MFN;Columna;Antes;Despues
001872;v22_Autor_personal;Alanis, Irene L.<|>Berardo, Liliana N.<|>Valentini, Cristóbal R.;Alanis, Irene Luisa<|>Berardo, Liliana N.<|>Valentini, Cristóbal R.
002319;v22_Autor_personal;Alanis, Irene L.<|>Abuin, Graciela C.;Alanis, Irene Luisa<|>Abuin, Graciela Carmen
002350;v22_Autor_personal;Alanis, Irene L.<|>Berardo, Liliana N.<|>Valentini, Cristóbal R.;Alanis, Irene Luisa<|>Berardo, Liliana N.<|>Valentini, Cristóbal R.
002487;v22_Autor_personal;Alanis, Irene L.;Alanis, Irene Luisa
002512;v22_Autor_personal;Alanis, Irene L.<|>D'Alkaine, Carlos V.;Alanis, Irene Luisa<|>D'Alkaine, Carlos V.
002590;v22_Autor_personal;Behar, Alberto<|>Méndez, A.<|>Rochaix, E.C.;Behar, Alberto<|>Méndez, Andrea Mirta<|>Rochaix, E.C.
002735;v22_Autor_personal;Alanis, Irene L.;Alanis, Irene Luisa
004654;v22_Autor_personal;Tischler, Moisés<|>Villamil, Mario<|>Martínez, E.<|>Marajofsky, A.<|>Celora, J.<|>Recalde, L.;Tischler, Moisés<|>Villamil, Mario<|>Martínez, Emiliano<|>Marajofsky, A.<|>Celora, J.<|>Recalde, L.
004961;v22_Autor_personal;Alanis, Irene L.<|>Schiffrin, David J.;Alanis, Irene Luisa<|>Schiffrin, David J.
004969;v22_Autor_personal;Arroyo, Oscar<|>Storani, Alejandro;Arroyo, Oscar Rafael Antonio<|>Storani, Alejandro
005140;v22_Autor_personal;Alvarez, Néstor<|>Moina, Carlos A.;Álvarez, Néstor<|>Moina, Carlos A.
005300;v22_Autor_personal;Abuin, Graciela C.<|>Böhm, U.<|>Marchiano, S. L.;Abuin, Graciela Carmen<|>Böhm, U.<|>Marchiano, S. L.
005565;v22_Autor_personal;Alvarez, P.<|>Olmedo, Ana María T.<|>Villegas, M.;Álvarez, Pablo Augusto<|>Olmedo, Ana María T.<|>Villegas, M.
005638;v22_Autor_personal;Abuin, Graciela C.<|>Alvarez, Néstor<|>Alanis, Irene L.<|>Calvo, Ernesto J.<|>Mahmud, Zulema<|>Míguez, Marina<|>Moina, Carlos A.;Abuin, Graciela Carmen<|>Álvarez, Néstor<|>Alanis, Irene Luisa<|>Calvo, Ernesto J.<|>Mahmud, Zulema<|>Míguez, Marina<|>Moina, Carlos A.
005655;v22_Autor_personal;Alanis, Irene L.<|>De Cristófaro, Norma B.<|>Berardo, Liliana N.<|>Valentini, Cristóbal R.<|>Moina, Carlos A.;Alanis, Irene Luisa<|>De Cristófaro, Norma B.<|>Berardo, Liliana N.<|>Valentini, Cristóbal R.<|>Moina, Carlos A.
005665;v22_Autor_personal;Biscontin, A.<|>González, M.<|>Jacobo, J.C.<|>Kestelboim, G.<|>Pianelli, G.<|>Raventino, C.I.<|>Pérez, Daniel N.<|>Rostagno, J.C.<|>Sardoñans, F.<|>Stilinovic, M.<|>Veltri, R.<|>Biondo, O.<|>Kirszman, O.;Biscontin, A.<|>González, M.<|>Jacobo, J.C.<|>Kestelboim, G.<|>Pianelli, G.<|>Raventino, C.I.<|>Pérez, Daniel N.<|>Rostagno, J.C.<|>Sardoñans, F.<|>Stilinovic, M.<|>Veltri, R.<|>Biondo, Oscar Alberto<|>Kirszman, O.
005673;v22_Autor_personal;Alanis, Irene L.;Alanis, Irene Luisa
005795;v22_Autor_personal;Sofía, Alberto<|>Abuin, Graciela C.<|>De Marco, Ruben<|>Estevez, Susana<|>Pilot, Cristina<|>Pinto, Mónica<|>Rehak, Liliana;Sofía, Alberto<|>Abuin, Graciela Carmen<|>De Marco, Ruben<|>Estevez, Susana<|>Pilot, Cristina<|>Pinto, Mónica<|>Rehak, Liliana
005925;v22_Autor_personal;Alanis, Irene L.<|>Berardo, Liliana N.<|>De Cristófaro, Norma B.<|>Moina, Carlos A.<|>Valentini, Cristóbal R.;Alanis, Irene Luisa<|>Berardo, Liliana N.<|>De Cristófaro, Norma B.<|>Moina, Carlos A.<|>Valentini, Cristóbal R.
005958;v22_Autor_personal;Valentini, Cristobal R.<|>Berardo, Liliana N.<|>Alanis, Irene L.;Valentini, Cristobal R.<|>Berardo, Liliana N.<|>Alanis, Irene Luisa
005959;v22_Autor_personal;Berardo, Liliana N.<|>Valentini, Cristobal R.<|>Alanis, Irene L.;Berardo, Liliana N.<|>Valentini, Cristobal R.<|>Alanis, Irene Luisa
005960;v22_Autor_personal;Alanis, Irene L.<|>Berardo, Liliana N.<|>Valentini, Cristobal R.;Alanis, Irene Luisa<|>Berardo, Liliana N.<|>Valentini, Cristobal R.
006165;v22_Autor_personal;Berardo, Liliana N.<|>Valentini, Cristóbal R.<|>Alanis, Irene L.;Berardo, Liliana N.<|>Valentini, Cristóbal R.<|>Alanis, Irene Luisa
006183;v22_Autor_personal;Valentini, Cristóbal R.<|>Alanis, Irene L.;Valentini, Cristóbal R.<|>Alanis, Irene Luisa
006204;v22_Autor_personal;Alanis, Irene L.<|>Berardo, Liliana N.<|>Valentini, Cristóbal R.;Alanis, Irene Luisa<|>Berardo, Liliana N.<|>Valentini, Cristóbal R.
006226;v22_Autor_personal;Valentini, Cristobal R.<|>Berardo, Liliana N.<|>Alanis, Irene L.;Valentini, Cristobal R.<|>Berardo, Liliana N.<|>Alanis, Irene Luisa
006820;v22_Autor_personal;Alvarez, P.<|>Versaci, R.<|>Hey, Alfredo M.;Álvarez, Pablo Augusto<|>Versaci, R.<|>Hey, Alfredo M.
007064;v22_Autor_personal;Alvarez, Néstor<|>Berardo, Liliana N.;Álvarez, Néstor<|>Berardo, Liliana N.
007067;v22_Autor_personal;Alvarez, Néstor<|>Andrade, María del Carmen<|>Huber, Alfonso<|>Isecke, B.<|>Oshiro, A.<|>Schiessl, P.<|>Valer, Alicia<|>Di Pace, Guillermo D.^rmod.;Álvarez, Néstor<|>Andrade, María del Carmen<|>Huber, Alfonso<|>Isecke, B.<|>Oshiro, A.<|>Schiessl, P.<|>Valer, Alicia<|>Di Pace, Guillermo D.^rmod.
007069;v22_Autor_personal;Alanis, Irene L.<|>Andrade, María del Carmen<|>Di Pace, Guillermo D.<|>Isecke, B.<|>Paatsch, W.;Alanis, Irene Luisa<|>Andrade, María del Carmen<|>Di Pace, Guillermo D.<|>Isecke, B.<|>Paatsch, W.
007460;v22_Autor_personal;Cohen, Edgardo<|>Dmitruk, Andrés<|>Godel, Alberto M.;Cohen, Edgardo<|>Dmitruk, Andrés Esteban<|>Godel, Alberto M.
007752;v22_Autor_personal;Behar, Alberto<|>Méndez, A.<|>Rochaix, E.C.;Behar, Alberto<|>Méndez, Andrea Mirta<|>Rochaix, E.C.
007756;v22_Autor_personal;Dmitruk, Andrés;Dmitruk, Andrés Esteban
008079;v22_Autor_personal;Méndez, A.<|>Sarti, R.<|>Guaraglia, D.<|>Vanina, A.;Méndez, Andrea Mirta<|>Sarti, R.<|>Guaraglia, D.<|>Vanina, A.
008105;v22_Autor_personal;Alvarez, A.<|>Meda, J.<|>Negri, H.;Álvarez, Alejandro<|>Meda, J.<|>Negri, H.
008106;v22_Autor_personal;Alvarez, A.<|>Negri, H.<|>Meda, J.;Álvarez, Alejandro<|>Negri, H.<|>Meda, J.
008107;v22_Autor_personal;Alvarez, A.<|>Negri, H.<|>Meda, J.;Álvarez, Alejandro<|>Negri, H.<|>Meda, J.
009356;v22_Autor_personal;Alvarez, J.<|>Salas, G.N.B.de<|>Raban, P.<|>Mitta, A.E.A.;Alvarez, Julio<|>Salas, G.N.B.de<|>Raban, P.<|>Mitta, A.E.A.
010766;v22_Autor_personal;Bonino, M.<|>Mazza, M.;Bonino, Marcelo Javier<|>Mazza, M.
010999;v22_Autor_personal;Cavarozzi, M.<|>Catterberg, E.<|>Gerchunoff, P.<|>Rodríguez, R.<|>Jouval, H.<|>Migliónico, A.<|>Arnt, N.<|>Dante Muñoz, J.<|>Canitrot, C.<|>Vidal, C.;Cavarozzi, M.<|>Catterberg, E.<|>Gerchunoff, P.<|>Rodríguez, Ruth Alejandra<|>Jouval, H.<|>Migliónico, A.<|>Arnt, N.<|>Dante Muñoz, J.<|>Canitrot, C.<|>Vidal, C.
011084;v22_Autor_personal;Fernández, R.<|>Cáceres, J.<|>Laguinge, L.;Fernández, R.<|>Cáceres González, Joselaine<|>Laguinge, L.
011143;v22_Autor_personal;Navarro, L.<|>Piña, J.A.<|>Juárez, J.<|>Ballester, J.F.<|>Arregui, J.M.;Navarro, Leandro<|>Piña, J.A.<|>Juárez, J.<|>Ballester, J.F.<|>Arregui, J.M.
011144;v22_Autor_personal;Moreno, P.<|>Navarro, L.<|>Fuertes, C.<|>Pina, J.A.<|>Ballester, J.F.<|>Hermoso de Mendoza, A.<|>Juárez, J.<|>Cambra, M.;Moreno, P.<|>Navarro, Leandro<|>Fuertes, C.<|>Pina, J.A.<|>Ballester, J.F.<|>Hermoso de Mendoza, A.<|>Juárez, J.<|>Cambra, M.
011463;v22_Autor_personal;Larreguy, C.A.<|>Capone, M.A.<|>Boeri, R.<|>Loriente, M.<|>Filippini, R.;Larreguy, C.A.<|>Capone, M.A.<|>Boeri, Ricardo Luis<|>Loriente, M.<|>Filippini, R.
012013;v22_Autor_personal;Fagioli, M.<|>Bono, A.<|>Alvarez, R.<|>Torroba Gentilini, H.E.;Fagioli, M.<|>Bono, A.<|>Álvarez, Rodrigo Javier<|>Torroba Gentilini, H.E.
012066;v22_Autor_personal;Bragachini, M.A.<|>Capurro, J.<|>Bonetto, L.A.<|>Bongiovanni, R.;Bragachini, M.A.<|>Capurro, J.<|>Bonetto, L.A.<|>Bongiovanni, Rodolfo
013403;v22_Autor_personal;Dmitruk, Andrés;Dmitruk, Andrés Esteban
013662;v22_Autor_personal;Cantera, C.<|>Greco, A.;Cantera, Carlos Santos<|>Greco, A.
013663;v22_Autor_personal;Cantera, C. S.<|>Angelinetti, A. R.<|>Altobelli, G.<|>Gaita, G.;Cantera, Carlos Santos<|>Angelinetti, A. R.<|>Altobelli, G.<|>Gaita, G.
013666;v22_Autor_personal;Abuin, Graciela<|>Alanis, Irene L.<|>Berardo, Liliana N.<|>De Cristófaro, Norma B.;Abuin, Graciela<|>Alanis, Irene Luisa<|>Berardo, Liliana N.<|>De Cristófaro, Norma B.
013668;v22_Autor_personal;Alanis, Irene L.<|>Andrade, María del Carmen;Alanis, Irene Luisa<|>Andrade, María del Carmen
013669;v22_Autor_personal;Iorio, Antonio<|>Alanis, Irene L.;Iorio, Antonio<|>Alanis, Irene Luisa
013671;v22_Autor_personal;Alanis, Irene L.<|>Berardo, Liliana N.<|>Pinto, M.<|>Valentini, Cristobal R.;Alanis, Irene Luisa<|>Berardo, Liliana N.<|>Pinto, M.<|>Valentini, Cristobal R.
013672;v22_Autor_personal;Alanis, Irene L.;Alanis, Irene Luisa
013676;v22_Autor_personal;Alanis, Irene L.<|>Berardo, Liliana N.<|>Valentini, Cristóbal R.;Alanis, Irene Luisa<|>Berardo, Liliana N.<|>Valentini, Cristóbal R.
013682;v22_Autor_personal;Abuin, Graciela<|>Alanis, Irene L.;Abuin, Graciela<|>Alanis, Irene Luisa
014438;v22_Autor_personal;Gillman, Katherine<|>Coutinho, Luciano<|>Amadeo, Eduardo<|>Campbell, Jorge<|>Diamand, Marcelo<|>Kindgard, Federico<|>Llach, Juan José<|>Mahler, Israel<|>Mayoral, Alejandro<|>Orsi, Victorio<|>Roggero, Humberto<|>Ferraro, Ricardo A.^rcomp.;Gillman, Katherine<|>Coutinho, Luciano<|>Amadeo, Eduardo<|>Campbell, Jorge Daniel<|>Diamand, Marcelo<|>Kindgard, Federico<|>Llach, Juan José<|>Mahler, Israel<|>Mayoral, Alejandro<|>Orsi, Victorio<|>Roggero, Humberto<|>Ferraro, Ricardo A.^rcomp.
014504;v22_Autor_personal;Felipe, P.<|>Rodríguez, B.<|>Ruiz, N.<|>González, L.<|>Morales, A.<|>Alvarez, P.;Felipe, P.<|>Rodríguez, B.<|>Ruiz, N.<|>González, L.<|>Morales, A.<|>Álvarez, Pablo Augusto
015039;v22_Autor_personal;Alfonso, N.<|>López, E.;Alfonso, N.<|>López, Eduardo Antonio
015737;v22_Autor_personal;Castañeda, Roberto;Castañeda, Roberto Aníbal
016250;v22_Autor_personal;Marqués, D.<|>Forastieri, J.<|>Comi, C.<|>Pomme, N.<|>Jungman, D.;Marqués, D.<|>Forastieri, J.<|>Comi, Carlos Miguel<|>Pomme, N.<|>Jungman, D.
016416;v22_Autor_personal;Bassani, Luis C.<|>Villani, Mario<|>Di Lillo, L.;Bassani, Luis C.<|>Villani, Mario<|>Di Lillo, Lucas Daniel
016522;v22_Autor_personal;Alanis, Irene L.;Alanis, Irene Luisa
017705;v22_Autor_personal;Torrent, R.<|>Alvaredo, A.<|>Poyard, E.;Torrent, Roberto J.<|>Alvaredo, A.<|>Poyard, E.
018375;v22_Autor_personal;Puglisi, Celia<|>Cogno, Jorge;Puglisi, Celia<|>Cogno, Jorge Adrián
018578;v22_Autor_personal;Veliz, F.;Veliz, Carlos Fabricio
019335;v22_Autor_personal;Corti, Gilda;Corti, Gilda María
019580;v22_Autor_personal;Alvarez, José Jorge;Álvarez, José Jorge Enrique
019593;v22_Autor_personal;Castañeda, Roberto;Castañeda, Roberto Aníbal
019813;v22_Autor_personal;Charreau, Geraldine<|>Hasapov, Basilio;Charreau, Geraldine Luján<|>Hasapov, Basilio
020200;v22_Autor_personal;Alanis, Irene L.<|>Galvele, J.R.;Alanis, Irene Luisa<|>Galvele, J.R.
020326;v22_Autor_personal;Arroyo, Oscar;Arroyo, Oscar Rafael Antonio
021122;v22_Autor_personal;Bassani, Luis C.<|>Villani, Mario<|>Di Lillo, L.;Bassani, Luis C.<|>Villani, Mario<|>Di Lillo, Lucas Daniel
021187;v22_Autor_personal;Dmitruk, Andrés;Dmitruk, Andrés Esteban
021848;v22_Autor_personal;Williams, J.;Williams, Jonathan
021935;v22_Autor_personal;Mahmud, Zulema<|>Alanis, Irene L.<|>Moina, Carlos A.;Mahmud, Zulema<|>Alanis, Irene Luisa<|>Moina, Carlos A.
021936;v22_Autor_personal;Mahmud, Zulema<|>Alanis, Irene L.;Mahmud, Zulema<|>Alanis, Irene Luisa
022047;v22_Autor_personal;Baluk, S.<|>Gutiérrez, J.<|>Sayago, I.<|>Horrillo, M.C.<|>Fraigi, L.;Baluk, S.<|>Gutiérrez, J.<|>Sayago, I.<|>Horrillo, M.C.<|>Fraigi, Liliana Beatriz
022048;v22_Autor_personal;Gwirc, S.<|>Tropea, S.<|>Pérez, N.<|>Negreira, C.;Gwirc, S.<|>Tropea, Salvador Eduardo<|>Pérez, N.<|>Negreira, C.
022049;v22_Autor_personal;Tropea, S.<|>Brengi, D.<|>Malatto, L.<|>Fraigi, L.;Tropea, Salvador Eduardo<|>Brengi, Diego Javier<|>Malatto, L.<|>Fraigi, Liliana Beatriz
022092;v22_Autor_personal;Fraigi, L.<|>Filippini, D.<|>Aragón, R.<|>Weimar, U.;Fraigi, Liliana Beatriz<|>Filippini, D.<|>Aragón, R.<|>Weimar, U.
022237;v22_Autor_personal;Cogno, Jorge;Cogno, Jorge Adrián
022238;v22_Autor_personal;Cogno, Jorge<|>Coelho, Carla T.<|>Silva, Ana V. Freitas;Cogno, Jorge Adrián<|>Coelho, Carla T.<|>Silva, Ana V. Freitas
022719;v22_Autor_personal;Castillo, Victoria<|>Cesa, Verónica<|>Filippo, Agustín<|>Rojo Brizuela, Sofía<|>Schleser, Diego<|>Yoguel, Gabriel;Castillo, Victoria<|>Cesa, Verónica Silvina<|>Filippo, Agustín<|>Rojo Brizuela, Sofía<|>Schleser, Diego<|>Yoguel, Gabriel
022815;v22_Autor_personal;Muircheartaigh, C.<|>Wong, S.;Muircheartaigh, C.<|>Wong, Siu-kay
023628;v22_Autor_personal;Castañeda, Roberto;Castañeda, Roberto Aníbal
023954;v22_Autor_personal;Galvele, J. R.<|>De Micheli, S. M. de<|>Müller, I. L.<|>Wexler, S. B. de<|>Alanis, I. L.;Galvele, J. R.<|>De Micheli, S. M. de<|>Müller, I. L.<|>Wexler, S. B. de<|>Alanis, Irene Luisa
024607;v22_Autor_personal;Levy, P.;Levy, Pablo
024984;v22_Autor_personal;Thompson, P.<|>Clary, M.G.;Thompson, Paulo<|>Clary, M.G.
025705;v22_Autor_personal;Castañeda, Roberto<|>Ogara, Mario<|>Storani, Eduardo<|>Fiora, Jorge A.<|>Roberts, Laura<|>Bermejo, Angel<|>González, Marcelo<|>Aguzín, Fernando<|>Gatti, Patricia<|>Speranza, Jorge<|>Feilbogen, Ernesto<|>Glaz, Damián<|>Aguilar, Leandro;Castañeda, Roberto Aníbal<|>Ogara, Mario<|>Storani, Eduardo<|>Fiora, Jorge A.<|>Roberts, Laura<|>Bermejo, Angel<|>González, Marcelo<|>Aguzín, Fernando<|>Gatti, Patricia<|>Speranza, Jorge<|>Feilbogen, Ernesto<|>Glaz, Damián<|>Aguilar, Leandro Javier Ceferino
026160;v22_Autor_personal;Corengia, Pablo<|>Traverso, M.G.<|>García Alonso-García, D.<|>Egidi, Daniel<|>Ybarra, Gabriel<|>Moina, Carlos<|>Cabo, A.;Corengia, Pablo<|>Traverso, M.G.<|>García Alonso-García, D.<|>Egidi, Daniel<|>Ybarra, Gabriel<|>Moina, Carlos<|>Cabo, Amado
026161;v22_Autor_personal;Corengia, Pablo<|>Egidi, Daniel<|>Quinteiro, Mario<|>Ybarra, Gabriel<|>Moina, Carlos<|>Cabo, A.;Corengia, Pablo<|>Egidi, Daniel<|>Quinteiro, Mario<|>Ybarra, Gabriel<|>Moina, Carlos<|>Cabo, Amado
026162;v22_Autor_personal;Corengia, Pablo<|>Ybarra, Gabriel<|>Moina, Carlos<|>Cabo, A.<|>Broitman, E.;Corengia, Pablo<|>Ybarra, Gabriel<|>Moina, Carlos<|>Cabo, Amado<|>Broitman, E.
026267;v22_Autor_personal;Corengia, P.<|>Walther, F.<|>Ybarra, G.<|>Sommadossi, S.<|>Corbari, R.<|>Broitman, E.;Corengia, P.<|>Walther, F.<|>Ybarra, Gabriel Omar<|>Sommadossi, S.<|>Corbari, R.<|>Broitman, E.
027321;v22_Autor_personal;Luppi, Lorena I.<|>Hardmeier, Ivo<|>Babay, Paola A.<|>Itria, Raúl F.<|>Erijman, Leonardo;Luppi, Lorena I.<|>Hardmeier, Ivo<|>Babay, Paola Alejandra<|>Itria, Raúl F.<|>Erijman, Leonardo
031878;v22_Autor_personal;Ho, V.B.<|>Meaney, J.F.M.<|>Prince, M.R.<|>Schneider, G.;Ho, V.B.<|>Meaney, J.F.M.<|>Prince, M.R.<|>Schneider, Guillermo
035830;v22_Autor_personal;Gizopoulos, D.^red.<|>Chatterjee, A.^red.<|>Nicolaidis, M.^red.<|>Santos, M.^red.;Gizopoulos, D.^red.<|>Chatterjee, A.^red.<|>Nicolaidis, M.^red.<|>Santos, Marina^red.
035857;v22_Autor_personal;Dolmann, Inés<|>Luna, Fabio<|>Velázquez, Silvia Beatriz<|>Jeifetz, Ricardo Alberto<|>Aloonso, Germán René<|>Salmici, José<|>Quiroz, Zenón<|>Ferragaut, Claudia<|>Arroyo, Oscar<|>Hasapov, Basilio<|>Corso, María Eugenia<|>Moruga, Víctor<|>Niño Gomez, Alicia<|>Berardo, Liliana<|>Pinto, Mónica;Dolmann, Inés<|>Luna, Fabio<|>Velázquez, Silvia Beatriz<|>Jeifetz, Ricardo Alberto<|>Aloonso, Germán René<|>Salmici, José<|>Quiroz, Zenón<|>Ferragaut, Claudia<|>Arroyo, Oscar Rafael Antonio<|>Hasapov, Basilio<|>Corso, María Eugenia<|>Moruga, Víctor<|>Niño Gomez, Alicia<|>Berardo, Liliana<|>Pinto, Mónica
035977;v22_Autor_personal;Williams, J.^red.;Williams, Jonathan^red.
036108;v22_Autor_personal;Volzone, C.<|>Garrido, L.B.<|>Ortiga, J.<|>Cesio, A.M.<|>Cantera, C.<|>Venaruzzo, J.L.;Volzone, Cristina<|>Garrido, L.B.<|>Ortiga, J.<|>Cesio, A.M.<|>Cantera, Carlos Santos<|>Venaruzzo, J.L.
036658;v22_Autor_personal;Cantera, C. S.<|>Goya, L.<|>García, R.<|>Sofía, A.;Cantera, Carlos Santos<|>Goya, L.<|>García, R.<|>Sofía, A.
037479;v22_Autor_personal;Corengia, Pablo<|>Ybarra, Gabriel<|>Moina, Carlos<|>Cabo, A.<|>Broitman, E.;Corengia, Pablo<|>Ybarra, Gabriel<|>Moina, Carlos<|>Cabo, Amado<|>Broitman, E.
037482;v22_Autor_personal;Corengia, Pablo<|>Ybarra, Gabriel<|>Moina, Carlos<|>Cabo, A.<|>Broitman, E.;Corengia, Pablo<|>Ybarra, Gabriel<|>Moina, Carlos<|>Cabo, Amado<|>Broitman, E.
038263;v22_Autor_personal;Pescio, Francisco<|>Zunini, Hernán<|>Basso, Claudio Pedro<|>Divo de Sesar, Marta<|>Frank, Rodolfo G.<|>Pelicano, Alicia E.<|>Vieites, Carlos María;Pescio, Francisco<|>Zunini, Hernán Lucas<|>Basso, Claudio Pedro<|>Divo de Sesar, Marta<|>Frank, Rodolfo G.<|>Pelicano, Alicia E.<|>Vieites, Carlos María
038321;v22_Autor_personal;Yonni, Fernando<|>Fasoli, Héctor J.<|>Alvarez, Horacio;Yonni, Fernando<|>Fasoli, Héctor J.<|>Álvarez, Juan Horacio
038412;v22_Autor_personal;Martínez, Laura<|>Alvarez, Horacio<|>Del Val, Susana;Martínez, Laura<|>Álvarez, Juan Horacio<|>Del Val, Susana
038598;v22_Autor_personal;Miró Specos, M.M.<|>García, J.J.<|>Tornesello, J.<|>Marino, P.<|>Della Vecchia, M.<|>Defain Tesoriero, M.V. <|>Hermida, L.G.;Miró Specos, M.M.<|>García, J.J.<|>Tornesello, J.<|>Marino, P.<|>Della Vecchia, Miguel Ángel<|>Defain Tesoriero, M.V. <|>Hermida, L.G.
038640;v22_Autor_personal;Álvarez, Jorge<|>Muñoz, Roberto L.;Álvarez, José Jorge Enrique<|>Muñoz, Roberto L.
039065;v22_Autor_personal;Castañeda, Roberto<|>Borbonet, Sergio<|>Ibarra, Aldo<|>Ipar, José Luis<|>Vásquez, Angélica María<|>Contreras, Carmen Brito<|>Purtschert, Norberto<|>Alfonso, Ruby;Castañeda, Roberto Aníbal<|>Borbonet, Sergio<|>Ibarra, Aldo<|>Ipar, José Luis<|>Vásquez, Angélica María<|>Contreras, Carmen Brito<|>Purtschert, Norberto<|>Alfonso, Ruby
039086;v22_Autor_personal;Román, Mario<|>Castañeda, Roberto;Román, Mario<|>Castañeda, Roberto Aníbal
039322;v22_Autor_personal;Las Heras, Evangelina de<|>Walther, Federico<|>Corengia, Pablo<|>Ybarra, G.<|>Moina, Carlos<|>Mingolo, N.<|>Brühl, S.<|>Cabo, A.;Las Heras, Evangelina de<|>Walther, Federico<|>Corengia, Pablo<|>Ybarra, Gabriel Omar<|>Moina, Carlos<|>Mingolo, N.<|>Brühl, S.<|>Cabo, Amado
039323;v22_Autor_personal;Las Heras, Evangelina de<|>Walther, Federico<|>Corengia, Pablo<|>Quinteiro, Mario<|>Cabo, A.<|>Brühl, S.<|>Sommadossi, S.;Las Heras, Evangelina de<|>Walther, Federico<|>Corengia, Pablo<|>Quinteiro, Mario<|>Cabo, Amado<|>Brühl, S.<|>Sommadossi, S.
039324;v22_Autor_personal;Calahonra, M. C.<|>Las Heras, Evangelina de<|>La Serna, Fernando de<|>Corengia, Pablo<|>Ybarra, Gabriel<|>Svoboda, H.;Calahonra, M. C.<|>Las Heras, Evangelina de<|>La Serna, Fernando de<|>Corengia, Pablo<|>Ybarra, Gabriel<|>Svoboda, Hernán Gabriel
039333;v22_Autor_personal;Cabo, A.<|>Las Heras, Evangelina de<|>Corengia, Pablo<|>Walther, Federico<|>Brühl, S.;Cabo, Amado<|>Las Heras, Evangelina de<|>Corengia, Pablo<|>Walther, Federico<|>Brühl, S.
039335;v22_Autor_personal;Egidi, Daniel<|>Corengia, Pablo<|>García Alonso-García, D.<|>Ybarra, Gabriel<|>Moina, Carlos<|>Cabo, A.;Egidi, Daniel<|>Corengia, Pablo<|>García Alonso-García, D.<|>Ybarra, Gabriel<|>Moina, Carlos<|>Cabo, Amado
039336;v22_Autor_personal;Las Heras, Evangelina de<|>Walther, Federico<|>Corengia, Pablo<|>Quinteiro, Mario<|>Cabo, A.<|>Brühl, S.;Las Heras, Evangelina de<|>Walther, Federico<|>Corengia, Pablo<|>Quinteiro, Mario<|>Cabo, Amado<|>Brühl, S.
039337;v22_Autor_personal;Martínez Krahmer, Daniel<|>Russo, Diego<|>Egidi, Daniel<|>Traverso, Paulo<|>Corengia, Pablo<|>Cabo, A.;Martínez Krahmer, Daniel<|>Russo, Diego<|>Egidi, Daniel<|>Traverso, Paulo<|>Corengia, Pablo<|>Cabo, Amado
039338;v22_Autor_personal;Corengia, Pablo<|>Egidi, Daniel<|>Quinteiro, Mario<|>Ybarra, Gabriel<|>Moina, Carlos<|>Cabo, A.;Corengia, Pablo<|>Egidi, Daniel<|>Quinteiro, Mario<|>Ybarra, Gabriel<|>Moina, Carlos<|>Cabo, Amado
039341;v22_Autor_personal;Corengia, Pablo<|>Traverso, M.G.<|>García Alonso-García, D.<|>Egidi, Daniel<|>Ybarra, Gabriel<|>Moina, Carlos<|>Cabo, A.;Corengia, Pablo<|>Traverso, M.G.<|>García Alonso-García, D.<|>Egidi, Daniel<|>Ybarra, Gabriel<|>Moina, Carlos<|>Cabo, Amado
039342;v22_Autor_personal;Corengia, Pablo<|>Egidi, Daniel<|>Quinteiro, Mario<|>Ybarra, Gabriel<|>Moina, Carlos<|>Cabo, A.;Corengia, Pablo<|>Egidi, Daniel<|>Quinteiro, Mario<|>Ybarra, Gabriel<|>Moina, Carlos<|>Cabo, Amado
039345;v22_Autor_personal;Svoboda, H.<|>Conterno, Gabriela<|>Vedia, L.A. de;Svoboda, Hernán Gabriel<|>Conterno, Gabriela<|>Vedia, L.A. de
039346;v22_Autor_personal;Martínez Krahmer, Daniel<|>Russo, Diego<|>Egidi, Daniel<|>Las Heras, Evangelina de<|>Corengia, Pablo<|>Cabo, A.;Martínez Krahmer, Daniel<|>Russo, Diego<|>Egidi, Daniel<|>Las Heras, Evangelina de<|>Corengia, Pablo<|>Cabo, Amado
039347;v22_Autor_personal;Walther, Federico<|>Parodi, María Belén<|>Egidi, Daniel<|>Corengia, Pablo<|>Quinteiro, Mario<|>Cabo, A.;Walther, Federico<|>Parodi, María Belén<|>Egidi, Daniel<|>Corengia, Pablo<|>Quinteiro, Mario<|>Cabo, Amado
039348;v22_Autor_personal;Walther, Federico<|>Egidi, Daniel<|>Corengia, Pablo<|>Quinteiro, Mario<|>Ybarra, Gabriel<|>Cabo, A.;Walther, Federico<|>Egidi, Daniel<|>Corengia, Pablo<|>Quinteiro, Mario<|>Ybarra, Gabriel<|>Cabo, Amado
039349;v22_Autor_personal;Las Heras, Evangelina de<|>Walther, Federico<|>Corengia, Pablo<|>Cabo, A.<|>Brühl, S.;Las Heras, Evangelina de<|>Walther, Federico<|>Corengia, Pablo<|>Cabo, Amado<|>Brühl, S.
039350;v22_Autor_personal;Calahonra, M. C.<|>Egidi, Daniel<|>Las Heras, Evangelina de<|>La Serna, Fernando de<|>Corengia, Pablo<|>Svoboda, H.;Calahonra, M. C.<|>Egidi, Daniel<|>Las Heras, Evangelina de<|>La Serna, Fernando de<|>Corengia, Pablo<|>Svoboda, Hernán Gabriel
039352;v22_Autor_personal;Martínez Krahmer, Daniel<|>Corengia, Pablo<|>Russo, Diego<|>Egidi, Daniel<|>Rodríguez, F.<|>Cabo, A.;Martínez Krahmer, Daniel<|>Corengia, Pablo<|>Russo, Diego<|>Egidi, Daniel<|>Rodríguez, F.<|>Cabo, Amado
039353;v22_Autor_personal;Martínez Krahmer, Daniel<|>Russo, Diego<|>Egidi, Daniel<|>Traverso, María Gabriela<|>Corengia, Pablo<|>Cabo, A.;Martínez Krahmer, Daniel<|>Russo, Diego<|>Egidi, Daniel<|>Traverso, María Gabriela<|>Corengia, Pablo<|>Cabo, Amado
039360;v22_Autor_personal;Alvarez, Alejandro<|>Bersano, Mónica Inés<|>Bertolini, María Violeta;Álvarez, Alejandro<|>Bersano, Mónica Inés<|>Bertolini, María Violeta
039369;v22_Autor_personal;Castañeda, Roberto<|>Ogara, Mario<|>Storani, Eduardo<|>Fiora, Jorge A.<|>Roberts, Laura<|>Bermejo, Angel<|>González, Marcelo<|>Aguzin, Fernando<|>Speranza, Jorge<|>Feilbogen, Ernesto<|>Glaz, Damián<|>Aguilar, Leandro;Castañeda, Roberto Aníbal<|>Ogara, Mario<|>Storani, Eduardo<|>Fiora, Jorge A.<|>Roberts, Laura<|>Bermejo, Angel<|>González, Marcelo<|>Aguzin, Fernando<|>Speranza, Jorge<|>Feilbogen, Ernesto<|>Glaz, Damián<|>Aguilar, Leandro Javier Ceferino
039371;v22_Autor_personal;Román, Mario<|>Castañeda, Roberto;Román, Mario<|>Castañeda, Roberto Aníbal
039400;v22_Autor_personal;Pescio, Francisco<|>Zunini, Hernán<|>Basso, Claudio Pedro<|>Divo de Sesar, Marta<|>Frank, Rodolfo G.<|>Pelicano, Alicia E.<|>Vieites, Carlos María;Pescio, Francisco<|>Zunini, Hernán Lucas<|>Basso, Claudio Pedro<|>Divo de Sesar, Marta<|>Frank, Rodolfo G.<|>Pelicano, Alicia E.<|>Vieites, Carlos María
039404;v22_Autor_personal;Pérez, E.<|>Pazos, L.<|>Las Heras, E. de<|>Parodi, B.<|>Lebedev, L.;Pérez, E.<|>Pazos, Leonardo Martín<|>Las Heras, E. de<|>Parodi, María Belén<|>Lebedev, L.
039407;v22_Autor_personal;Zappa, S.<|>Burgueño, A.<|>Svoboda, H. G.<|>Ramini, M. de Rissone<|>Surian, E. S.;Zappa, S.<|>Burgueño, Víctor Alejandro<|>Svoboda, Hernán Gabriel<|>Ramini, M. de Rissone<|>Surian, E. S.
039408;v22_Autor_personal;Szombach, J.<|>Papzuck, G.<|>Torres, D.<|>Martínez Krahmer, D.<|>Urrejola, D.<|>Bruno, A.;Szombach, J.<|>Papzuck, G.<|>Torres, D.<|>Martínez Krahmer, Daniel Osvaldo<|>Urrejola, D.<|>Bruno, A.
039409;v22_Autor_personal;Flores, M.<|>Pazos, L.<|>Las Heras, E. de<|>Ruelas, R.<|>Rodríguez, E.<|>Bautista, A.<|>Corengia, P.;Flores, M.<|>Pazos, Leonardo Martín<|>Las Heras, E. de<|>Ruelas, R.<|>Rodríguez, E.<|>Bautista, A.<|>Corengia, P.
039412;v22_Autor_personal;Babay, Paola A.<|>Romero Ale, Emiliano E.<|>Itria, Raúl F.<|>Becquart, Elena T<|>Thiele, Björn<|>Batistoni, Daniel A.;Babay, Paola Alejandra<|>Romero Ale, Emiliano E.<|>Itria, Raúl F.<|>Becquart, Elena T<|>Thiele, Björn<|>Batistoni, Daniel A.
039413;v22_Autor_personal;Lozada, Mariana<|>Itria, Raúl F.<|>Figuerola, Eva L.M.<|>Babay, Paola A.<|>Gettar, Raquel T.<|>De Tullio, Luis A.<|>Erijman, Leonardo;Lozada, Mariana<|>Itria, Raúl F.<|>Figuerola, Eva L.M.<|>Babay, Paola Alejandra<|>Gettar, Raquel T.<|>De Tullio, Luis A.<|>Erijman, Leonardo
039415;v22_Autor_personal;La Manna, V.<|>Vivino, E.<|>Drozd Borelli, D.<|>Liber, M.<|>Smutt, E.;La Manna, Valeria<|>Vivino, E.<|>Drozd Borelli, D.<|>Liber, M.<|>Smutt, E.
039416;v22_Autor_personal;Blanco Massani, M.<|>Epifane, M.E.;Blanco Massani, Mariana Raquel<|>Epifane, M.E.
039417;v22_Autor_personal;Tiscornia, Isabel<|>Bisciotti, Karina<|>Schicchi, Nora<|>Eisenberg, Patricia<|>Rocci, Pablo<|>Giménez, Ricardo<|>Alarcón, Carolina<|>Svensen, Ana<|>Piccinna, Margarita<|>Valiente, Liliana;Tiscornia, Isabel<|>Bisciotti, Karina<|>Schicchi, Nora<|>Eisenberg, Patricia<|>Rocci, Pablo<|>Giménez, Ricardo<|>Alarcón, Carolina Ayelén<|>Svensen, Ana<|>Piccinna, Margarita<|>Valiente, Liliana
039418;v22_Autor_personal;Rodríguez, M.A.<|>Pellegrini, P.<|>Gagliostro, G.<|>Gatti, P.<|>Castañeda, R.<|>Muset, G.;Rodríguez, M.A.<|>Pellegrini, P.<|>Gagliostro, G.<|>Gatti, P.<|>Castañeda, Roberto Aníbal<|>Muset, G.
039419;v22_Autor_personal;Rodríguez, M.A.<|>Raco, Fernando<|>Rodríguez, Gabriela<|>Giraudo, Cintia<|>Castañeda, R.<|>Murphy, Marcela;Rodríguez, M.A.<|>Raco, Fernando<|>Rodríguez, Gabriela<|>Giraudo, Cintia<|>Castañeda, Roberto Aníbal<|>Murphy, Marcela
039420;v22_Autor_personal;Rodríguez, M.A.<|>Pellegrini, P.<|>Gatti, P<|>Gagliostro ,G.<|>Castañeda, R.<|>Muset, G.;Rodríguez, M.A.<|>Pellegrini, P.<|>Gatti, P<|>Gagliostro ,G.<|>Castañeda, Roberto Aníbal<|>Muset, G.
039421;v22_Autor_personal;Montero, H.<|>Aranibar, G.<|>Cañameras, G.<|>Castañeda, R.;Montero, H.<|>Aranibar Aversa, Germán Francisco<|>Cañameras, G.<|>Castañeda, Roberto Aníbal
039422;v22_Autor_personal;Montero, H.<|>Aranibar, G.<|>Castañeda, R.;Montero, H.<|>Aranibar Aversa, Germán Francisco<|>Castañeda, Roberto Aníbal
039423;v22_Autor_personal;Ottonello, S<|>Montero, H.<|>Aranibar, G.<|>Castañeda, R.;Ottonello, S<|>Montero, H.<|>Aranibar Aversa, Germán Francisco<|>Castañeda, Roberto Aníbal
039425;v22_Autor_personal;Castañeda, R.<|>Murno, H.<|>González, M.<|>Toledo, A.<|>Castells, M.<|>Espinosa, V.<|>Storani, E.<|>Speranza, J.<|>Robert, L<|>Aguilar, L.<|>Aimar, B.<|>Nieto, I.<|>Schmidt, E.;Castañeda, Roberto Aníbal<|>Murno, H.<|>González, M.<|>Toledo, Antonio Edgardo<|>Castells, M.<|>Espinosa, V.<|>Storani, E.<|>Speranza, J.<|>Robert, L<|>Aguilar, Leandro Javier Ceferino<|>Aimar, Bruno Nicolás<|>Nieto, I.<|>Schmidt, E.
039426;v22_Autor_personal;Storani, E.<|>Robert, L.<|>Aguilar, L.;Storani, E.<|>Robert, L.<|>Aguilar, Leandro Javier Ceferino
039427;v22_Autor_personal;Fabro, M.<|>Milanesio, H.<|>Robert, L.<|>Speranza, J.<|>Murphy, M.<|>Rodríguez, G.<|>Castañeda, R.;Fabro, Mabel Angélica<|>Milanesio, H.<|>Robert, L.<|>Speranza, J.<|>Murphy, M.<|>Rodríguez, G.<|>Castañeda, Roberto Aníbal
039429;v22_Autor_personal;Robert, L.<|>Gasparoti, O.<|>Rocchi, F.<|>Ferrari, A.<|>Storani, E.<|>Aguilar, L.;Robert, L.<|>Gasparoti, O.<|>Rocchi, F.<|>Ferrari, A.<|>Storani, E.<|>Aguilar, Leandro Javier Ceferino
039430;v22_Autor_personal;Speranza, J.<|>Fabro, M.<|>Taverna, M.<|>Paez, R.<|>Resconi, V.<|>Castañeda, R.^rcolab.<|>Demaría, M.^rcolab.<|>Scarafia, D.^rcolab.<|>Walter, E.^rcolab.;Speranza, J.<|>Fabro, Mabel Angélica<|>Taverna, M.<|>Paez, R.<|>Resconi, V.<|>Castañeda, Roberto Aníbal^rcolab.<|>Demaría, M.^rcolab.<|>Scarafia, D.^rcolab.<|>Walter, E.^rcolab.
039431;v22_Autor_personal;Booman, A.<|>Marquez, A.<|>Parin, A.<|>Zugarramurdi, A.;Booman, Alejandro Carlos<|>Marquez, A.<|>Parin, A.<|>Zugarramurdi, A.
039433;v22_Autor_personal;Boeri, R.;Boeri, Ricardo Luis
039436;v22_Autor_personal;Almandós, M.E.<|>Gadaleta, L.<|>Carrizo, G.<|>Parín, M.A.<|>Zugarramurdi, A.;Almandós, M. E.<|>Gadaleta, L.<|>Carrizo, G.<|>Parín, M.A.<|>Zugarramurdi, A.
039437;v22_Autor_personal;Ganuza, M.<|>Zubrzycki, K.;Ganuza, M.<|>Zubrzycki, Karina Lorena
039438;v22_Autor_personal;Gascón, A.<|>Cerchiai, E.<|>Zuritz, C.<|>Dip, G.<|>Suliá, P.<|>Ingrassia, E.<|>Ventura, L.<|>Bressia, C.<|>Claros, S.<|>Gracia, V.<|>Espejo C.<|>Maldonado, M.;Gascón, A.<|>Cerchiai, Edgar<|>Zuritz, C.<|>Dip, G.<|>Suliá, P.<|>Ingrassia, E.<|>Ventura, L.<|>Bressia, C.<|>Claros, S.<|>Gracia, V.<|>Espejo C.<|>Maldonado, M.
039440;v22_Autor_personal;Apro, Nicolás<|>Aguilar, Valentina<|>Canepare, Carlos<|>Ferreyra, Verónica<|>Fornés, Damián<|>Gulivart, Verónica<|>Orbea, María Marta<|>Rodríguez López, Julían<|>Sánchez, Eliseo;Apro, Nicolás<|>Aguilar, Valentina<|>Canepare, Carlos Alberto<|>Ferreyra, Verónica<|>Fornés, Damián<|>Gulivart, Verónica<|>Orbea, María Marta<|>Rodríguez López, Julían<|>Sánchez, Eliseo
039444;v22_Autor_personal;Puelles, M.M.<|>Acosta, O.H.<|>Ilgisonis, A.<|>Schvartz, M.<|>Borinsky, M.;Puelles, M.M.<|>Acosta, Osvaldo Héctor<|>Ilgisonis, A.<|>Schvartz, Mariano Ariel<|>Ferdman de Borinsky, Mónica Beatriz
039446;v22_Autor_personal;Rodríguez, N.<|>Maiorana, P.<|>Rascovsky, M.<|>Szkvarka, D.<|>Schnyder, G.<|>Dottori, L.<|>Pisera, G.;Rodríguez, N.<|>Maiorana, Pablo Andrés<|>Rascovsky, Marina Laura<|>Szkvarka, Diego Alexis<|>Schnyder, G.<|>Dottori, L.<|>Pisera, G.
039447;v22_Autor_personal;Giannavola, C.<|>Svensen, A.<|>Alarcón, C.<|>González, V.;Giannavola, C.<|>Svensen, A.<|>Alarcón, Carolina Ayelén<|>González, V.
039449;v22_Autor_personal;Babay, P.A.<|>Romero Ale, E.E.<|>Itria, R.F.<|>Becquart, E.T.<|>Gautier, E.E.<|>Batistoni, D.A.;Babay, Paola Alejandra<|>Romero Ale, E.E.<|>Itria, R.F.<|>Becquart, E.T.<|>Gautier, E.E.<|>Batistoni, D.A.
039450;v22_Autor_personal;Babay, P.A.<|>Romero Ale, E.E.<|>Itria, R.F.<|>Becquart, E.T.<|>Gautier, E.E.<|>Batistoni, D.A.;Babay, Paola Alejandra<|>Romero Ale, E.E.<|>Itria, R.F.<|>Becquart, E.T.<|>Gautier, E.E.<|>Batistoni, D.A.
039452;v22_Autor_personal;Cazzasa, E. G.<|>Fernández Sturla, M. J.<|>Itria, R. F.;Cazzasa, Esteban Gerardo<|>Fernández Sturla, M. J.<|>Itria, Raúl Fabio
039454;v22_Autor_personal;Fasoli, H.<|>Álvarez, H.<|>Fernández, M.;Fasoli, H.<|>Álvarez, Juan Horacio<|>Fernández, M.
039455;v22_Autor_personal;Yonni, F.<|>Fasoli, H.<|>Alvarez, H.;Yonni, F.<|>Fasoli, H.<|>Álvarez, Juan Horacio
039456;v22_Autor_personal;Alanis, I.<|>Alvarez, N.<|>Bisciotti, K.<|>Capo Valera, E.<|>Danelón, N.<|>Elizondo, A.<|>Ermeminto, S.<|>Gopp Pereiro, M.<|>Giannasi, E.<|>Grabois, L.<|>Iribarren, M.<|>Niño Gómez, A.<|>Olari, C.<|>Pandolfi, G.<|>Pazos, A.L.<|>Piccinna, M.<|>Rivero, M.<|>Salamone, C.<|>Stoklosa, D.<|>Stratico, M.<|>Zuchiatti, A.;Alanis, Irene Luisa<|>Álvarez, Néstor<|>Bisciotti, Karina Rosana<|>Capo Valera, E.<|>Danelón, N.<|>Elizondo, A.<|>Ermeminto, S.<|>Gopp Pereiro, M.<|>Giannasi, E.<|>Grabois, L.<|>Iribarren, Mariela Clara<|>Niño Gómez, A.<|>Olari, C.<|>Pandolfi, G.<|>Pazos, A.L.<|>Piccinna, M.<|>Rivero, M.<|>Salamone, C.<|>Stoklosa, D.<|>Stratico, M.<|>Zuchiatti, A.
039458;v22_Autor_personal;Fillippetto, J.<|>Buttini, E.<|>Ruiz de Arechavaleta, M.<|>Rosso, A.;Fillippetto, J.<|>Buttini, E.<|>Ruiz de Arechavaleta, Mariana<|>Rosso, A.
039459;v22_Autor_personal;Sanchez, Eliseo<|>Fornés, Damián<|>Canepare, Carlos<|>Apro, Nicolás;Sanchez, Eliseo<|>Fornés, Damián<|>Canepare, Carlos Alberto<|>Apro, Nicolás
039465;v22_Autor_personal;Castañeda, R.<|>Galacho, V.<|>Murphy, M.<|>Martínez, B.<|>Sarquis, S.<|>Giorgi, L.;Castañeda, Roberto Aníbal<|>Galacho, V.<|>Murphy, M.<|>Martínez, B.<|>Sarquis, S.<|>Giorgi, L.
039467;v22_Autor_personal;Reale, C.<|>Amado, J.<|>Puntillo, D.<|>Caniglia, C.<|>Jorje,J.<|>Galanzino,C.;Reale, C.<|>Amado, José Luis<|>Puntillo, D.<|>Caniglia, Cristian Sergio<|>Jorje,J.<|>Galanzino,C.
039468;v22_Autor_personal;Muñoz, R.<|>Reale, C.<|>Amado, J.<|>Martínez, V.<|>Burroni, L.<|>Chalimond, L.<|>Puntillo, C.<|>Jorge, J.<|>Caniglia, C.<|>Galanzino, G;Muñoz, R.<|>Reale, C.<|>Amado, José Luis<|>Martínez, V.<|>Burroni, Laura Valeria<|>Chalimond, L.<|>Puntillo, C.<|>Jorge, J.<|>Caniglia, Cristian Sergio<|>Galanzino, G
039470;v22_Autor_personal;Etcheverry, J.<|>Ruiz de Arechavaleta, M.<|>Rosso, A.<|>Díaz, P.C.<|>Arenas, A.<|>Fernández, V.M.<|>Farina, W.M.;Etcheverry, J.<|>Ruiz de Arechavaleta, Mariana<|>Rosso, A.<|>Díaz, P.C.<|>Arenas, A.<|>Fernández, V.M.<|>Farina, W.M.
039471;v22_Autor_personal;Zampatti, M.<|>Heba, J.<|>Murano, M.<|>Dománico, R.;Zampatti, M.<|>Heba, J.<|>Murano, M.<|>Dománico, Ricardo Hugo
039472;v22_Autor_personal;Martínez, M.<|>Zannoni, V.<|>Heba, J.<|>Riquelme, C.<|>Murano, M.<|>Bartoloni, V.<|>Dománico, R.;Martínez, M.<|>Zannoni, Valeria<|>Heba, J.<|>Riquelme, C.<|>Murano, M.<|>Bartoloni, Valeria Gabriela<|>Dománico, Ricardo Hugo
039473;v22_Autor_personal;Dattilo, M.<|>Murano, M.<|>Heba, J.<|>Zampatti, M.<|>Dománico, R.;Dattilo, M.<|>Murano, M.<|>Heba, J.<|>Zampatti, M.<|>Dománico, Ricardo Hugo
039474;v22_Autor_personal;Murano, M.<|>Dattilo, M.<|>Heba, J.<|>Zampatti, M.<|>Dománico, R.;Murano, M.<|>Dattilo, M.<|>Heba, J.<|>Zampatti, M.<|>Dománico, Ricardo Hugo
039475;v22_Autor_personal;Martínez, M.<|>Bartoloni, V.<|>Riquelme, C.;Martínez, M.<|>Bartoloni, Valeria Gabriela<|>Riquelme, C.
039476;v22_Autor_personal;Val, S. del<|>Martínez, L.<|>Zunino, C.<|>Soto, A.<|>Escobar, G.<|>Álvarez, J.H.;Val, S. del<|>Martínez, L.<|>Zunino, Cristina<|>Soto, A.<|>Escobar, G.<|>Álvarez, Juan Horacio
039479;v22_Autor_personal;Tropea, S.<|>Brengi, D.<|>Borgna, J. P.;Tropea, Salvador Eduardo<|>Brengi, Diego Javier<|>Borgna, J. P.
039480;v22_Autor_personal;Roberti, M.<|>Fraigi, L.<|>Gongora Rubio, M.R.;Roberti, M.<|>Fraigi, Liliana Beatriz<|>Gongora Rubio, M.R.
039481;v22_Autor_personal;Milano, O.<|>Lozano, A.<|>D'Angelis, D.;Milano, Omar<|>Lozano, A.<|>D'Angelis, D.
039482;v22_Autor_personal;Tropea, S. E.;Tropea, Salvador Eduardo
039483;v22_Autor_personal;Tropea, S. E.;Tropea, Salvador Eduardo
039484;v22_Autor_personal;Tropea, S. E.;Tropea, Salvador Eduardo
039485;v22_Autor_personal;Mahmud, Zulema Angela<|>Alanis, Irene;Mahmud, Zulema Angela<|>Alanis, Irene Luisa
039486;v22_Autor_personal;Tropea, S. E.;Tropea, Salvador Eduardo
039487;v22_Autor_personal;Tropea, S. E.;Tropea, Salvador Eduardo
039488;v22_Autor_personal;Tropea, S. E.<|>Farías D.<|>Trapanotto, A.;Tropea, Salvador Eduardo<|>Farías D.<|>Trapanotto, A.
039489;v22_Autor_personal;Tropea, S. E.;Tropea, Salvador Eduardo
039490;v22_Autor_personal;Tropea, S. E.<|>Galluzzi, D.;Tropea, Salvador Eduardo<|>Galluzzi, D.
039491;v22_Autor_personal;Melo, R. A.<|>Tropea, S. E.;Melo, R. A.<|>Tropea, Salvador Eduardo
039492;v22_Autor_personal;Tropea, S. E.<|>Cibils, R. M.;Tropea, Salvador Eduardo<|>Cibils, R. M.
039493;v22_Autor_personal;Borgna, J. P. D.<|>Brengi, D. J.<|>Tropea, S. E.;Borgna, J. P. D.<|>Brengi, Diego Javier<|>Tropea, Salvador Eduardo
039494;v22_Autor_personal;Tropea, S. E.<|>Brengi, D. J.<|>Borgna, J. P. D.<|>Gwirc, S. N.;Tropea, Salvador Eduardo<|>Brengi, Diego Javier<|>Borgna, J. P. D.<|>Gwirc, S. N.
039495;v22_Autor_personal;Castañeda, Roberto;Castañeda, Roberto Aníbal
039501;v22_Autor_personal;Acquaticci, F.<|>Gwirc, S.<|>Martínez del Peso, H.;Acquaticci, Fabián<|>Gwirc, S.<|>Martínez del Peso, H.
039502;v22_Autor_personal;Gwirc, S.<|>Rigotti, J.<|>Federico, A.<|>Acquaticci, F.;Gwirc, S.<|>Rigotti, J.<|>Federico, A.<|>Acquaticci, Fabián
039505;v22_Autor_personal;Alessandrini, Gustavo<|>Bertello, A.<|>Formichelli, A.<|>Jalón, O.;Alessandrini, Gustavo<|>Bertello, Alejandro Raúl<|>Formichelli, A.<|>Jalón, Osvaldo Héctor
039507;v22_Autor_personal;Giménez, G.<|>Mel, A.<|>Mangano, E.<|>Barrera, F.<|>Fraigi, L.<|>Laiz, H.;Giménez, G.<|>Mel, A.<|>Mangano, E.<|>Barrera, Fabiana Paula<|>Fraigi, Liliana Beatriz<|>Laiz, H.
039510;v22_Autor_personal;Iglesias, M.<|>Piotto, F.<|>Cogno, J.;Iglesias, M.<|>Piotto, F.<|>Cogno, Jorge Adrián
039514;v22_Autor_personal;Cazabat, Marcelo;Cazabat, Marcelo Horacio
039515;v22_Autor_personal;Abuin, Graciela C.<|>Diaz, L.<|>Corti, H. R.;Abuin, Graciela Carmen<|>Diaz, L.<|>Corti, H. R.
039516;v22_Autor_personal;Valentini, C.<|>Iglesias, A.<|>Fiora, J. A.<|>Spitale, A.<|>Cozza, P.;Valentini, Cristobal Ramón<|>Iglesias, Ana Laura<|>Fiora, J. A.<|>Spitale, A.<|>Cozza, P.
039518;v22_Autor_personal;Castro, L.<|>Ceriotti, A.<|>Escola, M.<|>Niño Gómez, Alicia C.<|>Pinto, Mónica<|>Poliszuk, A.<|>Puglisi, Celia<|>Vorobey, A.;Castro, L.<|>Ceriotti, Andrés Leonardo<|>Escola, M.<|>Niño Gómez, Alicia C.<|>Pinto, Mónica<|>Poliszuk, A.<|>Puglisi, Celia<|>Vorobey, A.
039520;v22_Autor_personal;Botana, A.<|>Mollo, M.<|>Torres, R.<|>Eisenberg, P.;Botana, A.<|>Mollo, M.<|>Torres, Rosa<|>Eisenberg, P.
039523;v22_Autor_personal;Ariosti, A.<|>Fernández, M. R.<|>Fernández, G.<|>Munizza, G.<|>Picco, P.<|>Pato, O.<|>López Cabana, G.<|>Fernández, A.;Ariosti, A.<|>Fernández, M. R.<|>Fernández, G.<|>Munizza, Gabriela Vanina<|>Picco, P.<|>Pato, O.<|>López Cabana, G.<|>Fernández, A.
039526;v22_Autor_personal;Munizza, G.<|>Picco, P.<|>López Cabana, G.<|>Fernández, G.<|>Fernández, M. R.<|>Ariosti, A.;Munizza, Gabriela Vanina<|>Picco, P.<|>López Cabana, G.<|>Fernández, G.<|>Fernández, M. R.<|>Ariosti, A.
039527;v22_Autor_personal;Munizza, G.<|>Celeda, A.<|>Legnoverde S.<|>Basaldella E.<|>Ruiz, M. de Arechavaleta<|>Rosso A.<|>Eisenberg, P.<|>Fernández, M. R.<|>Ariosti, A.;Munizza, Gabriela Vanina<|>Celeda, A.<|>Legnoverde S.<|>Basaldella E.<|>Ruiz, M. de Arechavaleta<|>Rosso A.<|>Eisenberg, P.<|>Fernández, M. R.<|>Ariosti, A.
039529;v22_Autor_personal;García, C.<|>Castelli, L.<|>Alberti, C.<|>Heba, J.<|>Gómez, M.<|>Calatayud, M.;García, C.<|>Castelli, María Laura<|>Alberti, Cecilia<|>Heba, J.<|>Gómez, M.<|>Calatayud, M.
039531;v22_Autor_personal;Las Heras, E. de<|>Corengia, P.<|>Egidi, D.<|>Flores Martínez, M.<|>Cabo, A.<|>Brühl, S.;Las Heras, E. de<|>Corengia, P.<|>Egidi, D.<|>Flores Martínez, M.<|>Cabo, Amado<|>Brühl, S.
039532;v22_Autor_personal;Pazos, L.<|>Svoboda, H.<|>Corengia, P.;Pazos, Leonardo Martín<|>Svoboda, Hernán Gabriel<|>Corengia, P.
039533;v22_Autor_personal;Lebedev, L.<|>Las Heras, E. de<|>Egidi, D.A.<|>Parodi, B.<|>Pazos, L.;Lebedev, L.<|>Las Heras, E. de<|>Egidi, D.A.<|>Parodi, María Belén<|>Pazos, Leonardo Martín
039541;v22_Autor_personal;Martegani, J.<|>Oustry, L.<|>Greco, A.<|>Eguen, M.<|>Goya, L.<|>Vitalone, M.<|>Nuñez, G.<|>Cantera, C.;Martegani, José Eduardo<|>Oustry, L.<|>Greco, A.<|>Eguen, M.<|>Goya, L.<|>Vitalone, M.<|>Nuñez, G.<|>Cantera, Carlos Santos
039542;v22_Autor_personal;Biagetti, D.<|>Rueda, L.<|>Melaragno, M.<|>Araque, V.;Biagetti, Daniel Rubén<|>Rueda, Leandro Félix<|>Melaragno, M.<|>Araque, V.
039543;v22_Autor_personal;Biagetti, D.<|>Rueda, L.<|>Melaragno, M.<|>Araque, V.<|>Reale, C.<|>Mazzucco, C.<|>Chalimond, Luis;Biagetti, Daniel Rubén<|>Rueda, Leandro Félix<|>Melaragno, M.<|>Araque, V.<|>Reale, C.<|>Mazzucco, C.<|>Chalimond, Luis
039547;v22_Autor_personal;Rueda, L.<|>Biagetti, D.<|>Melaragno, M.<|>Araque, V.<|>Rousset, R.;Rueda, Leandro Félix<|>Biagetti, Daniel Rubén<|>Melaragno, M.<|>Araque, V.<|>Rousset, R.
039548;v22_Autor_personal;Biagetti, D.<|>Rueda, L.<|>Melaragno, M.<|>Araque V.<|>Rousset, R.;Biagetti, Daniel Rubén<|>Rueda, Leandro Félix<|>Melaragno, M.<|>Araque V.<|>Rousset, R.
039549;v22_Autor_personal;Rueda, L.<|>Biagetti, D.<|>Melaragno, M.<|>Araque V.;Rueda, Leandro Félix<|>Biagetti, Daniel Rubén<|>Melaragno, M.<|>Araque V.
039552;v22_Autor_personal;Ariza, Raquel<|>Ramírez, R.;Ariza, Raquel<|>Ramírez, Rodrigo Javier
039555;v22_Autor_personal;Weinstock, A.<|>Malatto, L.<|>Milano, O.<|>Fraigi, L.B.<|>Moina, C.A.<|>Ybarra, G.O.<|>Pavoni, S.;Weinstock, A.<|>Malatto, L.<|>Milano, Omar<|>Fraigi, L.B.<|>Moina, C.A.<|>Ybarra, G.O.<|>Pavoni, S.
039556;v22_Autor_personal;García, C.<|>Warcok, L.<|>Rzeznik M.<|>Calatayud, M.;García, C.<|>Warcok, Leonardo Carlos<|>Rzeznik M.<|>Calatayud, M.
039557;v22_Autor_personal;Ferreira, A.<|>Arcángelo, M.<|>Rey, M. F.<|>Ruiz Díaz, I.;Ferreira, A.<|>Arcángelo, Marisa Ruth<|>Rey, M. F.<|>Ruiz Díaz, I.
039561;v22_Autor_personal;Puelles, M.M.<|>Acosta, O.H.<|>Ilgisonis, A.<|>Schvartz, M.<|>Borinsky, M.;Puelles, M.M.<|>Acosta, Osvaldo Héctor<|>Ilgisonis, A.<|>Schvartz, Mariano Ariel<|>Ferdman de Borinsky, Mónica Beatriz
039562;v22_Autor_personal;Amore, S. F.<|>Alvarez, R.<|>Borinsky, M.;Amore, Sandra Francisca<|>Álvarez, Rodrigo Javier<|>Ferdman de Borinsky, Mónica Beatriz
039564;v22_Autor_personal;Hermida, Laura G.<|>Defain Tesoriero, M. V.<|>Rodríguez, Z. N.<|>Frangie, S.<|>Lelli, D.<|>Alberti, C.<|>Ruiz Díaz, A.;Hermida, Laura G.<|>Defain Tesoriero, María Victoria<|>Rodríguez, Z. N.<|>Frangie, S.<|>Lelli, D.<|>Alberti, Cecilia<|>Ruiz Díaz, A.
039565;v22_Autor_personal;Miro Specos, M.M.<|>Puggia, C.<|>Hermida, L.<|>Marino, P.<|>Escobar, G.<|>Zunino, C.<|>Defain Tesoriero, M.V.;Miro Specos, M.M.<|>Puggia, C.<|>Hermida, L.<|>Marino, P.<|>Escobar, G.<|>Zunino, Cristina<|>Defain Tesoriero, M.V.
039566;v22_Autor_personal;Hermida, L.<|>Defain Tesoriero, M.V.<|>Lloret, P.<|>Gauna, R.<|>Moina, C.<|>Barnadas, R.;Hermida, L.<|>Defain Tesoriero, M.V.<|>Lloret, P.<|>Gauna, R.<|>Moina, Carlos Alberto<|>Barnadas, R.
039569;v22_Autor_personal;Pinto, M.<|>Vorobey, A.<|>Moina, C.;Pinto, M.<|>Vorobey, A.<|>Moina, Carlos Alberto
039572;v22_Autor_personal;Martínez, M.<|>Murano, M.<|>Bartoloni, V.<|>Dománico, R.;Martínez, M.<|>Murano, M.<|>Bartoloni, Valeria Gabriela<|>Dománico, Ricardo Hugo
039573;v22_Autor_personal;Murano, M.<|>Amore, S. F.<|>Puelles, M.<|>Bartoloni, V.<|>Borinsky, M.<|>Martínez, M.<|>Dománico, R.;Murano, M.<|>Amore, Sandra Francisca<|>Puelles, M.<|>Bartoloni, Valeria Gabriela<|>Ferdman de Borinsky, Mónica Beatriz<|>Martínez, M.<|>Dománico, Ricardo Hugo
039580;v22_Autor_personal;Iuzzolino, R.<|>Laíz, H.<|>García, R.;Iuzzolino, Ricardo Javier<|>Laíz, H.<|>García, R.
039587;v22_Autor_personal;Abdala, E.<|>Alanis, I.;Abdala, E.<|>Alanis, Irene Luisa
039590;v22_Autor_personal;Pazos, L.<|>Conterno, G.<|>Parodi, M.B.<|>Roth, M.<|>Egidi, D.A.<|>Corengia, P.<|>Crosta, R.;Pazos, Leonardo Martín<|>Conterno, G.<|>Parodi, M.B.<|>Roth, M.<|>Egidi, D.A.<|>Corengia, P.<|>Crosta, R.
039591;v22_Autor_personal;Conterno, G.<|>Pazos, L.<|>Egidi, D. A.<|>Corengia, P.<|>De Rosa, H.<|>Crosta, R.;Conterno, G.<|>Pazos, Leonardo Martín<|>Egidi, D. A.<|>Corengia, P.<|>De Rosa, H.<|>Crosta, R.
039592;v22_Autor_personal;Martinez Krahmer, D.<|>Russo, D.<|>Egidi, D.A.<|>Las Heras, E. de<|>Corengia, P.<|>Cabo, A.;Martinez Krahmer, D.<|>Russo, D.<|>Egidi, D.A.<|>Las Heras, E. de<|>Corengia, P.<|>Cabo, Amado
039598;v22_Autor_personal;Martínez Krahmer, D.<|>Russo, D.<|>Corengia, P.<|>Egidi, D.A.<|>Las Heras, E. de<|>Rodríguez, F.<|>Cabo, A.;Martínez Krahmer, Daniel Osvaldo<|>Russo, D.<|>Corengia, P.<|>Egidi, D.A.<|>Las Heras, E. de<|>Rodríguez, F.<|>Cabo, Amado
039603;v22_Autor_personal;Valentini, C. R.<|>Fiora, J.<|>Iglesias, A. M.;Valentini, Cristobal Ramón<|>Fiora, J.<|>Iglesias, A. M.
039608;v22_Autor_personal;Hermida, Laura G.<|>Dománico, R.<|>Sabés, M.<|>Barnadas, R.;Hermida, Laura G.<|>Dománico, Ricardo Hugo<|>Sabés, M.<|>Barnadas, R.
039609;v22_Autor_personal;Hermida, Laura G.<|>Dománico, R.<|>Sabés, M.<|>Barnadas, R.;Hermida, Laura G.<|>Dománico, Ricardo Hugo<|>Sabés, M.<|>Barnadas, R.
039620;v22_Autor_personal;Ferraro, Ricardo<|>Bacciadonne, Adriana J.<|>Díaz, Alberto;Ferraro, Ricardo<|>Bacciadonne, Adriana<|>Díaz, Alberto
039622;v22_Autor_personal;Doytchinov, K.<|>Kornblit, F.<|>Colin Castellanos, C.<|>Oliveira, J.C.V.<|>Renegar, T.B.<|>Vorburger, T.V.;Doytchinov, K.<|>Kornblit, Fernando<|>Colin Castellanos, C.<|>Oliveira, J.C.V.<|>Renegar, T.B.<|>Vorburger, T.V.
039628;v22_Autor_personal;Di Lillo, L.<|>Kornblit, F.;Di Lillo, Lucas Daniel<|>Kornblit, Fernando
039629;v22_Autor_personal;Garro, M. L.<|>Cantera, C.<|>Goya, L.<|>Barbeito, C.<|>Martegani, J.;Garro, M. L.<|>Cantera, Carlos Santos<|>Goya, L.<|>Barbeito, C.<|>Martegani, José Eduardo
039630;v22_Autor_personal;Galarza, B.<|>Hours, R.<|>Cantera, C.<|>Goya, L.<|>Mercerat, J.;Galarza, B.<|>Hours, R.<|>Cantera, Carlos Santos<|>Goya, L.<|>Mercerat, J.
039633;v22_Autor_personal;Rodríguez, Julián <|>Apro, Nicolás Jorge<|>Rodari, Andrés<|>Canepare, Carlos;Rodríguez, Julián <|>Apro, Nicolás Jorge<|>Rodari, Andrés<|>Canepare, Carlos Alberto
039641;v22_Autor_personal;Rodríguez, Julián<|>Apro, Nicolás Jorge<|>Rodari, Andrés<|>Canepare, Carlos<|>Puntieri, María Verónica;Rodríguez, Julián<|>Apro, Nicolás Jorge<|>Rodari, Andrés<|>Canepare, Carlos Alberto<|>Puntieri, María Verónica
039643;v22_Autor_personal;Sánchez, Eliseo<|>Fornés, Damián<|>Apro, Nicolás Jorge<|>Puntieri, Verónica<|>Orbea, María Marta<|>Gulivart, Verónica<|>Ferreyra, Verónica<|>Canepare, Carlos;Sánchez, Eliseo<|>Fornés, Damián<|>Apro, Nicolás Jorge<|>Puntieri, Verónica<|>Orbea, María Marta<|>Gulivart, Verónica<|>Ferreyra, Verónica<|>Canepare, Carlos Alberto
039645;v22_Autor_personal;Rodríguez López, Julián<|>Apro, Nicolás Jorge<|>Rodari, Andrés<|>Puntieri, María Verónica<|>Canepare, Carlos<|>Gornatti, Carlos;Rodríguez López, Julián<|>Apro, Nicolás Jorge<|>Rodari, Andrés<|>Puntieri, María Verónica<|>Canepare, Carlos Alberto<|>Gornatti, Carlos
039646;v22_Autor_personal;Brengi, D.<|>Tropea, S.<|>Trapanotto, A.<|>Farías, D.<|>Borgna, J.<|>Gwirc, S.;Brengi, Diego Javier<|>Tropea, Salvador Eduardo<|>Trapanotto, A.<|>Farías, D.<|>Borgna, J.<|>Gwirc, S.
039647;v22_Autor_personal;Brengi, D.<|>Trapanotto, A.<|>Farías, D.<|>Tropea, S.<|>Gwirc, S.;Brengi, Diego Javier<|>Trapanotto, A.<|>Farías, D.<|>Tropea, Salvador Eduardo<|>Gwirc, S.
039648;v22_Autor_personal;Brengi, D.<|>Tropea, S.<|>Trapanotto, A.<|>Farías, D.<|>Gwirc, S.;Brengi, Diego Javier<|>Tropea, Salvador Eduardo<|>Trapanotto, A.<|>Farías, D.<|>Gwirc, S.
039650;v22_Autor_personal;Valenzuela, O.<|>Rozas, C. A.<|>Fontana, E. A.<|>Novaresi, M. P.<|>Molina Tirado, L. B.<|>Szychowski, J. H.;Valenzuela, Osvaldo Juan<|>Rozas, C. A.<|>Fontana, E. A.<|>Novaresi, Marcelo Pablo<|>Molina Tirado, L. B.<|>Szychowski, J. H.
039652;v22_Autor_personal;Lozada, M.<|>Figuerola, E.<|>Erijman, L.<|>Luppi, L. I.<|>Itria, R. F.;Lozada, M.<|>Figuerola, E.<|>Erijman, L.<|>Luppi, L. I.<|>Itria, Raúl Fabio
039653;v22_Autor_personal;Hochleitner, E.O.<|>Bakry, R.<|>Huck, C.W.<|>Flores, F.I.<|>Stöggl, W.M.<|>Stecher, G.<|>Bonn, G.K.;Hochleitner, E.O.<|>Bakry, Rania<|>Huck, C.W.<|>Flores, F.I.<|>Stöggl, W.M.<|>Stecher, G.<|>Bonn, G.K.
039654;v22_Autor_personal;Luppi, L. I.<|>Hardmeier, I.<|>Itria, R. F.;Luppi, L. I.<|>Hardmeier, I.<|>Itria, Raúl Fabio
039655;v22_Autor_personal;Luppi, L. I.<|>Hardmeier, I.<|>Lozada, M.<|>Erijman, L.<|>De Tullio, L.A.<|>Itria, R. F.;Luppi, L. I.<|>Hardmeier, I.<|>Lozada, M.<|>Erijman, L.<|>De Tullio, L.A.<|>Itria, Raúl Fabio
039658;v22_Autor_personal;Bermejo, Angel<|>Carri, Christian<|>Cordara, Marcela<|>Cozza, Pedro<|>Fiora, Jorge<|>Freile, Graciela<|>Herrera, Omar<|>Nanami, Alberto<|>Tierno, Guillermo<|>Tomada, Lucía;Bermejo, Angel<|>Carri, Christian<|>Cordara, Marcela Fernanda<|>Cozza, Pedro<|>Fiora, Jorge<|>Freile, Graciela<|>Herrera, Omar<|>Nanami, Alberto<|>Tierno, Guillermo<|>Tomada, Lucía
039660;v22_Autor_personal;Speraggi, M.<|>Rocci, P.<|>Mollo, M.;Speraggi, Marianela<|>Rocci, P.<|>Mollo, M.
039661;v22_Autor_personal;Moina, C.<|>Oliveira-Versick, L. de<|>Vazdar, M.;Moina, Carlos Alberto<|>Oliveira-Versick, L. de<|>Vazdar, M.
039662;v22_Autor_personal;Terzzoli, M.C.<|>Duhalde, S.<|>Jacobo, S.<|>Steren, L.<|>Moina, C.;Terzzoli, M.C.<|>Duhalde, S.<|>Jacobo, S.<|>Steren, Laura<|>Moina, Carlos Alberto
039663;v22_Autor_personal;Falcato, P.;Falcato, Pedro
039664;v22_Autor_personal;Pozo, L.<|>Mucchiut, M.<|>Olmedo, M.<|>Cattapan, R.<|>Ziolo, J.<|>Alvarez, M.;Pozo, Larisa<|>Mucchiut, M.<|>Olmedo, Mariana Cecilia<|>Cattapan, R.<|>Ziolo, J.<|>Álvarez, Marcela Andrea
039665;v22_Autor_personal;Pozo, L.<|>Mucchiut, M.<|>Olmedo, M.<|>Cattapan, R.<|>Ziolo, J.<|>Peralta Apeseche, J.<|>Alvarez, M.;Pozo, Larisa<|>Mucchiut, M.<|>Olmedo, Mariana Cecilia<|>Cattapan, R.<|>Ziolo, J.<|>Peralta Apeseche, J.<|>Álvarez, Marcela Andrea
039666;v22_Autor_personal;Trapanotto, A.<|>Brengi, D.<|>Tropea, S.;Trapanotto, A.<|>Brengi, Diego Javier<|>Tropea, Salvador Eduardo
039667;v22_Autor_personal;Gascón, A.<|>Cerchiai, E.<|>Monesi, V.<|>Polo, P.<|>Suliá, P.<|>Ventura, L.;Gascón, A.<|>Cerchiai, Edgar<|>Monesi, V.<|>Polo, Pablo César<|>Suliá, P.<|>Ventura, L.
039668;v22_Autor_personal;Cerchiai, E.<|>Gascón, A.<|>Riveros, R.<|>Gracia, V.;Cerchiai, Edgar<|>Gascón, A.<|>Riveros, R.<|>Gracia, V.
039669;v22_Autor_personal;Cerchiai, E.<|>Gascón, A.<|>Riveros, R.<|>Gracia, V.;Cerchiai, Edgar<|>Gascón, A.<|>Riveros, R.<|>Gracia, V.
039672;v22_Autor_personal;Fabro, M.<|>Hajduczyk, J.<|>Speranza, J.;Fabro, Mabel Angélica<|>Hajduczyk, J.<|>Speranza, J.
039673;v22_Autor_personal;Fabro, M.<|>Demaria, M.<|>Milanesio, H.<|>Ottino, P.<|>Speranza, J.;Fabro, Mabel Angélica<|>Demaria, M.<|>Milanesio, H.<|>Ottino, P.<|>Speranza, J.
039674;v22_Autor_personal;Fabro, M.<|>Milanesio, H.<|>Ottino, P.<|>Scarafía, D.<|>Speranza, J.;Fabro, Mabel Angélica<|>Milanesio, H.<|>Ottino, P.<|>Scarafía, D.<|>Speranza, J.
039676;v22_Autor_personal;Fabro, M.<|>Milanesio, H.<|>Speranza, J.;Fabro, Mabel Angélica<|>Milanesio, H.<|>Speranza, J.
039677;v22_Autor_personal;Gwirc, Sergio<|>García Morillo, María Fernanda<|>Acquaricci, Fabián;Gwirc, Sergio<|>García Morillo, María Fernanda<|>Acquaticci, Fabián
039680;v22_Autor_personal;Amaya, J.<|>Arcángelo, M.<|>Bartoloni, V.<|>Dománico, R.;Amaya, J.<|>Arcángelo, Marisa Ruth<|>Bartoloni, Valeria Gabriela<|>Dománico, Ricardo Hugo
039681;v22_Autor_personal;Amaya, J.<|>Arcángelo, M.<|>Ferreira, A.<|>Ruiz Díaz, I.<|>Rey, M. F.<|>Seguí, H.;Amaya, J.<|>Arcángelo, Marisa Ruth<|>Ferreira, A.<|>Ruiz Díaz, I.<|>Rey, M. F.<|>Seguí, H.
039682;v22_Autor_personal;Álvarez, J. H.<|>Fasoli, H. J.<|>Escobar, G.<|>Fernández , M.<|>Lavorante, Ma. J.<|>Spitale, M.;Álvarez, Juan Horacio<|>Fasoli, H. J.<|>Escobar, G.<|>Fernández , M.<|>Lavorante, Ma. J.<|>Spitale, M.
039683;v22_Autor_personal;Escola, M.<|>Moina, C.<|>Niño Gómez, A.<|>Ybarra, G.;Escola, M.<|>Moina, Carlos Alberto<|>Niño Gómez, A.<|>Ybarra, Gabriel Omar
039684;v22_Autor_personal;Florit, M.I.<|>Moina, C.<|>Molina, F.<|>Posadas, D.<|>Ybarra, G.;Florit, M.I.<|>Moina, Carlos Alberto<|>Molina, F.<|>Posadas, D.<|>Ybarra, Gabriel Omar
039685;v22_Autor_personal;Bartoloni, V.<|>Zannoni, V.<|>Feltrinelli, M.<|>Elizondo, A.<|>Gutiérrez, A.<|>Segal, M.<|>Cappa, M.<|>Dománico, R.;Bartoloni, Valeria Gabriela<|>Zannoni, Valeria<|>Feltrinelli, M.<|>Elizondo, A.<|>Gutiérrez, A.<|>Segal, M.<|>Cappa, María de los Ángeles<|>Dománico, Ricardo Hugo
039686;v22_Autor_personal;Puelles, M. M.<|>Alvarez, R. J.<|>Borinsky, M.;Puelles, M. M.<|>Álvarez, Rodrigo Javier<|>Ferdman de Borinsky, Mónica Beatriz
039687;v22_Autor_personal;Murano, M.<|>Fernández Am, J.<|>Santos, L.<|>Reñones, L.<|>Vieira, P.<|>Zampatti, M.<|>Bartoloni, V.<|>Dománico, R.;Murano, M.<|>Fernández Am, J.<|>Santos, Luciano<|>Reñones, L.<|>Vieira, P.<|>Zampatti, M.<|>Bartoloni, Valeria Gabriela<|>Dománico, Ricardo Hugo
039688;v22_Autor_personal;Murano, M.<|>Reñones, L.<|>Fernández Am, J.<|>Heba, J.<|>Vieira, P.<|>Dománico, R.;Murano, M.<|>Reñones, L.<|>Fernández Am, J.<|>Heba, J.<|>Vieira, P.<|>Dománico, Ricardo Hugo
039689;v22_Autor_personal;Murano, M.<|>Fernández Am, J.<|>Defain Tesoriero, M.V.<|>López, E.<|>Feltrinelli, M.<|>Frangie, S.<|>Lelli, D.<|>Ibáñez, A.<|>Avila, V.<|>Alberti, C.<|>Tedesco, A.<|>Dománico, R.;Murano, M.<|>Fernández Am, J.<|>Defain Tesoriero, M.V.<|>López, Eduardo Antonio<|>Feltrinelli, M.<|>Frangie, S.<|>Lelli, D.<|>Ibáñez, A.<|>Avila, V.<|>Alberti, Cecilia<|>Tedesco, A.<|>Dománico, Ricardo Hugo
039690;v22_Autor_personal;Puelles, M.<|>Amore, S. F.<|>Borinsky, M.;Puelles, M.<|>Amore, Sandra Francisca<|>Ferdman de Borinsky, Mónica Beatriz
039691;v22_Autor_personal;Defain Tesoriero, M.V.<|>Casas, A.<|>DïOrio, M.<|>Fukuda, H.<|>Di Venosa, G.<|>Batlle, A.<|>Hermida, L.;Defain Tesoriero, M.V.<|>Casas, Adriana Gabriela<|>DïOrio, M.<|>Fukuda, H.<|>Di Venosa, Gabriela Mariana<|>Batlle, A.<|>Hermida, L.
039693;v22_Autor_personal;Puelles, M.<|>Amaya, Y.<|>Ferreira, A.<|>Borinsky, M.;Puelles, M.<|>Amaya, Y.<|>Ferreira, A.<|>Ferdman de Borinsky, Mónica Beatriz
039694;v22_Autor_personal;Valiente, L.<|>Piccinna, M.<|>Iribarren, M. L.<|>Ortiz, N.<|>González, N.<|>Alvarez, P.;Valiente, L.<|>Piccinna, M.<|>Iribarren, M. L.<|>Ortiz, N.<|>González, N.<|>Álvarez, Pablo Augusto
039696;v22_Autor_personal;Bartoloni, V.<|>Martínez, M.<|>Zampatti, M.<|>Puggia, C.<|>Riquelme, C.<|>Warcok, M.<|>Zannoni, V.<|>Dománico, R.;Bartoloni, Valeria Gabriela<|>Martínez, M.<|>Zampatti, M.<|>Puggia, C.<|>Riquelme, C.<|>Warcok, M.<|>Zannoni, Valeria<|>Dománico, Ricardo Hugo
039697;v22_Autor_personal;Warcok, M.<|>Martínez, M.<|>Bartoloni, V.<|>Frangie, S.<|>Lelli, D.<|>Dománico, R.;Warcok, M.<|>Martínez, M.<|>Bartoloni, Valeria Gabriela<|>Frangie, S.<|>Lelli, D.<|>Dománico, Ricardo Hugo
039698;v22_Autor_personal;Puggia, C.<|>Bartoloni. V.<|>Martínez, M.<|>Planes, E.<|>Samter, P.<|>Gemini, V.<|>Dománico, R.;Puggia, C.<|>Bartoloni. V.<|>Martínez, M.<|>Planes, E.<|>Samter, Paula Marcela<|>Gemini, V.<|>Dománico, Ricardo Hugo
039699;v22_Autor_personal;Puelles, M. M.<|>Stratico, M. C.<|>Borinsky, M.;Puelles, M. M.<|>Stratico, M. C.<|>Ferdman de Borinsky, Mónica Beatriz
039701;v22_Autor_personal;Martínez, M.<|>Riquelme, C.<|>Santos, Leandro<|>Feltrinelli, M.<|>Dattilo, M.<|>Dománico, R.;Martínez, M.<|>Riquelme, C.<|>Santos, Leandro<|>Feltrinelli, M.<|>Dattilo, M.<|>Dománico, Ricardo Hugo
039702;v22_Autor_personal;Amore, S. F.<|>Puelles, M.<|>Borinsky, M.;Amore, Sandra Francisca<|>Puelles, M.<|>Ferdman de Borinsky, Mónica Beatriz
039705;v22_Autor_personal;Falcato, P.<|>López, A. I.<|>Araujo, J. F.;Falcato, Pedro<|>López, A. I.<|>Araujo, Juan Facundo
039706;v22_Autor_personal;Corti, H.<|>Abuin, Graciela C.;Corti, H.<|>Abuin, Graciela Carmen
039708;v22_Autor_personal;Ariosti, A.<|>Rosa, G. de<|>Fernández, M. R.<|>Fernández, G.<|>Isleño, M.<|>Rosso, A.<|>Ruiz de Arechavaleta, M.;Ariosti, A.<|>Rosa, G. de<|>Fernández, M. R.<|>Fernández, G.<|>Isleño, M.<|>Rosso, A.<|>Ruiz de Arechavaleta, Mariana
039709;v22_Autor_personal;Ariosti, A.<|>Fernández, A.<|>Fernández, G.<|>Munizza, G.<|>Picco, P.;Ariosti, A.<|>Fernández, A.<|>Fernández, G.<|>Munizza, Gabriela Vanina<|>Picco, P.
039711;v22_Autor_personal;Ariosti, A.<|>Consiglieri, M.<|>Fernández, G.<|>Munizza, G.<|>Pato, O.<|>Riera, M.;Ariosti, A.<|>Consiglieri, M.<|>Fernández, G.<|>Munizza, Gabriela Vanina<|>Pato, O.<|>Riera, M.
039719;v22_Autor_personal;Charreau, Geraldine<|>Hasapov, Basilio<|>Cubisino, Juan Carlos;Charreau, Geraldine Luján<|>Hasapov, Basilio<|>Cubisino, Juan Carlos
039720;v22_Autor_personal;Castro, L.<|>Kornblit, F.<|>Puglisi, C.;Castro, L.<|>Kornblit, Fernando<|>Puglisi, C.
039721;v22_Autor_personal;Martegani, J.<|>Cantera, C.<|>Vera, V.<|>Esterelles, G.<|>Greco, A.;Martegani, José Eduardo<|>Cantera, Carlos Santos<|>Vera, V.<|>Esterelles, G.<|>Greco, A.
039724;v22_Autor_personal;Cañameras, C.<|>Castañeda, R.;Cañameras, Carlos Alfredo<|>Castañeda, Roberto Aníbal
039725;v22_Autor_personal;Cañameras, C.<|>Castañeda, R.<|>Aranibar, G.;Cañameras, Carlos Alfredo<|>Castañeda, Roberto Aníbal<|>Aranibar Aversa, Germán Francisco
039727;v22_Autor_personal;Santos, L. N.<|>López, E. E.<|>Feltrinelli, M.;Santos, L. N.<|>López, Eduardo Emilio<|>Feltrinelli, M.
039728;v22_Autor_personal;López, E. E.<|>Santos, L. N.<|>Feltrinelli, M.;López, Eduardo Emilio<|>Santos, L. N.<|>Feltrinelli, M.
039729;v22_Autor_personal;López, E. E.<|>Santos, L. N.<|>Feltrinelli, M.;López, Eduardo Emilio<|>Santos, L. N.<|>Feltrinelli, M.
039730;v22_Autor_personal;Yonni, F.<|>Fasoli, H.<|>Leis, A.S.<|>Alvarez, H.<|>Chaile, M.V.;Yonni, F.<|>Fasoli, H.<|>Leis, A.S.<|>Álvarez, Juan Horacio<|>Chaile, M.V.
039731;v22_Autor_personal;Malatto, L.<|>Lozano, A.<|>Milano, O.<|>Fraigi, L.;Malatto, L.<|>Lozano, A.<|>Milano, Omar<|>Fraigi, Liliana Beatriz
039732;v22_Autor_personal;Barrera, F. P.<|>Mangano, E. G.<|>Malatto, M. L.<|>Lupi, O. D.;Barrera, Fabiana Paula<|>Mangano, E. G.<|>Malatto, M. L.<|>Lupi, O. D.
039735;v22_Autor_personal;Weinstock A.<|>Fraigi, L.<|>Moina, C.;Weinstock A.<|>Fraigi, Liliana Beatriz<|>Moina, Carlos Alberto
039740;v22_Autor_personal;Castañeda, R.<|>Cañameras, C.<|>Aranibar, G.<|>Montero, H.;Castañeda, Roberto Aníbal<|>Cañameras, Carlos Alfredo<|>Aranibar Aversa, Germán Francisco<|>Montero, H.
039741;v22_Autor_personal;Castañeda, R.<|>Muset, G.<|>Castells, L.<|>Aranibar, G.<|>Murphy, M.<|>Rodríguez, G.;Castañeda, Roberto Aníbal<|>Muset, G.<|>Castells, L.<|>Aranibar Aversa, Germán Francisco<|>Murphy, M.<|>Rodríguez, G.
039742;v22_Autor_personal;Niño Gómez, A.<|>Pinto, M.<|>Berardo, L.<|>Iorio, A.<|>Luna, F.<|>Dolmann, I.;Niño Gómez, A.<|>Pinto, M.<|>Berardo, Liliana<|>Iorio, A.<|>Luna, Fabio Sergio<|>Dolmann, Inés Teresa
039743;v22_Autor_personal;Mastromónaco, Gladys<|>Alvarez, Marcela<|>Pozo, Larisa<|>Puglisi, Celia<|>Castro, Liliana;Mastromónaco, Gladys<|>Álvarez, Marcela Andrea<|>Pozo, Larisa<|>Puglisi, Celia<|>Castro, Liliana
039744;v22_Autor_personal;Freile, G.<|>Blasco, R.<|>Gambarotta, L.<|>Zapico, V.<|>Stacey, E.<|>Espínola, T.<|>Gil, G.;Freile, G.<|>Blasco, Ramiro Raúl<|>Gambarotta, L.<|>Zapico, V.<|>Stacey, E.<|>Espínola, T.<|>Gil, G.
039745;v22_Autor_personal;Blasco, R.<|>Espínola, T.<|>Freile, G.<|>Gambarotta, L.<|>Gil, G.<|>Liber, M.<|>Stacey, E.<|>Zapico, V.;Blasco, Ramiro Raúl<|>Espínola, T.<|>Freile, G.<|>Gambarotta, L.<|>Gil, G.<|>Liber, M.<|>Stacey, E.<|>Zapico, V.
039750;v22_Autor_personal;Roberti, M.<|>Milano, O.<|>Fraigi, L.<|>Perri, P.;Roberti, M.<|>Milano, Omar<|>Fraigi, Liliana Beatriz<|>Perri, P.
039754;v22_Autor_personal;Planes, E.<|>Samter, P.<|>Gemini, V.<|>Bartoloni, V.<|>Martínez, M.<|>Dománico, R.;Planes, E.<|>Samter, Paula Marcela<|>Gemini, V.<|>Bartoloni, Valeria Gabriela<|>Martínez, M.<|>Dománico, Ricardo Hugo
039755;v22_Autor_personal;Bartoloni, V.<|>Martínez, M.<|>Zampatti, M.<|>Puggia, C.<|>Riquelme, C.<|>Warcok, M.<|>Zannoni, V.<|>Dománico, R.;Bartoloni, Valeria Gabriela<|>Martínez, M.<|>Zampatti, M.<|>Puggia, C.<|>Riquelme, C.<|>Warcok, M.<|>Zannoni, Valeria<|>Dománico, Ricardo Hugo
039756;v22_Autor_personal;Booman, A.<|>Márquez, A.;Booman, Alejandro Carlos<|>Márquez, A.
039757;v22_Autor_personal;Milano, O.<|>Malatto, L.<|>Fraigi, L.<|>Lupi, D.;Milano, Omar<|>Malatto, L.<|>Fraigi, Liliana Beatriz<|>Lupi, D.
039774;v22_Autor_personal;Mahmud, Zulema Ángela<|>Alanis, Irene;Mahmud, Zulema Ángela<|>Alanis, Irene Luisa
039807;v22_Autor_personal;Ceballos, Jorge;Ceballos, Jorge Ceferino
039834;v22_Autor_personal;Falcato, P.;Falcato, Pedro
039835;v22_Autor_personal;Fraigi, L.<|>Filippini, D.<|>Barsan, N.<|>Walsöe, N. de Reca;Fraigi, Liliana Beatriz<|>Filippini, D.<|>Barsan, N.<|>Walsöe, N. de Reca
039838;v22_Autor_personal;Jalón, O.<|>Dmitruk, A.;Jalón, Osvaldo Héctor<|>Dmitruk, Andrés Esteban
039840;v22_Autor_personal;Gwirc, Sergio<|>Tropea, S.<|>Negreira, C.<|>Montero, F.;Gwirc, Sergio<|>Tropea, Salvador Eduardo<|>Negreira, C.<|>Montero, F.
039841;v22_Autor_personal;Dmitruk, A.<|>Lupi, D.<|>Gwirc, G.<|>Lozano, A.;Dmitruk, Andrés Esteban<|>Lupi, D.<|>Gwirc, G.<|>Lozano, A.
039842;v22_Autor_personal;Fraigi, L.<|>Milano, O.<|>Roberti, F. M.;Fraigi, Liliana Beatriz<|>Milano, Omar<|>Roberti, F. M.
039844;v22_Autor_personal;Brengi, D.<|>Gwirc, S.<|>Lupi, D.;Brengi, Diego Javier<|>Gwirc, S.<|>Lupi, D.
039847;v22_Autor_personal;Tropea, S.<|>Brengi, D.<|>Malatto, L.<|>Fraigi, L.;Tropea, Salvador Eduardo<|>Brengi, Diego Javier<|>Malatto, L.<|>Fraigi, Liliana Beatriz
039848;v22_Autor_personal;Muñoz, R.<|>Reale, C.<|>Amado, J.<|>Colsani, G.;Muñoz, R.<|>Reale, C.<|>Amado, José Luis<|>Colsani, G.
039849;v22_Autor_personal;Alessandrini, Gustavo<|>Buranits, G.<|>Escudero, G.<|>Gómez, J. C.;Alessandrini, Gustavo<|>Buranits, G.<|>Escudero, Gustavo Pablo<|>Gómez, J. C.
039850;v22_Autor_personal;Lupi, D.<|>Gwirc, S.<|>Ferdeghini, F.<|>Brengi, D.<|>Comastri, A.;Lupi, D.<|>Gwirc, S.<|>Ferdeghini, F.<|>Brengi, Diego Javier<|>Comastri, A.
039851;v22_Autor_personal;Robert, L.<|>Milanesio, H.<|>Hajduczyk, J.<|>Fabro, M.^rcolab.<|>Demaría, M.^rcolab.<|>Cortés M.^rcolab.<|>Ottino, P.^rcolab.<|>Giraudo, F.^rcolab.<|>Scarafía, D.^rcolab.<|>Speranza, J.^rcolab.;Robert, L.<|>Milanesio, H.<|>Hajduczyk, J.<|>Fabro, Mabel Angélica^rcolab.<|>Demaría, M.^rcolab.<|>Cortés M.^rcolab.<|>Ottino, P.^rcolab.<|>Giraudo, F.^rcolab.<|>Scarafía, D.^rcolab.<|>Speranza, J.^rcolab.
039856;v22_Autor_personal;Castañeda, R.<|>Speranza, J.<|>Roberts, L.<|>Storani, E.<|>Feilbogen, E.;Castañeda, Roberto Aníbal<|>Speranza, J.<|>Roberts, L.<|>Storani, E.<|>Feilbogen, E.
039858;v22_Autor_personal;Castañeda, R.<|>Storani, E.<|>González, M.<|>Speranza, J.<|>Rodríguez, A.<|>Robert, L.<|>Aguilar, L.<|>Feilbogen, E.;Castañeda, Roberto Aníbal<|>Storani, E.<|>González, M.<|>Speranza, J.<|>Rodríguez, Abel Sebastián<|>Robert, L.<|>Aguilar, Leandro Javier Ceferino<|>Feilbogen, E.
039859;v22_Autor_personal;Consiglieri, M.<|>Fernández, G.<|>Riera, M.<|>Fernández, M. R.<|>Ariosti, A.<|>Ruiz de Arechavaleta, M.;Consiglieri, M.<|>Fernández, G.<|>Riera, M.<|>Fernández, M. R.<|>Ariosti, A.<|>Ruiz de Arechavaleta, Mariana
039862;v22_Autor_personal;Pozo, L.<|>Cappa, M.<|>París, G.<|>Bruni, N.;Pozo, Larisa<|>Cappa, María de los Ángeles<|>París, G.<|>Bruni, N.
039863;v22_Autor_personal;Gutiérrez, A.<|>Elizondo, A.<|>Dias Vieira, A.<|>Rousseau, I.<|>Roa, R.<|>Alvarez, M.<|>Pozo, L.<|>Olmedo, M.<|>Cerdán, M.<|>Tissone, M.;Gutiérrez, A.<|>Elizondo, A.<|>Dias Vieira, A.<|>Rousseau, Iván<|>Roa, Ruy Diego<|>Álvarez, Marcela Andrea<|>Pozo, Larisa<|>Olmedo, Mariana Cecilia<|>Cerdán, M.<|>Tissone, M.
039864;v22_Autor_personal;Fabro, M.<|>Demaría, M.<|>Cortés, M.<|>Ottino, P.;Fabro, Mabel Angélica<|>Demaría, M.<|>Cortés, M.<|>Ottino, P.
039866;v22_Autor_personal;Castañeda, R.<|>Muset, G.<|>Rodríguez, G.<|>Rodríguez, M. A.<|>Montero, H.<|>Gatti, P.<|>Murphy, M.<|>Noseda, D.<|>Araníbar, G.<|>Paladino, M.;Castañeda, Roberto Aníbal<|>Muset, G.<|>Rodríguez, G.<|>Rodríguez, Matías Agustín<|>Montero, H.<|>Gatti, P.<|>Murphy, M.<|>Noseda, D.<|>Araníbar, G.<|>Paladino, M.
039867;v22_Autor_personal;Cerchiai, E.<|>Riveros, R.<|>Gascón, A.<|>Gracia, V.<|>Santi, A.<|>Maza, M.;Cerchiai, Edgar<|>Riveros, R.<|>Gascón, A.<|>Gracia, V.<|>Santi, Analía Gabriela<|>Maza, M.
039868;v22_Autor_personal;Montero, H.<|>Gatti P.<|>Rodríguez, A.<|>Rodríguez, G.<|>Murphy, M.<|>Aranibar, G.<|>Castañeda, R.;Montero, H.<|>Gatti P.<|>Rodríguez, Abel Sebastián<|>Rodríguez, G.<|>Murphy, M.<|>Aranibar Aversa, Germán Francisco<|>Castañeda, Roberto Aníbal
039869;v22_Autor_personal;Lozano, R. D.<|>Montero, H.<|>Aranibar, G.;Lozano, R. D.<|>Montero, H.<|>Aranibar Aversa, Germán Francisco
039873;v22_Autor_personal;Storani, E.<|>Robert, L.<|>Aguilar, L.<|>Speranza, J.;Storani, E.<|>Robert, L.<|>Aguilar, Leandro Javier Ceferino<|>Speranza, J.
039876;v22_Autor_personal;Gatti, P.<|>Rodríguez, M. A.<|>Paladino, M.<|>Gagliostro, G.;Gatti, P.<|>Rodríguez, Matías Agustín<|>Paladino, M.<|>Gagliostro, G.
039877;v22_Autor_personal;Richiello, G.<|>Vivino, E.<|>Rivara, M.;Richiello, G.<|>Vivino, E.<|>Rivara, Mariana
039879;v22_Autor_personal;Alvarez, Néstor<|>Alanis, Irene<|>Niño Gómez, Alicia;Álvarez, Néstor<|>Alanis, Irene Luisa<|>Niño Gómez, Alicia
039880;v22_Autor_personal;Booman, A.<|>Márquez, A.;Booman, Alejandro Carlos<|>Márquez, A.
039881;v22_Autor_personal;Munizza, G.<|>Fernández, G.<|>Pinto, A.<|>Consiglieri, M.<|>Fernández, M. R.<|>Ariosti, A.;Munizza, Gabriela Vanina<|>Fernández, G.<|>Pinto, A.<|>Consiglieri, M.<|>Fernández, M. R.<|>Ariosti, A.
039882;v22_Autor_personal;Fernández, G.<|>Munizza, G.<|>Ariosti, A.<|>Flores, F.<|>Rosso, A.;Fernández, G.<|>Munizza, Gabriela Vanina<|>Ariosti, A.<|>Flores, F.<|>Rosso, A.
039885;v22_Autor_personal;Dmitruk, A.<|>Félix, R.<|>Seghezzo, J.;Dmitruk, Andrés Esteban<|>Félix, R.<|>Seghezzo, J.
039887;v22_Autor_personal;Castañeda, R.<|>Martínez, B.<|>Murphy, M.<|>Ospital, M. S.<|>Sarquis, S.<|>Galacho, V.;Castañeda, Roberto Aníbal<|>Martínez, B.<|>Murphy, M.<|>Ospital, M. S.<|>Sarquis, S.<|>Galacho, V.
039888;v22_Autor_personal;Castañeda, R.<|>Ospital, M. S.<|>Galacho, V.;Castañeda, Roberto Aníbal<|>Ospital, M. S.<|>Galacho, V.
039890;v22_Autor_personal;Cogno, J.;Cogno, Jorge Adrián
039891;v22_Autor_personal;Dmitruk, A.<|>Grossi, R.<|>Bomchi, G.<|>Lupi, D.;Dmitruk, Andrés Esteban<|>Grossi, R.<|>Bomchi, G.<|>Lupi, D.
039892;v22_Autor_personal;D'Orio, M.<|>Bartoloni, V.;D'Orio, M.<|>Bartoloni, Valeria Gabriela
039894;v22_Autor_personal;Allocati, P.<|>Muset, G.;Allocati, Patricia Andrea<|>Muset, G.
039895;v22_Autor_personal;Castañeda, R.<|>Noel, Y.<|>Grappin, R.;Castañeda, Roberto Aníbal<|>Noel, Y.<|>Grappin, R.
039898;v22_Autor_personal;Fernández, María Raquel<|>Riera, Mónica<|>Munizza, Gabriela<|>Schicchi, Nora<|>Hermida, Laura<|>Blasi, Sandra<|>Alvarez, Andrea<|>Ariosti, Alejandro;Fernández, María Raquel<|>Riera, Mónica<|>Munizza, Gabriela<|>Schicchi, Nora<|>Hermida, Laura<|>Blasi, Sandra<|>Álvarez, Andrea<|>Ariosti, Alejandro
039903;v22_Autor_personal;Cerchiai, E.<|>Gascón, A.<|>Gracia, V.<|>Santi, A.<|>Mazza, M.<|>Maldonado, M.;Cerchiai, Edgar<|>Gascón, A.<|>Gracia, V.<|>Santi, Analía Gabriela<|>Mazza, M.<|>Maldonado, M.
039904;v22_Autor_personal;Demaría, M.<|>Cortés, M.<|>Fabro, M.<|>Speranza, J.;Demaría, M.<|>Cortés, M.<|>Fabro, Mabel Angélica<|>Speranza, J.
039906;v22_Autor_personal;Castañeda, Roberto<|>Murphy, M.<|>Martínez, Beatríz<|>Sarquis, Sandra<|>Rodríguez, G.<|>González, M.;Castañeda, Roberto Aníbal<|>Murphy, M.<|>Martínez, Beatríz<|>Sarquis, Sandra<|>Rodríguez, G.<|>González, M.
039907;v22_Autor_personal;Fernández, María Raquel<|>Consiglieri, Mariela<|>Ariosti, Alejandro<|>Rosso, Adriana<|>Fraga, Isabel<|>Montero, Haydeé<|>Aranibar, Germán<|>Castañeda, Roberto;Fernández, María Raquel<|>Consiglieri, Mariela<|>Ariosti, Alejandro<|>Rosso, Adriana<|>Fraga, Isabel<|>Montero, Haydeé<|>Aranibar, Germán<|>Castañeda, Roberto Aníbal
039908;v22_Autor_personal;Apro, N.<|>Rodríguez, J.<|>Cuadrado, C.<|>Secreto, P.;Apro, Nicolás<|>Rodríguez, J.<|>Cuadrado, C.<|>Secreto, P.
039910;v22_Autor_personal;Muset, Graciela<|>Renzulli, Pablo<|>Castañeda, Roberto;Muset, Graciela<|>Renzulli, Pablo<|>Castañeda, Roberto Aníbal
039915;v22_Autor_personal;Puglisi, C.<|>Kornblit, F.;Puglisi, C.<|>Kornblit, Fernando
039918;v22_Autor_personal;Forastieri, J.  A.<|>Lupo, S. G.;Forastieri, J.  A.<|>Lupo, Sergio Gustavo
039921;v22_Autor_personal;Cogno, Jorge;Cogno, Jorge Adrián
039924;v22_Autor_personal;Puelles, M. M.<|>Stratico, M. C.<|>Borinsky, M.;Puelles, M. M.<|>Stratico, M. C.<|>Ferdman de Borinsky, Mónica Beatriz
039925;v22_Autor_personal;Domínguez, A.<|>Martínez, P.<|>Cano, R.;Domínguez, Alejandro Aníbal<|>Martínez, P.<|>Cano, R.
039926;v22_Autor_personal;Argento, C.<|>Cosentino, M. J.<|>Darchuk, V.<|>Elvira, G.;Argento, C.<|>Cosentino, María. José<|>Darchuk, V.<|>Elvira, G.
039929;v22_Autor_personal;Alvarez, J.<|>Domínguez, A.<|>Martínez, P.;Alvarez, Julio<|>Domínguez, Alejandro Aníbal<|>Martínez, P.
039938;v22_Autor_personal;Rillos, G.<|>Szteinberg, S.<|>Sformo, O.;Rillos, G.<|>Szteinberg, S.<|>Sformo, Alcides Oscar
039941;v22_Autor_personal;Oroz, A.<|>Velásquez, S.<|>Jeifetz, R.<|>Alonso, G.<|>Dolmann, I.;Oroz, A.<|>Velásquez, S.<|>Jeifetz, R.<|>Alonso, Germán René<|>Dolmann, Inés Teresa
039942;v22_Autor_personal;Arroyo, O.<|>Chiora, E.<|>Ferragut, C.<|>Storani A.;Arroyo, Oscar Rafael Antonio<|>Chiora, E.<|>Ferragut, C.<|>Storani A.
039943;v22_Autor_personal;Brengi, D.<|>Tropea, S.<|>Gwirc, S.<|>Farías, D.;Brengi, Diego Javier<|>Tropea, Salvador Eduardo<|>Gwirc, S.<|>Farías, D.
039953;v22_Autor_personal;Martinuzzi, F.<|>Morales, E.<|>Pedro, A.;Martinuzzi, F.<|>Morales, E.<|>Pedro, Antonio
039956;v22_Autor_personal;Pagliano, V.<|>Martínez Krahmer, D.<|>Maceira, G.<|> Prieto, D.;Pagliano, V.<|>Martínez Krahmer, Daniel Osvaldo<|>Maceira, G.<|> Prieto, D.
039960;v22_Autor_personal;Álvarez, Jorge José;Álvarez, José Jorge Enrique
039961;v22_Autor_personal;Mahmud, Zulema A.<|>Alanis, Irene L.<|>Moina, Carlos A.;Mahmud, Zulema A.<|>Alanis, Irene Luisa<|>Moina, Carlos A.
039962;v22_Autor_personal;Abuin, Graciela C.<|>Alanis, I.<|>Alvarez, N.<|>Mahmud, Z.<|>Valentini, C.;Abuin, Graciela Carmen<|>Alanis, Irene Luisa<|>Álvarez, Néstor<|>Mahmud, Z.<|>Valentini, Cristobal Ramón
039963;v22_Autor_personal;Moina, C. A.<|>Oliveira, L.<|>Vazdar, M.;Moina, Carlos Alberto<|>Oliveira, L.<|>Vazdar, M.
039965;v22_Autor_personal;Cantera, C. S.<|>Vera, V. D.;Cantera, Carlos Santos<|>Vera, V. D.
039966;v22_Autor_personal;Cantera, C. S.<|>Goya, L.<|>Garro, M. L.<|>López, L. M.;Cantera, Carlos Santos<|>Goya, L.<|>Garro, M. L.<|>López, L. M.
039967;v22_Autor_personal;Galarza, B.<|>Goya, L.<|>Cantera, C.<|>Reinoso, H.;Galarza, B.<|>Goya, L.<|>Cantera, Carlos Santos<|>Reinoso, H.
039968;v22_Autor_personal;Martínez, M.<|>Dománico, R.<|>Lagomarsino, A.;Martínez, M.<|>Dománico, Ricardo Hugo<|>Lagomarsino, A.
039969;v22_Autor_personal;Puelles, M. M.<|>Alvarez, R. J.<|>Stratico, M. C.<|>Romero Ale, E. E.<|>Borinsky, M.;Puelles, M. M.<|>Álvarez, Rodrigo Javier<|>Stratico, M. C.<|>Romero Ale, E. E.<|>Ferdman de Borinsky, Mónica Beatriz
039970;v22_Autor_personal;Rouge, P.<|>Nardini, L.<|>López, E. E.<|>Lagomarsino, A.;Rouge, P.<|>Nardini, L.<|>López, Eduardo Emilio<|>Lagomarsino, A.
039972;v22_Autor_personal;Abuin, Graciela C.<|>Corti, H.;Abuin, Graciela Carmen<|>Corti, H.
039975;v22_Autor_personal;Sarquis, S.<|>Martínez, B.<|>Castañeda, R.;Sarquis, S.<|>Martínez, B.<|>Castañeda, Roberto Aníbal
039977;v22_Autor_personal;Gemini, V.<|>Gallego, A.<|>Gómez, C. E.<|>Rossi, S. L.<|>Samter, P.<|>Korol, S. E.<|>Planes, E.;Gemini, V.<|>Gallego, A.<|>Gómez, C. E.<|>Rossi, S. L.<|>Samter, Paula Marcela<|>Korol, S. E.<|>Planes, E.
039978;v22_Autor_personal;Flores, F.<|>Ruiz de Arechavaleta, M.<|>Rosso, A.;Flores, F.<|>Ruiz de Arechavaleta, Mariana<|>Rosso, A.
039979;v22_Autor_personal;Itria, R. F.<|>Lozada, M.<|>De Tullio, L. A.<|>Erijman, L.;Itria, Raúl Fabio<|>Lozada, M.<|>De Tullio, L. A.<|>Erijman, L.
039980;v22_Autor_personal;Itria, R. F.<|>Luppi, L. I.<|>De Tullio, L. A.;Itria, Raúl Fabio<|>Luppi, L. I.<|>De Tullio, L. A.
039982;v22_Autor_personal;Luppi, L. I.<|>Itria, R. F.<|>De Tullio, L. A.;Luppi, L. I.<|>Itria, Raúl Fabio<|>De Tullio, L. A.
039983;v22_Autor_personal;Ruiz de Arechavaleta, M.<|>Oliviero, S.<|>Rosso, A.;Ruiz de Arechavaleta, Mariana<|>Oliviero, S.<|>Rosso, A.
039984;v22_Autor_personal;Escobar, G.<|>Alvarez, H.<|>Fernández, M.<|>Fasoli, H.;Escobar, G.<|>Álvarez, Juan Horacio<|>Fernández, M.<|>Fasoli, H.
039987;v22_Autor_personal;Díaz Monnier, S.<|>Ruiz, H.<|>Méndez, A.;Díaz Monnier, Silvia Laura<|>Ruiz, H.<|>Méndez, Andrea Mirta
039988;v22_Autor_personal;Fraigi, L.<|>Malatto, L.<|>Tropea, S.<|>Roberti, M.<|>Barbero, P.;Fraigi, Liliana Beatriz<|>Malatto, L.<|>Tropea, Salvador Eduardo<|>Roberti, M.<|>Barbero, P.
039989;v22_Autor_personal;Malatto, L.<|>Fraigi, L.;Malatto, L.<|>Fraigi, Liliana Beatriz
039990;v22_Autor_personal;Tropea, S.<|>Roberti, M.;Tropea, Salvador Eduardo<|>Roberti, M.
039991;v22_Autor_personal;Ybarra, G.<|>Moina, C.<|>Florit, M. I.<|>Posadas, D.;Ybarra, Gabriel Omar<|>Moina, Carlos Alberto<|>Florit, M. I.<|>Posadas, D.
039992;v22_Autor_personal;Della Vecchia, M.<|>Moina C. A.;Della Vecchia, Miguel Ángel<|>Moina C. A.
039993;v22_Autor_personal;Gómez, J. C.<|>Escudero, G.;Gómez, J. C.<|>Escudero, Gustavo Pablo
039994;v22_Autor_personal;Tropea, S.;Tropea, Salvador Eduardo
039995;v22_Autor_personal;Escudero, G.;Escudero, Gustavo Pablo
039998;v22_Autor_personal;Escudero, G.<|>Gómez, J. C.;Escudero, Gustavo Pablo<|>Gómez, J. C.
040000;v22_Autor_personal;Moina, C.<|>Ybarra, G.;Moina, Carlos Alberto<|>Ybarra, Gabriel Omar
040001;v22_Autor_personal;López, E. E.<|>Nardini, L.<|>Rouge, P.<|>Feltrinelli, M.<|>Santos, L.<|>Hardmeier, I.<|>Lagomarsino, A.;López, Eduardo Emilio<|>Nardini, L.<|>Rouge, P.<|>Feltrinelli, M.<|>Santos, Luciano<|>Hardmeier, I.<|>Lagomarsino, A.
040002;v22_Autor_personal;Rouge, P.<|>Hardmeier, I.<|>López, E. E.<|>Lagomarsino, A.;Rouge, P.<|>Hardmeier, I.<|>López, Eduardo Emilio<|>Lagomarsino, A.
040004;v22_Autor_personal;Martínez, M.<|>Dománico, R.<|>Lagomarsino, A.;Martínez, M.<|>Dománico, Ricardo Hugo<|>Lagomarsino, A.
040005;v22_Autor_personal;Rosso, A.<|>Alvarez, P.;Rosso, A.<|>Álvarez, Pablo Augusto
040006;v22_Autor_personal;Puelles, M. M.<|>Borinsky, M.<|>López, E. E.<|>Alvarez, P.<|>Rosso, A.;Puelles, M. M.<|>Ferdman de Borinsky, Mónica Beatriz<|>López, Eduardo Emilio<|>Álvarez, Pablo Augusto<|>Rosso, A.
040007;v22_Autor_personal;Gamsjaeger, R.<|>López, E. E.<|>Lagomarsino, A.;Gamsjaeger, R.<|>López, Eduardo Emilio<|>Lagomarsino, A.
040009;v22_Autor_personal;Hardmeier, I.<|>López, E. E.<|>Santos, L.<|>Rouge, P.<|>Feltrinelli, M.<|>Nardini, L.<|>Lagomarsino, A.;Hardmeier, I.<|>López, Eduardo Emilio<|>Santos, Luciano<|>Rouge, P.<|>Feltrinelli, M.<|>Nardini, L.<|>Lagomarsino, A.
040010;v22_Autor_personal;López, E. E.<|>Feltrinelli, M.<|>Nardini, L.<|>Santos, L.<|>Hardmeier, I.<|>Rouge, P.<|>Lagomarsino, A.;López, Eduardo Emilio<|>Feltrinelli, M.<|>Nardini, L.<|>Santos, Luciano<|>Hardmeier, I.<|>Rouge, P.<|>Lagomarsino, A.
040011;v22_Autor_personal;Defain Tesoriero, M. V.<|>Murano, M.<|>Stratico, M.<|>Lagomarsino, A.;Defain Tesoriero, María Victoria<|>Murano, M.<|>Stratico, M.<|>Lagomarsino, A.
040013;v22_Autor_personal;Rzeznik, M.<|>Bartoloni, V.<|>Viviani, Y.<|>Dománico, R.<|>Lagomarsino, A.;Rzeznik, M.<|>Bartoloni, Valeria Gabriela<|>Viviani, Y.<|>Dománico, Ricardo Hugo<|>Lagomarsino, A.
040014;v22_Autor_personal;Dománico, R.<|>Puggia, C.<|>Martínez, M.<|>Lagomarsino, A.;Dománico, Ricardo Hugo<|>Puggia, C.<|>Martínez, M.<|>Lagomarsino, A.
040016;v22_Autor_personal;Frangie, S.<|>Hermida, L.<|>Borinsky, M.<|>Puelles, M.<|>Lelli, D.<|>Alvarez, R.<|>Lagomarsino, A.;Frangie, S.<|>Hermida, L.<|>Ferdman de Borinsky, Mónica Beatriz<|>Puelles, M.<|>Lelli, D.<|>Álvarez, Rodrigo Javier<|>Lagomarsino, A.
040017;v22_Autor_personal;Iuzzolino, R.<|>Laiz, H.<|>García, R.;Iuzzolino, Ricardo Javier<|>Laiz, H.<|>García, R.
040018;v22_Autor_personal;Boaglio, C.<|>Laiz, H.<|>Iuzzolino, R.<|>Melo, J.;Boaglio, C.<|>Laiz, H.<|>Iuzzolino, Ricardo Javier<|>Melo, J.
040019;v22_Autor_personal;Iuzzolino, R.<|>García, R.<|>Laiz, H.;Iuzzolino, Ricardo Javier<|>García, R.<|>Laiz, H.
040020;v22_Autor_personal;Sivak, M.<|>Martínez Krahmer, D.<|>Maceira, G.;Sivak, M.<|>Martínez Krahmer, Daniel Osvaldo<|>Maceira, G.
040021;v22_Autor_personal;Martínez Krahmer, D.<|>Paredes, A.<|>Maceira, G.;Martínez Krahmer, Daniel Osvaldo<|>Paredes, A.<|>Maceira, G.
040022;v22_Autor_personal;Martínez Krahmer, D.<|>Paredes, A.<|>Maceira, G.;Martínez Krahmer, Daniel Osvaldo<|>Paredes, A.<|>Maceira, G.
040028;v22_Autor_personal;Malatto, L.<|>Fraigi, L.<|>Lupi, D.;Malatto, L.<|>Fraigi, Liliana Beatriz<|>Lupi, D.
040030;v22_Autor_personal;Puelles, M. M.<|>Alvarez, R. J.<|>Borinsky, M.;Puelles, M. M.<|>Álvarez, Rodrigo Javier<|>Ferdman de Borinsky, Mónica Beatriz
040031;v22_Autor_personal;Niño Gómez, A.<|>Mahmud, Z.<|>Valentini, C.<|>Iglesias, A.;Niño Gómez, A.<|>Mahmud, Z.<|>Valentini, Cristobal Ramón<|>Iglesias, Ana Laura
040032;v22_Autor_personal;Moina, C.<|>Ybarra, G.;Moina, Carlos Alberto<|>Ybarra, Gabriel Omar
040036;v22_Autor_personal;Alanis, I. L.;Alanis, Irene Luisa
040037;v22_Autor_personal;Yasan, E.<|>Boggio Marzet, G.<|>Bonanno, C.;Yasan, Eduardo David<|>Boggio Marzet, Gustavo<|>Bonanno, Claudio Mario
040038;v22_Autor_personal;Santos, L.<|>López, E. E.<|>Hardmeier, I.<|>Rouge, P.<|>Feltrinelli, M.<|>Nardini, L.<|>Lagomarsino, A.;Santos, Luciano<|>López, Eduardo Emilio<|>Hardmeier, I.<|>Rouge, P.<|>Feltrinelli, M.<|>Nardini, L.<|>Lagomarsino, A.
040039;v22_Autor_personal;Martínez, M.<|>Riquelme, C.<|>Dománico, R.<|>Lagomarsino, A.;Martínez, M.<|>Riquelme, C.<|>Dománico, Ricardo Hugo<|>Lagomarsino, A.
040040;v22_Autor_personal;Brengi, D.<|>Gwirc, S.<|>Tropea, S.<|>Farías, D.;Brengi, Diego Javier<|>Gwirc, S.<|>Tropea, Salvador Eduardo<|>Farías, D.
040041;v22_Autor_personal;Milano, O.<|>Fraigi, L. B.;Milano, Omar<|>Fraigi, L. B.
040042;v22_Autor_personal;Fraigi, L.<|>Baluk, S.<|>Roberti, M.<|>Walsöe Reca, N. E.;Fraigi, Liliana Beatriz<|>Baluk, S.<|>Roberti, M.<|>Walsöe Reca, N. E.
040043;v22_Autor_personal;Lupi, D.<|>Brengi, D.<|>Trapanoto, A.;Lupi, D.<|>Brengi, Diego Javier<|>Trapanoto, A.
040044;v22_Autor_personal;Gwirc, S.<|>García Morillo, M. F.<|>Brengi, D.;Gwirc, S.<|>García Morillo, M. F.<|>Brengi, Diego Javier
040050;v22_Autor_personal;Bassani, L. C.<|>García, R.<|>Di Lillo, L.;Bassani, L. C.<|>García, R.<|>Di Lillo, Lucas Daniel
040051;v22_Autor_personal;Tropea, S.<|>Brengi D.;Tropea, Salvador Eduardo<|>Brengi D.
040053;v22_Autor_personal;Marino, P.<|>Pérez Zelaschi, M.<|>Saldivia, M.;Marino, P.<|>Pérez Zelaschi, Marina Luisa<|>Saldivia, M.
040055;v22_Autor_personal;Marino, P.<|>Pérez Zelaschi, M.<|>Saldivia, M.<|>Armesto, J.<|>Tedesco, M.;Marino, P.<|>Pérez Zelaschi, Marina Luisa<|>Saldivia, M.<|>Armesto, Javier<|>Tedesco, M.
040060;v22_Autor_personal;Forastieri, J.<|>Lupo, S.<|>Filas, G.;Forastieri, J.<|>Lupo, Sergio Gustavo<|>Filas, G.
040061;v22_Autor_personal;Castañeda, R.<|>Galacho, V.<|>Murphy, M.<|>Martínez, B.;Castañeda, Roberto Aníbal<|>Galacho, V.<|>Murphy, M.<|>Martínez, B.
040064;v22_Autor_personal;Iuzzolino, R.<|>Melo, J.<|>Laiz, H.<|>Tischler, M.;Iuzzolino, Ricardo Javier<|>Melo, J.<|>Laiz, H.<|>Tischler, M.
040067;v22_Autor_personal;Gutiérrez, A.<|>Puglisi, C.<|>Cappa, M.<|>Castro, L.<|>Flores, S.;Gutiérrez, A.<|>Puglisi, C.<|>Cappa, María de los Ángeles<|>Castro, L.<|>Flores, S.
040068;v22_Autor_personal;Di Lillo, L.<|>Laiz, H.;Di Lillo, Lucas Daniel<|>Laiz, H.
040071;v22_Autor_personal;Falcato, P.;Falcato, Pedro
040072;v22_Autor_personal;Mastromónaco, G.<|>Carnevali de Falke, S.;Mastromónaco, Gladys Miriam<|>Carnevali de Falke, S.
040074;v22_Autor_personal;Aguzin, F.<|>Berset, A.<|>Grünhut, E.;Aguzin, Fernando<|>Berset, A.<|>Grünhut, E.
040075;v22_Autor_personal;Cantera, C.<|>Greco, A.<|>Sierra, N.;Cantera, Carlos Santos<|>Greco, A.<|>Sierra, N.
040077;v22_Autor_personal;Cantera, C.<|>Goya, L.;Cantera, Carlos Santos<|>Goya, L.
040079;v22_Autor_personal;Cantera, C.<|>Greco, A.<|>Goya, L.<|>Domínguez, D.;Cantera, Carlos Santos<|>Greco, A.<|>Goya, L.<|>Domínguez, D.
040080;v22_Autor_personal;Dolmann, I.<|>Oroz, A. E.<|>Luna, F.<|>Domínguez, M.<|>Jeifetz, R. A.<|>Valmaseda, T. I.<|>Greco, A.<|>Goya, L.<|>Domínguez, D.;Dolmann, Inés Teresa<|>Oroz, A. E.<|>Luna, Fabio Sergio<|>Domínguez, M.<|>Jeifetz, R. A.<|>Valmaseda, T. I.<|>Greco, A.<|>Goya, L.<|>Domínguez, D.
040083;v22_Autor_personal;Puglisi, C.<|>Castro, L.<|>Flores, F.<|>Gutiérrez, A.<|>Cappa, M.;Puglisi, C.<|>Castro, L.<|>Flores, F.<|>Gutiérrez, A.<|>Cappa, María de los Ángeles
040085;v22_Autor_personal;Armesto, J.<|>Carfagnini, M.<|>Frey, M. G.<|>Lupi, M. C.<|>Jung, S.;Armesto, Javier<|>Carfagnini, Mariana<|>Frey, M. G.<|>Lupi, M. C.<|>Jung, S.
040088;v22_Autor_personal;Malatto, L.<|>Fraigi, L.<|>Baluk, S.;Malatto, L.<|>Fraigi, Liliana Beatriz<|>Baluk, S.
040091;v22_Autor_personal;Kornblit, F.;Kornblit, Fernando
040092;v22_Autor_personal;Forastieri, J.<|>Lupo, S. G.;Forastieri, J.<|>Lupo, Sergio Gustavo
040100;v22_Autor_personal;Freile, G.<|>Blasco, R.<|>Otero, E.<|>Garibotti, A.;Freile, G.<|>Blasco, Ramiro Raúl<|>Otero, E.<|>Garibotti, A.
040105;v22_Autor_personal;Agüero A.<|>Granillo Valdez, O.<|>Dascalakis, J.;Agüero, A.<|>Granillo Valdez, O.<|>Dascalakis, J.
040109;v22_Autor_personal;Cerchiai, E.<|>Gascón, A.;Cerchiai, Edgar<|>Gascón, A.
040110;v22_Autor_personal;Cerchiai, E.<|>Revillard, E.<|>Gracia, V.<|>Flores, S.<|>Espejo, C.;Cerchiai, Edgar<|>Revillard, E.<|>Gracia, V.<|>Flores, S.<|>Espejo, C.
040111;v22_Autor_personal;Martínez Krahmer, D.<|>Ruiz, E.;Martínez Krahmer, Daniel Osvaldo<|>Ruiz, E.
040118;v22_Autor_personal;Apro, N.<|>Rodríguez, J.<|>Gornatti, C.<|>Puntieri, M. V.<|>Falcone, M. A.<|>Cingolani, M.<|>Orbea, M. M.<|>Canepare, C.<|>Rodari, A.<|>Pieroni, E.<|>Secreto, P.<|>Burnes, L.;Apro, Nicolás<|>Rodríguez, J.<|>Gornatti, C.<|>Puntieri, M. V.<|>Falcone, M. A.<|>Cingolani, M.<|>Orbea, M. M.<|>Canepare, Carlos Alberto<|>Rodari, A.<|>Pieroni, E.<|>Secreto, P.<|>Burnes, L.
040125;v22_Autor_personal;Booman, A.<|>Zugarramurdi, A.<|>Carrizo, G.;Booman, Alejandro Carlos<|>Zugarramurdi, A.<|>Carrizo, G.
040129;v22_Autor_personal;Hermida, L.<|>Frisardi, L. A.<|>López, E. E.<|>Dománico, R. H.<|>Murano, M. M.<|>Lagomarsino, A.<|>Quattrocchi, O.<|>Piccini, E.;Hermida, L.<|>Frisardi, L. A.<|>López, Eduardo Emilio<|>Dománico, Ricardo Hugo<|>Murano, M. M.<|>Lagomarsino, A.<|>Quattrocchi, O.<|>Piccini, E.
040135;v22_Autor_personal;Dománico, R. H.<|>Murano, M. M.<|>Hermida, L.<|>Rodríguez, F.<|>Lagomarsino, A.;Dománico, Ricardo Hugo<|>Murano, M. M.<|>Hermida, L.<|>Rodríguez, F.<|>Lagomarsino, A.
040137;v22_Autor_personal;Dománico, R. H.<|>Murano, M. M.<|>Lagomarsino, A.;Dománico, Ricardo Hugo<|>Murano, M. M.<|>Lagomarsino, A.
040141;v22_Autor_personal;Apro, N.<|>Rodríguez, J.<|>Gornatti, C.<|>Aberastegui, M.<|>López, S.;Apro, Nicolás<|>Rodríguez, J.<|>Gornatti, C.<|>Aberastegui, M.<|>López, S.
040142;v22_Autor_personal;Brunetto, P.<|>Buttini, S.<|>Cánaves, L.<|>Cruz, A.;Brunetto, Pedro Carlos<|>Buttini, S.<|>Cánaves, L.<|>Cruz, Alex David
040143;v22_Autor_personal;Martinuzzi, F.<|>Morales, E.<|>Pedro, A.;Martinuzzi, F.<|>Morales, E.<|>Pedro, Antonio
040144;v22_Autor_personal;Murano, M.<|>Frangie, S.<|>Dománico, R. H.<|>Lagomarsino, A.;Murano, M.<|>Frangie, S.<|>Dománico, Ricardo Hugo<|>Lagomarsino, A.
040146;v22_Autor_personal;Savignano, J.<|>Martínez, E.<|>Álvarez, H.<|>Escobar, G.;Savignano, J.<|>Martínez, Emiliano<|>Álvarez, Juan Horacio<|>Escobar, G.
040147;v22_Autor_personal;Cantera, C.<|>Goya, L.;Cantera, Carlos Santos<|>Goya, L.
040148;v22_Autor_personal;Cantera, C.<|>Sierra, N.<|>Martigani, J.<|>Greco, A. <|>Dominguez, D.<|>Vergara, J.;Cantera, Carlos Santos<|>Sierra, N.<|>Martigani, J.<|>Greco, A. <|>Dominguez, D.<|>Vergara, J.
040149;v22_Autor_personal;Goya, L.<|>Cantera, C.<|>Galarza, B.<|>Reinoso, H.;Goya, L.<|>Cantera, Carlos Santos<|>Galarza, B.<|>Reinoso, H.
040151;v22_Autor_personal;Dománico, R. H.<|>López,  E.<|>Marbec, E.<|>Berretta, A.<|>Lagomarsino, A.;Dománico, Ricardo Hugo<|>López,  E.<|>Marbec, E.<|>Berretta, A.<|>Lagomarsino, A.
040152;v22_Autor_personal;Ortiz, N.<|>Bartoloni, V.<|>D' Orio, M.;Ortiz, N.<|>Bartoloni, Valeria Gabriela<|>D' Orio, M.
040153;v22_Autor_personal;López, E.<|>Dománico, R.<|>Calatayud, M.;López, Eduardo Antonio<|>Dománico, Ricardo Hugo<|>Calatayud, M.
040155;v22_Autor_personal;Iorio, A.<|>Valentini, C. R.<|>Iglesias, A. M.;Iorio, A.<|>Valentini, Cristobal Ramón<|>Iglesias, A. M.
040156;v22_Autor_personal;Moina, C.<|>Ybarra. G.<|>Florit, M. I.<|>Posadas, D.;Moina, Carlos Alberto<|>Ybarra. G.<|>Florit, M. I.<|>Posadas, D.
040157;v22_Autor_personal;Álvarez, N.<|>Bonfá, R.<|>Dálkaine, C. V.<|>Freitas, M.;Álvarez, Néstor<|>Bonfá, R.<|>Dálkaine, C. V.<|>Freitas, M.
040159;v22_Autor_personal;Abuin, Graciela C.<|>Valentini, C. R.;Abuin, Graciela Carmen<|>Valentini, Cristobal Ramón
040160;v22_Autor_personal;Mahmud, Z.<|>Alanis, I. L.;Mahmud, Z.<|>Alanis, Irene Luisa
040161;v22_Autor_personal;Alanis, I.<|>Berardo, L.<|>Mahmud, Z.<|>Pinto, M.;Alanis, Irene Luisa<|>Berardo, Liliana<|>Mahmud, Z.<|>Pinto, M.
040162;v22_Autor_personal;Niño Gómez, A.<|>Alanis, I. L.<|>Pinto, M.<|>Vorobey, A.;Niño Gómez, A.<|>Alanis, Irene Luisa<|>Pinto, M.<|>Vorobey, A.
040164;v22_Autor_personal;Abuin, Graciela C.<|>Valentini, C. R.;Abuin, Graciela Carmen<|>Valentini, Cristobal Ramón
040165;v22_Autor_personal;Niño Gómez, A.<|>Moina, C.<|>Miguez, M.<|>Parini, O. C.<|>Menéndez, D.<|>Della Vecchia, M.<|>Ybarra, G.<|>Chittaro, R.<|>Cardozo, E.;Niño Gómez, A.<|>Moina, Carlos Alberto<|>Miguez, M.<|>Parini, O. C.<|>Menéndez, Diego Hernán<|>Della Vecchia, Miguel Ángel<|>Ybarra, Gabriel Omar<|>Chittaro, R.<|>Cardozo, Emmanuel
040166;v22_Autor_personal;Sacavini, C. A.<|>Rodríguez, C. R.<|>Giménez, K. E.<|>Valdés. D. A.;Sacavini, C. A.<|>Rodríguez, Carlos Roberto<|>Giménez, K. E.<|>Valdés. D. A.
040171;v22_Autor_personal;Labacá, P.<|>Rosso, A. S.<|>Fraga, I. A.;Labacá,  Patricia<|>Rosso, A. S.<|>Fraga, I. A.
040175;v22_Autor_personal;Marino, P.<|>Pérez Zelaschi, M.;Marino, P.<|>Pérez Zelaschi, Marina Luisa
040178;v22_Autor_personal;Dománico, R. H.<|>Frangie, S.<|>Murano, M.<|>Lagomarsino, A.;Dománico, Ricardo Hugo<|>Frangie, S.<|>Murano, M.<|>Lagomarsino, A.
040179;v22_Autor_personal;López, E.<|>Nardini, L.<|>Rouge, P.<|>Lagomarsino, A.<|>Enríquez, G.;López, Eduardo Antonio<|>Nardini, L.<|>Rouge, P.<|>Lagomarsino, A.<|>Enríquez, G.
040182;v22_Autor_personal;López, M.<|>Bartoloni, V.<|>D'Orio, M.<|>Hernández, A. M.;López, M.<|>Bartoloni, Valeria Gabriela<|>D'Orio, M.<|>Hernández, A. M.
040183;v22_Autor_personal;Rossi, R.<|>Bartoloni, V.<|>Lagomarsino,  A.;Rossi, R.<|>Bartoloni, Valeria Gabriela<|>Lagomarsino,  A.
040185;v22_Autor_personal;Hermida, Laura<|>López, E.<|>Dománico, Ricardo<|>Rouge, P.<|>Lagomarsino, Alicia<|>Enriquez, Graciela;Hermida, Laura<|>López, Eduardo Antonio<|>Dománico, Ricardo<|>Rouge, P.<|>Lagomarsino, Alicia<|>Enriquez, Graciela
040186;v22_Autor_personal;Bartoloni, V.<|>D' Orio, M.;Bartoloni, Valeria Gabriela<|>D' Orio, M.
040188;v22_Autor_personal;López, E.<|>Nardini, L.<|>Rouge, P.<|>Gallo, J.;López, Eduardo Antonio<|>Nardini, L.<|>Rouge, P.<|>Gallo, J.
040189;v22_Autor_personal;Yonni, F.<|>Fasoli, H.<|>Alvarez, H.;Yonni, F.<|>Fasoli, H.<|>Álvarez, Juan Horacio
040194;v22_Autor_personal;De Tullio, Luis A.<|>Villafañe, G.<|>Aguiñagalde, B.;De Tullio, Luis A.<|>Villafañe, G.<|>Aguiñagalde, Bartolomé
040195;v22_Autor_personal;Silvosa, M.<|>Aguzin, F.<|>Bermejo, M.<|>Zelaya, D.<|>Tierno, G.<|>Di Benedetto, F.;Silvosa, M.<|>Aguzin, Fernando<|>Bermejo, M.<|>Zelaya, D.<|>Tierno, G.<|>Di Benedetto, F.
040202;v22_Autor_personal;Martínez Krahmer, D.<|>Maceira, G.<|>Paredes, A.<|>Elvira, G.;Martínez Krahmer, Daniel Osvaldo<|>Maceira, G.<|>Paredes, A.<|>Elvira, G.
040203;v22_Autor_personal;Ferdeghini, F.<|>Pavlocic, I.<|>Gwirc, S.<|>Milano, O.;Ferdeghini, F.<|>Pavlocic, I.<|>Gwirc, S.<|>Milano, Omar
040225;v22_Autor_personal;Canteros, Carmen;Canteros Cavalcante, Carmen
040229;v22_Autor_personal;Lozano, A.<|>Tropea, S.<|>Cagnetta, J.;Lozano, A.<|>Tropea, Salvador Eduardo<|>Cagnetta, J.
040230;v22_Autor_personal;Fraigi, L.<|>Walsöe de Reca, N. E.;Fraigi, Liliana Beatriz<|>Walsöe de Reca, N. E.
040232;v22_Autor_personal;Méndez, A.<|>Gómez, G.;Méndez, Andrea Mirta<|>Gómez, G.
040234;v22_Autor_personal;Méndez, A.<|>Díaz Monnier, S.<|>Martello, D.;Méndez, Andrea Mirta<|>Díaz Monnier, Silvia Laura<|>Martello, D.
040235;v22_Autor_personal;Fraigi, L.<|>Góngora, M.<|>Schreiner, M.<|>Beltrán, N.<|>Arias, O.<|>Lastres, A.<|>Domínguez, C.<|>Vieira, M.<|>Negreira, C.;Fraigi, Liliana Beatriz<|>Góngora, M.<|>Schreiner, M.<|>Beltrán, N.<|>Arias, O.<|>Lastres, A.<|>Domínguez, C.<|>Vieira, M.<|>Negreira, C.
040238;v22_Autor_personal;Fraigi, L.<|>Lamas, D.<|>Walsöe de Reca, N. E.;Fraigi, Liliana Beatriz<|>Lamas, D.<|>Walsöe de Reca, N. E.
040242;v22_Autor_personal;Urpala, J.<|>Malatto, L.<|>Fraigi, L.;Urpala, J.<|>Malatto, L.<|>Fraigi, Liliana Beatriz
040246;v22_Autor_personal;Tropea, S.<|>Lupi, D.;Tropea, Salvador Eduardo<|>Lupi, D.
040248;v22_Autor_personal;Fraigi, L.<|>Malatto, L.<|>Gwirc, S.<|>Lupi, D.;Fraigi, Liliana Beatriz<|>Malatto, L.<|>Gwirc, S.<|>Lupi, D.
040252;v22_Autor_personal;Fernández, M. R.<|>Riera, M.<|>Munizza, G.<|>Fraga, I.<|>Valiente, L.<|>Ariosti, A.;Fernández, M. R.<|>Riera, M.<|>Munizza, Gabriela Vanina<|>Fraga, I.<|>Valiente, L.<|>Ariosti, A.
040254;v22_Autor_personal;Podgaiz, R. H.<|>Inocenti, M. C.<|>Lucas, J. C.;Podgaiz, R. H.<|>Inocenti, María Cristina<|>Lucas, J. C.
040256;v22_Autor_personal;Inocenti, M. C.<|>Mollo, M.<|>Lucas, J. C.;Inocenti, María Cristina<|>Mollo, M.<|>Lucas, J. C.
040300;v22_Autor_personal;Gutiérrez, Alicia<|>Puglisi, Celia<|>Castro, Liliana<|>Chamorro, Andrea;Gutiérrez, Alicia<|>Puglisi, Celia<|>Castro, Liliana<|>Chamorro, Andrea Luján
040330;v22_Autor_personal;Giuliano, Alejandro P.<|>Amado, Jorge A.<|>Barros, Edgar A.;Giuliano, Alejandro P.<|>Amado, Jorge Alejandro<|>Barros, Edgar A.
040331;v22_Autor_personal;Giuliano, Alejandro P.<|>Amado, Jorge A.<|>Barros, Edgar A.;Giuliano, Alejandro P.<|>Amado, Jorge Alejandro<|>Barros, Edgar A.
040332;v22_Autor_personal;Giuliano, Alejandro P.<|>Amado, Jorge A.<|>Barros, Edgar A.;Giuliano, Alejandro P.<|>Amado, Jorge Alejandro<|>Barros, Edgar A.
040333;v22_Autor_personal;Giuliano, Alejandro P.<|>Amado, Jorge A.<|>Barros, Edgar A.;Giuliano, Alejandro P.<|>Amado, Jorge Alejandro<|>Barros, Edgar A.
040334;v22_Autor_personal;Giuliano, Alejandro P.<|>Amado, Jorge A.<|>Barros, Edgar A.;Giuliano, Alejandro P.<|>Amado, Jorge Alejandro<|>Barros, Edgar A.
040335;v22_Autor_personal;Giuliano, Alejandro P.<|>Amado, Jorge A.<|>Barros, Edgar A.;Giuliano, Alejandro P.<|>Amado, Jorge Alejandro<|>Barros, Edgar A.
040336;v22_Autor_personal;Giuliano, Alejandro P.<|>Amado, Jorge A.<|>Barros, Edgar A.;Giuliano, Alejandro P.<|>Amado, Jorge Alejandro<|>Barros, Edgar A.
040337;v22_Autor_personal;Giuliano, Alejandro P.<|>Amado, Jorge A.<|>Barros, Edgar A.;Giuliano, Alejandro P.<|>Amado, Jorge Alejandro<|>Barros, Edgar A.
040338;v22_Autor_personal;Giuliano, Alejandro P.<|>Amado, Jorge A.<|>Barros, Edgar A.;Giuliano, Alejandro P.<|>Amado, Jorge Alejandro<|>Barros, Edgar A.
040339;v22_Autor_personal;Giuliano, Alejandro P.<|>Amado, Jorge A.<|>Barros, Edgar A.;Giuliano, Alejandro P.<|>Amado, Jorge Alejandro<|>Barros, Edgar A.
040340;v22_Autor_personal;Giuliano, Alejandro P.<|>Amado, Jorge A.<|>Barros, Edgar A.;Giuliano, Alejandro P.<|>Amado, Jorge Alejandro<|>Barros, Edgar A.
040341;v22_Autor_personal;Giuliano, Alejandro P.<|>Amado, Jorge A.<|>Barros, Edgar A.;Giuliano, Alejandro P.<|>Amado, Jorge Alejandro<|>Barros, Edgar A.
040342;v22_Autor_personal;Giuliano, Alejandro P.<|>Amado, Jorge A.<|>Barros, Edgar A.;Giuliano, Alejandro P.<|>Amado, Jorge Alejandro<|>Barros, Edgar A.
040343;v22_Autor_personal;Giuliano, Alejandro P.<|>Amado, Jorge A.<|>Barros, Edgar A.;Giuliano, Alejandro P.<|>Amado, Jorge Alejandro<|>Barros, Edgar A.
040344;v22_Autor_personal;Giuliano, Alejandro P.<|>Amado, Jorge A.<|>Barros, Edgar A.;Giuliano, Alejandro P.<|>Amado, Jorge Alejandro<|>Barros, Edgar A.
040345;v22_Autor_personal;Giuliano, Alejandro P.<|>Amado, Jorge A.<|>Barros, Edgar A.;Giuliano, Alejandro P.<|>Amado, Jorge Alejandro<|>Barros, Edgar A.
040346;v22_Autor_personal;Giuliano, Alejandro P.<|>Amado, Jorge A.<|>Barros, Edgar A.;Giuliano, Alejandro P.<|>Amado, Jorge Alejandro<|>Barros, Edgar A.
040356;v22_Autor_personal;Alvarez, Pablo;Álvarez, Pablo Augusto
040367;v22_Autor_personal;Castañeda, Roberto;Castañeda, Roberto Aníbal
040368;v22_Autor_personal;Castañeda, Roberto;Castañeda, Roberto Aníbal
040406;v22_Autor_personal;Román, Mario<|>Castañeda, Roberto;Román, Mario<|>Castañeda, Roberto Aníbal
040407;v22_Autor_personal;Bozzetti, Vincenzo<|>Castañeda, Roberto;Bozzetti, Vincenzo<|>Castañeda, Roberto Aníbal
040440;v22_Autor_personal;Martínez Krahmer, D.<|>Russo, D.<|>Papczuk, G.;Martínez Krahmer, Daniel Osvaldo<|>Russo, D.<|>Papczuk, G.
040441;v22_Autor_personal;Martínez Krahmer, D.<|>Mingo, R.<|>Las Heras, E. de<|>Corengia, P.<|>Russo, D.;Martínez Krahmer, Daniel Osvaldo<|>Mingo, R.<|>Las Heras, E. de<|>Corengia, P.<|>Russo, D.
040458;v22_Autor_personal;Martínez Krahmer, D.<|>Russo, D.;Martínez Krahmer, Daniel Osvaldo<|>Russo, D.
040463;v22_Autor_personal;Martínez Krahmer, D.<|>Corengia, P.<|>Mingo, R.<|>Russo, D.;Martínez Krahmer, Daniel Osvaldo<|>Corengia, P.<|>Mingo, R.<|>Russo, D.
040465;v22_Autor_personal;Torri, S<|>Alberti, C.<|>Castelli, M. L.<|>Della Vecchia, M.<|>Rossi,  R.;Torri, S<|>Alberti, Cecilia<|>Castelli, María Laura<|>Della Vecchia, Miguel Ángel<|>Rossi,  R.
040475;v22_Autor_personal;Alvarez Delgado, Amaury<|>Otero Rambla , Miguel A.;Álvarez Delgado, Amaury<|>Otero Rambla , Miguel A.
040477;v22_Autor_personal;Alvarez Delgado, Amaury<|>Otero Rambla , Miguel A.;Álvarez Delgado, Amaury<|>Otero Rambla , Miguel A.
040481;v22_Autor_personal;Melo, R.<|>Tropea, S. E.;Melo, R.<|>Tropea, Salvador Eduardo
040482;v22_Autor_personal;Huy, C.<|>Brengi, D.;Huy, C.<|>Brengi, Diego Javier
040483;v22_Autor_personal;Caruso, D.<|>Tropea, S. E.;Caruso, David Misael<|>Tropea, Salvador Eduardo
040484;v22_Autor_personal;Gwirc, S.<|>Mariño, N.;Gwirc, S.<|>Mariño, Néstor Raúl
040499;v22_Autor_personal;Trapanotto, A.<|>Brengi, D.<|>Tropea, S.;Trapanotto, A.<|>Brengi, Diego Javier<|>Tropea, Salvador Eduardo
040502;v22_Autor_personal;Tropea, S.<|>Borgna, J.P.;Tropea, Salvador Eduardo<|>Borgna, J.P.
040504;v22_Autor_personal;Brengi, D.<|>Trapanotto, A.<|>Farías, D.<|>Gwirc, S.;Brengi, Diego Javier<|>Trapanotto, A.<|>Farías, D.<|>Gwirc, S.
040506;v22_Autor_personal;Brengi, D.<|>Tropea, S.<|>Trapanotto, A.<|>Farías, D.;Brengi, Diego Javier<|>Tropea, Salvador Eduardo<|>Trapanotto, A.<|>Farías, D.
040511;v22_Autor_personal;Brengi, D.<|>Tropea, S.<|>Gwirc, S.<|>Farías, D.;Brengi, Diego Javier<|>Tropea, Salvador Eduardo<|>Gwirc, S.<|>Farías, D.
040512;v22_Autor_personal;Gwirc, S.<|>García Morillo, M. F.<|>Brengi, D.;Gwirc, S.<|>García Morillo, M. F.<|>Brengi, Diego Javier
040514;v22_Autor_personal;Brengi, D.<|>Gwirc, S.<|>Lupi, D.;Brengi, Diego Javier<|>Gwirc, S.<|>Lupi, D.
040529;v22_Autor_personal;Bernatene, María del Rosario<|>Canale, Guillermo<|>Caló, Julieta<|>Justianovich, Sergio;Bernatene, María del Rosario<|>Canale, Guillermo<|>Caló, Julieta María Inés<|>Justianovich, Sergio
040547;v22_Autor_personal;Roberti, M.<|>Fraigi, L.<|>Gongora-Rubio, Mario R.;Roberti, M.<|>Fraigi, Liliana Beatriz<|>Gongora-Rubio, Mario R.
040550;v22_Autor_personal;Yonni, F.<|>Fasoli, H.<|>Giai, M.<|>Alvarez, H.;Yonni, F.<|>Fasoli, H.<|>Giai, M.<|>Álvarez, Juan Horacio
040553;v22_Autor_personal;Munizza, G.<|>Celeda, A.<|>Legnoverde, S.<|>Basaldella, E.<|>Ruiz de Arechavaleta, M.<|>Rosso, A.<|>Eisenberg, P.<|>Fernández, M. R.<|>Ariosti, A.;Munizza, Gabriela Vanina<|>Celeda, A.<|>Legnoverde, S.<|>Basaldella, E.<|>Ruiz de Arechavaleta, Mariana<|>Rosso, A.<|>Eisenberg, P.<|>Fernández, M. R.<|>Ariosti, A.
040574;v22_Autor_personal;Álvarez, Jorge José;Álvarez, José Jorge Enrique
040577;v22_Autor_personal;Budzinski, Stefan<|>Pacher, Ileana<|>Maroni, Edgardo<|>Cousido, Carlos<|>Cazaux, Nadina<|>Anesini, Alberto;Budzinski, Stefan<|>Pacher, Ileana<|>Maroni, Edgardo<|>Cousido, Carlos<|>Cazaux, Nadina Magalí<|>Anesini, Alberto
040581;v22_Autor_personal;Piotto, Flavio<|>Cogno, Jorge<|>Iglesias, Marcelo<|>Stella, Jorge<|>Forastieri, Juan<|>Cogno, Jorge<|>Iglesias, Marcelo<|>Jorge Stella, Juan Forastieri;Piotto, Flavio<|>Cogno, Jorge Adrián<|>Iglesias, Marcelo<|>Stella, Jorge<|>Forastieri, Juan<|>Cogno, Jorge Adrián<|>Iglesias, Marcelo<|>Jorge Stella, Juan Forastieri
040583;v22_Autor_personal;Mingolla, G.<|>Álvarez, J.<|>Álvarez, L.<|>Ilieff, S.<|>Beer, E.<|>Bastida, K.;Mingolla, María Griselda<|>Álvarez, J.<|>Álvarez, L.<|>Ilieff, S.<|>Beer, Ethel Mariana<|>Bastida, Karina Beatriz
040587;v22_Autor_personal;Rodríguez, María Alejandra<|>Cejas, Valeria<|>Gatti, Patricia<|>Castañeda, Roberto;Rodríguez, María Alejandra<|>Cejas, Valeria<|>Gatti, Patricia<|>Castañeda, Roberto Aníbal
040588;v22_Autor_personal;Rodríguez, Julián<|>Sánchez, Eliseo<|>Fornés, Damián<|>Canepare, Carlos<|>Gornatti, Carlos<|>Apro, Nicolás;Rodríguez, Julián<|>Sánchez, Eliseo<|>Fornés, Damián<|>Canepare, Carlos Alberto<|>Gornatti, Carlos<|>Apro, Nicolás
040589;v22_Autor_personal;Castañeda, Roberto<|>Speranza, Jorge<|>Di Bàrtolo, Eduardo<|>Labacá, Patricia<|>Fabro, Mabel<|>Murphy, Marcela;Castañeda, Roberto Aníbal<|>Speranza, Jorge<|>Di Bàrtolo, Eduardo<|>Labacá, Patricia<|>Fabro, Mabel<|>Murphy, Marcela
040591;v22_Autor_personal;Kohanoff, Rafael<|>Candiano, Nicolás<|>Cibeira, José<|>Cruder, Leonardo<|>Bargo, Emilio<|>Fisch, Juan<|>Aguilar, Mario;Kohanoff, Rafael<|>Candiano, Nicolás<|>Cibeira, José<|>Cruder, Leonardo<|>Bargo, Emilio<|>Fisch, Juan<|>Aguilar, Mario Humberto
040593;v22_Autor_personal;Robert, Laura M.<|>Aguilar, Leandro<|>Rubino, Guillermo;Robert, Laura M.<|>Aguilar, Leandro Javier Ceferino<|>Rubino, Guillermo
040605;v22_Autor_personal;Di Lillo, L.<|>Malatto, L.<|>Giménez, G.<|>Mangano, E.<|>Fraigi, L.<|>Laiz, H.;Di Lillo, Lucas Daniel<|>Malatto, L.<|>Giménez, G.<|>Mangano, E.<|>Fraigi, Liliana Beatriz<|>Laiz, H.
040612;v22_Autor_personal;Itria, R.F.<|>Babay, P.A.;Itria, R.F.<|>Babay, Paola Alejandra
040614;v22_Autor_personal;Ohaco. P.<|>Vitulich, G.<|>Cuevas, M.<|>Ruiz, C.<|>Iglesias, N.;Ohaco. P.<|>Vitulich, G.<|>Cuevas Carrasco, Mónica Isabel<|>Ruiz, C.<|>Iglesias, N.
040616;v22_Autor_personal;Scozzina, E. F.<|>Anesini, A. U.<|>Kurlat, J.<|>Zunini, C.;Scozzina, Emilio Fabián<|>Anesini, A. U.<|>Kurlat, J.<|>Zunini, César Oscar
040618;v22_Autor_personal;Apro, Nicolás<|>Flores, Alejandra<|>Curia, Ana<|>Aguilar, Valentina;Apro, Nicolás<|>Flores, Alejandra<|>Curia, Ana Valeria<|>Aguilar, Valentina
040619;v22_Autor_personal;Blanco Massani, M.<|>Fernández, M. R.<|>Ariosti, A.<|>Eisenberg. P.<|>Vignolo, G.;Blanco Massani, Mariana Raquel<|>Fernández, M. R.<|>Ariosti, A.<|>Eisenberg. P.<|>Vignolo, Graciela Margarita
040630;v22_Autor_personal;Duzdevich, J.P.<|>Coppis, L.<|>Álvarez, L.<|>Franco, O.<|>Anesini, A.<|>Casabona, A.;Duzdevich, J.P.<|>Coppis, L.<|>Álvarez, L.<|>Franco, O.<|>Anesini, A.<|>Casabona, Ángel Miguel Francisco
040634;v22_Autor_personal;Velázquez, Silvia<|>Luna, Fabio<|>Domínguez, Marisa<|>Alonso, Germán<|>Mancini, Miguel;Velázquez, Silvia<|>Luna, Fabio<|>Domínguez, Marisa<|>Alonso, Germán René<|>Mancini, Miguel Orlando
040635;v22_Autor_personal;Charreau, Geraldine<|>Rodríguez, Carlos<|>Mingo, Raúl;Charreau, Geraldine Luján<|>Rodríguez, Carlos<|>Mingo, Raúl
040641;v22_Autor_personal;Apablaza, O.<|>Barda, N.<|>García, N.<|>Ohaco, P.<|>Winter, J.;Apablaza, Olga Mirene<|>Barda, Norma Beatriz<|>García, N.<|>Ohaco, P.<|>Winter, Josefina
040644;v22_Autor_personal;Cordara, Marcela<|>Días Vieira, Ariel<|>Ziolo, Julio<|>Caro, Pablo<|>Segal, Matías;Cordara, Marcela Fernanda<|>Días Vieira, Ariel<|>Ziolo, Julio<|>Caro, Pablo<|>Segal, Matías
040645;v22_Autor_personal;La Manna, V.<|>Ojeda, J.<|>Campo, F. del<|>Arpes, A.<|>Gutiérrez, M.<|>Vázquez, G.<|>Ladío, A.;La Manna, Valeria<|>Ojeda, J.<|>Campo, F. del<|>Arpes, A.<|>Gutiérrez, M.<|>Vázquez, G.<|>Ladío, A.
040646;v22_Autor_personal;Miranda, M.J.<|>Barda, N.<|>Raffo, D.<|>Mañuecos, L.;Miranda, M.J.<|>Barda, Norma Beatriz<|>Raffo, D.<|>Mañuecos, L.
040647;v22_Autor_personal;Apro, Nicolás<|>Flores, Alejandra<|>Gutiérrez, Alicia<|>Gil, Guillermo<|>Cordara, Marcela<|>Blasko, Ramiro;Apro, Nicolás<|>Flores, Alejandra<|>Gutiérrez, Alicia<|>Gil, Guillermo<|>Cordara, Marcela Fernanda<|>Blasko, Ramiro
040648;v22_Autor_personal;González, M.<|>Castañeda, R.<|>Murno, H.<|>Toledo, A<|>Espinosa, V.<|>Castells, M.<|>Speranza, J.<|>Aimar, B.<|>Bonafede, M.<|>Nieto, I.<|>Schmidt, E<|>Ramos, E.;González, M.<|>Castañeda, Roberto Aníbal<|>Murno, H.<|>Toledo, A<|>Espinosa, V.<|>Castells, M.<|>Speranza, J.<|>Aimar, Bruno Nicolás<|>Bonafede, Mauro<|>Nieto, I.<|>Schmidt, E<|>Ramos, E.
040649;v22_Autor_personal;Calvo, P.<|>Gittins, C.<|>Miranda, M.J.<|>Corti, G.;Calvo, P.<|>Gittins, C.<|>Miranda, M.J.<|>Corti, Gilda María
040650;v22_Autor_personal;Robert, Laura<|>Aguilar, Leandro<|>Karlen, Joselina;Robert, Laura<|>Aguilar, Leandro Javier Ceferino<|>Karlen, Joselina
040651;v22_Autor_personal;Apro, Nicolás<|>Flores, Alejandra<|>López, María Cristina<|>Curia, Ana;Apro, Nicolás<|>Flores, Alejandra<|>López, María Cristina<|>Curia, Ana Valeria
040652;v22_Autor_personal;Miranda, M.J.<|>Corti, G.<|>Barda, N.<|>Muzzas, G.<|>Gallina, M.;Miranda, M.J.<|>Corti, Gilda María<|>Barda, Norma Beatriz<|>Muzzas, G.<|>Gallina, M.
040658;v22_Autor_personal;Apro, N.<|>Ferreyra, V.<|>Rodríguez López, J.<|>Fournier, M.<|>Orlando, C.<|>Curia, A.<|>Flores, A.;Apro, Nicolás<|>Ferreyra, V.<|>Rodríguez López, J.<|>Fournier, M.<|>Orlando, C.<|>Curia, Ana Valeria<|>Flores, A.
040659;v22_Autor_personal;Rodríguez López, J.<|>Sánchez, E<|>Fornes, D.<|>Canepare, C.<|>Curia, A.;Rodríguez López, J.<|>Sánchez, E<|>Fornes, D.<|>Canepare, Carlos Alberto<|>Curia, Ana Valeria
040661;v22_Autor_personal;Tropea, Salvador E.<|>Caruso, David M.;Tropea, Salvador E.<|>Caruso, David Misael
040662;v22_Autor_personal;Carfagnini, M.<|>Jung, S.<|>Rivero, H.<|>Fleitas, A.;Carfagnini, Mariana<|>Jung, S.<|>Rivero, H.<|>Fleitas, A.
040663;v22_Autor_personal;Cinalli, M.<|>Cetrángolo, M<|>López, M.C.;Cinalli, Mariana<|>Cetrángolo, M<|>López, M.C.
040664;v22_Autor_personal;Schmidt, Angelina<|>Gradizuela, Claudio<|>Torales, Romina<|>Faure, Sebastián<|>Burquet, Griselda<|>Alaluf, Andrés<|>Gamero, Edgardo;Schmidt, Angelina<|>Gradizuela, Claudio<|>Torales, Romina<|>Faure, Sebastián<|>Burquet, Griselda<|>Alaluf, Andrés Matías<|>Gamero, Edgardo
040665;v22_Autor_personal;Gwirc, Sergio N.<|>Mariño, Nestor R.<|>Nuñez, M.<|>Negreira, Carlos A.;Gwirc, Sergio N.<|>Mariño, Néstor Raúl<|>Nuñez, M.<|>Negreira, Carlos A.
040666;v22_Autor_personal;Gwirc, Sergio N.<|>Mariño, Nestor R.<|>Nuñez, M.<|>Negreira, Carlos A.;Gwirc, Sergio N.<|>Mariño, Néstor Raúl<|>Nuñez, M.<|>Negreira, Carlos A.
040667;v22_Autor_personal;Caruso, David M.<|>Tropea, Salvador E.;Caruso, David Misael<|>Tropea, Salvador E.
040668;v22_Autor_personal;Caruso, David M.<|>Tropea, Salvador E.;Caruso, David Misael<|>Tropea, Salvador E.
040670;v22_Autor_personal;Robert, Laura<|>Karlen, Joselina<|>Aguilar, Leandro;Robert, Laura<|>Karlen, Joselina<|>Aguilar, Leandro Javier Ceferino
040671;v22_Autor_personal;Ariza, Raquel<|>Ramírez, Rodrigo<|>Zunini, César;Ariza, Raquel<|>Ramírez, Rodrigo<|>Zunini, César Oscar
040672;v22_Autor_personal;Ariza, Raquel<|>Ramírez, Rodrigo<|>Herrero, Pablo<|>Secchi, Mariela<|>Vigna, Alejandrina<|>Paterson, Federico<|>Siro, Jorge<|>Flores, Fabiana<|>Oneto, Fernando<|>Dorado, Cecilia<|>Becker, Rosalba<|>Marchini, Helena<|>Casabona, Marcela;Ariza, Raquel<|>Ramírez, Rodrigo<|>Herrero, Pablo<|>Secchi, Mariela<|>Vigna, Alejandrina Moira<|>Paterson, Federico<|>Siro, Jorge<|>Flores, Fabiana<|>Oneto, Fernando<|>Dorado, Cecilia<|>Becker, Rosalba<|>Marchini, Helena<|>Casabona, Marcela Andrea
040674;v22_Autor_personal;Ariza, Raquel<|>Ramírez, Rodrigo<|>Vigna, Alejandrina<|>Paterson, Federico<|>Siro, Jorge<|>Marek, Pablo<|>Rodrigo, Gabriel<|>García, Néstor;Ariza, Raquel<|>Ramírez, Rodrigo<|>Vigna, Alejandrina Moira<|>Paterson, Federico<|>Siro, Jorge<|>Marek, Pablo<|>Rodrigo, Gabriel<|>García, Néstor
040680;v22_Autor_personal;Barteley, María Alejandra<|>Budzinski, Stefan<|>Cazaux, Nadina<|>Cousido, Carlos Javier<|>Maroni, Edgardo<|>Pacher, Ileana;Barteley, María Alejandra<|>Budzinski, Stefan<|>Cazaux, Nadina Magalí<|>Cousido, Carlos Javier<|>Maroni, Edgardo<|>Pacher, Ileana
040681;v22_Autor_personal;Muñoz, R.<|>Amado, J.<|>Puntillo, D.<|>Caniglia, C.<|>Jorge, J.<|>Chalimond, L.<|>Galanzino, C.<|>Alessandrini, G.;Muñoz, R.<|>Amado, José Luis<|>Puntillo, D.<|>Caniglia, Cristian Sergio<|>Jorge, J.<|>Chalimond, L.<|>Galanzino, C.<|>Alessandrini, Gustavo
040683;v22_Autor_personal;Luna, D.<|>Zinzallari, A.;Luna, Diego<|>Zinzallari, Alberto
040684;v22_Autor_personal;Alvarez, L.<|>Bastida, K.<|>Mingolla, G.;Alvarez, L.<|>Bastida, Karina Beatriz<|>Mingolla, María Griselda
040688;v22_Autor_personal;Kornblit, F.<|>Calbet, C.;Kornblit, Fernando<|>Calbet, C.
040692;v22_Autor_personal;Real, M.<|>Tonina, A.<|>Bierzychudek, M.;Real, M.<|>Tonina, Alejandra<|>Bierzychudek, Marcos Eduardo
040695;v22_Autor_personal;Charreau, Geraldine<|>Valdés, Joaquín<|>Laiz, Héctor;Charreau, Geraldine Luján<|>Valdés, Joaquín<|>Laiz, Héctor
040699;v22_Autor_personal;Puglisi, C.<|>Castro, L.<|>Mastromónaco, G.;Puglisi, C.<|>Castro, L.<|>Mastromónaco, Gladys Miriam
040702;v22_Autor_personal;Díaz, F. V.<|>Guidobono, A. P. M.<|>Mammana, C. A.;Díaz, Felipe Víctor<|>Guidobono, A. P. M.<|>Mammana, C. A.
040703;v22_Autor_personal;Puglisi, Celia<|>Palacios, Diego<|>Simionato, Edmundo<|>Otamendi, Felipe C.<|>Musmeci, Juan C.<|>Ribetto, Ana<|>Trossero, Mariana<|>Castro, Liliana<|>Mastromónaco, Gladys<|>Demaría, Mónica<|>Palacios, Ivana<|>Macías, Beatriz<|>Scelzi, Gretel<|>Labacà, Patricia<|>Giorgi, Liliana<|>Murphy, Marcela<|>Pecorino, Claudia<|>Castro, Fabiana<|>Pazos, Alberto;Puglisi, Celia<|>Palacios, Diego<|>Simionato, Edmundo<|>Otamendi, Felipe C.<|>Musmeci, Juan C.<|>Ribetto, Ana<|>Trossero, Mariana<|>Castro, Liliana<|>Mastromónaco, Gladys<|>Demaría, Mónica<|>Palacios, Ivana<|>Macías, Beatriz<|>Scelzi, Gretel<|>Labacà, Patricia<|>Giorgi, Liliana<|>Murphy, Marcela<|>Pecorino, Claudia<|>Castro, Fabiana Andrea<|>Pazos, Alberto
040713;v22_Autor_personal;Cesa, Verónica;Cesa, Verónica Silvina
040716;v22_Autor_personal;Tenorio, M.<|>Giuffrida, C.<|>Pérez, G.<|>Cervetto, M.<|>Marchi, E.;Tenorio, Marcelo Luis<|>Giuffrida, C.<|>Pérez, Gastón Ezequiel<|>Cervetto, Marcos Adrián<|>Marchi, E.
040717;v22_Autor_personal;Ferré, O.<|>Ramírez, E.<|>Bacigalupe, A.;Ferré, O.<|>Ramírez, E.<|>Bacigalupe, Alejandro
040719;v22_Autor_personal;Hostench, M.C.<|>Andrade Cattapan, R. de<|>Alvarez, M. A.<|>Olmedo, M. C.<|>Monzón, C.B.;Hostench, M.C.<|>Andrade Cattapan, R. de<|>Álvarez, Marcela Andrea<|>Olmedo, Mariana Cecilia<|>Monzón, C.B.
040721;v22_Autor_personal;Murano, M.<|>Dattilo, M.<|>Zannoni, V.<|>Arabia, F.<|>Warcok, M.<|>Martínez, M.<|>Dománico, R.;Murano, M.<|>Dattilo, M.<|>Zannoni, Valeria<|>Arabia, F.<|>Warcok, M.<|>Martínez, M.<|>Dománico, Ricardo Hugo
040722;v22_Autor_personal;Val, S. del<|>Zunino, C.<|>Martínez, L.<|>Bartoloni, V.<|>Reñones, L.<|>Zampatti, M.<|>Dománico, R.;Val, S. del<|>Zunino, Cristina<|>Martínez, L.<|>Bartoloni, Valeria Gabriela<|>Reñones, L.<|>Zampatti, M.<|>Dománico, Ricardo Hugo
040723;v22_Autor_personal;Tenorio, M.<|>De Césare, P.<|>Barros, M.<|>Ferdeghini, P.<|>Mollo, J.;Tenorio, Marcelo Luis<|>De Césare, Pablo Nicolás<|>Barros, Martín Lucio<|>Ferdeghini, P.<|>Mollo, J.
040725;v22_Autor_personal;Ariza, Raquel<|>Zunini, César<|>Ceballos, Jorge<|>Ramírez, Rodrigo<|>Paterson, Federico<|>Oneto, Fernando<|>Siro, Jorge;Ariza, Raquel<|>Zunini, César Oscar<|>Ceballos, Jorge Ceferino<|>Ramírez, Rodrigo<|>Paterson, Federico<|>Oneto, Fernando<|>Siro, Jorge
040734;v22_Autor_personal;Mahmud, Z.<|>Stoklosa, D.<|>Montiel, G.<|>Pina, J.<|>Gordillo,G.<|>Tulio, P.<|>Míngolo, N.<|>Gassa, L.;Mahmud, Z.<|>Stoklosa, D.<|>Montiel, Gonzalo<|>Pina, J.<|>Gordillo,G.<|>Tulio, Paulo<|>Míngolo, N.<|>Gassa, L.
040735;v22_Autor_personal;Palacios, Diego<|>Simionato, Edmundo<|>Musmeci, Juan Carlos<|>Campos Otamendi, Felipe;Palacios, Diego<|>Simionato, Edmundo<|>Musmeci, Juan Carlos<|>Campos Otamendi, Felipe José
040736;v22_Autor_personal;Booman, A.<|>Parin, María Amelia<|>Zugarramurdi, A.;Booman, Alejandro Carlos<|>Parin, María Amelia<|>Zugarramurdi, A.
040748;v22_Autor_personal;Cambiazzo, G.<|>Kohanoff, R.<|>Cruder, L.;Cambiazzo, G.<|>Kohanoff, R.<|>Cruder, Leonardo
040749;v22_Autor_personal;Kohanoff, R.<|>Cruder, L.<|>Suárez, D.<|>Cibeira, J.<|>Caputo, C.<|>Fernández, A.<|>Pujol, E.<|>Aphalo, J.<|>Bargo, E.<|>Fisch, J.;Kohanoff, R.<|>Cruder, Leonardo<|>Suárez, D.<|>Cibeira, J.<|>Caputo, C.<|>Fernández, A.<|>Pujol, E.<|>Aphalo, J.<|>Bargo, Emilio<|>Fisch, J.
040752;v22_Autor_personal;Candiano, N.<|>Cibeira, J.<|>Kohanoff, R.;Candiano, Nicolás<|>Cibeira, J.<|>Kohanoff, R.
040757;v22_Autor_personal;Coppis, L.<|>Oses, A.<|>Henríquez, V.<|>Duzdevich, J.<|>Alvarez, L.;Coppis, L.<|>Oses, A.<|>Henríquez, V.<|>Duzdevich, Juan Pablo<|>Alvarez, L.
040758;v22_Autor_personal;Coppis, L.<|>Duzdevich, J.<|>Rubino, J.M.<|>Araujo, C.;Coppis, L.<|>Duzdevich, Juan Pablo<|>Rubino, J.M.<|>Araujo, Marta Carolina
040767;v22_Autor_personal;Araujo, C.<|>Duzdevich, J.P.<|>Ohaco, P.<|>Vaca Ruiz, M.L.<|>Díaz, M.C.;Araujo, Marta Carolina<|>Duzdevich, J.P.<|>Ohaco, P.<|>Vaca Ruiz, M.L.<|>Díaz, M.C.
040774;v22_Autor_personal;Villian, M.<|>Zorrilla, J.<|>Montecchia, C.<|>Boeri, R.;Villian, Marisa Betina<|>Zorrilla, J.<|>Montecchia, C.<|>Boeri, Ricardo Luis
040775;v22_Autor_personal;Rodríguez, Marcos<|>Suárez, María Eugenia<|>Álvarez, Jorge;Rodríguez, Marcos<|>Suárez, María Eugenia<|>Álvarez, José Jorge Enrique
040785;v22_Autor_personal;Wetzler, D. E.<|>Comin, M. J.<|>Krajewski, K.<|>Gallo, M.;Wetzler, Diana E.<|>Comin, María Julieta<|>Krajewski, K.<|>Gallo, M.
040795;v22_Autor_personal;Abuin, Graciela C.<|>Nonjola, Patrick<|>Franceschini, Esteban A.<|>Izraelevitch, Federico H.<|>Mathe, Mkhulu K.<|>Corti, Horacio R.<|>Corti, H.;Abuin, Graciela Carmen<|>Nonjola, Patrick<|>Franceschini, Esteban A.<|>Izraelevitch, Federico H.<|>Mathe, Mkhulu K.<|>Corti, Horacio R.<|>Corti, H.
040798;v22_Autor_personal;Ramírez, Rodrigo^rcoord.<|>Ariza, Raquel<|>Casabona, Marcela<|>Flores, Fabiana<|>Herrero, Pablo<|>Oneto, Fernando<|>Paterson, Federico<|>Siro, Jorge<|>Vigna, Alejandrina;Ramírez, Rodrigo^rcoord.<|>Ariza, Raquel<|>Casabona, Marcela Andrea<|>Flores, Fabiana<|>Herrero, Pablo<|>Oneto, Fernando<|>Paterson, Federico<|>Siro, Jorge<|>Vigna, Alejandrina Moira
040800;v22_Autor_personal;Castañeda, R.<|>Colcombet, R.<|>Dolmann, I.<|>Rosso, A.<|>Di Risio, J.<|>González, M.<|>Toledo, A.<|>Cañameras, C.<|>Siro, J.<|>Rosales, E.<|>Piotto, L.<|>Rodríguez, R.<|>Sirman, L.<|>Flesler, F.<|>Gazzola, G.;Castañeda, Roberto Aníbal<|>Colcombet, R.<|>Dolmann, Inés Teresa<|>Rosso, A.<|>Di Risio, J.<|>González, M.<|>Toledo, Antonio Edgardo<|>Cañameras, Carlos Alfredo<|>Siro, J.<|>Rosales, E.<|>Piotto, L.<|>Rodríguez, Ruth Alejandra<|>Sirman, L.<|>Flesler, F.<|>Gazzola, G.
040801;v22_Autor_personal;Castells, M. L.<|>Rolón, M. L.<|>Pino, F.<|>Lelli, D.;Castells, María Laura<|>Rolón, María Laura<|>Pino, F.<|>Lelli, D.
040802;v22_Autor_personal;Espinosa, Valeria<|>Schmidt, Érica<|>Bailat, Federico<|>Cazzasa, Esteban<|>Schütz, Alejandra;Espinosa, Valeria<|>Schmidt, Érica<|>Bailat, Federico Luis<|>Cazzasa, Esteban Gerardo<|>Schütz, Alejandra
040806;v22_Autor_personal;Bilotta, M.<|>Delgado, A.<|>Pecorino, C.<|>Rodríguez, G.<|>Sarquis, S.<|>Castro, F.<|>Murphy, M.<|>Labacá, P.<|>Castañeda, R.;Bilotta, M.<|>Delgado, Alejandro Pablo<|>Pecorino, C.<|>Rodríguez, G.<|>Sarquis, S.<|>Castro, Fabiana Andrea<|>Murphy, M.<|>Labacá,  Patricia<|>Castañeda, Roberto Aníbal
040808;v22_Autor_personal;Bilotta, M.<|>Delgado, A.<|>Pecorino, C.<|>Rodríguez, G.<|>Sarquis, S.<|>Castro, F.<|>Murphy, M.<|>Labacá, P.<|>Castañeda, R.;Bilotta, M.<|>Delgado, Alejandro Pablo<|>Pecorino, C.<|>Rodríguez, G.<|>Sarquis, S.<|>Castro, Fabiana Andrea<|>Murphy, M.<|>Labacá,  Patricia<|>Castañeda, Roberto Aníbal
040809;v22_Autor_personal;Puglisi, Celia<|>Simionnato, Edmundo<|>Otamendi, Felipe C.<|>Musmeci, Juan C.<|>Ribeto, Ana<|>Trossero, Mariana<|>Castro, Liliana<|>Mastromónaco, Gladys<|>Sarquis, Sandra<|>Palacios, Ivana<|>Macías, Beatriz<|>Scelzi, Gretel<|>Labacá, Patricia<|>Giorgi, Liliana<|>Murphy, Marcela<|>Pecorino, Claudia<|>Castro, Fabiana<|>Pazos, Alberto;Puglisi, Celia<|>Simionnato, Edmundo<|>Otamendi, Felipe C.<|>Musmeci, Juan C.<|>Ribeto, Ana<|>Trossero, Mariana<|>Castro, Liliana<|>Mastromónaco, Gladys<|>Sarquis, Sandra<|>Palacios, Ivana<|>Macías, Beatriz<|>Scelzi, Gretel<|>Labacá, Patricia<|>Giorgi, Liliana<|>Murphy, Marcela<|>Pecorino, Claudia<|>Castro, Fabiana Andrea<|>Pazos, Alberto
040825;v22_Autor_personal;Álvarez, Jorge José^rcoord.;Álvarez, José Jorge Enrique^rcoord.
040828;v22_Autor_personal;Kokot, R.<|>Luna, F.<|>Salminci, J.;Kokot, R.<|>Luna, Fabio Sergio<|>Salminci, José Gabriel
040829;v22_Autor_personal;Flores, Alejandra<|>Apro, Nicolás<|>Falabella, Claudia<|>Curia, Ana<|>Aguilar, Valentina;Flores, Alejandra<|>Apro, Nicolás<|>Falabella, Claudia<|>Curia, Ana Valeria<|>Aguilar, Valentina
040831;v22_Autor_personal;Anfossi, Lionel<|>Agnello, Julio<|>Benítez, Alejandra<|>Fernández Noell, Ricardo<|>Graneros, Gustavo<|>Köber, Érica<|>Luna, Fabio<|>Poliszuk, Pablo<|>Sformo, Oscar<|>Szteinberg, Silvia<|>Vásquez, Isabel;Anfossi, Lionel<|>Agnello, Julio Martín<|>Benítez, Alejandra<|>Fernández Noell, Ricardo<|>Graneros, Gustavo<|>Köber, Érica<|>Luna, Fabio<|>Poliszuk, Pablo<|>Sformo, Oscar<|>Szteinberg, Silvia<|>Vásquez, Isabel
040836;v22_Autor_personal;Aguirre, Ernesto;Aguirre, Ernesto Delfino
040841;v22_Autor_personal;Muñoz,  Roberto<|>Amado, José<|>Puntillo, Daniel<|>Caniglia, Cristian<|>Jorge, Javier<|>Chalimond, Luis<|>Galanzino, Claudia<|>Alessandrinni, G.;Muñoz,  Roberto<|>Amado, José Luis<|>Puntillo, Daniel<|>Caniglia, Cristian<|>Jorge, Javier<|>Chalimond, Luis<|>Galanzino, Claudia<|>Alessandrini, Gustavo
040843;v22_Autor_personal;Luna, Fabio<|>Cortez, Damián<|>Agnello, Julio;Luna, Fabio<|>Cortez, Damián<|>Agnello, Julio Martín
040844;v22_Autor_personal;Sañudo, Luciano<|>Matos, María L.<|>Díaz, Alberto<|>Krimer, Alejandro<|>Alvarez, A.<|>Peña Martínez, M.;Sañudo, Luciano<|>Matos, María L.<|>Díaz, Alberto<|>Krimer, Alejandro<|>Álvarez, Alejandro<|>Peña Martínez, M.
040854;v22_Autor_personal;Scozzina, Emilio<|>Zunini, César<|>Anesini, Alberto<|>Kurlat, José;Scozzina, Emilio<|>Zunini, César Oscar<|>Anesini, Alberto<|>Kurlat, José
040856;v22_Autor_personal;Lorusso, H.<|>Burgueño, A.;Lorusso, Hernán Norberto<|>Burgueño, Víctor Alejandro
040857;v22_Autor_personal;Ariosti, A.<|>Fernández, M. R.<|>Castañeda, R.<|>Montero, H.<|>Svensen, A.<|>Renaud, V.<|>Tomada, L.<|>Solá, I.;Ariosti, A.<|>Fernández, M. R.<|>Castañeda, Roberto Aníbal<|>Montero, H.<|>Svensen, A.<|>Renaud, V.<|>Tomada, L.<|>Solá, Inés
040862;v22_Autor_personal;Puglisi, Celia<|>Palacios, Diego<|>Simionato, Edmundo<|>Otamendi, Felipe C.<|>Musmeci, Juan C.<|>Ribetto, Ana<|>Trossero, Mariana<|>Castro, Liliana<|>Mastromónaco, Gladys<|>Demaría, Mónica<|>Palacios, Ivana<|>Macías, Beatriz<|>Scelzi, Gretel<|>Labacà, Patricia<|>Giorgi, Liliana<|>Murphy, Marcela<|>Pecorino, Claudia<|>Castro, Fabiana<|>Pazos, Alberto;Puglisi, Celia<|>Palacios, Diego<|>Simionato, Edmundo<|>Otamendi, Felipe C.<|>Musmeci, Juan C.<|>Ribetto, Ana<|>Trossero, Mariana<|>Castro, Liliana<|>Mastromónaco, Gladys<|>Demaría, Mónica<|>Palacios, Ivana<|>Macías, Beatriz<|>Scelzi, Gretel<|>Labacà, Patricia<|>Giorgi, Liliana<|>Murphy, Marcela<|>Pecorino, Claudia<|>Castro, Fabiana Andrea<|>Pazos, Alberto
040863;v22_Autor_personal;Coppis, L.<|>Oses, A.<|>Henríquez, V.<|>Duzdevich, J.<|>Alvarez, L.;Coppis, L.<|>Oses, A.<|>Henríquez, V.<|>Duzdevich, Juan Pablo<|>Alvarez, L.
040864;v22_Autor_personal;Ramírez, Rodrigo^rcoord.<|>Ariza, Raquel<|>Casabona, Marcela<|>Flores, Fabiana<|>Herrero, Pablo<|>Oneto, Fernando<|>Paterson, Federico<|>Siro, Jorge<|>Vigna, Alejandrina;Ramírez, Rodrigo^rcoord.<|>Ariza, Raquel<|>Casabona, Marcela Andrea<|>Flores, Fabiana<|>Herrero, Pablo<|>Oneto, Fernando<|>Paterson, Federico<|>Siro, Jorge<|>Vigna, Alejandrina Moira
040866;v22_Autor_personal;Zunini, Hernán<|>Rodríguez, Gabriel<|>Ribeiro, Matías<|>Burin, Marcos<|>Pérez Gon, Alberto;Zunini, Hernán Lucas<|>Rodríguez, Gabriel<|>Ribeiro, Matías<|>Burin, Marcos<|>Pérez Gon, Alberto
040867;v22_Autor_personal;Abuin, Graciela C.<|>Díaz, Liliana A.<|>Franceschini, Esteban<|>Corti, Horacio R.;Abuin, Graciela Carmen<|>Díaz, Liliana A.<|>Franceschini, Esteban<|>Corti, Horacio R.
040868;v22_Autor_personal;Martín, Guillermo<|>Duzdevich, Juan<|>Osés, María<|>Casabona, Ángel<|>Coppis, Luciano<|>Anesini, Alberto;Martín, Guillermo<|>Duzdevich, Juan<|>Osés, María<|>Casabona, Ángel Miguel Francisco<|>Coppis, Luciano<|>Anesini, Alberto
040869;v22_Autor_personal;Vanin, Natalia<|>Quiroga, R.<|>Alanis, S.<|>Poliak, R.;Vanin, Natalia<|>Quiroga, R.<|>Alanis, Sergio Luis<|>Poliak, R.
040870;v22_Autor_personal;Benítez, A.<|>Polzinetti, M.<|>Chuet-Missé, P.;Benítez, A.<|>Polzinetti, Matías Daniel<|>Chuet-Missé, P.
040873;v22_Autor_personal;Cuesta, Alicia I.<|>Palacios, Diego<|>Bonecco, Belén<|>Campos Otamendi, Felipe<|>Sáenz, Guadalupe M.<|>Bollini, Fernando<|>Pérez Matturo, Sofía<|>Buffa, Lautaro;Cuesta, Alicia I.<|>Palacios, Diego<|>Bonecco, Belén<|>Campos Otamendi, Felipe José<|>Sáenz, Guadalupe M.<|>Bollini, Fernando<|>Pérez Matturo, Sofía<|>Buffa, Lautaro
040875;v22_Autor_personal;Apablaza, Olga<|>Winter, Josefina<|>Ohaco, Patricia;Apablaza, Olga Mirene<|>Winter, Josefina<|>Ohaco, Patricia
040881;v22_Autor_personal;Apro, Nicolás<|>Ferreyra, Verónica<|>Rodríguez López, Julián<|>Fournier, Martín<|>Orlando, Claudio<|>Curia, Ana<|>Flores, Alejandra<|>Puntieri, Verónica<|>Gulivart, Verónica;Apro, Nicolás<|>Ferreyra, Verónica<|>Rodríguez López, Julián<|>Fournier, Martín<|>Orlando, Claudio<|>Curia, Ana Valeria<|>Flores, Alejandra<|>Puntieri, Verónica<|>Gulivart, Verónica
040886;v22_Autor_personal;Bilotta, Marilina<|>Delgado, Alejandro<|>Pecorino, Claudia<|>Rodríguez, G.<|>Sarquis, Sandra<|>Castro, Fabiana<|>Murphy, Marcela<|>Labacá, Patricia<|>Castañeda, Roberto;Bilotta, Marilina<|>Delgado, Alejandro<|>Pecorino, Claudia<|>Rodríguez, G.<|>Sarquis, Sandra<|>Castro, Fabiana Andrea<|>Murphy, Marcela<|>Labacá, Patricia<|>Castañeda, Roberto Aníbal
040889;v22_Autor_personal;Castañeda, Roberto<|>Colcombet, Remigio<|>Dolmann, Inés<|>Rosso, Adriana<|>Di Risio, Juan<|>González, Marcelo<|>Toledo, Antonio<|>Cañameras, Carlos<|>Siro, Jorge<|>Rosales, Edgardo<|>Piotto, L.<|>Rodríguez, Ruth<|>Sirman, Laila<|>Flesler, Fanny<|>Gazzola, Gaspar;Castañeda, Roberto Aníbal<|>Colcombet, Remigio<|>Dolmann, Inés<|>Rosso, Adriana<|>Di Risio, Juan<|>González, Marcelo<|>Toledo, Antonio<|>Cañameras, Carlos<|>Siro, Jorge<|>Rosales, Edgardo<|>Piotto, L.<|>Rodríguez, Ruth<|>Sirman, Laila<|>Flesler, Fanny<|>Gazzola, Gaspar
040892;v22_Autor_personal;Ciani, Elsa<|>Pellizari, Paula;Ciani, Elsa Noemí<|>Pellizari, Paula
040893;v22_Autor_personal;Santos, Marina<|>Bertolo, María<|>Gallucci, Verónica<|>Martínez, Carlos<|>Herrera, Cecilia<|>Gutiérrez, Alicia<|>Aguilera, Laura;Santos, Marina<|>Bertolo, María<|>Gallucci, Verónica<|>Martínez, Carlos<|>Herrera, Cecilia<|>Gutiérrez, Alicia<|>Aguilera, Laura Fabiana
040937;v22_Autor_personal;Ariza, Raquel<|>Armas, Juan José<|>Becker, Rosalba<|>Blanco, Federico<|>Carrizo, Fabián<|>Dorado, Cecilia<|>Gentile, Natalia<|>Guy, Camila<|>Iglesias, Carolina<|>Mathón, Yamila<|>Núñez de la Rosa, Diego<|>Palladino, Cecilia<|>Paratore, Natalia<|>Parenti, Agustina<|>Paterson, Federico<|>Posse, Germán<|>Pozzo, Matías<|>Ramírez, Rodrigo<|>Scovenna, Lorena<|>Secchi, Mariela<|>Tomada, Lucía<|>Vigna, Alejandrina<|>Zielinski, Ana<|>Zunini, Hernán;Ariza, Raquel<|>Armas, Juan José<|>Becker, Rosalba<|>Blanco, Federico<|>Carrizo, Fabián<|>Dorado, Cecilia<|>Gentile, Natalia<|>Guy, Camila<|>Iglesias, Carolina<|>Mathón, Yamila<|>Núñez de la Rosa, Diego<|>Palladino, Cecilia<|>Paratore, Natalia<|>Parenti, Agustina<|>Paterson, Federico<|>Posse, Germán<|>Pozzo, Matías<|>Ramírez, Rodrigo<|>Scovenna, Lorena<|>Secchi, Mariela<|>Tomada, Lucía<|>Vigna, Alejandrina Moira<|>Zielinski, Ana<|>Zunini, Hernán Lucas
040943;v22_Autor_personal;Jarrett, D.G.<|>Elmquist, R.E<|>Zhang, N.F.<|>Tonina, A.<|>Porfiri, M.<|>Fernandes, J.<|>Schechter, H.<|>Izquierdo, D.<|>Faverio, C.<|>Slomovitz, D.<|>Inglis, D.<|>Wendler, K.<|>Márquez, F.H.<|>Medina, B.R.;Jarrett, D.G.<|>Elmquist, R.E<|>Zhang, N.F.<|>Tonina, Alejandra<|>Porfiri, M.<|>Fernandes, J.<|>Schechter, H.<|>Izquierdo, D.<|>Faverio, C.<|>Slomovitz, D.<|>Inglis, D.<|>Wendler, K.<|>Márquez, F.H.<|>Medina, B.R.
040961;v22_Autor_personal;Dabbah, Federico<|>Lupo, Sergio<|>Forastieri, Juan<|>Brenta, Hernán<|>Filipovic, Ezequiel;Dabbah, Federico<|>Lupo, Sergio<|>Forastieri, Juan<|>Brenta, Hernán Matías<|>Filipovic, Ezequiel
040963;v22_Autor_personal;Bonnemezón, A.<|>Krahmer, D. M.<|>Abate, G<|>Martynenko, V.<|>Schneebeli, J.<|>Riu, F.<|>Saenzm, M.<|>Bonnemezón, M.;Bonnemezón, A.<|>Krahmer, D. M.<|>Abate, G<|>Martynenko, Vitaliy<|>Schneebeli, Jorge Ernesto<|>Riu, F.<|>Saenzm, M.<|>Bonnemezón, M.
040974;v22_Autor_personal;Jorge, Javier<|>Puntillo, Daniel<|>Amado, José<|>Caniglia, Cristian<|>Chalimond, Luis;Jorge, Javier<|>Puntillo, Daniel<|>Amado, José Luis<|>Caniglia, Cristian<|>Chalimond, Luis
040990;v22_Autor_personal;Acosta, Osvaldo<|>Hatamleh, Nadia<|>Ilgisonis, Andrea<|>Schvartz, Mariano<|>Puelles, María<|>Borinsky, Mónica;Acosta, Osvaldo Héctor<|>Hatamleh, Nadia<|>Ilgisonis, Andrea<|>Schvartz, Mariano<|>Puelles, María<|>Borinsky, Mónica
040992;v22_Autor_personal;Savarín, Alejandro<|>Fulco, Edgardo<|>Toyos, Fernando<|>Alvarez, Pablo<|>Pérez, Norberto<|>Malinovsky, Nicolás;Savarín, Alejandro<|>Fulco, Edgardo<|>Toyos, Fernando<|>Álvarez, Pablo Augusto<|>Pérez, Norberto<|>Malinovsky, Nicolás
040996;v22_Autor_personal;Pecorino, Claudia<|>Bilotta, Marilina<|>Castro, Fabiana<|>Murphy, Marcela<|>Labacá, Patricia<|>Castañeda, Roberto;Pecorino, Claudia<|>Bilotta, Marilina<|>Castro, Fabiana Andrea<|>Murphy, Marcela<|>Labacá, Patricia<|>Castañeda, Roberto Aníbal
041011;v22_Autor_personal;Fabro, Mabel<|>Milanesio, Horacio<|>Castañeda, Roberto<|>Murphy, Marcela;Fabro, Mabel<|>Milanesio, Horacio<|>Castañeda, Roberto Aníbal<|>Murphy, Marcela
041020;v22_Autor_personal;Apablaza, Olga<|>Winter, Josefina<|>Ohaco, Patricia;Apablaza, Olga Mirene<|>Winter, Josefina<|>Ohaco, Patricia
041021;v22_Autor_personal;Galacho, Viviana<|>Castañeda, Roberto<|>Gatti, Patricia<|>Labacá, Patricia;Galacho, Viviana<|>Castañeda, Roberto Aníbal<|>Gatti, Patricia<|>Labacá, Patricia
041896;v22_Autor_personal;De Rosa, G.<|>Fernández, M.R.<|>Ariosti, A.;De Rosa, Guillermo<|>Fernández, M.R.<|>Ariosti, A.
041897;v22_Autor_personal;Escudero, G.<|>Gómez, J.C.;Escudero, Gustavo Pablo<|>Gómez, J.C.
041930;v22_Autor_personal;Corengia, P.<|>Walther, F.<|>Ybarra, G.<|>Sommadossi, S.<|>Corbari, R.<|>Broitman, E.;Corengia, P.<|>Walther, F.<|>Ybarra, Gabriel Omar<|>Sommadossi, S.<|>Corbari, R.<|>Broitman, E.
043061;v22_Autor_personal;Rosas, Daniel F.<|>Cuevas, Jorge<|>Aguirre, José J.;Rosas, Daniel F.<|>Cuevas, Jorge Andrés<|>Aguirre, José J.
043089;v22_Autor_personal;Bedascarrasbure, Enrique<|>Maldonado, Luis<|>Fierro Morales, Walter<|>Alvarez, Alejandro;Bedascarrasbure, Enrique<|>Maldonado, Luis<|>Fierro Morales, Walter<|>Álvarez, Alejandro
043091;v22_Autor_personal;Garro, M. L.<|>Jurado, S. B.<|>Galarza, B. C.<|>Cavello, Ivana<|>Barbeito, C. G.<|>Cantera, C. S.;Garro, M. L.<|>Jurado, S. B.<|>Galarza, B. C.<|>Cavello, Ivana<|>Barbeito, C. G.<|>Cantera, Carlos Santos
043092;v22_Autor_personal;Galarza, B. C.<|>Garro, M. L.<|>Cavello, I. A.<|>Cazau, M. C.<|>Hours, R. A.<|>Cantera, C. S.;Galarza, B. C.<|>Garro, M. L.<|>Cavello, I. A.<|>Cazau, M. C.<|>Hours, R. A.<|>Cantera, Carlos Santos
043184;v22_Autor_personal;Ariza, R.<|>Benasso, T.<|>Dorado, C.<|>Flores, F.<|>Ramírez, R.<|>Yoguel, V.;Ariza, Irene Raquel<|>Benasso, T.<|>Dorado, Cecilia<|>Flores, F.<|>Ramírez, Rodrigo Javier<|>Yoguel, V.
043327;v22_Autor_personal;Cantera, C. S.<|>Goya, L.<|>García, R.<|>Sofía, A.;Cantera, Carlos Santos<|>Goya, L.<|>García, R.<|>Sofía, A.
043328;v22_Autor_personal;Cantera, C. S.<|>Goya, L.<|>Mingo, R.;Cantera, Carlos Santos<|>Goya, L.<|>Mingo, R.
043329;v22_Autor_personal;Cantera, C. S.<|>Martegani, J.<|>Esterelles, G.<|>Vergara, J.;Cantera, Carlos Santos<|>Martegani, José Eduardo<|>Esterelles, G.<|>Vergara, J.
043376;v22_Autor_personal;Cazzaniga, Diego<|>Fabro, Mabel<|>Noseda, Yanina<|>Giordano, Georgina<|>Junges, Omar;Cazzaniga Arduzzo, Diego Santiago<|>Fabro, Mabel<|>Noseda, Yanina<|>Giordano, Georgina<|>Junges, Omar
043379;v22_Autor_personal;Murphy, Marcela<|>Castro, Fabiana<|>Sarquis, Sandra<|>Kuba, Daniela<|>Macias, Beatriz<|>Palacios, Ivana;Murphy, Marcela<|>Castro, Fabiana Andrea<|>Sarquis, Sandra<|>Kuba, Daniela<|>Macias, Beatriz<|>Palacios, Ivana
043382;v22_Autor_personal;Brenta, Hernán<|>Filipovic, Ezequiel<|>Dabbah, Federico<|>Lupo, Sergio<|>Forastieri, Juan;Brenta, Hernán Matías<|>Filipovic, Ezequiel<|>Dabbah, Federico<|>Lupo, Sergio<|>Forastieri, Juan
043386;v22_Autor_personal;Filipovic, Ezequiel<|>Lupo, Sergio<|>Forastieri, Juan<|>Dabbah, Federico<|>Miranda, Victorio<|>Brenta, Hernán;Filipovic, Ezequiel<|>Lupo, Sergio<|>Forastieri, Juan<|>Dabbah, Federico<|>Miranda, Victorio<|>Brenta, Hernán Matías
043404;v22_Autor_personal;Apro, Nicolás<|>Flores, Alejandra<|>Curia, Ana<|>Fournier, Martín;Apro, Nicolás<|>Flores, Alejandra<|>Curia, Ana Valeria<|>Fournier, Martín
043405;v22_Autor_personal;Alvarez, Horacio<|>Etchechoury, Elisa<|>Zunino, Cristina<|>Lanza, María de los Angeles<|>Val, Susana del;Álvarez, Juan Horacio<|>Etchechoury, Elisa<|>Zunino, Cristina<|>Lanza, María de los Angeles<|>Val, Susana del
043408;v22_Autor_personal;González, J. E.<|>Paz, A.<|>Pazos, L.<|>Parodi, B.<|>Lebedev, L.<|>Rodríguez, L.<|>Ybarra, G.;González, J. E.<|>Paz, A.<|>Pazos, Leonardo Martín<|>Parodi, María Belén<|>Lebedev, L.<|>Rodríguez, L.<|>Ybarra, Gabriel Omar
043411;v22_Autor_personal;Sánchez, Eliseo<|>Fornés, Damián<|>Canepare, Carlos<|>Fournier, Martín<|>Rodríguez, Julián<|>Apro, Nicolás<|>Ramírez, Silvio<|>Alfredo, G.<|>Rodríguez, M.<|>Caberta, Raúl;Sánchez, Eliseo<|>Fornés, Damián<|>Canepare, Carlos Alberto<|>Fournier, Martín<|>Rodríguez, Julián<|>Apro, Nicolás<|>Ramírez, Silvio<|>Alfredo, Guillermo Javier<|>Rodríguez, M.<|>Caberta, Raúl
043412;v22_Autor_personal;Mahmud, Z.<|>Gagliardi, J.<|>Pina, J.<|>Gordillo, G.<|>Tulio, P.<|>Míngolo, N.<|>Gassa, L.;Mahmud, Z.<|>Gagliardi, J.<|>Pina, J.<|>Gordillo, G.<|>Tulio, Paulo<|>Míngolo, N.<|>Gassa, L.
043530;v22_Autor_personal;Levy, P.;Levy, Pablo
045035;v22_Autor_personal;Pescio, Francisco<|>Zunini, Hernán<|>Basso, Claudio Pedro<|>Divo de Sesar, Marta<|>Frank, Rodolfo G.<|>Pelicano, Alicia E.<|>Vieites, Carlos María;Pescio, Francisco<|>Zunini, Hernán Lucas<|>Basso, Claudio Pedro<|>Divo de Sesar, Marta<|>Frank, Rodolfo G.<|>Pelicano, Alicia E.<|>Vieites, Carlos María
045074;v22_Autor_personal;Babay, Paola A.<|>Romero Ale, Emiliano E.<|>Itria, Raúl F.<|>Becquart, Elena T<|>Thiele, Björn<|>Batistoni, Daniel A.;Babay, Paola Alejandra<|>Romero Ale, Emiliano E.<|>Itria, Raúl F.<|>Becquart, Elena T<|>Thiele, Björn<|>Batistoni, Daniel A.
045077;v22_Autor_personal;Luppi, Lorena I.<|>Hardmeier, Ivo<|>Babay, Paola A.<|>Itria, Raúl F.<|>Erijman, Leonardo;Luppi, Lorena I.<|>Hardmeier, Ivo<|>Babay, Paola Alejandra<|>Itria, Raúl F.<|>Erijman, Leonardo
045845;v22_Autor_personal;Martínez, L.<|>Álvarez, H.<|>Del Val, S.;Martínez, L.<|>Álvarez, Juan Horacio<|>Del Val, Susana
045847;v22_Autor_personal;Rodríguez, Julián<|>Sánchez, Eliseo<|>Canepare, Carlos<|>Fornés, Damián<|>Fournier, Martín<|>Rodríguez, Mercedes<|>Caberta, Raúl<|>Ramírez, Silvio<|>Alfredo, G.<|>Apro, Nicolás;Rodríguez, Julián<|>Sánchez, Eliseo<|>Canepare, Carlos Alberto<|>Fornés, Damián<|>Fournier, Martín<|>Rodríguez, Mercedes<|>Caberta, Raúl<|>Ramírez, Silvio<|>Alfredo, Guillermo Javier<|>Apro, Nicolás
045849;v22_Autor_personal;Abate, Germán<|>Martynenko, V.<|>Gayol, P.<|>Martínez Krahmer, Daniel;Abate, Germán Rubén<|>Martynenko, Vitaliy<|>Gayol, P.<|>Martínez Krahmer, Daniel
045897;v22_Autor_personal;"Colín, C.<|>Viliesid, M.<|>Chaudhary, K. P.<|>Decker, J.<|>Dvo&#345;á&#269;ek, F.<|>Franca, R.<|>Ilieff, S.<|>Rodríguez, J.<|>Stoup, J.";"Colín, C.<|>Viliesid, M.<|>Chaudhary, Krishan Pal<|>Decker, J.<|>Dvo&#345;á&#269;ek, F.<|>Franca, R.<|>Ilieff, S.<|>Rodríguez, J.<|>Stoup, J."
045899;v22_Autor_personal;Altamirano, M.<|>Vynnycky, M.<|>Saravia, L.;Altamirano, Martín<|>Vynnycky, M.<|>Saravia, L.
045902;v22_Autor_personal;De Césare, P. N.<|>Tenorio, M.;De Césare, Pablo Nicolás<|>Tenorio, Marcelo Luis
045905;v22_Autor_personal;Egidi, D.A.<|>Martynenko, V.<|>Calahonra, C.<|>Szombach, J.<|>Martínez Krahmer, D.;Egidi, D.A.<|>Martynenko, Vitaliy<|>Calahonra, C.<|>Szombach, J.<|>Martínez Krahmer, Daniel Osvaldo
045916;v22_Autor_personal;Maceira, Gustavo<|>Abate, Germán<|>Martínez Krahmer, Daniel;Maceira, Gustavo<|>Abate, Germán Rubén<|>Martínez Krahmer, Daniel
045921;v22_Autor_personal;Labacá, P.<|>Castañeda, R.<|>Speranza, J.<|>Fabro, M.<|>Pecorino, C.<|>Castro, F.<|>Bilotta, M.<|>Roldán, G.<|>Remolina, L.;Labacá,  Patricia<|>Castañeda, Roberto Aníbal<|>Speranza, J.<|>Fabro, Mabel Angélica<|>Pecorino, C.<|>Castro, Fabiana Andrea<|>Bilotta, M.<|>Roldán, G.<|>Remolina, L.
045922;v22_Autor_personal;Espinosa, V.<|>Gatti, P.<|>Toledo, A.<|>Otheguy, L.<|>Vega, O.<|>Vall, V.<|>Kruszyn, M.S.<|>Bryk, M.<|>Giannavola, C.;Espinosa, V.<|>Gatti, P.<|>Toledo, Antonio Edgardo<|>Otheguy, L.<|>Vega, O.<|>Vall, V.<|>Kruszyn, M.S.<|>Bryk, M.<|>Giannavola, C.
045923;v22_Autor_personal;Labacá, P.<|>Giorgi, L.<|>Castañeda, R.<|>Murphy, M.<|>Castro, F.<|>Fabro, M.;Labacá,  Patricia<|>Giorgi, L.<|>Castañeda, Roberto Aníbal<|>Murphy, M.<|>Castro, Fabiana Andrea<|>Fabro, Mabel Angélica
045924;v22_Autor_personal;Nieto, I.<|>Oliszewski, R.<|>Aimar, B.<|>Picotti, J.;Nieto, I.<|>Oliszewski, R.<|>Aimar, Bruno Nicolás<|>Picotti, J.
045926;v22_Autor_personal;Melo, Rodrigo A.<|>Caruso, David M.<|>Tropea, Salvador;Melo, Rodrigo A.<|>Caruso, David Misael<|>Tropea, Salvador
045927;v22_Autor_personal;Olivera, Margarita<|>Ferreyra, Verónica<|>Giacomino, Silvia<|>Curia, Ana<|>Pellegrino, Néstor<|>Fournier, Martín<|>Apro, Nicolás;Olivera, Margarita<|>Ferreyra, Verónica<|>Giacomino, Silvia<|>Curia, Ana Valeria<|>Pellegrino, Néstor<|>Fournier, Martín<|>Apro, Nicolás
045930;v22_Autor_personal;Pippolo, Daniel<|>Irisity, Mariana<|>Ayres, Carlos<|>De Giuda, Mariela<|>Torales, Romina<|>Faure, Sebastián<|>Schmidt, Angelina<|>Cazaux, Nadina;Pippolo, Daniel<|>Irisity, Mariana<|>Ayres, Carlos<|>De Giuda, Mariela<|>Torales, Romina<|>Faure, Sebastián<|>Schmidt, Angelina<|>Cazaux, Nadina Magalí
045931;v22_Autor_personal;"Pratt, K. W.^rcoord.<|>Ortiz-Aparicio, J. L.<|>Matehuala-Sanchez, F. J.<|>Pawlina, M.<|>Koz&#322;owski, W.<|>Borges, P. P.<|>Silva, W.<|>Borinsky, M. B.<|>Hernández, A.<|>Puelles, M.<|>Hatamleh, N.<|>Acosta, O.<|>Nunes, J.<|>Guiomar Lito, M. J.<|>Camões, M. F.<|>Filipe, E.<|>Hwang, E.<|>Lim, Y.<|>Bing, W.<|>Qian, W.<|>Chao, W.<|>Hioki, A.<|>Asakai, T.<|>Máriássy, M.<|>Hanková, Z.<|>Nagibin, S.<|>Manska, O.<|>Gavrilkin, V.";"Pratt, K. W.^rcoord.<|>Ortiz-Aparicio, J. L.<|>Matehuala-Sanchez, F. J.<|>Pawlina, M.<|>Koz&#322;owski, W.<|>Borges, Paulo<|>Silva, W.<|>Ferdman de Borinsky, Mónica Beatriz<|>Hernández, A.<|>Puelles, M.<|>Hatamleh, N.<|>Acosta, Osvaldo Héctor<|>Nunes, J.<|>Guiomar Lito, M. J.<|>Camões, Maria Filomena<|>Filipe, E.<|>Hwang, E.<|>Lim, Y.<|>Bing, Wu<|>Qian, W.<|>Chao, Wei<|>Hioki, A.<|>Asakai, Toshiaki<|>Máriássy, M.<|>Hanková, Z.<|>Nagibin, S.<|>Manska, O.<|>Gavrilkin, V."
045939;v22_Autor_personal;Raco, F.<|>Rodríguez, A.<|>Barda, N.<|>Corti, G.<|>Miranda, M.<|>Suárez, P.;Raco, Fernando Francisco<|>Rodríguez, Abel Sebastián<|>Barda, Norma Beatriz<|>Corti, Gilda María<|>Miranda, María José<|>Suárez, Pablo Javier
045941;v22_Autor_personal;Sánchez, P.<|>Cornacchini, M.<|>Pappolla, P.<|>Casá, N.<|>Rodríguez, A.<|>Gatti, P.;Sánchez, P.<|>Cornacchini, Marina<|>Pappolla, P.<|>Casá, N.<|>Rodríguez, Abel Sebastián<|>Gatti, P.
045949;v22_Autor_personal;Solve, S.<|>Chayramy, R.<|>Stock, M.<|>Iuzzolino, R.<|>Tonina, A.;Solve, S.<|>Chayramy, R.<|>Stock, M.<|>Iuzzolino, Ricardo Javier<|>Tonina, Alejandra
045956;v22_Autor_personal;Torri, S.I.<|>Alberti, C.;Torri, S.I.<|>Alberti, Cecilia
045979;v22_Autor_personal;Bierzychudek, M.<|>Tonina, A.;Bierzychudek, Marcos Eduardo<|>Tonina, Alejandra
045980;v22_Autor_personal;Bertrand, K. V.^rcomp.<|>Marino, P.^rcoord.<|>Pérez Zelaschi, M.^rcoord.<|>Bengolea, J. D.^rcoord.;Bertrand, Karina Vanesa^rcomp.<|>Marino, P.^rcoord.<|>Pérez Zelaschi, Marina Luisa^rcoord.<|>Bengolea, Jorge Domingo^rcoord.
045981;v22_Autor_personal;"Burgueño, A.<|>Dieguez; T.<|>Svoboda, H.";"Burgueño, Víctor Alejandro<|>Dieguez; T.<|>Svoboda, Hernán Gabriel"
045982;v22_Autor_personal;Cazzaniga Arduzzo, D.;Cazzaniga Arduzzo, Diego Santiago
045983;v22_Autor_personal;Tufaro, L. N.<|>Svoboda, H. G.;Tufaro, Leonardo Nicolás<|>Svoboda, Hernán Gabriel
045990;v22_Autor_personal;Díaz, F. V.<|>Mammana, C.<|>Guidobono, A.;Díaz, Felipe Víctor<|>Mammana, C.<|>Guidobono, A.
046003;v22_Autor_personal;"Dieguez; T.<|>Burgueño, A.<|>Svoboda, H.";"Dieguez; T.<|>Burgueño, Víctor Alejandro<|>Svoboda, Hernán Gabriel"
046015;v22_Autor_personal;Zazpe, R.<|>Stoliar, P.<|>Golmar, F.<|>Llopis, R.<|>Casanova, F.<|>Hueso, L.E.;Zazpe, R.<|>Stoliar, P.<|>Golmar, F.<|>Llopis, R.<|>Casanova, Félix<|>Hueso, L.E.
046018;v22_Autor_personal;Alonso-González, P.<|>Albella, P.<|>Neubrech, F.<|>Huck, C.<|>Chen, J.<|>Golmar, F.<|>Casanova, F.<|>Hueso, L.E.<|>Pucci, A.<|>Aizpurua, J.<|>Hillenbrand, R.;Alonso-González, Pablo<|>Albella, Pablo<|>Neubrech, F.<|>Huck, C.<|>Chen, J.<|>Golmar, F.<|>Casanova, Félix<|>Hueso, L.E.<|>Pucci, A.<|>Aizpurua, Javier<|>Hillenbrand, R.
046019;v22_Autor_personal;Golmar, F.<|>Stoliar, P.<|>Gobbi, M.<|>Casanova, F.<|>Hueso, L. E.;Golmar, F.<|>Stoliar, P.<|>Gobbi, M.<|>Casanova, Félix<|>Hueso, L. E.
046020;v22_Autor_personal;Gobbi, M.<|>Bedoya-Pinto, A.<|>Golmar, F.<|>Llopis, R.<|>Casanova, F.<|>Hueso, L.E.;Gobbi, M.<|>Bedoya-Pinto, A.<|>Golmar, F.<|>Llopis, R.<|>Casanova, Félix<|>Hueso, L.E.
046026;v22_Autor_personal;Cazabat, M.<|>Ogino, L. M.<|>Kyriazis, G.<|>Vasconcellos, R. T. B.<|>Wood, B.<|>Kochav, K.<|>Sánchez, H.<|>Castro, B. I.<|>Moreno, J. A.<|>Koffman, A.<|>Zhang, N. F.<|>Wang, Y.<|>Shields, S.<|>Slomovitz, D.<|>Izquierdo, D.<|>Faverio, C.;Cazabat, Marcelo Horacio<|>Ogino, L. M.<|>Kyriazis, G.<|>Vasconcellos, R. T. B.<|>Wood, B.<|>Kochav, K.<|>Sánchez, H.<|>Castro, Blanca Isabel<|>Moreno, J. A.<|>Koffman, A.<|>Zhang, N. F.<|>Wang, Y.<|>Shields, S.<|>Slomovitz, D.<|>Izquierdo, D.<|>Faverio, C.
046028;v22_Autor_personal;Parodi, M. B.<|>Rodríguez, L.<|>Pazos, L.<|>González Ruiz, J.<|>Paz Ramos, A.<|>Ybarra, G.;Parodi, María Belén<|>Rodríguez, L.<|>Pazos, Leonardo Martín<|>González Ruiz, J.<|>Paz Ramos, A.<|>Ybarra, Gabriel Omar
046030;v22_Autor_personal;Lorusso, H.<|>Burgueño, A.<|>Egidi, D.<|>Svoboda, H.;Lorusso, Hernán Norberto<|>Burgueño, Víctor Alejandro<|>Egidi, D.<|>Svoboda, Hernán Gabriel
046031;v22_Autor_personal;Cazzaniga Arduzzo, D.<|>Fabro, M.<|>Giordano, G.<|>Ramos, E.<|>Junges, O.<|>Trossero, V.<|>Porcel, P.;Cazzaniga Arduzzo, Diego Santiago<|>Fabro, Mabel Angélica<|>Giordano, G.<|>Ramos, E.<|>Junges, O.<|>Trossero, V.<|>Porcel, P.
046032;v22_Autor_personal;Cazzaniga Arduzzo, D.<|>Fabro, M.<|>Noseda, Y.<|>Giordano, G.<|>Junges, O.;Cazzaniga Arduzzo, Diego Santiago<|>Fabro, Mabel Angélica<|>Noseda, Y.<|>Giordano, G.<|>Junges, O.
046042;v22_Autor_personal;Blangino, Eugenia<|>Cagnoli, Martín<|>Irastorza, Ramiro M.<|>Vericat, Fernando;Blangino, Eugenia<|>Cagnoli, Alberto Martín<|>Irastorza, Ramiro M.<|>Vericat, Fernando
046084;v22_Autor_personal;Acosta, Alejandra;Acosta, Alejandra Daniela
046112;v22_Autor_personal;Quinteros, C.<|>Zazpe, R.<|>Marlasca, F.G.<|>Golmar, F.<|>Casanova, F.<|>Stoliar, P.<|>Hueso, L.<|>Levy, P.;Quinteros, C.<|>Zazpe, R.<|>Marlasca, F.G.<|>Golmar, F.<|>Casanova, Félix<|>Stoliar, P.<|>Hueso, L.<|>Levy, Pablo
046130;v22_Autor_personal;Acosta, Alejandra;Acosta, Alejandra Daniela
046136;v22_Autor_personal;Kohanoff, Rafael<|>Cruder, Leonardo<|>Aguilar, Mario<|>Candiano, Nicolás<|>Cibeira, José;Kohanoff, Rafael<|>Cruder, Leonardo<|>Aguilar, Mario Humberto<|>Candiano, Nicolás<|>Cibeira, José
046138;v22_Autor_personal;Kohanoff, Rafael<|>Cruder, Leonardo<|>Suárez, Daniel<|>Aguilar, Mario<|>Fernández, Alfredo<|>Bargo, E.<|>Fisch, J.<|>Cibeira, José<|>Aphalo, Jorge<|>Ocampo, Natalia<|>Morassutti, Myriam<|>Guerra, Pamela<|>Gudiño, Romina<|>Khourian, Cristian;Kohanoff, Rafael<|>Cruder, Leonardo<|>Suárez, Daniel<|>Aguilar, Mario Humberto<|>Fernández, Alfredo<|>Bargo, Emilio<|>Fisch, J.<|>Cibeira, José<|>Aphalo, Jorge<|>Ocampo, Natalia<|>Morassutti, Myriam<|>Guerra, Pamela<|>Gudiño, Romina<|>Khourian, Cristian
046143;v22_Autor_personal;Pérez Gont, Alberto<|>Ribeiro, Matías<|>Rodríguez, Gabriel<|>Fernández Soler, Marta<|>Baudino, Guillermo<|>Páez, Jorge<|>Jorge, A.<|>Scheibengraf, Javier;Pérez Gont, Alberto<|>Ribeiro, Matías<|>Rodríguez, Gabriel<|>Fernández Soler, Marta<|>Baudino, Guillermo<|>Páez, Jorge<|>Jorge, Luis Andrés<|>Scheibengraf, Javier
046145;v22_Autor_personal;Kohanoff, Rafael<|>Cruder, Leonardo<|>Aguilar, Mario<|>Fernández, Alfredo<|>Suárez, Daniel<|>Bargo, E.<|>Fisch, J.<|>Cibeira, José<|>Aphalo, Jorge<|>Ocampo, Natalia<|>Morassutti, Myriam<|>Guerra, Pamela<|>Gudiño, Romina<|>Khourian, Cristian;Kohanoff, Rafael<|>Cruder, Leonardo<|>Aguilar, Mario Humberto<|>Fernández, Alfredo<|>Suárez, Daniel<|>Bargo, Emilio<|>Fisch, J.<|>Cibeira, José<|>Aphalo, Jorge<|>Ocampo, Natalia<|>Morassutti, Myriam<|>Guerra, Pamela<|>Gudiño, Romina<|>Khourian, Cristian
046154;v22_Autor_personal;Juárez, Lidia<|>Rueda, Leandro<|>Tribiño, Gerardo<|>Aimar, Bruno<|>Nieto, Ivana<|>Bonafede, Mauro<|>Aguilar, Leandro<|>Picotti, J.<|>Molina Ortiz, S.E.;Juárez, Lidia<|>Rueda, Leandro<|>Tribiño, Gerardo<|>Aimar, Bruno<|>Nieto, Ivana<|>Bonafede, Mauro<|>Aguilar, Leandro Javier Ceferino<|>Picotti, J.<|>Molina Ortiz, S.E.
046165;v22_Autor_personal;Gillman, Katherine<|>Coutinho, Luciano<|>Amadeo, Eduardo<|>Campbell, Jorge<|>Diamand, Marcelo<|>Kindgard, Federico<|>Llach, Juan José<|>Mahler, Israel<|>Mayoral, Alejandro<|>Orsi, Victorio<|>Roggero, Humberto<|>Ferraro, Ricardo A.^rcomp.;Gillman, Katherine<|>Coutinho, Luciano<|>Amadeo, Eduardo<|>Campbell, Jorge Daniel<|>Diamand, Marcelo<|>Kindgard, Federico<|>Llach, Juan José<|>Mahler, Israel<|>Mayoral, Alejandro<|>Orsi, Victorio<|>Roggero, Humberto<|>Ferraro, Ricardo A.^rcomp.
046168;v22_Autor_personal;Biagetti, Daniel<|>Melaragno, Marcela<|>Araque, Verónica<|>Markan, Alejandro<|>Martegani, José<|>Fiori, Mario<|>Casaoliba, Ricardo<|>Gildeza, Ricardo<|>Dionisio, A.<|>Burdisso, Alejandro<|>Rueda, Leandro;Biagetti, Daniel<|>Melaragno, Marcela<|>Araque, Verónica<|>Markan, Alejandro<|>Martegani, José<|>Fiori, Mario<|>Casaoliba, Ricardo<|>Gildeza, Ricardo<|>Dionicio, Alejandra Victoria<|>Burdisso, Alejandro<|>Rueda, Leandro
046189;v22_Autor_personal;Vergara, Darío<|>Jarzinski, Mario<|>Tofé, Horacio<|>Muñoz, Diana<|>Zunini, Hernán;Vergara, Darío<|>Jarzinski, Mario<|>Tofé, Horacio<|>Muñoz, Diana<|>Zunini, Hernán Lucas
046195;v22_Autor_personal;Páez, Jorge<|>Pérez Gont, A.<|>Jorge, A.<|>Scheibengraf, Javier<|>Baudino, Guillermo<|>Cordara, Marcela<|>Ziolo, Julio<|>Días Vieira, Ariel;Páez, Jorge<|>Pérez Gont, A.<|>Jorge, Luis Andrés<|>Scheibengraf, Javier<|>Baudino, Guillermo<|>Cordara, Marcela Fernanda<|>Ziolo, Julio<|>Días Vieira, Ariel
046208;v22_Autor_personal;Baudino, Guillermo<|>Scheibengraf, Javier<|>Rodríguez, Juan A.<|>Jorge, Luis A.<|>Pereyra, G.<|>Zambrano, M.;Baudino, Guillermo<|>Scheibengraf, Javier<|>Rodríguez, Juan A.<|>Jorge, Luis A.<|>Pereyra, G.<|>Zambrano Echenique, Manuel Luis
046210;v22_Autor_personal;Ciani, Elsa<|>Gadaleta, Liliana<|>Campanaro, Mónica<|>Pellizari, Paula;Ciani, Elsa Noemí<|>Gadaleta, Liliana<|>Campanaro, Mónica<|>Pellizari, Paula
046213;v22_Autor_personal;Albornos, Julio<|>Pollo, Hugo<|>Enciso, Verónica<|>Cabrera, Jesús;Albornos, Julio<|>Pollo, Hugo<|>Enciso, Verónica<|>Cabrera, Jesús Ernesto
046216;v22_Autor_personal;Scozzina, Emilio<|>Yurkiv, Gabriela<|>Cazaux, Nadina<|>Schneiter, Ezequiel;Scozzina, Emilio<|>Yurkiv, Gabriela<|>Cazaux, Nadina Magalí<|>Schneiter, Ezequiel
046219;v22_Autor_personal;Schneebeli, Jorge<|>Booman, Alejandro<|>Ibba, Marcelo<|>Berterreix, Claudio<|>Fuente, Fernando<|>Erratchu, Martín<|>Iaconis, Agustín<|>Alanis, Sergio<|>Márquez, Aníbal<|>Riu, F.;Schneebeli, Jorge<|>Booman, Alejandro<|>Ibba, Marcelo<|>Berterreix, Claudio<|>Fuente, Fernando<|>Erratchu, Martín<|>Iaconis, Agustín<|>Alanis, Sergio Luis<|>Márquez, Aníbal<|>Riu, F.
046251;v22_Autor_personal;Iuzzolino, Ricardo<|>Adad, Walter F.;Iuzzolino, Ricardo<|>Adad, Walter Fabián
046252;v22_Autor_personal;Adad, W. F.<|>Iuzzolino, R.;Adad, Walter Fabián<|>Iuzzolino, Ricardo Javier
046279;v22_Autor_personal;Melo, Rodrigo A.<|>Caruso, David M.<|>Tropea, Salvador E.;Melo, Rodrigo A.<|>Caruso, David Misael<|>Tropea, Salvador E.
046282;v22_Autor_personal;Falcato, P.;Falcato, Pedro
046339;v22_Autor_personal;Castañeda, R.<|>Vassal, L.<|>Gripon, J.-C.<|>Rousseau, Micheline;Castañeda, Roberto Aníbal<|>Vassal, L.<|>Gripon, J.-C.<|>Rousseau, Micheline
046342;v22_Autor_personal;Vallejo, C.<|>Castañeda, R.<|>González, M.<|>Araníbar, G.<|>Cañameras, C.<|>Pino, F.<|>Nieto, I.<|>Aguilar, L.;Vallejo, C.<|>Castañeda, Roberto Aníbal<|>González, M.<|>Araníbar, G.<|>Cañameras, Carlos Alfredo<|>Pino, F.<|>Nieto, I.<|>Aguilar, Leandro Javier Ceferino
046345;v22_Autor_personal;Zielinski, Ana<|>Toledo, Antonio<|>Storani, Eduardo<|>Nieto, Ivana<|>González, Marcelo<|>Castañeda, Roberto<|>Mathon, Yamila^rcoord.;Zielinski, Ana<|>Toledo, Antonio<|>Storani, Eduardo<|>Nieto, Ivana<|>González, Marcelo<|>Castañeda, Roberto Aníbal<|>Mathon, Yamila^rcoord.
046348;v22_Autor_personal;Pirosanto, I.<|>Owczarczyn, L.<|>Martínez, E.<|>Wyngaard, G. J.<|>Rodríguez, M.;Pirosanto, I.<|>Owczarczyn, L.<|>Martínez, Emiliano<|>Wyngaard, G. J.<|>Rodríguez, M.
046349;v22_Autor_personal;Blanco Massani, M.<|>Morando, Pedro J.<|>Eisenberg. P.<|>Vignolo, G.;Blanco Massani, Mariana Raquel<|>Morando, Pedro J.<|>Eisenberg. P.<|>Vignolo, Graciela Margarita
046350;v22_Autor_personal;Conde, A. J.<|>Salvatierra, E.<|>Podhajcer, O.<|>Fraigi, L.<|>Madrid, R. E.;Conde, A. J.<|>Salvatierra, E.<|>Podhajcer, O.<|>Fraigi, Liliana Beatriz<|>Madrid, R. E.
046355;v22_Autor_personal;Ramírez, Rodrigo^rcoord.<|>Ariza, Raquel<|>Becker, Rosalba<|>Marchini, Helena<|>Oneto, Fernando<|>Vigna, Alejandrina;Ramírez, Rodrigo^rcoord.<|>Ariza, Raquel<|>Becker, Rosalba<|>Marchini, Helena<|>Oneto, Fernando<|>Vigna, Alejandrina Moira
046362;v22_Autor_personal;Ramírez, Rodrigo^rcoord.<|>Ariza, Raquel<|>Becker, Rosalba<|>Marchini, Helena<|>Oneto, Fernando<|>Vigna, Alejandrina;Ramírez, Rodrigo^rcoord.<|>Ariza, Raquel<|>Becker, Rosalba<|>Marchini, Helena<|>Oneto, Fernando<|>Vigna, Alejandrina Moira
046379;v22_Autor_personal;Ramírez, Rodrigo^rcoord.<|>Ariza, Raquel<|>Casabona, Marcela<|>Flores, Fabiana<|>Herrero, Pablo<|>Oneto, Fernando<|>Paterson, Federico<|>Siro, Jorge<|>Vigna, Alejandrina;Ramírez, Rodrigo^rcoord.<|>Ariza, Raquel<|>Casabona, Marcela Andrea<|>Flores, Fabiana<|>Herrero, Pablo<|>Oneto, Fernando<|>Paterson, Federico<|>Siro, Jorge<|>Vigna, Alejandrina Moira
046416;v22_Autor_personal;Bonafede, M.<|>Molina Ortiz, Sara<|>Picotti, J.;Bonafede, Mauro<|>Molina Ortiz, Sara<|>Picotti, J.
046420;v22_Autor_personal;Szombach, J.<|>Tribiño, Gerardo<|>Riu, F.<|>Santos, L.<|>Martínez Krahmer, D.;Szombach, J.<|>Tribiño, Gerardo<|>Riu, F.<|>Santos, Luciano<|>Martínez Krahmer, Daniel Osvaldo
046423;v22_Autor_personal;Amado, José<|>Puntillo, Daniel<|>Jorge, Javier<|>Caniglia, Cristian<|>Moretti, Ignacio;Amado, José Luis<|>Puntillo, Daniel<|>Jorge, Javier<|>Caniglia, Cristian<|>Moretti, Ignacio
046425;v22_Autor_personal;Aimar, B. N.<|>Nieto, I. G.<|>Bonafede, M.<|>Picotti, J.<|>Molina Ortiz, Sara;Aimar, Bruno Nicolás<|>Nieto, I. G.<|>Bonafede, Mauro<|>Picotti, J.<|>Molina Ortiz, Sara
046426;v22_Autor_personal;Aimar, B. N.<|>Nieto, I. G.<|>Bonafede, M.<|>Picotti, J.<|>Molina Ortiz, Sara;Aimar, Bruno Nicolás<|>Nieto, I. G.<|>Bonafede, Mauro<|>Picotti, J.<|>Molina Ortiz, Sara
046427;v22_Autor_personal;Álvarez, Jorge<|>Burroni, Laura<|>Rivarola, Paula<|>Poldi, Leandro<|>Zaszczynski, Cristian<|>Barrera, Verónica;Álvarez, José Jorge Enrique<|>Burroni, Laura<|>Rivarola, Paula<|>Poldi, Leandro<|>Zaszczynski, Cristian<|>Barrera, Verónica
046428;v22_Autor_personal;Namor, Said<|>Amado, José<|>Muñoz, Roberto;Namor, Said<|>Amado, José Luis<|>Muñoz, Roberto
046431;v22_Autor_personal;Ferreras, M.<|>Goglino, A.<|>Garrido, Guillermo<|>Serra, J.<|>Rossini, G.<|>Serruya, V.;Ferreras, M.<|>Goglino, A.<|>Garrido, Guillermo<|>Serra, J.<|>Rossini, G.<|>Serruya, Victoria
046432;v22_Autor_personal;Cerutti, P.<|>Claros, S.<|>Silbert, Violeta<|>Ciurletti, C.;Cerutti Antonietti, Pablo<|>Claros, S.<|>Silbert, Violeta<|>Ciurletti, Cristián Ricardo
046434;v22_Autor_personal;Vignau, S.<|>Tribiño, Gerardo<|>Salvucci, F.;Vignau, Sol<|>Tribiño, Gerardo<|>Salvucci, F.
046473;v22_Autor_personal;Castañeda, Roberto;Castañeda, Roberto Aníbal
046483;v22_Autor_personal;Ramírez, Rodrigo^rcoord.<|>Ariza, Raquel<|>Becker, Rosalba<|>Benasso, Tomás<|>Casabona, Marcela<|>Ceballos, Jorge<|>Flores, Fabiana<|>Herrero, Pablo<|>Marchini, Helena<|>Martínez, Fernando<|>Oneto, Fernando<|>Palladino, Cecilia<|>Paterson, Federico<|>Pinheiro, Verónica<|>Vigna, Alejandrina;Ramírez, Rodrigo^rcoord.<|>Ariza, Raquel<|>Becker, Rosalba<|>Benasso, Tomás<|>Casabona, Marcela Andrea<|>Ceballos, Jorge Ceferino<|>Flores, Fabiana<|>Herrero, Pablo<|>Marchini, Helena<|>Martínez, Fernando<|>Oneto, Fernando<|>Palladino, Cecilia<|>Paterson, Federico<|>Pinheiro, Verónica<|>Vigna, Alejandrina Moira
046500;v22_Autor_personal;Cogno, Jorge;Cogno, Jorge Adrián
046506;v22_Autor_personal;Alvarez, Pablo Gabriel<|>Di Federico, Martín<|>Julián, Pedro;Álvarez, Pablo Gabriel<|>Di Federico, Martín<|>Julián, Pedro
046508;v22_Autor_personal;Alvarez, Pablo Gabriel<|>Oroz De Gaetano, Ariel<|>Di Federico, Martín<|>Julián, Pedro;Álvarez, Pablo Gabriel<|>Oroz De Gaetano, Ariel<|>Di Federico, Martín<|>Julián, Pedro
046523;v22_Autor_personal;Bierzychudek, M.<|>Garcia, R.<|>Real, M.<|>Tonina, A.;Bierzychudek, Marcos Eduardo<|>Garcia, R.<|>Real, M.<|>Tonina, Alejandra
046534;v22_Autor_personal;Fiora, J.<|>Iglesias, A.M.<|>Mahmud, Z.A.<|>Niño Gómez, A.<|>Valentini, C. R.;Fiora, J.<|>Iglesias, A.M.<|>Mahmud, Z.A.<|>Niño Gómez, A.<|>Valentini, Cristobal Ramón
046543;v22_Autor_personal;Egidi, D.A.<|>Corengia, P.<|>García Alonso-García, D.<|>Ybarra, G.<|>Moina, C.<|>Cabo, A.;Egidi, D.A.<|>Corengia, P.<|>García Alonso-García, D.<|>Ybarra, Gabriel Omar<|>Moina, Carlos Alberto<|>Cabo, Amado
046544;v22_Autor_personal;Calahonra, M.C.<|>Egidi, D.A.<|>Las Heras, E.de<|>La Serna, F. de<|>Corengia, P. A.<|>Svoboda, H.;Calahonra, M.C.<|>Egidi, D.A.<|>Las Heras, E.de<|>La Serna, F. de<|>Corengia, P. A.<|>Svoboda, Hernán Gabriel
046546;v22_Autor_personal;Bonnemezón, Alfredo<|>Abate, Germán<|>Martinez Krahmer, Daniel;Bonnemezón, Alfredo<|>Abate, Germán Rubén<|>Martinez Krahmer, Daniel
046552;v22_Autor_personal;Tropea, S.<|>Brengi, D.;Tropea, Salvador Eduardo<|>Brengi, Diego Javier
046554;v22_Autor_personal;Murano, M. M.<|>Hermida L.<|>Dománico, R. H.<|>Lagomarsino, A.<|>Enríquez, G.;Murano, M. M.<|>Hermida L.<|>Dománico, Ricardo Hugo<|>Lagomarsino, A.<|>Enríquez, G.
046557;v22_Autor_personal;Charreau, G<|>Almeira, L.<|>Tassara, A.;Charreau, G<|>Almeira, Laura Graciela<|>Tassara, A.
046560;v22_Autor_personal;Alvarez, José Jorge;Álvarez, José Jorge Enrique
046569;v22_Autor_personal;Pirosanto, I.<|>Owczarczyn, L.<|>Martínez, E.<|>Wyngaard, G. J.;Pirosanto, I.<|>Owczarczyn, L.<|>Martínez, Emiliano<|>Wyngaard, G. J.
046585;v22_Autor_personal;Crosa, María José<|>Curia, Ana<|>Curutchet, Ana<|>Cadenazzi, Mónica<|>Dotta, Gabriela<|>Ferreyra, Verónica<|>Maidana, Fabianna<|>Souto, Laura<|>Escudero, Jorge;Crosa, María José<|>Curia, Ana Valeria<|>Curutchet, Ana<|>Cadenazzi, Mónica<|>Dotta, Gabriela<|>Ferreyra, Verónica<|>Maidana, Fabianna<|>Souto, Laura<|>Escudero, Jorge
046609;v22_Autor_personal;Pérez, A. P.<|>Casasco, A.<|>Schilrreff, P.<|>Defain Tesoriero, M. V.<|>Duempelmann, L.<|>Altube, M. J.<|>Higa, L.<|>Morilla, M. J.<|>Petray, P.<|>Romero, E. L.;Pérez, A. P.<|>Casasco, Agustina<|>Schilrreff, P.<|>Defain Tesoriero, María Victoria<|>Duempelmann, Luc<|>Altube, María Julia<|>Higa, L.<|>Morilla, M. J.<|>Petray, P.<|>Romero, E. L.
046610;v22_Autor_personal;Weinstock, A.<|>Fraigi, L.<|>Ybarra, G.<|>Bonetto, C.<|>Cortón, E.<|>Moina, C.;Weinstock, A.<|>Fraigi, Liliana Beatriz<|>Ybarra, Gabriel Omar<|>Bonetto, C.<|>Cortón, E.<|>Moina, Carlos Alberto
046613;v22_Autor_personal;Bonetto, C.<|>Weinstock, A.<|>Fraigi, L.<|>Ybarra, G.<|>Sacco, N.<|>Cortón, E.;Bonetto, C.<|>Weinstock, A.<|>Fraigi, Liliana Beatriz<|>Ybarra, Gabriel Omar<|>Sacco, N.<|>Cortón, E.
046614;v22_Autor_personal;Milano, O.<|>Roberti, M.<|>Fraigi, L.;Milano, Omar<|>Roberti, M.<|>Fraigi, Liliana Beatriz
046615;v22_Autor_personal;Longinotti, G.<|>Lloret, P.<|>Ybarra, G.<|>Moina, C.<|>Hermida, L.<|>Milano, O.<|>Roberti, M.<|>Malatto, L.<|>Fraigi, L.;Longinotti, G.<|>Lloret, P.<|>Ybarra, Gabriel Omar<|>Moina, Carlos Alberto<|>Hermida, L.<|>Milano, Omar<|>Roberti, M.<|>Malatto, L.<|>Fraigi, Liliana Beatriz
046617;v22_Autor_personal;Moina, C.<|>Fraigi, L.<|>Weinstock, A.;Moina, Carlos Alberto<|>Fraigi, Liliana Beatriz<|>Weinstock, A.
046620;v22_Autor_personal;Fraigi, L.<|>Moina, C. A.<|>Walsöe de Reca, N. E.;Fraigi, Liliana Beatriz<|>Moina, Carlos Alberto<|>Walsöe de Reca, N. E.
046624;v22_Autor_personal;Roberti, M.<|>Milano, O.<|>Fraigi, L.<|>Perri, P.;Roberti, M.<|>Milano, Omar<|>Fraigi, Liliana Beatriz<|>Perri, P.
046626;v22_Autor_personal;Malatto, L.<|>Lozano, A.<|>Fraigi, L.<|>Lupi, D.;Malatto, L.<|>Lozano, A.<|>Fraigi, Liliana Beatriz<|>Lupi, D.
046627;v22_Autor_personal;Lozano, A.<|>Malatto, L.<|>Fraigi, L.<|>Lupi, D.;Lozano, A.<|>Malatto, L.<|>Fraigi, Liliana Beatriz<|>Lupi, D.
046638;v22_Autor_personal;Roberti, M.<|>Baluk, S.<|>Fraigi, L.<|>Tomalino, A.<|>Menajovsky, S.;Roberti, M.<|>Baluk, S.<|>Fraigi, Liliana Beatriz<|>Tomalino, A.<|>Menajovsky, S.
046639;v22_Autor_personal;Tropea, S.<|>Brengi, D.<|>Malatto, L.<|>Fraigi, L.;Tropea, Salvador Eduardo<|>Brengi, Diego Javier<|>Malatto, L.<|>Fraigi, Liliana Beatriz
046642;v22_Autor_personal;Fraigi, L.<|>Malatto, L.;Fraigi, Liliana Beatriz<|>Malatto, L.
046644;v22_Autor_personal;Malatto, L.<|>Filippini, D.<|>Gwirc, S.<|>Fraigi, L.;Malatto, L.<|>Filippini, D.<|>Gwirc, S.<|>Fraigi, Liliana Beatriz
046645;v22_Autor_personal;Malatto, L.<|>Filippini, D.<|>Gwirc, S.<|>Fraigi, L.;Malatto, L.<|>Filippini, D.<|>Gwirc, S.<|>Fraigi, Liliana Beatriz
046650;v22_Autor_personal;Babay, Paola A.<|>Itria, Raúl F.<|>Romero Ale, Emiliano E.<|>Becquart, Elena T.<|>Gautier, Eduardo A.;Babay, Paola Alejandra<|>Itria, Raúl F.<|>Romero Ale, Emiliano E.<|>Becquart, Elena T.<|>Gautier, Eduardo A.
046657;v22_Autor_personal;Di Lillo, Lucas<|>Yasuda, Eliana<|>Lipe, Thomas<|>Campos, Sara<|>Spaggiari, Alfredo<|>Slomovitz, Daniel<|>Faverio, Carlos<|>Filipski, Piotr<|>Vasconcellos, Renata<|>Geronymo, Gean<|>Afonso, Renato<|>Halawa, Mamdouh;Di Lillo, Lucas<|>Yasuda, Eliana<|>Lipe, Thomas<|>Campos, Sara<|>Spaggiari, Alfredo<|>Slomovitz, Daniel<|>Faverio, Carlos<|>Filipski, Piotr<|>Vasconcellos, Renata<|>Geronymo, Gean<|>Afonso, Renato Junior<|>Halawa, Mamdouh
046689;v22_Autor_personal;Jiménez-Fernández, Víctor M.<|>Julián, Pedro Marcelo<|>Agamenoni, Osvaldo<|>Di Federico, Martín<|>Hernández-Martínez, Luis<|>Samiento-Reyes,  Arturo;Jiménez-Fernández, Víctor M.<|>Julián, Pedro Marcelo<|>Agamennoni, Osvaldo Enrique<|>Di Federico, Martín<|>Hernández-Martínez, Luis<|>Samiento-Reyes,  Arturo
046690;v22_Autor_personal;Di Federico, Martín<|>Jiménez-Fernández, Víctor M.<|>Julián, Pedro Marcelo<|>Agamenoni, Osvaldo<|>Hernández-Martínez, Luis<|>Samiento-Reyes,  Arturo;Di Federico, Martín<|>Jiménez-Fernández, Víctor M.<|>Julián, Pedro Marcelo<|>Agamennoni, Osvaldo Enrique<|>Hernández-Martínez, Luis<|>Samiento-Reyes,  Arturo
046722;v22_Autor_personal;Jiménez-Fernández, Victor<|>Rodríguez, Juan A.<|>Julián, Pedro<|>Agamenonni, Osvaldo<|>Di Federico, Martín;Jiménez-Fernández, Victor<|>Rodríguez, Juan A.<|>Julián, Pedro<|>Agamennoni, Osvaldo Enrique<|>Di Federico, Martín
046725;v22_Autor_personal;Oroz De Gaetano, Ariel<|>Alvarez, Pablo Gabriel<|>Di Federico, Martín<|>Julián, Pedro;Oroz De Gaetano, Ariel<|>Álvarez, Pablo Gabriel<|>Di Federico, Martín<|>Julián, Pedro
046738;v22_Autor_personal;Iorio, A.<|>Miguez, M.<|>Moina, C.;Iorio, A.<|>Miguez, M.<|>Moina, Carlos Alberto
046741;v22_Autor_personal;Bourges, G.<|>Eliach, J.<|>Medina, M.;Bourges, Gastón<|>Eliach, J.<|>Medina, M.
046752;v22_Autor_personal;Bourges, G.<|>Eliach, J.<|>Medina, M.;Bourges, Gastón<|>Eliach, J.<|>Medina, M.
046753;v22_Autor_personal;Bourges, G.<|>Eliach, J.<|>Medina, M.;Bourges, Gastón<|>Eliach, J.<|>Medina, M.
046759;v22_Autor_personal;Bonnemezón, Alfredo<|>Abate, Germán<|>Martinez Krahmer, Daniel;Bonnemezón, Alfredo<|>Abate, Germán Rubén<|>Martinez Krahmer, Daniel
046774;v22_Autor_personal;Canteros, Carmen<|>Cid, Pablo;Canteros Cavalcante, Carmen<|>Cid, Pablo
046779;v22_Autor_personal;Bianco,F.<|>Naldini, G.<|>Amado, J.<|>González, F.<|>Chiale, S.;Bianco,F.<|>Naldini, G.<|>Amado, José Luis<|>González, F.<|>Chiale, S.
046780;v22_Autor_personal;Izquierdo, D.<|>Faverio, C.<|>Slomovitz, D.<|>Kürten Ihlenfeld, W. G.<|>Laiz, H.<|>García, R.<|>Di Lillo, L.<|>Franco, A. M. R.<|>Debatin, R. M.;Izquierdo, D.<|>Faverio, C.<|>Slomovitz, D.<|>Kürten Ihlenfeld, W. G.<|>Laiz, H.<|>García, R.<|>Di Lillo, Lucas Daniel<|>Franco, A. M. R.<|>Debatin, R. M.
046807;v22_Autor_personal;Martínez Krahmer, D.;Martínez Krahmer, Daniel Osvaldo
049033;v22_Autor_personal;Álvarez, Jorge<|>Burroni, Laura<|>Barrera, Verónica;Álvarez, José Jorge Enrique<|>Burroni, Laura<|>Barrera, Verónica
049080;v22_Autor_personal;Rubino, Guillermo<|>Vaudagna, Leandro<|>Alberini, Mauricio<|>Dünky, Adrián<|>Soltermann, Diego;Rubino, Guillermo<|>Vaudagna, Leandro<|>Alberini Vivas, Muricio Javier<|>Dünky, Adrián<|>Soltermann, Diego
049122;v22_Autor_personal;"Speranza, Jorge<|>Castañeda, Roberto<|>Muset, Graciela<|>Maggiore, Agustina<|>González, Marcelo<|>Labacá, Patricia;<|>Rodríguez, Gabriela<|>Fornero, Pedro<|>Junges, Omar";"Speranza, Jorge<|>Castañeda, Roberto Aníbal<|>Muset, Graciela<|>Maggiore, Agustina<|>González, Marcelo<|>Labacá, Patricia;<|>Rodríguez, Gabriela<|>Fornero, Pedro<|>Junges, Omar"
049160;v22_Autor_personal;Mahmud, Z. A.<|>Amelotti, F.<|>Serpi, C.<|>Maskaric, J.<|>Mirabal, M.<|>Mingolo, N.<|>Gassa, L.<|>Tulio, P.<|>Gordillo, G.;Mahmud, Zulema Ángela<|>Amelotti, Franco Ignacio<|>Serpi, C.<|>Maskaric, J.<|>Mirabal, M.<|>Mingolo, N.<|>Gassa, L.<|>Tulio, Paulo<|>Gordillo, G.
049197;v22_Autor_personal;Abuin, Graciela C.<|>Alanis, Irene<|>Mahmud, Zulema<|>Valentini, Cristóbal;Abuin, Graciela Carmen<|>Alanis, Irene Luisa<|>Mahmud, Zulema<|>Valentini, Cristóbal
049218;v22_Autor_personal;Falcato, P.;Falcato, Pedro
049243;v22_Autor_personal;Bongiovanni, R.<|>Tuninetti, Leticia<|>Garrido, Guillermo José;Bongiovanni, Rodolfo<|>Tuninetti, Leticia<|>Garrido, Guillermo José
049258;v22_Autor_personal;Correa, J.P.<|>Blanco Massani, M. R.<|>Molina, V.<|>Sanchez, M.<|>Eisenberg, P.<|>Kainz, C.;Correa, J.P.<|>Blanco Massani, Mariana Raquel<|>Molina, V.<|>Sanchez, M.<|>Eisenberg, P.<|>Kainz, Cecilia
049264;v22_Autor_personal;Blanco Massani, M. R.<|>Eisenberg, P.<|>Vignolo, G.<|>Morando, P. J.;Blanco Massani, Mariana Raquel<|>Eisenberg, P.<|>Vignolo, Graciela Margarita<|>Morando, P. J.
049393;v22_Autor_personal;Vigna, Alejandrina<|>Dubois, María José<|>Becker, Rosalba;Vigna, Alejandrina Moira<|>Dubois, María José<|>Becker, Rosalba
049405;v22_Autor_personal;Acquaticci, F.<|>Yommi, M. M.<|>Gwirc, S. N.<|>Lew, S. E.;Acquaticci, Fabián<|>Yommi, Maximiliano Manuel<|>Gwirc, S. N.<|>Lew, S. E.
049406;v22_Autor_personal;Vigna, Alejandrina<|>Dubois, María José<|>Becker, Rosalba;Vigna, Alejandrina Moira<|>Dubois, María José<|>Becker, Rosalba
049407;v22_Autor_personal;Molinari, F.<|>Mass, M.<|>Amalvy, J. I.<|>Monsalve, L.;Molinari, Fabricio Nicolás<|>Mass, Mijal Inés<|>Amalvy, J. I.<|>Monsalve, L.
049440;v22_Autor_personal;Bierzychudek, M. E.<|>Elmquist, R. E.<|>Hernández, F.;Bierzychudek, Marcos Eduardo<|>Elmquist, R. E.<|>Hernández, F.
049445;v22_Autor_personal;Bierzychudek, Marcos E.<|>Tonina, Alejandra<|>Iuzzolino, R.<|>Real, M.<|>Solve, S.<|>Chayramy, R.<|>Stock, M.;Bierzychudek, Marcos E.<|>Tonina, Alejandra<|>Iuzzolino, Ricardo Javier<|>Real, M.<|>Solve, S.<|>Chayramy, R.<|>Stock, M.
049458;v22_Autor_personal;Álvarez, Jorge<|>Burroni, Laura Valeria^rcolab.<|>Poldi, Leandro Ariel^rcolab.<|>Zaszczynski, Cristian Gabriel^rcolab.;Álvarez, José Jorge Enrique<|>Burroni, Laura Valeria^rcolab.<|>Poldi, Leandro Ariel^rcolab.<|>Zaszczynski, Cristian Gabriel^rcolab.
049512;v22_Autor_personal;Álvarez, Jorge<|>Burroni, Laura<|>Barrera, Verónica;Álvarez, José Jorge Enrique<|>Burroni, Laura<|>Barrera, Verónica
049513;v22_Autor_personal;Álvarez, Jorge<|>Barrera, Verónica<|>Zaszczynki, Cristian<|>Poldi, Leandro;Álvarez, José Jorge Enrique<|>Barrera, Verónica<|>Zaszczynki, Cristian<|>Poldi, Leandro
049531;v22_Autor_personal;Mahmud, Z. A.<|>Gordillo, G.<|>Valentini, C.<|>Ferreyra, C.<|>Míngolo, N.;Mahmud, Zulema Ángela<|>Gordillo, G.<|>Valentini, Cristobal Ramón<|>Ferreyra, C.<|>Míngolo, N.
049563;v22_Autor_personal;Amado, José<|>Bianco, Fernando<|>Naldini, Germán;Amado, José Luis<|>Bianco, Fernando<|>Naldini, Germán
049571;v22_Autor_personal;Cordero, Mariano;Cordero, Mariano Alejandro
049572;v22_Autor_personal;Araujo, J. F.;Araujo, Juan Facundo
049580;v22_Autor_personal;Becker, Rosalba<|>Diaz, Victoria<|>Dubois, María José<|>Vigna, Alejandrina;Becker, Rosalba<|>Diaz, Victoria<|>Dubois, María José<|>Vigna, Alejandrina Moira
049581;v22_Autor_personal;Becker, Rosalba<|>Diaz, Victoria<|>Dubois, María José<|>Vigna, Alejandrina;Becker, Rosalba<|>Diaz, Victoria<|>Dubois, María José<|>Vigna, Alejandrina Moira
049583;v22_Autor_personal;Nemcansky, Kevin<|>Vergelín, Pablo<|>Sandre, Cristian<|>Ceballos, Jorge<|>Goglino, Manuel<|>Ariza, Raquel<|>Ramirez, Rodrigo<|>Ayoroa, Nuria<|>Martinez, Lis;Nemcansky, Kevin<|>Vergelín, Pablo<|>Sandre, Cristian<|>Ceballos, Jorge Ceferino<|>Goglino, Manuel<|>Ariza, Raquel<|>Ramirez, Rodrigo<|>Ayoroa, Nuria<|>Martinez, Lis
049592;v22_Autor_personal;Pirosanto, I.<|>López, A. M.<|>Giannasi, E.<|>Baretta, L.<|>Zorzi, H.;Pirosanto, I.<|>López, A. M.<|>Giannasi, E.<|>Baretta, Luis Rubén<|>Zorzi, Héctor Raúl
049593;v22_Autor_personal;Guidek, R. C.<|>Peiran, M.<|>Owczarczyn, L. L.<|>Martínez, E.<|>Rubio, M. A.<|>Cabodevila, P.<|>Schmidt, A.;Guidek, R. C.<|>Peiran, M.<|>Owczarczyn, L. L.<|>Martínez, Emiliano<|>Rubio, María Agustina<|>Cabodevila, Pamela<|>Schmidt, Angelina
049598;v22_Autor_personal;Rodríguez, M. I.<|>Rosso, J.<|>Richard, A.<|>Suárez, E.<|>Pesci, R.<|>Foti, S.<|>Parenti, A.<|>Zielinski, A.;Rodríguez, Marcos Ignacio<|>Rosso, J.<|>Richard, Ayelén<|>Suárez, E.<|>Pesci, R.<|>Foti, S.<|>Parenti, A.<|>Zielinski, A.
049634;v22_Autor_personal;Acosta, A.<|>Rojas, E.<|>Balcaza, J.<|>Díaz, M. C.;Acosta, A.<|>Rojas, E.<|>Balcaza, Javier Antonio<|>Díaz, María Del Carmen
049635;v22_Autor_personal;Ariza, R.<|>Ramírez, R.<|>Dorado, C.<|>Gay, F.<|>Maugeri, S.<|>Palladino, C.<|>Galanzino, C.<|>Insausti, F.;Ariza, Irene Raquel<|>Ramírez, Rodrigo Javier<|>Dorado, Cecilia<|>Gay, F.<|>Maugeri, S.<|>Palladino, C.<|>Galanzino, C.<|>Insausti, F.
049636;v22_Autor_personal;Arditi, E.<|>Biancofiore, C.<|>Grasso, L.<|>Mazzeo, C.;Arditi, Emiliano Adrián<|>Biancofiore, Claudio Daniel<|>Grasso, L.<|>Mazzeo, C.
049637;v22_Autor_personal;Jarzinski, M.<|>Velazco, R.<|>Vergara, D.<|>Álvarez, H.<|>Zunino, C.;Jarzinski, Mario Antenor<|>Velazco, Jose Ricardo<|>Vergara, D.<|>Álvarez, Juan Horacio<|>Zunino, Cristina
049638;v22_Autor_personal;Comin, M.J.<|>Ciarlantini, M.<|>Gandolfi Donadío, L.<|>Hornos, L.<|>Cardama, G.<|>Lorenzano Menna, P.<|>Gonzalez, N.<|>Alonso, D.F.<|>Gómez, D.E.<|>Defelipe, L.<|>Turjanski, A.G.<|>Blumberg, P.M.;Comin, M.J.<|>Ciarlantini, Matías Sebastián<|>Gandolfi Donadío, L.<|>Hornos, L.<|>Cardama, Georgina Alexandra<|>Lorenzano Menna, P.<|>Gonzalez, N.<|>Alonso, Daniel Fernando<|>Gómez, D.E.<|>Defelipe, Lucas Alfredo<|>Turjanski, A.G.<|>Blumberg, P.M.
049639;v22_Autor_personal;Gandolfi Donadío, L.<|>Galetti, M.<|>Checura, C.<|>Comin, M.J.;Gandolfi Donadío, L.<|>Galetti, M.<|>Checura, Cintia Carolina<|>Comin, M.J.
049640;v22_Autor_personal;Gudiño, R.<|>Aued, J.<|>Pérez, N.<|>Rousset, R.<|>Arcusin, I.<|>Formica, M.<|>Tomiozzo, P.;Gudiño, R.<|>Aued, Juan Sebastián<|>Pérez, N.<|>Rousset, R.<|>Arcusin, I.<|>Formica, M.<|>Tomiozzo, P.
049641;v22_Autor_personal;Vignau, S.<|>Tribiño, G.<|>Salvucci, F.;Vignau, Sol<|>Tribiño, Gerardo Luis<|>Salvucci, F.
049642;v22_Autor_personal;Viaggio, A.<|>Kornblit, F.;Viaggio, Agustina<|>Kornblit, Fernando
049643;v22_Autor_personal;Banega, D.<|>Bisciotti, K.<|>Ceriotti, A.<|>Pinto, M.<|>Tiscornia, I.;Banega, Damián Guillermo<|>Bisciotti, Karina Rosana<|>Ceriotti, Andrés Leonardo<|>Pinto, M.<|>Tiscornia, María Isabel
049644;v22_Autor_personal;Ramírez, R.<|>Vigna, A.<|>Palladino, C.<|>Ariza, R.<|>Becker, R.<|>Cristiani, M.<|>De Alto, B.<|>Marchini, H.<|>Marek, P.<|>Martínez, F.<|>Martínez, L.<|>Paterson, F.<|>Pujol, E.<|>Rodrigo, G.<|>Secchi, M.;Ramírez, Rodrigo Javier<|>Vigna, Alejandrina Moira<|>Palladino, C.<|>Ariza, Irene Raquel<|>Becker, Rosalba María<|>Cristiani, M.<|>De Alto, B.<|>Marchini, Helena<|>Marek, P.<|>Martínez, F.<|>Martínez, L.<|>Paterson, F.<|>Pujol, E.<|>Rodrigo, G.<|>Secchi, M.
049645;v22_Autor_personal;Guida, L.<|>Martínez, V.<|>López, M.C.<|>Blasco, R.<|>Hermida, L.<|>Gallardo, G.;Guida, L.<|>Martínez, V.<|>López, M.C.<|>Blasco, Ramiro Raúl<|>Hermida, L.<|>Gallardo, G.
049648;v22_Autor_personal;Arechaga, J.<|>Dománico, R.<|>Falabella, R.<|>Mones, R.<|>Murano, M.<|>Ziolo, J.<|>Dias Vieira, A.<|>Cordara, M.;Arechaga, Josefina<|>Dománico, Ricardo Hugo<|>Falabella, R.<|>Mones, R.<|>Murano, M.<|>Ziolo, J.<|>Dias Vieira, A.<|>Cordara, Marcela Fernanda
049649;v22_Autor_personal;Canteros, C.<|>Cid, P.<|>Canaves, L.<|>Escudero, H.<|>De Marco, S.<|>Salgueiro, F.;Canteros Cavalcante, Carmen<|>Cid, Pablo<|>Canaves, Rosa Liliana<|>Escudero, H.<|>De Marco, Soledad<|>Salgueiro, F.
049651;v22_Autor_personal;Rocci, F.<|>Gasparotti, O.<|>Bonino, M.;Rocci, F.<|>Gasparotti, O.<|>Bonino, Marcelo Javier
049653;v22_Autor_personal;Bourges, G.<|>Medina, M.;Bourges, Gastón<|>Medina, M.
049654;v22_Autor_personal;Aranque, M. V.<|>Biagetti, D.<|>Palomeque, E.<|>Figueroa, M.<|>Olmos, G.<|>Parra, J.<|>Montanaro, M.<|>Villafañes, B.;Araque, María Verónica<|>Biagetti, Daniel Rubén<|>Palomeque, E.<|>Figueroa, M.<|>Olmos, G.<|>Parra, J.<|>Montanaro, M.<|>Villafañes, B.
049655;v22_Autor_personal;Szombach, J.<|>Vilas, A.<|>Pascuzzi, A.<|>Lafrancci, F.<|>Enciso, H.;Szombach, J.<|>Vilas, Ariel Alberto<|>Pascuzzi, A.<|>Lafrancci, F.<|>Enciso, H.
049656;v22_Autor_personal;Monti, J.<|>Eliach, J.<|>Manso, J.<|>Ré, M.;Monti, Juan Esteban<|>Eliach, J.<|>Manso, J.<|>Ré, M.
049657;v22_Autor_personal;Ariza, R.<|>Becker, R.<|>Díaz, V.<|>Gay, F.<|>Herrero, P.<|>Martínez, F.<|>Oneto, F.;Ariza, Irene Raquel<|>Becker, Rosalba María<|>Díaz, María Victoria<|>Gay, F.<|>Herrero, P.<|>Martínez, F.<|>Oneto, F.
049658;v22_Autor_personal;Galanzino, C.<|>Silbert, V.<|>Garrido, G.<|>Tribiño, G.;Galanzino, C.<|>Silbert Voldman, Violeta<|>Garrido, G.<|>Tribiño, Gerardo Luis
049659;v22_Autor_personal;Zander, K.<|>Rodríguez, S.<|>Puhl, J.<|>Mon, L.<|>Deregibus, A.<|>Ferricelli, G.<|>Nupieri, N.;Zander, K.<|>Rodríguez, S.<|>Puhl, Julieta<|>Mon, L.<|>Deregibus, Araceli Emilce<|>Ferricelli, G.<|>Nupieri, N.
049660;v22_Autor_personal;Palas, F. G.<|>Maiorana, P. A.<|>Schiavon, E. M.;Palas, Fernando Gabriel<|>Maiorana, Pablo Andrés<|>Schiavon, Emiliano Martín
049661;v22_Autor_personal;Palas, F. G.<|>Maiorana, P. A.<|>Schiavon, E. M.;Palas, Fernando Gabriel<|>Maiorana, Pablo Andrés<|>Schiavon, Emiliano Martín
049662;v22_Autor_personal;Szombach, J.<|>Riu, F.<|>Vilas, A.<|>Berterreix, C.<|>Tribiño, G.<|>Carfagnini, M.<|>Takashima, C.<|>Di Mauro, S.<|>Saralegui, S.<|>Pacheco, C.;Szombach, J.<|>Riu, F.<|>Vilas, Ariel Alberto<|>Berterreix, Claudio Javier<|>Tribiño, Gerardo Luis<|>Carfagnini, Mariana<|>Takashima, C.<|>Di Mauro, Sandra Matilde<|>Saralegui, Santiago<|>Pacheco, C.
049663;v22_Autor_personal;Arroyo, O.<|>Bogado, M.<|>Perre, L.<|>Leto, S.;Arroyo, Oscar Rafael Antonio<|>Bogado, Mateo Virgilio<|>Perre, Lucas Nahuel<|>Leto, Santiago Gabriel
049664;v22_Autor_personal;Monti, J.<|>Eliach, J.<|>Bourges, G.;Monti, Juan Esteban<|>Eliach, J.<|>Bourges, Gastón
049665;v22_Autor_personal;Díaz, L. A.<|>Ortega, J.<|>Abuin, Graciela C.;Díaz, Liliana Analía<|>Ortega, J.<|>Abuin, Graciela Carmen
049666;v22_Autor_personal;Jarzinski, M.<|>Vergara, D.<|>Zanutti, R. O.;Jarzinski, Mario Antenor<|>Vergara, D.<|>Zanutti, R. O.
049667;v22_Autor_personal;Altamirano, P. M.<|>Berardo, L.<|>Moina, C.;Altamirano, Pablo Martín<|>Berardo, Liliana<|>Moina, Carlos Alberto
049668;v22_Autor_personal;Altamirano, P. M.<|>Pérez, H.<|>Berardo, L.<|>Moina, C.;Altamirano, Pablo Martín<|>Pérez, H.<|>Berardo, Liliana<|>Moina, Carlos Alberto
049669;v22_Autor_personal;Martínez Pulido, G.;Martínez Pulido, Guillermo
049670;v22_Autor_personal;Altamirano, M.<|>Saravia, L. R.<|>Hongn, M.<|>Gea, M.<|>Hoyos, D.<|>Dellicompagni, P.;Altamirano, Martín<|>Saravia, L. R.<|>Hongn, M.<|>Gea, M.<|>Hoyos, D.<|>Dellicompagni, Pablo
049672;v22_Autor_personal;Casoliba, R.<|>Castiglione, G.<|>Olivares, M.;Casóliba, Ramiro Martín<|>Castiglione, Gonzalo José<|>Olivares, M.
049673;v22_Autor_personal;Montiel, G.<|>Abuin, Graciela C.<|>Bruno, M. M.<|>Viva, F. A.;Montiel, Gonzalo<|>Abuin, Graciela Carmen<|>Bruno, Mariano Martín<|>Viva, Federico Andrés
049674;v22_Autor_personal;Rearte, M.<|>Martínez Pulido, G.<|>Risso, M.<|>Gil, G.;Rearte, M.<|>Martínez Pulido, Guillermo<|>Risso, Marcos Gabriel<|>Gil, G.
049676;v22_Autor_personal;Altamirano, P. M.<|>Escalante, K.<|>Gerbi, P.;Altamirano, Pablo Martín<|>Escalante, K.<|>Gerbi, P.
049678;v22_Autor_personal;Chiaravalloti, A.<|>Rodríguez, A.<|>Pescio, F.<|>Cordi, M.<|>Gil, G.;Chiaravalloti, Alejandro Pablo<|>Rodríguez, Abel Sebastián<|>Pescio, F.<|>Cordi, Pablo Martín<|>Gil, G.
049679;v22_Autor_personal;Bornancin, M.<|>Baretta, L.<|>Fernández, M.<|>Cordi, M.;Bornancin, Marianela<|>Baretta, Luis Rubén<|>Fernández, M.<|>Cordi, Pablo Martín
049680;v22_Autor_personal;Tiscornia, I.<|>Gil, G.<|>Cordi, M.;Tiscornia, María Isabel<|>Gil, G.<|>Cordi, Pablo Martín
049682;v22_Autor_personal;Martín, G.<|>Duzdevich, J.<|>Zappa, A.<|>Caló, J.<|>Oneto, F.<|>Wild Cañon, C.;Martín, G.<|>Duzdevich, Juan Pablo<|>Zappa, Andrés Enrique<|>Caló, Julieta María Inés<|>Oneto, F.<|>Wild Cañón, Carlos Alberto
049683;v22_Autor_personal;Duzdevich, J.<|>Martín, G.<|>Zappa, A.<|>Wild Cañon, C.<|>Amadio, M.<|>Oliva, R.;Duzdevich, Juan Pablo<|>Martín, G.<|>Zappa, Andrés Enrique<|>Wild Cañón, Carlos Alberto<|>Amadio, Mariano<|>Oliva, R.
049684;v22_Autor_personal;Robles, G.<|>Romero, M.<|>Cabrera, J. E.;Robles, G.<|>Romero, Marcela<|>Cabrera, Jesús Ernesto
049685;v22_Autor_personal;Amore, S. F.<|>Schvartz, M. A.<|>Álvarez, R. J.;Amore, Sandra Francisca<|>Schvartz, Mariano Ariel<|>Álvarez, Rodrigo Javier
049686;v22_Autor_personal;Ferré, O.<|>García, D. B.<|>Beviglia, J. M.;Ferré, O.<|>García, D. B.<|>Beviglia, Julián Martín
049688;v22_Autor_personal;Sonder, J. C.<|>Casoliba, R.<|>Bravo, M. D.;Sonder, Juan Carlos<|>Casóliba, Ramiro Martín<|>Bravo, Marcos David
049689;v22_Autor_personal;Dolmann, I.<|>Velázquez, S.<|>Pinto, M.;Dolmann, Inés Teresa<|>Velázquez, Silvia Beatriz<|>Pinto, M.
049690;v22_Autor_personal;Pérez Zelaschi, M.<|>Cappa, M. A.<|>Casabona, A.<|>Martín, G.<|>Duzdevich, J.<|>Zappa, A.;Pérez Zelaschi, Marina Luisa<|>Cappa, María de los Ángeles<|>Casabona, Ángel Miguel Francisco<|>Martín, G.<|>Duzdevich, Juan Pablo<|>Zappa, Andrés Enrique
049691;v22_Autor_personal;Mazzeo, C.<|>Canaves, L.;Mazzeo, C.<|>Canaves, Rosa Liliana
049692;v22_Autor_personal;Raiter, V. E.;Raiter, Vera Elena
049693;v22_Autor_personal;Galante, O.<|>Seghezzo, J.<|>Goglino, A.<|>Wittner, M.<|>Gianella, C.<|>Bacarini, H.<|>Santos, G.<|>De Greef, G.;Galante, O.<|>Seghezzo, J.<|>Goglino, A.<|>Wittner, Mariela Inés<|>Gianella, C.<|>Bacarini, Hernán Alberto<|>Santos, G.<|>De Greef, Gustavo Daniel
049694;v22_Autor_personal;Casabona, M.<|>Guerbi, A.<|>Tacaliti, L.;Casabona, Marcela Andrea<|>Guerbi, A.<|>Tacaliti, Luciana
049695;v22_Autor_personal;Vizuara, G.<|>Tarifa, M.<|>Suárez, M. E.;Vizuara, Gabriela Alejandra<|>Tarifa, M.<|>Suárez, M. E.
049696;v22_Autor_personal;Jiménez, M. C.<|>Zenobi, E.<|>De Marco, S.<|>Montenegro, V.<|>Marchini, H.<|>Armas, Pamela Soledad<|>Arditi, E.<|>Rigeau, B.<|>Díaz Garat, M. A.;Jiménez, M. C.<|>Zenobi, María Elisa<|>De Marco, Soledad<|>Montenegro, V.<|>Marchini, Helena<|>Armas, Pamela Soledad<|>Arditi, Emiliano Adrián<|>Rigeau, B.<|>Díaz Garat, María Ángeles
049697;v22_Autor_personal;Dionicio, A.<|>Agustinho, M. A.<|>Robalino, T.;Dionicio, Alejandra Victoria<|>Agustinho, María Alejandra<|>Robalino, T.
049698;v22_Autor_personal;Tacaliti, L.<|>Rosso, A.;Tacaliti, Luciana<|>Rosso, A.
049700;v22_Autor_personal;Goglino, A.<|>Serruya, V.<|>Cazaux, N.<|>Siede, M.<|>Medici, R.;Goglino, A.<|>Serruya, Victoria<|>Cazaux, Nadina Magalí<|>Siede, M.<|>Medici, R.
049703;v22_Autor_personal;Goglino, A.<|>Pereyra, M.<|>Castillo, A.;Goglino, A.<|>Pereyra, M.<|>Castillo, Analía Soledad
049704;v22_Autor_personal;Marino, P.<|>Zander, K.<|>Mon, L.<|>Bonani, J.<|>Jater, N.<|>Rodríguez, S.<|>Deregibus, A.<|>Ferricelli, G.;Marino, P.<|>Zander, K.<|>Mon, L.<|>Bonanni, Julia Inés<|>Jater, N.<|>Rodríguez, S.<|>Deregibus, Araceli Emilce<|>Ferricelli, G.
049705;v22_Autor_personal;Marino, P.<|>Tofé, H.<|>Fracchia, Y.<|>Lourenzo, C.<|>Mauro, E.<|>Dobarro, A.<|>Paredes, M.;Marino, P.<|>Tofé, Horacio Sergio<|>Fracchia, Y.<|>Lourenzo, C.<|>Mauro, E.<|>Dobarro, Anabella<|>Paredes, M.
049706;v22_Autor_personal;Arditi, E.<|>Armas, P.<|>Biancofiore, C.<|>Díaz Garat, M. A.<|>Grasso, L.<|>Jiménez, M. C.<|>Mazzeo, C.<|>Rigou, M. B.;Arditi, Emiliano Adrián<|>Armas, Pamela Soledad<|>Biancofiore, Claudio Daniel<|>Díaz Garat, María Ángeles<|>Grasso, L.<|>Jiménez, M. C.<|>Mazzeo, C.<|>Rigou, M. B.
049707;v22_Autor_personal;Ariza, R.<|>Ramírez, R.<|>Zunini, C.<|>Vigna, A.<|>Pinheiro, V.<|>Dubois, M. J.<|>Secchi, M.;Ariza, Irene Raquel<|>Ramírez, Rodrigo Javier<|>Zunini, César Oscar<|>Vigna, Alejandrina Moira<|>Pinheiro, V.<|>Dubois, María José<|>Secchi, M.
049708;v22_Autor_personal;Ariza, R.<|>Ramírez, R.<|>Ceballos, J.<|>Vergelin, P.<|>Nemcansky, K.<|>Secchi, M.<|>Marchini, H.<|>Sandre, C.<|>Zunini, C.;Ariza, Irene Raquel<|>Ramírez, Rodrigo Javier<|>Ceballos, Jorge Ceferino<|>Vergelin, P.<|>Nemcansky, K.<|>Secchi, M.<|>Marchini, Helena<|>Sandre, Cristian<|>Zunini, César Oscar
049709;v22_Autor_personal;Rubino, J.<|>Araujo, C.;Rubino, J.<|>Araujo, Marta Carolina
049710;v22_Autor_personal;Zampatti, M.<|>Castells, M. L.;Zampatti, M.<|>Castells, María Laura
049711;v22_Autor_personal;Echenique, M.<|>Guari, S.<|>Tribiño, G.;Echenique, M.<|>Guari, S.<|>Tribiño, Gerardo Luis
049712;v22_Autor_personal;Monzón, J.<|>Rivero, G.<|>Lamensa, M.<|>Camaño, C.<|>Negro, D.;Monzón, J.<|>Rivero, G.<|>Lamensa, Marina Andrea<|>Camaño, Carla Valeria<|>Negro, D.
049713;v22_Autor_personal;Zornada, C. F.<|>Molina Tirado, L.<|>Schneebeli, J.;Zornada, Carlos Fernando<|>Molina Tirado, L.<|>Schneebeli, Jorge Ernesto
049714;v22_Autor_personal;Falcato, P.;Falcato, Pedro
049716;v22_Autor_personal;Marino, P.<|>Tofé, H.<|>Fracchia, Y.<|>De Vincenzo, D.<|>Ahumada, C.<|>Kulczycki, A.<|>Lourenzo, C.<|>Mauro, E.<|>Dobarro, A.<|>Bracco, J.<|>Kristof, H.<|>Guari, S.<|>Limardo, J.<|>Scozzina, E.<|>Zunini, H.;Marino, P.<|>Tofé, Horacio Sergio<|>Fracchia, Y.<|>De Vincenzo, Daniel Eduardo<|>Ahumada, Cristina Edna Beatriz<|>Kulczycki, Adrián<|>Lourenzo, C.<|>Mauro, E.<|>Dobarro, Anabella<|>Bracco, Jorge Héctor<|>Kristof,  Héctor<|>Guari, S.<|>Limardo, J.<|>Scozzina, Emilio Fabián<|>Zunini, Hernán Lucas
049717;v22_Autor_personal;Canaves, L.<|>Mazzeo, C.;Canaves, Rosa Liliana<|>Mazzeo, C.
049718;v22_Autor_personal;Alventosa, A.<|>Graziani, N.<|>Li Puma, G.<|>Olmos, M.<|>Rosso, E.<|>Vicente Miguelez, G.;Alventosa, Alejandro Pablo<|>Graziani, N.<|>Li Puma, G.<|>Olmos, M.<|>Rosso, E.<|>Vicente Miguelez, Gabriela Inés
049719;v22_Autor_personal;Seveso, M.<|>Scovenna, L.<|>Sirota, A.<|>Meilinger, J.<|>Posse, G.<|>Galante, O.;Seveso, M.<|>Scovenna, L.<|>Sirota, A.<|>Meilinger, J.<|>Posse, Germán<|>Galante, O.
049720;v22_Autor_personal;Baretta, L.<|>Abate, Germán<|>Rosso, J.<|>Pérez, D.<|>Martínez Krahmer, D.;Baretta, Luis Rubén<|>Abate, Germán Rubén<|>Rosso, J.<|>Pérez, D.<|>Martínez Krahmer, Daniel Osvaldo
049721;v22_Autor_personal;Galante, O.<|>Constantini, F.<|>Frangie, S.<|>Lelli, D.<|>Ruíz Díaz, R.<|>Di Feo, G.<|>Husni, A.<|>Arcángelo, M.<|>Rey, F.<|>Mantel, C.<|>Paredes, R.<|>Fiorentino, B.;Galante, O.<|>Costantini, Federico Manuel<|>Frangie, S.<|>Lelli, D.<|>Ruíz Díaz, R.<|>Difeo, Gonzalo Javier<|>Husni, A.<|>Arcángelo, Marisa Ruth<|>Rey, F.<|>Mantel, Christian<|>Paredes, R.<|>Fiorentino, B.
049722;v22_Autor_personal;Álvarez, H.<|>Vergara, D.<|>Jarzinski, M.<|>Velazco, R.<|>Baeza, R.;Álvarez, Juan Horacio<|>Vergara, D.<|>Jarzinski, Mario Antenor<|>Velazco, Jose Ricardo<|>Baeza, Rosa
049723;v22_Autor_personal;Cerchiai, E.<|>Ciurletti, C.<|>Claros, S.<|>Alanis, S.<|>Cerutti, P.;Cerchiai, Edgar<|>Ciurletti, Cristián Ricardo<|>Claros, S.<|>Alanis, Sergio Luis<|>Cerutti Antonietti, Pablo
049724;v22_Autor_personal;Biagetti, D.<|>Palomeque, E.;Biagetti, Daniel Rubén<|>Palomeque, E.
049725;v22_Autor_personal;Bonecco, M. B.<|>Buffa, L. M.<|>Martínez Sáenz, M. G.<|>Bollini, F. R.;Bonecco, María Belén<|>Buffa, Lautaro Martín<|>Martínez Sáenz, María Guadalupe<|>Bollini, Fernando Rubén
049726;v22_Autor_personal;González, M. A.<|>Castells, M. L.<|>Cornacchini, M.<|>Zampatti, M.<|>Rolón, M. L.<|>Toledo, A.<|>Cañameras, C.;González, M. A.<|>Castells, María Laura<|>Cornacchini, Marina<|>Zampatti, M.<|>Rolón, María Laura<|>Toledo, Antonio Edgardo<|>Cañameras, Carlos Alfredo
049727;v22_Autor_personal;Aimar, B. N.<|>Karlen, J.<|>Costabel, L.<|>Audero, G.<|>Aguilar, L.<|>Bonafede, M.<|>Butarelli, S.<|>Boffa, S.<|>Trulls, B.;Aimar, Bruno Nicolás<|>Karlen, J.<|>Costabel, Luciana Maria<|>Audero, Gabriela María<|>Aguilar, Leandro Javier Ceferino<|>Bonafede, Mauro<|>Butarelli, Silvina Laura<|>Boffa, Sebastián<|>Trulls, B.
049728;v22_Autor_personal;Dionicio, A.<|>Tribiño, G.<|>Szombach, J.<|>Kramher, D.<|>Schneebeli, J.;Dionicio, Alejandra Victoria<|>Tribiño, Gerardo Luis<|>Szombach, J.<|>Kramher, D.<|>Schneebeli, Jorge Ernesto
049729;v22_Autor_personal;Tribiño, G.<|>Szombach, J.<|>Martínez Kramher, D.<|>Riu, F.<|>Santos, L.;Tribiño, Gerardo Luis<|>Szombach, J.<|>Martínez Kramher, D.<|>Riu, F.<|>Santos, Luciano
049730;v22_Autor_personal;Acosta, A.<|>Deregibus, A.<|>Ferricelli, G.<|>Puhl, J.<|>Zander, K.;Acosta, A.<|>Deregibus, Araceli Emilce<|>Ferricelli, G.<|>Puhl, Julieta<|>Zander, K.
049731;v22_Autor_personal;Castells, M. L.<|>Corrales, D. D.<|>Rolón, M. L.<|>Pino, F.<|>Szkvarka, D.;Castells, María Laura<|>Corrales, Diego David<|>Rolón, María Laura<|>Pino, F.<|>Szkvarka, Diego Alexis
049732;v22_Autor_personal;Del Negro, N.<|>Possetto, M.;Del Negro, Natalia Elizabeth<|>Possetto, M.
049737;v22_Autor_personal;Ariza, R.<|>García, N.<|>Marek, P.<|>Ceballos, J.<|>Dorado, C.<|>Oneto, F.<|>Palladino, C.<|>Paterson, F.<|>Pinheiro, V.<|>Ramírez, R.<|>Rodrigo, G.<|>Vergelin, P.<|>Vigna, A.;Ariza, Irene Raquel<|>García, N.<|>Marek, P.<|>Ceballos, Jorge Ceferino<|>Dorado, Cecilia<|>Oneto, F.<|>Palladino, C.<|>Paterson, F.<|>Pinheiro, V.<|>Ramírez, Rodrigo Javier<|>Rodrigo, G.<|>Vergelin, P.<|>Vigna, Alejandrina Moira
049738;v22_Autor_personal;Barda, N.<|>Gallina, M.<|>Miranda, M.<|>Tello, R.<|>Suárez, P.;Barda, Norma Beatriz<|>Gallina, M.<|>Miranda, María José<|>Tello, R.<|>Suárez, Pablo Javier
049739;v22_Autor_personal;Murano, M.<|>Dománico, R.<|>Falabella, R.<|>Arechaga, J.<|>Cirio, M.<|>Simón, M.<|>Kneeteman, E.<|>Solá, I.<|>Cordara, M.<|>Corbino, G.<|>Valentini, G.;Murano, M.<|>Dománico, Ricardo Hugo<|>Falabella, R.<|>Arechaga, Josefina<|>Cirio, Mercedes<|>Simón, Mariano Ernesto<|>Kneeteman, E.<|>Solá, Inés<|>Cordara, Marcela Fernanda<|>Corbino, Graciela Beatriz<|>Valentini, G.
049740;v22_Autor_personal;Dománico, R.<|>Murano, M.<|>Arechaga, J.<|>Cordara, M.<|>Corbino, G.<|>Valentini, G.<|>Falabella, R.<|>Cirio, M.<|>Simón, M.<|>Kneeteman, E.<|>Solá, I.<|>López, M.<|>Toma, E.<|>Etelechea, S.<|>López, L.;Dománico, Ricardo Hugo<|>Murano, M.<|>Arechaga, Josefina<|>Cordara, Marcela Fernanda<|>Corbino, Graciela Beatriz<|>Valentini, G.<|>Falabella, R.<|>Cirio, Mercedes<|>Simón, Mariano Ernesto<|>Kneeteman, E.<|>Solá, Inés<|>López, M.<|>Toma, Ezequiel Roberto<|>Etelechea, S.<|>López, L.
049741;v22_Autor_personal;De Luca, L.<|>Melaragno, M.<|>Biagetti, D.;De Luca, Laura Mariana<|>Melaragno, M.<|>Biagetti, Daniel Rubén
049742;v22_Autor_personal;Polari, J.<|>Bacigalupe, A.<|>López, M. A.;Polari, J.<|>Bacigalupe, Alejandro<|>López, M. A.
049743;v22_Autor_personal;Ariza, R.<|>Kleinerman, J.<|>Ramírez, R.<|>Albisu, L.<|>Becker, R.<|>Benasso, T.<|>Casabona, M.<|>Ceballos, J.<|>Flores, F.<|>Galanzino, C.<|>Herrero, P.<|>Marchini, H.<|>Martínez, F.<|>Martínez, L.<|>Oneto, F.<|>Palladino, C.<|>Paterson, F.<|>Pinheiro, V.<|>Secchi, M.<|>Vigna, A.<|>Waisman, V.;Ariza, Irene Raquel<|>Kleinerman, J.<|>Ramírez, Rodrigo Javier<|>Albisu, María Lucila<|>Becker, Rosalba María<|>Benasso, T.<|>Casabona, Marcela Andrea<|>Ceballos, Jorge Ceferino<|>Flores, F.<|>Galanzino, C.<|>Herrero, P.<|>Marchini, Helena<|>Martínez, F.<|>Martínez, L.<|>Oneto, F.<|>Palladino, C.<|>Paterson, F.<|>Pinheiro, V.<|>Secchi, M.<|>Vigna, Alejandrina Moira<|>Waisman, V.
049744;v22_Autor_personal;Smutt, E.<|>Boschi, E.<|>Wilner, A.;Smutt, E.<|>Boschi, Elena<|>Wilner, Alejandro
049745;v22_Autor_personal;Polari, J.<|>Santi, A.<|>Saravalli, C.<|>Savina, L.<|>Soria, L.<|>Cazabat, G.<|>Martínez, C. D.<|>Malzone, A.<|>Herrera, C.<|>López, M. C.;Polari, J.<|>Santi, Analía Gabriela<|>Saravalli, Celina<|>Savina, Laura Vanesa<|>Soria, Lorena Paula<|>Cazabat, Gabriela Laura<|>Martínez, Carlos Daniel<|>Malzone, A.<|>Herrera, C.<|>López, María Cristina
049746;v22_Autor_personal;Gemignani, J. C.<|>Martínez Krahmer, D.<|>Ruiz, E.<|>Maceira, G.;Gemignani, J. C.<|>Martínez Krahmer, Daniel Osvaldo<|>Ruiz, E.<|>Maceira, G.
049747;v22_Autor_personal;Ramírez, R.<|>Bernasconi, C.<|>Kleinerman, J.<|>Ramas, J.<|>Ariza, R.<|>Becker, R.<|>Marchini, H.<|>Martínez, F.<|>Martínez, L.<|>Palladino, C.<|>Paterson, F.<|>Pinheiro, V.<|>Pujol, E.<|>Secchi, M.<|>Vigna, A.;Ramírez, Rodrigo Javier<|>Bernasconi, C.<|>Kleinerman, J.<|>Ramas, J.<|>Ariza, Irene Raquel<|>Becker, Rosalba María<|>Marchini, Helena<|>Martínez, F.<|>Martínez, L.<|>Palladino, C.<|>Paterson, F.<|>Pinheiro, V.<|>Pujol, E.<|>Secchi, M.<|>Vigna, Alejandrina Moira
049748;v22_Autor_personal;Mazzeo, C.<|>Vara, A. M.<|>Armas, P.<|>Arditi, E.<|>Biancofiore, C.<|>Cid, P.<|>Díaz Garat, M. A.<|>Grasso, L.<|>Li Puma, G.<|>Olmos, M.<|>Piaz, A.<|>Quiroga, G.<|>Zamora, F.;Mazzeo, C.<|>Vara, A. M.<|>Armas, Pamela Soledad<|>Arditi, Emiliano Adrián<|>Biancofiore, Claudio Daniel<|>Cid, Pablo<|>Díaz Garat, María Ángeles<|>Grasso, L.<|>Li Puma, G.<|>Olmos, M.<|>Piaz, A.<|>Quiroga, G.<|>Zamora, F.
049749;v22_Autor_personal;Acosta, A.<|>Rodríguez, H.<|>Stacey, E.<|>Arechaga, J.<|>Alterach, M. A.;Acosta, A.<|>Rodríguez, H.<|>Stacey, E.<|>Arechaga, Josefina<|>Alterach, Miguel Angel
049750;v22_Autor_personal;Alterach, M. A.<|>Uhrich, S.<|>Acosta, A.;Alterach, Miguel Angel<|>Uhrich, Santiago<|>Acosta, A.
049751;v22_Autor_personal;Montero, H.<|>Pino, F.<|>Aranibar, G.<|>Raco, F.<|>Gallello, L.;Montero, H.<|>Pino, F.<|>Aranibar Aversa, Germán Francisco<|>Raco, Fernando Francisco<|>Gallello, L.
049752;v22_Autor_personal;Montero, H.<|>Pino, F.<|>Aranibar, G.;Montero, H.<|>Pino, F.<|>Aranibar Aversa, Germán Francisco
049753;v22_Autor_personal;Montero, H.<|>Mónaco, G.<|>Aranibar, G.<|>Luxardo, M.;Montero, H.<|>Mónaco, G.<|>Aranibar Aversa, Germán Francisco<|>Luxardo, María Eugenia
049754;v22_Autor_personal;Silbert, V.<|>Stacey, E.<|>Barrera, V.<|>Burroni, L.<|>Molina, S.<|>Federico, M.<|>Rivarola, P.<|>Cerchiai, E.<|>Claros, S.<|>Ciurletti, C.<|>Renaud, V.<|>Storani, E.<|>Aimar, B. N.<|>Álvarez, J.<|>Cerutti, P.;Silbert Voldman, Violeta<|>Stacey, E.<|>Barrera, Verónica Natalia<|>Burroni, Laura Valeria<|>Molina, S.<|>Federico, M.<|>Rivarola, Paula<|>Cerchiai, Edgar<|>Claros, S.<|>Ciurletti, Cristián Ricardo<|>Renaud, V.<|>Storani, E.<|>Aimar, Bruno Nicolás<|>Álvarez, J.<|>Cerutti Antonietti, Pablo
049755;v22_Autor_personal;Cerchiai, E.<|>Ciurletti, C.<|>Claros, S.<|>Alanis, S.<|>Cerutti, P.;Cerchiai, Edgar<|>Ciurletti, Cristián Ricardo<|>Claros, S.<|>Alanis, Sergio Luis<|>Cerutti Antonietti, Pablo
049756;v22_Autor_personal;Cerchiai, E.<|>Ciurletti, C.<|>Claros, S.<|>Espejo, C.<|>Santi, A.<|>Fernández, P.;Cerchiai, Edgar<|>Ciurletti, Cristián Ricardo<|>Claros, S.<|>Espejo, C.<|>Santi, Analía Gabriela<|>Fernández, P.
049757;v22_Autor_personal;"Cerchiai, E.<|>Claros, S.<|>Ciurletti, C.<|>Cerutti, P.<|>Caballero, M.<|>Castillo, S.<|>Espejo, C.<|>Neuilly, R.;<|>Fernández, M.<|>Herrera, C.<|>Santi, A.";"Cerchiai, Edgar<|>Claros, S.<|>Ciurletti, Cristián Ricardo<|>Cerutti Antonietti, Pablo<|>Caballero Arancibia, Maximiliano Fabián<|>Castillo, Silvana Soledad<|>Espejo, C.<|>Neuilly, R.;<|>Fernández, M.<|>Herrera, C.<|>Santi, Analía Gabriela"
049758;v22_Autor_personal;Vivas, L. M.<|>Binaghi, M. J.<|>Olmedo, M. C.<|>Hostench, M. C.<|>López, L. B.<|>Álvarez, M. A.;Vivas, Lis Mariana<|>Binaghi, María Julieta<|>Olmedo, Mariana Cecilia<|>Hostench, M. C.<|>López, L. B.<|>Álvarez, Marcela Andrea
049759;v22_Autor_personal;Velazco, R.<|>Vergara, D.<|>Rivarola, C.<|>Muracciole, G.<|>Jarzinski, M.;Velazco, Jose Ricardo<|>Vergara, D.<|>Rivarola, Clyber Diosnel<|>Muracciole, G.<|>Jarzinski, Mario Antenor
049760;v22_Autor_personal;Castelli, M. L.<|>Rodríguez, A.<|>Raco, F.<|>Castells, M. L.<|>Zampatti, M.<|>Rodríguez, G.<|>Palacios, I.<|>Balán, M.<|>Olivera Carrión, M.;Castelli, María Laura<|>Rodríguez, Abel Sebastián<|>Raco, Fernando Francisco<|>Castells, María Laura<|>Zampatti, M.<|>Rodríguez, G.<|>Palacios, I.<|>Balán, Matías<|>Olivera Carrión, M.
049762;v22_Autor_personal;Casoliba, R.<|>Bravo, M.D.<|>Araya, E.;Casóliba, Ramiro Martín<|>Bravo, M.D.<|>Araya, Enrique
049763;v22_Autor_personal;Sánchez, M.<|>Mónaco, G.<|>Gramajo, E.<|>Arena, N.<|>Kainz, C.<|>Renaud, V.;Sánchez, M.<|>Mónaco, G.<|>Gramajo, E.<|>Arena Patiño, Nahir Jezabel<|>Kainz, Cecilia<|>Renaud, V.
049765;v22_Autor_personal;Barda, N.<|>Corti, G.<|>Calvo, P.<|>De Ángelis, V.<|>Gittins, C.<|>Miranda, M.<|>Suárez, P.;Barda, Norma Beatriz<|>Corti, Gilda María<|>Calvo, P.<|>De Ángelis, Verónica<|>Gittins, C.<|>Miranda, María José<|>Suárez, Pablo Javier
049766;v22_Autor_personal;Lell, M.<|>Epifane, E.<|>Cañete, V. A.<|>Cuesta, A. I.<|>Malis, J. E.;Lell, Marianela<|>Epifane, E.<|>Cañete, Víctor Alberto<|>Cuesta, A. I.<|>Malis, Julio Eduardo
049767;v22_Autor_personal;Yanke, J.<|>Espejo, C.<|>Possetto, M.;Yanke, Jésica Melina<|>Espejo, C.<|>Possetto, M.
049769;v22_Autor_personal;Sánchez, E.<|>Fornés, D.<|>Canepare, C.<|>Fournier, M.<|>Rodríguez López, J.<|>Apro, N.<|>Flores, A.<|>Curia, A.<|>Ferreyra, V.<|>Aguilar, V.;Sánchez, E.<|>Fornés, D.<|>Canepare, Carlos Alberto<|>Fournier, M.<|>Rodríguez López, J.<|>Apro, Nicolás<|>Flores, A.<|>Curia, Ana Valeria<|>Ferreyra, V.<|>Aguilar, Valentina
049770;v22_Autor_personal;Curia, A.<|>Flores, A.;Curia, Ana Valeria<|>Flores, A.
049771;v22_Autor_personal;Ferreyra, V.<|>Curia, A.<|>Flores, A.<|>Aguilar, V.<|>Fournier, M.<|>Sánchez, E.<|>Fornés, D.<|>Canepare, C.<|>Orlando, C.<|>Puntieri, V.<|>Gulivart, V.<|>Salazar, G.<|>Rodríguez López, J.<|>Apro, N.;Ferreyra, V.<|>Curia, Ana Valeria<|>Flores, A.<|>Aguilar, Valentina<|>Fournier, M.<|>Sánchez, E.<|>Fornés, D.<|>Canepare, Carlos Alberto<|>Orlando, C.<|>Puntieri, V.<|>Gulivart, V.<|>Salazar, G.<|>Rodríguez López, J.<|>Apro, Nicolás
049772;v22_Autor_personal;Ferreyra, V.<|>Curia, A.<|>Flores, A.<|>Aguilar, V.<|>Fournier, M.<|>Apro, N.<|>Olivera Carrión, M.;Ferreyra, V.<|>Curia, Ana Valeria<|>Flores, A.<|>Aguilar, Valentina<|>Fournier, M.<|>Apro, Nicolás<|>Olivera Carrión, M.
049773;v22_Autor_personal;Flores, A.<|>Apro, N.<|>Li Puma, G.<|>Miguelez, G.<|>Olmos, M.<|>Quiroga, G.<|>Armas, P.;Flores, A.<|>Apro, Nicolás<|>Li Puma, G.<|>Vicente Miguelez, Gabriela Inés<|>Olmos, M.<|>Quiroga, G.<|>Armas, Pamela Soledad
049775;v22_Autor_personal;Canepare, C.<|>Fornés, D.<|>Sánchez, E.<|>Calvo, P.<|>Rodríguez, J. C.<|>Apro, N.;Canepare, Carlos Alberto<|>Fornés, D.<|>Sánchez, E.<|>Calvo, P.<|>Rodríguez, J. C.<|>Apro, Nicolás
049776;v22_Autor_personal;Sánchez, E.<|>Canepare, C.<|>Rodríguez, J. C.<|>Apro, N.<|>Cagnasso, C.<|>Parzanese, M.<|>Dyner, L.<|>Olivera Carrión, M.<|>Fornés, D.<|>Ferreyra, V.<|>Fournier, M.<|>Orlando, C.;Sánchez, E.<|>Canepare, Carlos Alberto<|>Rodríguez, J. C.<|>Apro, Nicolás<|>Cagnasso, Carolina Elisa<|>Parzanese, M.<|>Dyner, Luis<|>Olivera Carrión, M.<|>Fornés, D.<|>Ferreyra, V.<|>Fournier, M.<|>Orlando, C.
049777;v22_Autor_personal;Fornés, D.<|>Sánchez, E.<|>Canepare, C.<|>Fournier, M.<|>Ramírez, S.<|>Alfredo, G.<|>Rodríguez, J. C.<|>Rodríguez, M. M.<|>Apro, N.;Fornés, D.<|>Sánchez, E.<|>Canepare, Carlos Alberto<|>Fournier, M.<|>Ramírez, S.<|>Alfredo, Guillermo Javier<|>Rodríguez, J. C.<|>Rodríguez, M. M.<|>Apro, Nicolás
049778;v22_Autor_personal;Ciani, E.<|>Paciotti, V.<|>Pujol, E.<|>Ponce, F.;Ciani, Elsa Noemí<|>Paciotti, V.<|>Pujol, E.<|>Ponce, F.
049779;v22_Autor_personal;Sánchez, E.<|>Canepare, C.<|>Fornés, D.<|>Fournier, M.<|>Orlando, C.<|>Apro, N.<|>Rodríguez, J. C.<|>Aguilar, V.;Sánchez, E.<|>Canepare, Carlos Alberto<|>Fornés, D.<|>Fournier, M.<|>Orlando, C.<|>Apro, Nicolás<|>Rodríguez, J. C.<|>Aguilar, Valentina
049780;v22_Autor_personal;Sánchez, E.<|>Fornés, D.<|>Canepare, C.<|>Fournier, M.<|>Ramírez, S.<|>Alfredo, G.<|>Rodríguez, J. C.<|>Rodríguez, M. A.<|>Apro, N.;Sánchez, E.<|>Fornés, D.<|>Canepare, Carlos Alberto<|>Fournier, M.<|>Ramírez, S.<|>Alfredo, Guillermo Javier<|>Rodríguez, J. C.<|>Rodríguez, Matías Agustín<|>Apro, Nicolás
049781;v22_Autor_personal;Rodríguez, J. C.<|>Apro, N.;Rodríguez, J. C.<|>Apro, Nicolás
049782;v22_Autor_personal;Vigna, A.<|>Mathon, Y.<|>Pozzo, M.<|>Ariza, R.<|>Becker, R.<|>Carrizo, F.<|>Gentile, N.<|>Marchini, H.<|>Martínez, L.<|>Narvaez, D.<|>Palladino, C.<|>Paterson, F.<|>Paratore, N.<|>Parenti, A.<|>Pinheiro, V.<|>Ramírez, R.<|>Scolarici, J.<|>Scovenna, L.<|>Secchi, M.;Vigna, Alejandrina Moira<|>Mathon, Y.<|>Pozzo, M.<|>Ariza, Irene Raquel<|>Becker, Rosalba María<|>Carrizo, Fabián Lucio<|>Gentile, N.<|>Marchini, Helena<|>Martínez, L.<|>Narvaez, D.<|>Palladino, C.<|>Paterson, F.<|>Paratore, N.<|>Parenti, A.<|>Pinheiro, V.<|>Ramírez, Rodrigo Javier<|>Scolarici, J.<|>Scovenna, L.<|>Secchi, M.
049783;v22_Autor_personal;Arechaga, J.<|>Cordara, M.<|>Corbino, G.<|>Valentini, G.;Arechaga, Josefina<|>Cordara, Marcela Fernanda<|>Corbino, Graciela Beatriz<|>Valentini, G.
049784;v22_Autor_personal;Martínez Sáenz, M. G.<|>Ho, Q. T.<|>Verboven, P.<|>Nicolaï, B.;Martínez Sáenz, María Guadalupe<|>Ho, Q. T.<|>Verboven, Pieter<|>Nicolaï, B.
049785;v22_Autor_personal;Ariza, R.<|>Gordon, A.<|>Mascherano, F.<|>Sauret, B.<|>Aquino, W.<|>Bassanese, I.<|>Becker, R.<|>Camali, M.<|>Campanini, H.<|>Ceballos, J.<|>Cogno, M.<|>García, R.<|>Herrero, P.<|>Marchini, H.<|>Olmos, G.<|>Paterson, F.<|>Pinheiro, V.<|>Ramírez, R.<|>Scolarici, J.<|>Secchi, M.<|>Vergelín, P.<|>Vigna, A.;Ariza, Irene Raquel<|>Gordon, A.<|>Mascherano, F.<|>Sauret, B.<|>Aquino, W.<|>Bassanese, I.<|>Becker, Rosalba María<|>Camali, M.<|>Campanini, H.<|>Ceballos, Jorge Ceferino<|>Cogno, M.<|>García, R.<|>Herrero, P.<|>Marchini, Helena<|>Olmos, G.<|>Paterson, F.<|>Pinheiro, V.<|>Ramírez, Rodrigo Javier<|>Scolarici, J.<|>Secchi, M.<|>Vergelín, P.<|>Vigna, Alejandrina Moira
049786;v22_Autor_personal;Boeri, R.<|>Almada, C.<|>Guirín, G.<|>Montecchia, C.<|>Villian, M.;Boeri, Ricardo Luis<|>Almada, Carolina<|>Guirín, G.<|>Montecchia, C.<|>Villian, Marisa Betina
049787;v22_Autor_personal;Supanitsky, A.<|>Russo, D.<|>Vozza, N.<|>Zorreguieta, A.;Supanitsky, Alicia Beatriz<|>Russo, D.<|>Vozza, N.<|>Zorreguieta, Ángeles
049788;v22_Autor_personal;Tuninetti, L.<|>Garrido, G.<|>Suárez, M. F.;Tuninetti, Leticia<|>Garrido, G.<|>Suárez, M. F.
049789;v22_Autor_personal;Supanitsky, A.<|>Russo, D.<|>Draghi, W.<|>Wall, L.<|>Zorreguieta, A.;Supanitsky, Alicia Beatriz<|>Russo, D.<|>Draghi, Walter Omar<|>Wall, L.<|>Zorreguieta, Ángeles
049790;v22_Autor_personal;Tuninetti, L.<|>Garrido, G.<|>Bongiovanni, R.;Tuninetti, Leticia<|>Garrido, G.<|>Bongiovanni, Rodolfo
049791;v22_Autor_personal;Agnello, J.<|>Benítez, A.<|>Fernández Luco, L.;Agnello, Julio Martín<|>Benítez, A.<|>Fernández Luco, L.
049792;v22_Autor_personal;Agnello, J.<|>Benítez, A.<|>Carreño, P.<|>Verna, R.;Agnello, Julio Martín<|>Benítez, A.<|>Carreño, P.<|>Verna, R.
049793;v22_Autor_personal;Zubiaurre, L.<|>Villian, M.<|>Puga, J.<|>Montecchia, C.<|>Guirín, G.<|>Diorio, X.<|>Boeri, R.;Zubiaurre, Juan Lucas<|>Villian, Marisa Betina<|>Puga, J.<|>Montecchia, C.<|>Guirín, G.<|>Diorio, Ximena Luz<|>Boeri, Ricardo Luis
049794;v22_Autor_personal;Landeau, A.<|>Najul, J.C.<|>Poliak, R.<|>Quiroga Castelat, R.<|>Renzi, L.<|>Vanin, N.<|>Vázquez, S.;Landeau, A.<|>Najul, J.C.<|>Poliak, R.<|>Quiroga Castelat, R.<|>Renzi, L.<|>Vanin, Silvia Natalia<|>Vázquez, S.
049795;v22_Autor_personal;Pettigiani, E.<|>Renzi, L.<|>Vanin, N.<|>Suárez, E.;Pettigiani, Eugenio<|>Renzi, L.<|>Vanin, Silvia Natalia<|>Suárez, E.
049797;v22_Autor_personal;Rodríguez, R.<|>Bailat, F.<|>Flesler, F.<|>Di Risio, J.<|>Cornacchini, M.<|>Toledo, A.<|>Gonzalez, M.;Rodríguez, Ruth Alejandra<|>Bailat, Federico Luis<|>Flesler, F.<|>Di Risio, J.<|>Cornacchini, Marina<|>Toledo, Antonio Edgardo<|>Gonzalez, M.
049798;v22_Autor_personal;Barconty, J. L.<|>Mery, H.<|>Gómez Godoy, F.<|>Baudino, G.<|>Mariño, I.<|>Escalante, K.<|>Gonzalez, A.<|>Celiz, A.<|>Bertolami, F.<|>Deymonnaz, A.;Barconty, José Luis<|>Mery, H.<|>Gómez Godoy, F.<|>Baudino, Guillermo Andrés<|>Mariño, I.<|>Escalante, K.<|>Gonzalez, A.<|>Celiz, A.<|>Bertolami, Facundo<|>Deymonnaz, A.
049799;v22_Autor_personal;Barconty, J. L.<|>Mery, H.<|>Gómez Godoy, F.<|>Baudino, G.<|>Escalante, K.<|>Ramilo, D.<|>Vázquez, L.;Barconty, José Luis<|>Mery, H.<|>Gómez Godoy, F.<|>Baudino, Guillermo Andrés<|>Escalante, K.<|>Ramilo, D.<|>Vázquez, L.
049800;v22_Autor_personal;Zito, M.<|>Ariza, R.<|>Tuninetti, L.<|>Herrero, P.<|>Maugeri, S.<|>Oneto, F.<|>Díaz, V.<|>Becker, R.<|>Martínez, F.<|>Dietrich, A.<|>Flores, F.;Zito, Diego Maximiliano<|>Ariza, Irene Raquel<|>Tuninetti, Leticia<|>Herrero, P.<|>Maugeri, S.<|>Oneto, F.<|>Díaz, María Victoria<|>Becker, Rosalba María<|>Martínez, F.<|>Dietrich, Alberto<|>Flores, F.
049801;v22_Autor_personal;Masciotta, A.<|>Berho, F.<|>Buratti, P.<|>Mejías, M.P.<|>Moses, N.;Masciotta, A.<|>Berho, Flavia Mariel<|>Buratti, Pablo<|>Mejias, María Paula<|>Moses, N.
049803;v22_Autor_personal;Takashima, C.<|>Dionicio, A.<|>Agustinho, M. A.;Takashima, C.<|>Dionicio, Alejandra Victoria<|>Agustinho, María Alejandra
049804;v22_Autor_personal;Barbelli, M. S.<|>Viale, P. G.<|>Jordán, M.<|>Papa, M.;Barbelli López, Maria Soledad<|>Viale, Pablo Gabriel<|>Jordán, M.<|>Papa, M.
049805;v22_Autor_personal;Szteinberg, A. S.<|>Köber, E.<|>Benítez, A.<|>Fernández Sturla, M. J.<|>Vergara, E. H.<|>Tomé, A. A.;Szteinberg, Silvia<|>Köber, Érica<|>Benítez, A.<|>Fernández Sturla, M. J.<|>Vergara, E. H.<|>Tomé, A. A.
049806;v22_Autor_personal;Fernández Sturla, M. J.<|>Sformo, O.<|>Benítez, A.<|>Carreño, P.<|>Verna, R.;Fernández Sturla, M. J.<|>Sformo, Alcides Oscar<|>Benítez, A.<|>Carreño, P.<|>Verna, R.
049807;v22_Autor_personal;López, E. E.<|>Santos, L.<|>Rillo, S.;López, Eduardo Emilio<|>Santos, Luciano<|>Rillo, S.
049808;v22_Autor_personal;Lavoria, M. L.<|>Fiora, J.;Lavoria, Martín Leonardo<|>Fiora, J.
049809;v22_Autor_personal;Palazzo, G.<|>Garrigós, M.<|>Inocenti, M. C.<|>Eisenberg, P.;Palazzo, G.<|>Garrigós, M.<|>Inocenti, María Cristina<|>Eisenberg, P.
049810;v22_Autor_personal;Giorgio, P.<|>Santaya, M.;Giorgio, P.<|>Santaya, Mariano
049811;v22_Autor_personal;Giarmana, G.<|>Iuzzolino, R.;Giarmana, G.<|>Iuzzolino, Ricardo Javier
049812;v22_Autor_personal;Álvarez, R. J.<|>Ugarteche, W. M. S.<|>Amore, S.  F.<|>Schvartz, M. A.<|>Quesada, M.<|>Gheco, L.;Álvarez, Rodrigo Javier<|>Ugarteche, Wanda María Sol<|>Amore, S.  F.<|>Schvartz, Mariano Ariel<|>Quesada, M.<|>Gheco, L.
049813;v22_Autor_personal;Beer, E.<|>Giarmana, G.<|>Álvarez, L.;Beer, Ethel Mariana<|>Giarmana, G.<|>Álvarez, L.
049814;v22_Autor_personal;Beer, E.<|>Giarmana, G.<|>Álvarez, L.<|>Bastida, K.;Beer, Ethel Mariana<|>Giarmana, G.<|>Álvarez, L.<|>Bastida, Karina Beatriz
049815;v22_Autor_personal;Luna, D.<|>Jazwinski, L. E.<|>Zinzallari, A.;Luna, Diego<|>Jazwinski, Edgardo Leonel<|>Zinzallari, Alberto
049816;v22_Autor_personal;Szombach, J.<|>Riu, F.<|>Santos, L.<|>Martínez Krahmer, D.<|>Bastía, G.;Szombach, J.<|>Riu, F.<|>Santos, Luciano<|>Martínez Krahmer, Daniel Osvaldo<|>Bastía, G.
049817;v22_Autor_personal;Bellelli, D. A.<|>Blasco, M.<|>Gastaldi, B.<|>Lerda, J.;Bellelli, Diego Aldo<|>Blasco, M.<|>Gastaldi, B.<|>Lerda, Juan Manuel
049818;v22_Autor_personal;Aguilera, L.<|>Ariza, R.<|>Llopart, L.<|>Oneto, F.<|>Albariñas, M.<|>Albisu, L.<|>Arrachea, A.<|>Becker, R.<|>Burlot, A.<|>Casabona, M.<|>Gay, F.<|>Herrero, P.<|>Najul, J.C.<|>Palladino, C.<|>Ruiz, V.;Aguilera, Laura Fabiana<|>Ariza, Irene Raquel<|>Llopart, L.<|>Oneto, F.<|>Albariñas, M.<|>Albisu, María Lucila<|>Arrachea, A.<|>Becker, Rosalba María<|>Burlot, A.<|>Casabona, Marcela Andrea<|>Gay, F.<|>Herrero, P.<|>Najul, J.C.<|>Palladino, C.<|>Ruiz, V.
049820;v22_Autor_personal;Ariza, R.<|>Duzdevich, J.<|>Gay, F.<|>Oneto, F.<|>Casabona, A.<|>Casabona, M.<|>Flores, F.<|>Herrero, P.<|>Marchini, H.<|>Martín, G.<|>Martínez, L.<|>Palladino, C.<|>Ramírez, R.;Ariza, Irene Raquel<|>Duzdevich, Juan Pablo<|>Gay, F.<|>Oneto, F.<|>Casabona, Ángel Miguel Francisco<|>Casabona, Marcela Andrea<|>Flores, F.<|>Herrero, P.<|>Marchini, Helena<|>Martín, G.<|>Martínez, L.<|>Palladino, C.<|>Ramírez, Rodrigo Javier
049821;v22_Autor_personal;Becker, R.<|>Fígoli, S.<|>Herrero, P.<|>Marchini, H.<|>Ramírez, R.<|>Ariza, R.<|>Blanco, M. C.<|>Flores, F.<|>Gay, F.<|>Martínez, L.<|>Medín, C.<|>Oneto, F.<|>Secchi, M.<|>Vigna, A.;Becker, Rosalba María<|>Fígoli, S.<|>Herrero, P.<|>Marchini, Helena<|>Ramírez, Rodrigo Javier<|>Ariza, Irene Raquel<|>Blanco, M. C.<|>Flores, F.<|>Gay, F.<|>Martínez, L.<|>Medín, C.<|>Oneto, F.<|>Secchi, M.<|>Vigna, Alejandrina Moira
049822;v22_Autor_personal;Gattucci, L.<|>Kornblit, F.<|>Correa, V.<|>Quiroga, S.;Gattucci, L.<|>Kornblit, Fernando<|>Correa, Viviana<|>Quiroga, S.
049823;v22_Autor_personal;Jung, S.<|>Thompson, P.<|>Marino, P.;Jung, S.<|>Thompson, Paulo<|>Marino, P.
049825;v22_Autor_personal;Galacho, V.<|>Rodríguez, G.<|>Castro, F.;Galacho, V.<|>Rodríguez, G.<|>Castro, Fabiana Andrea
049826;v22_Autor_personal;Girini, E.<|>Eliach, J.<|>Crivari, J.<|>Oña, J.;Girini, E.<|>Eliach, J.<|>Crivari, Juan Pablo<|>Oña, J.
049827;v22_Autor_personal;Forastieri, J.<|>Lupo, S.<|>Brenta, H.;Forastieri, J.<|>Lupo, Sergio Gustavo<|>Brenta, Hernán Matías
049828;v22_Autor_personal;Mastromonaco, G.<|>Davel, G.<|>Mazza, M. G.<|>Mazza, M.<|>Rivas, C.<|>Bosco Borgeat, M. E.<|>Refojo, N.;Mastromonaco, G.<|>Davel, Graciela<|>Mazza, M. G.<|>Mazza, M.<|>Rivas, C.<|>Bosco Borgeat, María Eugenia<|>Refojo, N.
049829;v22_Autor_personal;Real, M. A.<|>Bierzychudek, M. E.;Real, M. A.<|>Bierzychudek, Marcos Eduardo
049831;v22_Autor_personal;Luna, D. A.<|>Zinzallari, A.<|>Jazwinski, L. E.<|>Jesiotr, V.<|>Scatena, E.;Luna, D. A.<|>Zinzallari, Alberto<|>Jazwinski, Edgardo Leonel<|>Jesiotr, Valeria Andrea<|>Scatena, Eduardo
049832;v22_Autor_personal;Ariza, R.<|>Flores, F.<|>Herrero, P.<|>Ramírez, R.;Ariza, Irene Raquel<|>Flores, F.<|>Herrero, P.<|>Ramírez, Rodrigo Javier
049833;v22_Autor_personal;Rivara, M.<|>Silva, C.<|>Rossi, N.<|>Trossero, M.<|>Castro, Á.<|>Mastromónaco, G.<|>Kornblit, F.;Rivara, Mariana<|>Silva, C.<|>Rossi, N.<|>Trossero, Mariana<|>Castro, Á.<|>Mastromónaco, Gladys Miriam<|>Kornblit, Fernando
049834;v22_Autor_personal;Charreau, G.<|>Álvarez, J.<|>Kawior, J.<|>Castro, A.<|>Santis, A.<|>Berto, F.;Charreau, Geraldine Luján<|>Álvarez, J.<|>Kawior, J.<|>Castro, A.<|>Santis, A.<|>Berto, Antonio Fernando
049835;v22_Autor_personal;Ariza, R.<|>Bernatene, R.<|>Canale, G.<|>Flores, F.<|>Herrero, P.<|>Miño, A.<|>Oneto, F.;Ariza, Irene Raquel<|>Bernatene, R.<|>Canale, G.<|>Flores, F.<|>Herrero, P.<|>Miño, A.<|>Oneto, F.
049836;v22_Autor_personal;Vigna, A.<|>Becker, R.<|>Faure, S.<|>Ariza, R.<|>Ayres, C.<|>Cazaux, N.<|>Irisitty, M.<|>Marchini, H.<|>Oneto, F.<|>Paterson, F.<|>Ramírez, R.<|>Schmidt, A.<|>Torales, R.;Vigna, Alejandrina Moira<|>Becker, Rosalba María<|>Faure, S.<|>Ariza, Irene Raquel<|>Ayres, Carlos<|>Cazaux, Nadina Magalí<|>Irisitty, M.<|>Marchini, Helena<|>Oneto, F.<|>Paterson, F.<|>Ramírez, Rodrigo Javier<|>Schmidt, Angelina<|>Torales, Romina
049837;v22_Autor_personal;Carrizo, N.<|>Pazos, L.<|>Parodi, B.;Carrizo, Rita Noelia<|>Pazos, Leonardo Martín<|>Parodi, María Belén
049838;v22_Autor_personal;Ariza, R.<|>Dionicio, A.<|>Dorado, C.<|>Setti, W.<|>Galanzino, C.<|>García, N.<|>Gay, F.<|>Herrero, P.<|>Lamas, H.<|>Maugeri, M.<|>Oneto, F.<|>Paterson, F.<|>Pinheiro, V.<|>Ramírez, R.<|>Vergelín, P.;Ariza, Irene Raquel<|>Dionicio, Alejandra Victoria<|>Dorado, Cecilia<|>Setti, W.<|>Galanzino, C.<|>García, N.<|>Gay, F.<|>Herrero, P.<|>Lamas, H.<|>Maugeri, M.<|>Oneto, F.<|>Paterson, F.<|>Pinheiro, V.<|>Ramírez, Rodrigo Javier<|>Vergelín, P.
049839;v22_Autor_personal;Ariza, R.<|>Ceballos, J.<|>Paterson, F.<|>Pinheiro, V.<|>Ramírez, R.<|>Vergelín, P.<|>Vigna, A.;Ariza, Irene Raquel<|>Ceballos, Jorge Ceferino<|>Paterson, F.<|>Pinheiro, V.<|>Ramírez, Rodrigo Javier<|>Vergelín, P.<|>Vigna, Alejandrina Moira
049840;v22_Autor_personal;Arditi, E.<|>Armas, P.<|>Biacofiore, C.<|>Grasso, L.<|>Rigou, M.B.;Arditi, Emiliano Adrián<|>Armas, Pamela Soledad<|>Biacofiore, C.<|>Grasso, L.<|>Rigou, M.B.
049841;v22_Autor_personal;Pisano, M.<|>Bahnyckyj, M.<|>Carrizo, N.<|>Pazos, L.;Pisano, Emilio Mauro Rafael<|>Bahnyckyj, Mariana<|>Carrizo, Rita Noelia<|>Pazos, Leonardo Martín
049842;v22_Autor_personal;López, E. E.<|>Stratico, M.<|>Lobatto, I.<|>Alberti, C.<|>Rzeznik, M.;López, Eduardo Emilio<|>Stratico, M.<|>Lobatto, Iliana Valeria<|>Alberti, Cecilia<|>Rzeznik, M.
049843;v22_Autor_personal;Alventosa, A.<|>Graziani, N.<|>Li Puma, G.<|>Olmos, M.<|>Rosso, E.<|>Vaccaro, G.<|>Vicente Miguelez, G.;Alventosa, Alejandro Pablo<|>Graziani, N.<|>Li Puma, G.<|>Olmos, M.<|>Rosso, E.<|>Vaccaro, G.<|>Vicente Miguelez, Gabriela Inés
049844;v22_Autor_personal;Bensignor, J.<|>Planes, E.;Bensignor, Judith<|>Planes, E.
049845;v22_Autor_personal;Gandolfi Donadío, L.<|>Checura, C.<|>García, L. C.<|>Santos, M.<|>Comin, M. J.;Gandolfi Donadío, L.<|>Checura, Cintia Carolina<|>García, L. C.<|>Santos, Marina<|>Comin, María Julieta
049846;v22_Autor_personal;Ciarlantini, M.<|>García, L. C.<|>Gandolfi Donadío, L.<|>Cardama, G.<|>Lorenzano Menna, P.<|>González, N.<|>Alonso, D. F.<|>Gómez, D. E.<|>Defelipe, L.<|>Turjanski, A. G.<|>Blumberg, P. M.<|>Comin, M. J.;Ciarlantini, Matías Sebastián<|>García, L. C.<|>Gandolfi Donadío, L.<|>Cardama, Georgina Alexandra<|>Lorenzano Menna, P.<|>González, N.<|>Alonso, Daniel Fernando<|>Gómez, D. E.<|>Defelipe, Lucas Alfredo<|>Turjanski, Adrián G.<|>Blumberg, P. M.<|>Comin, María Julieta
049847;v22_Autor_personal;Díaz Monnier, S.<|>Méndez, A.<|>Lago, L.;Díaz Monnier, Silvia Laura<|>Méndez, Andrea Mirta<|>Lago, Lucas Damián
049848;v22_Autor_personal;Casella, V.<|>Corso, M. E.<|>Charreau, G.;Casella, Verónica María<|>Corso, María Eugenia<|>Charreau, Geraldine Luján
049849;v22_Autor_personal;Casella, V.<|>Corso, M. E.<|>Charreau, G.<|>Torero, J. L.;Casella, Verónica María<|>Corso, María Eugenia<|>Charreau, Geraldine Luján<|>Torero, José Luis
049850;v22_Autor_personal;Corso, M. E.<|>Butafuoco, H.;Corso, María Eugenia<|>Butafuoco, Hernán
049851;v22_Autor_personal;Palacios, D. L.<|>Bonecco, M. B.;Palacios, Diego Luis<|>Bonecco, María Belén
049852;v22_Autor_personal;Parmigiani, M.<|>Aragno, A.<|>Ortega, D. A.;Parmigiani, M.<|>Aragno, Alicia María<|>Ortega, Daniel Alberto
049853;v22_Autor_personal;Abate, Germán<|>Pérez, D.<|>Martínez Krahmer, D.<|>Bigot, R.;Abate, Germán Rubén<|>Pérez, D.<|>Martínez Krahmer, Daniel Osvaldo<|>Bigot, Régis
049854;v22_Autor_personal;Mastroianni, V.<|>Fontana, E.<|>Valenzuela, O.;Mastroianni, V.<|>Fontana, E.<|>Valenzuela, Osvaldo Juan
049855;v22_Autor_personal;Novaresi, M. P.<|>Rozas, C.;Novaresi, Marcelo Pablo<|>Rozas, C.
049856;v22_Autor_personal;Novaresi, M. P.<|>Delorenzi, F.<|>López, D. A.;Novaresi, Marcelo Pablo<|>Delorenzi, Fabián<|>López, Daniel Alberto
049857;v22_Autor_personal;Abate, G.<|>Pérez, D.<|>Pouton, J.<|>Brignone, J.<|>Martínez Krahmer, D.;Abate, Germán Rubén<|>Pérez, D.<|>Pouton, J.<|>Brignone, Julieta<|>Martínez Krahmer, Daniel Osvaldo
049858;v22_Autor_personal;Fiora, J.<|>Valentini, C. R.;Fiora, J.<|>Valentini, Cristobal Ramón
049859;v22_Autor_personal;Longinotti, G.<|>Montserrat, J.<|>Ybarra, G.;Longinotti, G.<|>Montserrat, J.<|>Ybarra, Gabriel Omar
049860;v22_Autor_personal;Buffa, L. M.<|>Ansorena, M. R.<|>Marcovich, N. E.<|>Herry, J. M.<|>Domenek, S.;Buffa, Lautaro Martín<|>Ansorena, M. R.<|>Marcovich, N. E.<|>Herry, J. M.<|>Domenek, S.
049861;v22_Autor_personal;Pérez, E.<|>Pazos, L.<|>Bernal, C.<|>Eisenberg, P.;Pérez, E.<|>Pazos, Leonardo Martín<|>Bernal, Celina Raquel<|>Eisenberg, P.
049862;v22_Autor_personal;Carfagnini, M.<|>Takashima, C.<|>Di Mauro, S.<|>Saralegui, S.<|>Dionisio, A.<|>Pacheco, R.;Carfagnini, Mariana<|>Takashima, C.<|>Di Mauro, Sandra Matilde<|>Saralegui, Santiago<|>Dionicio, Alejandra Victoria<|>Pacheco, R.
049863;v22_Autor_personal;Carfagnini, M.<|>Takashima, C.<|>Di Mauro, S.<|>Saralegui, S.<|>Pacheco, R.<|>Szombach, J.<|>Riu, F.<|>Tribiño, G.;Carfagnini, Mariana<|>Takashima, C.<|>Di Mauro, Sandra Matilde<|>Saralegui, Santiago<|>Pacheco, R.<|>Szombach, J.<|>Riu, F.<|>Tribiño, Gerardo Luis
049864;v22_Autor_personal;Carfagnini, M.<|>Takashima, C.<|>Di Mauro, S.<|>Saralegui, S.<|>Pacheco, R.<|>Enciso, H.<|>Bezzi, W.<|>Marino, P.<|>Passalacqua, C.<|>Correa, A.;Carfagnini, Mariana<|>Takashima, C.<|>Di Mauro, Sandra Matilde<|>Saralegui, Santiago<|>Pacheco, R.<|>Enciso, H.<|>Bezzi, Walter<|>Marino, P.<|>Passalacqua, C.<|>Correa, A.
049865;v22_Autor_personal;Agnello, J.<|>Benítez, A.<|>Rillos, G. E.<|>Ezpeleta, M.<|>Lemme, N.<|>Moretti, J. M.<|>Pérez, R.;Agnello, Julio Martín<|>Benítez, A.<|>Rillos, Graciela Elba<|>Ezpeleta, M.<|>Lemme, N.<|>Moretti, Juan Manuel<|>Pérez, R.
049866;v22_Autor_personal;De Titto, G.<|>Zornada, C. F.<|>Elisei Schicchi, A.<|>Eisenberg, P.;De Titto, Guido Andrés<|>Zornada, Carlos Fernando<|>Elisei Schicchi, A.<|>Eisenberg, P.
049867;v22_Autor_personal;Baretta, L.<|>Rosso, J.<|>Martínez, L.<|>Abate, Germán<|>Martínez Krahmer, D.<|>Pérez, D.<|>Martynenko, V.;Baretta, Luis Rubén<|>Rosso, J.<|>Martínez, L.<|>Abate, Germán Rubén<|>Martínez Krahmer, Daniel Osvaldo<|>Pérez, D.<|>Martynenko, Vitaliy
049868;v22_Autor_personal;Benítez, A.<|>Agnello, J.<|>Ruiz, A. A.;Benítez, A.<|>Agnello, Julio Martín<|>Ruiz, Adrián Alejandro
049869;v22_Autor_personal;Tufaro, L. N.<|>Buglioni, L.<|>Svoboda, H.;Tufaro, Leonardo Nicolás<|>Buglioni, Luciano<|>Svoboda, Hernán Gabriel
049870;v22_Autor_personal;Tufaro, L. N.<|>Loza, M.<|>Svoboda, H.;Tufaro, Leonardo Nicolás<|>Loza, M.<|>Svoboda, Hernán Gabriel
049871;v22_Autor_personal;Tufaro, L. N.<|>Svoboda, H.<|>Buglioni, L.;Tufaro, Leonardo Nicolás<|>Svoboda, Hernán Gabriel<|>Buglioni, Luciano
049872;v22_Autor_personal;Tufaro, L. N.<|>Svoboda, H.<|>Buglioni, L.;Tufaro, Leonardo Nicolás<|>Svoboda, Hernán Gabriel<|>Buglioni, Luciano
049873;v22_Autor_personal;Tufaro, L. N.<|>Svoboda, H.<|>Buglioni, L.<|>Zitelli, P.;Tufaro, Leonardo Nicolás<|>Svoboda, Hernán Gabriel<|>Buglioni, Luciano<|>Zitelli, Pablo Nicolás
049874;v22_Autor_personal;Mahmud, Z. A.<|>Amelotti, F.<|>Serpi, C.<|>Maskaric, O.<|>Míngolo, N.<|>Gassa, L.<|>Gordillo, G.;Mahmud, Zulema Ángela<|>Amelotti, Franco Ignacio<|>Serpi, C.<|>Maskaric, O.<|>Míngolo, N.<|>Gassa, L.<|>Gordillo, G.
049875;v22_Autor_personal;Agnello, J.<|>Benítez, A.;Agnello, Julio Martín<|>Benítez, A.
049876;v22_Autor_personal;Lorenzo, C.<|>Seccacini, E.<|>Juan, L.<|>Harburguer, L.<|>Licastro, S.<|>Masuh, H.<|>Zerba, E.<|>Eisenberg, P.;Lorenzo, María Cecilia<|>Seccacini, E.<|>Juan, L.<|>Harburguer, L.<|>Licastro, S.<|>Masuh, H.<|>Zerba, E.<|>Eisenberg, P.
049877;v22_Autor_personal;De la Concepción María, V. L.<|>Lorusso, N.<|>Svoboda, G.;De La Concepción María, Valeria Luján<|>Lorusso, Hernán Norberto<|>Svoboda, Hernán Gabriel
049878;v22_Autor_personal;De la Concepción María, V. L.<|>Lorusso, N.<|>Svoboda, G.;De La Concepción María, Valeria Luján<|>Lorusso, Hernán Norberto<|>Svoboda, Hernán Gabriel
049879;v22_Autor_personal;Tovi Albero, I.<|>Pinto, M.;Tovi Alvero, Iván Maximiliano<|>Pinto, M.
049880;v22_Autor_personal;Aguer, B.<|>Lorenzo, C.<|>Martinez, A.<|>Villacide, J.<|>Eisenberg, P.;Aguer, María Belén<|>Lorenzo, María Cecilia<|>Martinez, A.<|>Villacide, José María<|>Eisenberg, P.
049881;v22_Autor_personal;Santos, L.<|>Della Vecchia, M.<|>Rillo, S.<|>Galetti, M.<|>Vigliocco, F.<|>López, E. E.;Santos, Luciano<|>Della Vecchia, Miguel Ángel<|>Rillo, S.<|>Galetti, M.<|>Vigliocco, Fabián<|>López, Eduardo Emilio
049882;v22_Autor_personal;Arballo, M.<|>Seal, A.<|>García, S.<|>Satler, A.<|>Roca, R.;Arballo, María Fabiola<|>Seal, A.<|>García, S.<|>Satler, A.<|>Roca, Roberto
049883;v22_Autor_personal;Enciso, H.<|>Álvarez, H.<|>Fernández, M.<|>Cancela, E.<|>Maxia, G.;Enciso, H.<|>Álvarez, Juan Horacio<|>Fernández, M.<|>Cancela, Guillermo Ezequiel<|>Maxia, G.
049884;v22_Autor_personal;Santos, L.<|>Della Vecchia, M.<|>Rillo, S.<|>Galetti, M.<|>Vigliocco F.;Santos, Luciano<|>Della Vecchia, Miguel Ángel<|>Rillo, S.<|>Galetti, M.<|>Vigliocco F.
049885;v22_Autor_personal;Mazzilli, G.<|>Scelsio, N.<|>Castro, M.<|>Leidi, F.<|>Esterelles, G.<|>Escola, M.<|>García, S.<|>Montanelli, S.<|>Correa, E.<|>Martegani, J.;Mazzilli, Germán<|>Scelsio, N.<|>Castro, Maximiliano Gastón<|>Leidi, F.<|>Esterelles, G.<|>Escola, M.<|>García, S.<|>Montanelli, S.<|>Correa, José Enrique<|>Martegani, José Eduardo
049886;v22_Autor_personal;Baldán, S.<|>Balmaceda, J.<|>Banega, D.<|>Bisciotti, K.<|>Ceriotti, A.<|>Pinto, M.<|>Tiscornia, I.;Baldán, S.<|>Balmaceda, José Eduardo<|>Banega, Damián Guillermo<|>Bisciotti, Karina Rosana<|>Ceriotti, Andrés Leonardo<|>Pinto, M.<|>Tiscornia, María Isabel
049887;v22_Autor_personal;Aguer, B.<|>Elisei Schicchi, A.<|>Lorenzo, C.<|>de Titto, G.<|>Munizza, G.<|>Candan, A. P.<|>Calvo, G.<|>Eisenberg, P.;Aguer, María Belén<|>Elisei Schicchi, A.<|>Lorenzo, María Cecilia<|>De Titto, Guido Andrés<|>Munizza, Gabriela Vanina<|>Candan, Ana Paula<|>Calvo, Gabriela<|>Eisenberg, P.
049888;v22_Autor_personal;Blanco Massani, M.<|>Molina, V.<|>Sanchez, M.<|>Renaud, V.<|>Eisenberg, P.<|>Vignolo, G.;Blanco Massani, Mariana Raquel<|>Molina, V.<|>Sanchez, M.<|>Renaud, V.<|>Eisenberg, P.<|>Vignolo, Graciela Margarita
049889;v22_Autor_personal;Cancela, E.<|>Matos, L.<|>Fiszman, G.<|>Eisenberg, P.<|>Blanco Massani, M.;Cancela, Guillermo Ezequiel<|>Matos, María Laura<|>Fiszman, G.<|>Eisenberg, P.<|>Blanco Massani, Mariana Raquel
049890;v22_Autor_personal;Iranzo, C.<|>Giberti, M.<|>García, M.<|>Paz, D.<|>Gutiérrez, T.<|>Munizza, G.<|>Fernández, G.;Iranzo, Claudia Manuela<|>Giberti, M.<|>García, M.<|>Paz, D.<|>Gutiérrez, T.<|>Munizza, Gabriela Vanina<|>Fernández, G.
049891;v22_Autor_personal;Pujato, L.<|>De Rosa, G.<|>Fernández, V.<|>Fernández, M. R.<|>Fernández, G.;Pujato, L.<|>De Rosa, Guillermo<|>Fernández, V.<|>Fernández, M. R.<|>Fernández, G.
049892;v22_Autor_personal;Munizza, G.<|>Córdoba Estévez, M.<|>Reñones, L.<|>Rodríguez, L.<|>Martínez, M.<|>Eisenberg, P.;Munizza, Gabriela Vanina<|>Córdoba Estévez, Mónica María<|>Reñones, L.<|>Rodríguez, L.<|>Martínez, M.<|>Eisenberg, P.
049893;v22_Autor_personal;Pérez, H.<|>Berardo, L.<|>Svoboda, H.;Pérez, H.<|>Berardo, Liliana<|>Svoboda, Hernán Gabriel
049894;v22_Autor_personal;Menéndez, D. H.;Menéndez, Diego Hernán
049895;v22_Autor_personal;Gómez, G.<|>Cucoresse, J.<|>Díaz Monnier, S.<|>Alanis, M.<|>Méndez, A.<|>Lago, L.;Gómez, G.<|>Cucoresse, J.<|>Díaz Monnier, Silvia Laura<|>Alanis, Martín Hernán<|>Méndez, Andrea Mirta<|>Lago, Lucas Damián
049896;v22_Autor_personal;Aguirre, E.D.<|>Mingo, R.;Aguirre, Ernesto Delfino<|>Mingo, R.
049897;v22_Autor_personal;Giannetta, H.M.R.<|>Calaza, C.<|>García Castaño, A.<|>Godignone, P.<|>Fonseca, L.<|>Fraigi, L.;Giannetta, H.M.R.<|>Calaza, C.<|>García Castaño, A.<|>Godignone, P.<|>Fonseca, L.<|>Fraigi, Liliana Beatriz
049898;v22_Autor_personal;Jorge, J.<|>Rueda, L.;Jorge, J.<|>Rueda, Leandro Félix
049899;v22_Autor_personal;Jorge, J.<|>Moretti, I.<|>Caniglia, C.<|>Amado, J.<|>Puntillo, D.;Jorge, J.<|>Moretti, I.<|>Caniglia, Cristian Sergio<|>Amado, José Luis<|>Puntillo, D.
049900;v22_Autor_personal;Granell, P.<|>Tozzi, L.<|>Lozano, A.<|>Giménez, G.;Granell, P.<|>Tozzi, Leandro<|>Lozano, A.<|>Giménez, G.
049901;v22_Autor_personal;San Martín, G.<|>Aymonino, O.<|>Lindstrom, E. <|>Maldonesi, P. <|>Julián, P. <|>Ybarra, G. <|>Fraigi, L.;San Martín, G.<|>Aymonino, O.<|>Lindstrom, E. <|>Maldonesi, P. <|>Julián, P. <|>Ybarra, Gabriel Omar<|>Fraigi, Liliana Beatriz
049902;v22_Autor_personal;Lloret, M.<|>Roberti, M.<|>Mass, M.<|>Fraigi, L.;Lloret, M.<|>Roberti, M.<|>Mass, Mijal Inés<|>Fraigi, Liliana Beatriz
049903;v22_Autor_personal;Gwirc, S.N.<|>Dos Reis, F.<|>Mariño, N.<|>Gómez, J.C.;Gwirc, S.N.<|>Dos Reis, F.<|>Mariño, Néstor Raúl<|>Gómez, J.C.
049906;v22_Autor_personal;Altamirano, P. M.<|>Vynnycky, M.<|>Saravia, L. R.;Altamirano, Pablo Martín<|>Vynnycky, M.<|>Saravia, L. R.
049909;v22_Autor_personal;Zappa, A.<|>Duzdevich, J.<|>Martín, G.;Zappa, Andrés Enrique<|>Duzdevich, Juan Pablo<|>Martín, G.
049910;v22_Autor_personal;Zappa, A.<|>Duzdevich, J.<|>Martín, G.<|>Álvarez, L.<|>Oses, A.;Zappa, Andrés Enrique<|>Duzdevich, Juan Pablo<|>Martín, G.<|>Álvarez, L.<|>Oses, A.
049911;v22_Autor_personal;Zappa, A.<|>Duzdevich, J.<|>Martín, G.<|>Oses, A.;Zappa, Andrés Enrique<|>Duzdevich, Juan Pablo<|>Martín, G.<|>Oses, A.
049914;v22_Autor_personal;Cordi, M.<|>Gil, G.<|>Pescio, F.;Cordi, Pablo Martín<|>Gil, G.<|>Pescio, F.
049915;v22_Autor_personal;Cordi, M.<|>Gil, G.<|>Valente, S.<|>Ceballos, J.<|>Pintos, M.<|>Elvira, G.;Cordi, Pablo Martín<|>Gil, G.<|>Valente, S.<|>Ceballos, Jorge Ceferino<|>Pintos, M.<|>Elvira, G.
049917;v22_Autor_personal;Pescio, F.<|>Cordi, M.<|>Rodríguez, A.<|>Chiaravalloti, A.;Pescio, F.<|>Cordi, Pablo Martín<|>Rodríguez, Abel Sebastián<|>Chiaravalloti, Alejandro Pablo
049918;v22_Autor_personal;Cordi, M.<|>Valente, S.;Cordi, Pablo Martín<|>Valente, S.
049919;v22_Autor_personal;Cordi, M.<|>Valente, S.;Cordi, Pablo Martín<|>Valente, S.
049925;v22_Autor_personal;Casá, N.E.<|>Rodríguez, A.<|>Gatti, P.;Casá, N.E.<|>Rodríguez, Abel Sebastián<|>Gatti, P.
049926;v22_Autor_personal;Real, M.A.<|>Tonina, A.<|>Elmquist, R.E.<|>Lass, E.A.<|>Liu, F.H.<|>Soons, J.;Real, M.A.<|>Tonina, Alejandra<|>Elmquist, R.E.<|>Lass, E.A.<|>Liu, F.H.<|>Soons, J.
049927;v22_Autor_personal;Tonina, A.<|>Currás, M.<|>Navarro González, M.;Tonina, Alejandra<|>Currás, Diego Martín<|>Navarro González, M.
049929;v22_Autor_personal;Forastieri, S.<|>Rodríguez Ierace, D.<|>Leiblich, J.<|>Kornblit, F.;Forastieri, S.<|>Rodríguez Ierace, D.<|>Leiblich, Juan Antonio<|>Kornblit, Fernando
049930;v22_Autor_personal;Sánchez, J.<|>Leiblich, J.<|>Kornblit, F.;Sánchez, J.<|>Leiblich, Juan Antonio<|>Kornblit, Fernando
049931;v22_Autor_personal;Puglisi, C.<|>Kawior, J.<|>Forastieri, S.<|>García Skabar, J.<|>Liste, M.<|>Ruiz de Arechavaleta, M.<|>Hernández, A.;Puglisi, C.<|>Kawior, J.<|>Forastieri, S.<|>García Skabar, J.<|>Liste, M.<|>Ruiz de Arechavaleta, Mariana<|>Hernández, A.
049933;v22_Autor_personal;Benítez, A.<|>Anfossi, L.<|>Puglisi, C.<|>Forastieri, S.<|>Mastromónaco, G.;Benítez, A.<|>Anfossi, Lionel Alexis<|>Puglisi, C.<|>Forastieri, S.<|>Mastromónaco, Gladys Miriam
049935;v22_Autor_personal;Namor, S.<|>Amado, J.<|>Muñoz, R.;Namor, S.<|>Amado, José Luis<|>Muñoz, R.
049936;v22_Autor_personal;Beer, E.<|>Álvarez, L.<|>Bastida, K.<|>Giarmana, G.;Beer, Ethel Mariana<|>Álvarez, L.<|>Bastida, Karina Beatriz<|>Giarmana, G.
049937;v22_Autor_personal;Álvarez, L.<|>Bastida, K.<|>Yapur, F.;Álvarez, L.<|>Bastida, Karina Beatriz<|>Yapur, Fernando Gabriel
049938;v22_Autor_personal;Álvarez, L.<|>Bastida, K.<|>Yapur, F.;Álvarez, L.<|>Bastida, Karina Beatriz<|>Yapur, Fernando Gabriel
049941;v22_Autor_personal;Planes, E.<|>Bensignor, J.<|>Samter, P.<|>Storino, A.<|>Parise, C.;Planes, E.<|>Bensignor, Judith<|>Samter, Paula Marcela<|>Storino, A.<|>Parise, C.
049943;v22_Autor_personal;Giménez, G.<|>Ybarra, G.<|>Azzaroni, O.<|>Brunsen, A.<|>Soler Illia, G.J.A.A.;Giménez, G.<|>Ybarra, Gabriel Omar<|>Azzaroni, O.<|>Brunsen, A.<|>Soler Illia, G.J.A.A.
049944;v22_Autor_personal;Santos, L.<|>Feltrinelli, M.<|>Pereyro, A.<|>Núñez Cantelli, R.<|>Innecco, I.;Santos, Luciano<|>Feltrinelli, M.<|>Pereyro, María Agustina<|>Núñez Cantelli, R.<|>Innecco, I.
049945;v22_Autor_personal;Herrera, L.<|>Hermida, L.<|>Biancofiore, C.<|>Grasso, L.<|>Montero, H.<|>Pino, F.<|>Vélez, H.<|>Fontana, E.<|>Segovia, E.<|>Angeleri, S.<|>Macri, R.<|>Cadin, D.<|>Salerno, A.<|>Soler, G.<|>Jung, S.;Herrera, L.<|>Hermida, L.<|>Biancofiore, Claudio Daniel<|>Grasso, L.<|>Montero, H.<|>Pino, F.<|>Vélez, H.<|>Fontana, E.<|>Segovia, E.<|>Ángeleri, Silvina María<|>Macri, R.<|>Cadin, D.<|>Salerno, A.<|>Soler, G.<|>Jung, S.
049947;v22_Autor_personal;Cattoni, D.<|>Pazos, L.<|>Svoboda, H.;Cattoni, D.<|>Pazos, Leonardo Martín<|>Svoboda, Hernán Gabriel
049948;v22_Autor_personal;González Ruiz, J.<|>Parodi, B.<|>Paz Ramos, A.<|>Pazos, L.<|>Rodríguez, L.<|>Ybarra, G.;González Ruiz, J.<|>Parodi, María Belén<|>Paz Ramos, A.<|>Pazos, Leonardo Martín<|>Rodríguez, L.<|>Ybarra, Gabriel Omar
049950;v22_Autor_personal;Planes, E.<|>Bensignor, J.<|>Samter, P.<|>Storino, A.<|>Parise, C.<|>Poliszuk, A.<|>Pinto, M.<|>Moina, C.;Planes, E.<|>Bensignor, Judith<|>Samter, Paula Marcela<|>Storino, A.<|>Parise, C.<|>Poliszuk, A.<|>Pinto, M.<|>Moina, Carlos Alberto
049953;v22_Autor_personal;García, S.<|>Arballo, M.<|>Cachile, A.<|>Martegani, J.;García, S.<|>Arballo, María Fabiola<|>Cachile, Adriana Marcela<|>Martegani, José Eduardo
049954;v22_Autor_personal;Munizza, G.<|>Giberti, M.<|>Gigena, J.<|>Ruiz de Arechavaleta, M.<|>Fernández, M.R.;Munizza, Gabriela Vanina<|>Giberti, M.<|>Gigena, J.<|>Ruiz de Arechavaleta, Mariana<|>Fernández, M.R.
049956;v22_Autor_personal;Escobar, G.<|>Medrano, A.<|>Ybarra, G.;Escobar, G.<|>Medrano, Anahí Vanesa<|>Ybarra, Gabriel Omar
049957;v22_Autor_personal;Ybarra, G.<|>Sánchez, A.<|>Lloret, P.<|>Ojea, I.;Ybarra, Gabriel Omar<|>Sánchez, A.<|>Lloret, P.<|>Ojea, I.
049958;v22_Autor_personal;Lloret, P.<|>Longinotti, G.<|>Moina, C.<|>Ybarra, G.;Lloret, P.<|>Longinotti, G.<|>Moina, Carlos Alberto<|>Ybarra, Gabriel Omar
049959;v22_Autor_personal;Abuin, Graciela C.<|>Fuertes, M. C.<|>Corti, H.;Abuin, Graciela Carmen<|>Fuertes, M. C.<|>Corti, H.
049960;v22_Autor_personal;De la Concepción María, V.L.<|>Lorusso, N.<|>Svoboda, H.;De la Concepción María, V.L.<|>Lorusso, Hernán Norberto<|>Svoboda, Hernán Gabriel
049961;v22_Autor_personal;Tufaro, L.N.<|>Svoboda, H.;Tufaro, L.N.<|>Svoboda, Hernán Gabriel
049962;v22_Autor_personal;Tufaro, L.N.<|>Svoboda, H.;Tufaro, L.N.<|>Svoboda, Hernán Gabriel
049963;v22_Autor_personal;Tufaro, L.N.<|>Svoboda, H.;Tufaro, L.N.<|>Svoboda, Hernán Gabriel
049964;v22_Autor_personal;Benítez, A.<|>Polzinetti, M.<|>Agnello, J.;Benítez, A.<|>Polzinetti, Matías Daniel<|>Agnello, Julio Martín
049965;v22_Autor_personal;Lorenzo, C.<|>Eisenberg, P.;Lorenzo, María Cecilia<|>Eisenberg, P.
049967;v22_Autor_personal;Benítez, A.<|>Polzinetti, M.<|>Agnello, J.;Benítez, A.<|>Polzinetti, Matías Daniel<|>Agnello, Julio Martín
049968;v22_Autor_personal;Eisenberg, P.<|>De Titto, G.<|>Lamensa, M.;Eisenberg, P.<|>De Titto, Guido Andrés<|>Lamensa, Marina Andrea
049969;v22_Autor_personal;Camaño, C.<|>Molinari, J.<|>Ybarra, G.<|>Moina, C.<|>Farini, V.<|>Viale, D.<|>Radrizzani, M.;Camaño, Carla Valeria<|>Molinari, J.<|>Ybarra, Gabriel Omar<|>Moina, Carlos Alberto<|>Farini, V.<|>Viale, D.<|>Radrizzani, M.
049970;v22_Autor_personal;Lorenzo, C.<|>Seccacini, E.<|>Licastro, S.<|>Eisenberg, P.<|>Zerba, E.;Lorenzo, María Cecilia<|>Seccacini, E.<|>Licastro, S.<|>Eisenberg, P.<|>Zerba, E.
049973;v22_Autor_personal;Abuin, Graciela C.<|>Amelotti, Franco<|>Giménez, G.;Abuin, Graciela Carmen<|>Amelotti, Franco<|>Giménez, G.
049976;v22_Autor_personal;Mahmud, Z.A.<|>Pina, J.<|>Mingolo, N.<|>Gassa, L.<|>Gordillo, G.<|>Tulio, P.;Mahmud, Z.A.<|>Pina, J.<|>Mingolo, N.<|>Gassa, L.<|>Gordillo, G.<|>Tulio, Paulo
049977;v22_Autor_personal;Blanco Massani, M.<|>Molina, V.<|>Eisenberg, P.<|>Renaud, V.<|>Sánchez, M.<|>Vignolo, G.;Blanco Massani, Mariana Raquel<|>Molina, V.<|>Eisenberg, P.<|>Renaud, V.<|>Sánchez, M.<|>Vignolo, Graciela Margarita
049978;v22_Autor_personal;Balmaceda, J.<|>Banega, D.;Balmaceda, José Eduardo<|>Banega, Damián Guillermo
049979;v22_Autor_personal;Cattapan, R.<|>Cellerino, K.<|>Binaghi, M.J.<|>Cinalli, M.<|>Cetrangolo, M.<|>Hostench, M.C.<|>Álvarez, M.A.<|>López, M.C.<|>López, L.;Cattapan, R.<|>Cellerino, Karina<|>Binaghi, M.J.<|>Cinalli, Mariana<|>Cetrangolo, M.<|>Hostench, M.C.<|>Álvarez, Marcela Andrea<|>López, M.C.<|>López, L.
049980;v22_Autor_personal;Álvarez, J.<|>Burroni, L.<|>Barrera, V.<|>Rivarola, P.<|>Poldi, L.<|>Zaszczynski, C.;Álvarez, J.<|>Burroni, Laura Valeria<|>Barrera, Verónica Natalia<|>Rivarola, Paula<|>Poldi, Leandro Ariel<|>Zaszczynski, Cristian Gabriel
049981;v22_Autor_personal;Yurkiv, G.<|>Cazaux, N.<|>Schneiter, E.<|>Haag, M.;Yurkiv, G.<|>Cazaux, Nadina Magalí<|>Schneiter, E.<|>Haag, M.
049982;v22_Autor_personal;Boeri, R.<|>Montecchia, C.<|>Villian, M.;Boeri, Ricardo Luis<|>Montecchia, C.<|>Villian, Marisa Betina
049983;v22_Autor_personal;Bollini, F.<|>Palacios, D.L.<|>Buffa, L.M.<|>Bonecco, M.B.<|>Martínez Sáenz, M.G.;Bollini, Fernando Rubén<|>Palacios, D.L.<|>Buffa, L.M.<|>Bonecco, M.B.<|>Martínez Sáenz, M.G.
049985;v22_Autor_personal;Boeri, R.<|>Montecchia, C.<|>Villian, M.;Boeri, Ricardo Luis<|>Montecchia, C.<|>Villian, Marisa Betina
049986;v22_Autor_personal;Zorrilla, J.<|>Villian, M.;Zorrilla, J.<|>Villian, Marisa Betina
049987;v22_Autor_personal;Rodríguez, M.A.<|>Castelli, M.L.<|>Zampatti, M.<|>Gallello, L.<|>Castañeda, R.;Rodríguez, M.A.<|>Castelli, M.L.<|>Zampatti, M.<|>Gallello, L.<|>Castañeda, Roberto Aníbal
049988;v22_Autor_personal;Hostench, M.C.<|>Olmedo, M.C.<|>De Andrade Cattapan, R.<|>Monzón, C.<|>Vivas, L.<|>Álvarez, M.A.;Hostench, M.C.<|>Olmedo, M.C.<|>De Andrade Cattapan, R.<|>Monzón, C.<|>Vivas, L.<|>Álvarez, Marcela Andrea
049989;v22_Autor_personal;Raco, F.<|>Rodríguez, A.<|>Barda, N.<|>Corti, G.<|>Miranda, M.<|>Suárez, P.;Raco, Fernando Francisco<|>Rodríguez, Abel Sebastián<|>Barda, Norma Beatriz<|>Corti, Gilda María<|>Miranda, María José<|>Suárez, Pablo Javier
049990;v22_Autor_personal;Garrido, G.<|>Tuninetti, L.;Garrido, G.<|>Tuninetti, Leticia
049994;v22_Autor_personal;Cazzaniga Arduzzo, D.<|>Fabro, M.<|>Giordano, G.<|>Ramos, E.<|>Junges, O.<|>Trossero, V.<|>Porcel, P.;Cazzaniga Arduzzo, Diego Santiago<|>Fabro, Mabel Angélica<|>Giordano, G.<|>Ramos, E.<|>Junges, O.<|>Trossero, V.<|>Porcel, P.
049997;v22_Autor_personal;Nieto, I.<|>Karlen, J.<|>Oliszewski, R.<|>Aimar, B.<|>Picotti, J.;Nieto, I.<|>Karlen, J.<|>Oliszewski, R.<|>Aimar, Bruno Nicolás<|>Picotti, J.
049998;v22_Autor_personal;Nieto, I.<|>Aimar, B.<|>Picotti, J.<|>Bonafede, M.F.<|>Molina Ortiz, S. E.;Nieto, I.<|>Aimar, Bruno Nicolás<|>Picotti, J.<|>Bonafede, M.F.<|>Molina Ortiz, Sara Eugenia
049999;v22_Autor_personal;Bonafede, M.F.<|>Aimar, B.<|>Nieto, I.<|>Picotti, J.<|>Molina Ortiz, S. E.;Bonafede, M.F.<|>Aimar, Bruno Nicolás<|>Nieto, I.<|>Picotti, J.<|>Molina Ortiz, Sara Eugenia
050000;v22_Autor_personal;Brillarelli, M.V.<|>Martinelli, L.<|>Apro, N.;Brillarelli, M.V.<|>Martinelli, L.<|>Apro, Nicolás
050001;v22_Autor_personal;Sánchez, P.<|>Cornacchini, M.<|>Pappolla, P.<|>Casá, N.E.<|>Raco, F.<|>Rodríguez, A.<|>Gatti, P.;Sánchez, P.<|>Cornacchini, Marina<|>Pappolla, P.<|>Casá, N.E.<|>Raco, Fernando Francisco<|>Rodríguez, Abel Sebastián<|>Gatti, P.
050002;v22_Autor_personal;Cazaux, N.<|>Gradizuela, C.<|>Rousset, R.<|>Speranza, J.<|>Nieto, I.<|>Storani, E.<|>Barbagelata, J.<|>Cruañes, M.<|>Díaz, R.<|>Schunk, R.<|>Rodríguez, L.<|>Ferrer, J.<|>Mancuso, W.<|>Rodríguez, M.<|>Coronel Troncoso, G.<|>Follonier, M.<|>Lauritto, J.E.;Cazaux, Nadina Magalí<|>Gradizuela, C.<|>Rousset, R.<|>Speranza, J.<|>Nieto, I.<|>Storani, E.<|>Barbagelata, J.<|>Cruañes, M.<|>Díaz, R.<|>Schunk, R.<|>Rodríguez, L.<|>Ferrer, J.<|>Mancuso, W.<|>Rodríguez, M.<|>Coronel Troncoso, G.<|>Follonier, M.<|>Lauritto, J.E.
050003;v22_Autor_personal;Alfonso, A.<|>Oviedo, M.S.;Alfonso, Analiz<|>Oviedo, M.S.
050004;v22_Autor_personal;Ohaco, P.<|>Vitulich, G.<|>Cuevas, M.<|>Zanetta, V.<|>Ruiz, C.<|>Iglesias, N.;Ohaco, P.<|>Vitulich, G.<|>Cuevas Carrasco, Mónica Isabel<|>Zanetta, V.<|>Ruiz, C.<|>Iglesias, N.
050005;v22_Autor_personal;Cerchiai, E.<|>Claros, S.<|>Ciurletti, C.<|>Cerutti, P.;Cerchiai, Edgar<|>Claros, S.<|>Ciurletti, Cristián Ricardo<|>Cerutti Antonietti, Pablo
050009;v22_Autor_personal;Cerchiai, E.<|>Claros, S.<|>Ciurletti, C.<|>Martínez, C.;Cerchiai, Edgar<|>Claros, S.<|>Ciurletti, Cristián Ricardo<|>Martínez, C.
050010;v22_Autor_personal;Calatayud, M.<|>Vigliocco, F.<|>Rillo, S.<|>Heba, J.<|>Della Vecchia, M.;Calatayud, M.<|>Vigliocco, Fabián<|>Rillo, S.<|>Heba, J.<|>Della Vecchia, Miguel Ángel
050011;v22_Autor_personal;Cerchiai, E.<|>Claros, S.<|>Ciurletti, C.<|>Cerutti, P.;Cerchiai, Edgar<|>Claros, S.<|>Ciurletti, Cristián Ricardo<|>Cerutti Antonietti, Pablo
050012;v22_Autor_personal;Cerchiai, E.<|>Claros, S.<|>Ciurletti, C.<|>Cerutti, P.;Cerchiai, Edgar<|>Claros, S.<|>Ciurletti, Cristián Ricardo<|>Cerutti Antonietti, Pablo
050013;v22_Autor_personal;Aimar, B.<|>Karlen, J.<|>Páez, R.<|>Schmidt, E.<|>Speranza, J.<|>Taverna, M.;Aimar, Bruno Nicolás<|>Karlen, J.<|>Páez, R.<|>Schmidt, E.<|>Speranza, J.<|>Taverna, M.
050014;v22_Autor_personal;Pirola, M.B.<|>Noseda, Y.<|>Adjadi, M.M.<|>Zandomeni, R.<|>Amadio, A.;Pirola, M.B.<|>Noseda, Y.<|>Adjad, María Mercedes<|>Zandomeni, R.<|>Amadio, Ariel Fernando
050015;v22_Autor_personal;Ingrassia, D.<|>Bajuk, M.E.;Ingrassia, D.<|>Bajuk, María Elena
050017;v22_Autor_personal;Arechaga, J.<|>Dománico, R.<|>Falabella, C.<|>Mones, R.<|>Murano, M.<|>Zpaico, V.<|>Cordara, M.;Arechaga, Josefina<|>Dománico, Ricardo Hugo<|>Falabella, C.<|>Mones, R.<|>Murano, M.<|>Zpaico, V.<|>Cordara, Marcela Fernanda
050018;v22_Autor_personal;Escalante, K.<|>Altamirano, P. M.<|>Contreras, P.;Escalante, K.<|>Altamirano, Pablo Martín<|>Contreras, P.
050019;v22_Autor_personal;Rodríguez López, J.<|>Apro, N.<|>Sánchez, E.<|>Canepare, C.<|>Fornés, D.<|>Puntieri, V.<|>Falcone, M.<|>Aguilar, V.<|>Orlando, C.<|>Calvo, E.;Rodríguez López, J.<|>Apro, Nicolás<|>Sánchez, E.<|>Canepare, Carlos Alberto<|>Fornés, D.<|>Puntieri, V.<|>Falcone, M.<|>Aguilar, Valentina<|>Orlando, C.<|>Calvo, E.
050020;v22_Autor_personal;Apro, N.<|>Ferreyra, V.<|>Fournier, M.<|>Curia, A.<|>Flores, A.<|>Sánchez, E.<|>Fornés, D.<|>Canepare, C.<|>Rodríguez López, J.;Apro, Nicolás<|>Ferreyra, V.<|>Fournier, M.<|>Curia, Ana Valeria<|>Flores, A.<|>Sánchez, E.<|>Fornés, D.<|>Canepare, Carlos Alberto<|>Rodríguez López, J.
050021;v22_Autor_personal;Curia, A.<|>Flores, A.<|>Sánchez, E.<|>Fornés, D.<|>Canepare, C.;Curia, Ana Valeria<|>Flores, A.<|>Sánchez, E.<|>Fornés, D.<|>Canepare, Carlos Alberto
050022;v22_Autor_personal;Curia, A.<|>Flores, A.<|>Sánchez, E.<|>Fornés, D.<|>Canepare, C.;Curia, Ana Valeria<|>Flores, A.<|>Sánchez, E.<|>Fornés, D.<|>Canepare, Carlos Alberto
050023;v22_Autor_personal;Pellegrino, N.<|>Giacomino, M.S.<|>Fournier, M.<|>Curia, A.<|>Pita Martín de Portela, M.L.<|>Ferreyra, V.;Pellegrino, N.<|>Giacomino, M.S.<|>Fournier, M.<|>Curia, Ana Valeria<|>Pita Martín de Portela, M.L.<|>Ferreyra, V.
050024;v22_Autor_personal;Fornés, D.<|>Sánchez, E.<|>Canepare, C.<|>Curia, A.<|>Flores, A.<|>Ramirez, S.<|>Caberta, R.<|>Alfredo, G.<|>Rodríguez, M.<|>Apro, N.<|>Rodríguez López, J.;Fornés, D.<|>Sánchez, E.<|>Canepare, Carlos Alberto<|>Curia, Ana Valeria<|>Flores, A.<|>Ramirez, S.<|>Caberta, R.<|>Alfredo, Guillermo Javier<|>Rodríguez, M.<|>Apro, Nicolás<|>Rodríguez López, J.
050025;v22_Autor_personal;Fornés, D.<|>Sánchez, E.<|>Canepare, C.<|>Fournier, M.<|>Curia, A.<|>Flores, A.<|>Ramirez, S.<|>Caberta, R.<|>Alfredo, G.<|>Rodríguez, M.<|>Apro, N.<|>Rodríguez López, J.;Fornés, D.<|>Sánchez, E.<|>Canepare, Carlos Alberto<|>Fournier, M.<|>Curia, Ana Valeria<|>Flores, A.<|>Ramirez, S.<|>Caberta, R.<|>Alfredo, Guillermo Javier<|>Rodríguez, M.<|>Apro, Nicolás<|>Rodríguez López, J.
050026;v22_Autor_personal;Fornés, D.<|>Sánchez, E.<|>Canepare, C.<|>Fournier, M.<|>Apro, N.<|>Rodríguez López, J.<|>Orlando, C.;Fornés, D.<|>Sánchez, E.<|>Canepare, Carlos Alberto<|>Fournier, M.<|>Apro, Nicolás<|>Rodríguez López, J.<|>Orlando, C.
050027;v22_Autor_personal;Rosseau, I.<|>Simonetti, G.;Rosseau, I.<|>Simonetti, Germán
050028;v22_Autor_personal;Zugarramurdi, A.<|>Booman, A.<|>Parin, M.A.<|>Luxardo, M.E.<|>Corrales, E.;Zugarramurdi, A.<|>Booman, Alejandro Carlos<|>Parin, M.A.<|>Luxardo, M.E.<|>Corrales, E.
050029;v22_Autor_personal;Castañeda, R.<|>Gonzalez, M.<|>Aranibar, G.<|>Cañameras, C.<|>Pino, F.<|>Nieto, I.<|>Aguilar, L.<|>Vallejo, C.;Castañeda, Roberto Aníbal<|>Gonzalez, M.<|>Aranibar Aversa, Germán Francisco<|>Cañameras, Carlos Alfredo<|>Pino, F.<|>Nieto, I.<|>Aguilar, Leandro Javier Ceferino<|>Vallejo, C.
050030;v22_Autor_personal;Del Negro, N.<|>Possetto, M.L.<|>Yanke, J.;Del Negro, Natalia Elizabeth<|>Possetto, M.L.<|>Yanke, Jésica Melina
050032;v22_Autor_personal;Apablaza, O.<|>Winter, J.<|>Yurkiv, G.<|>Ohaco, P.;Apablaza, Olga Mirene<|>Winter, Josefina<|>Yurkiv, G.<|>Ohaco, P.
050034;v22_Autor_personal;Mediavilla, M.<|>Tribiño, G.<|>Rueda, L.;Mediavilla, M.<|>Tribiño, Gerardo Luis<|>Rueda, Leandro Félix
050035;v22_Autor_personal;Rueda, L.<|>Vignau, S.<|>Tribiño, G.;Rueda, Leandro Félix<|>Vignau, Sol<|>Tribiño, Gerardo Luis
050036;v22_Autor_personal;Espinosa, V.<|>Gatti, P.<|>Toledo, A.<|>Otheguy, L.<|>Vega, O.<|>Vall, V.<|>Kruszyn, M.S.<|>Bryk, M.<|>Giannavola, C.;Espinosa, V.<|>Gatti, P.<|>Toledo, Antonio Edgardo<|>Otheguy, L.<|>Vega, O.<|>Vall, V.<|>Kruszyn, M.S.<|>Bryk, M.<|>Giannavola, C.
050038;v22_Autor_personal;Bacigalupe, A.<|>Galli, A.<|>Nazareno, G.<|>Pazos, L.<|>Zimmermann, A.;Bacigalupe, Alejandro<|>Galli, A.<|>Nazareno, G.<|>Pazos, Leonardo Martín<|>Zimmermann, Alan Rodolfo
050041;v22_Autor_personal;Lattanzi, R.<|>Agustinho, M.A.<|>Arias, M.;Lattanzi, R.<|>Agustinho, María Alejandra<|>Arias, M.
050042;v22_Autor_personal;Vizuara, G.<|>Arias, M.<|>Cruz, M.<|>Wyngaard, G.<|>Castellano, M.<|>Rodríguez, M.A.;Vizuara, Gabriela Alejandra<|>Arias, M.<|>Cruz, M.<|>Wyngaard, Guillermo<|>Castellano, M.<|>Rodríguez, M.A.
050046;v22_Autor_personal;Acastello, C.<|>Fabro, M.<|>Costamagna, G.;Acastello, Cecilia Laura<|>Fabro, Mabel Angélica<|>Costamagna Magnarelli, Gabriela Alejandra
050047;v22_Autor_personal;Labacá, P.<|>Castañeda, R.<|>Speranza, J.<|>Fabro, M.<|>Pecorino, C.<|>Castro, F.<|>Bilotta, M.<|>Roldán, G.<|>Remolina, L.;Labacá,  Patricia<|>Castañeda, Roberto Aníbal<|>Speranza, J.<|>Fabro, Mabel Angélica<|>Pecorino, C.<|>Castro, Fabiana Andrea<|>Bilotta, M.<|>Roldán, G.<|>Remolina, L.
050048;v22_Autor_personal;Labacá, P.<|>Giorgi, L.<|>Castañeda, R.<|>Murphy, M.<|>Castro, F.<|>Fabro, M.;Labacá,  Patricia<|>Giorgi, L.<|>Castañeda, Roberto Aníbal<|>Murphy, M.<|>Castro, Fabiana Andrea<|>Fabro, Mabel Angélica
050049;v22_Autor_personal;Torales, R.<|>Schmidt, A.<|>Faure, S.<|>De Giuda M.<|>Pippolo, D.;Torales, Romina<|>Schmidt, Angelina<|>Faure, S.<|>De Giuda M.<|>Pippolo, D.
050050;v22_Autor_personal;Gradizuela, C.<|>Alaluf, A.<|>Gamero, E.<|>Rodríguez, C.<|>Colina, D.<|>Aldana, K.<|>Di Cola, C.<|>Laorden, D.<|>Montú, C.<|>Rodríguez, J.C.;Gradizuela, C.<|>Alaluf, Andrés Matías<|>Gamero, E.<|>Rodríguez, C.<|>Colina, D.<|>Aldana, Karla<|>Di Cola, C.<|>Laorden, D.<|>Montú, C.<|>Rodríguez, J.C.
050051;v22_Autor_personal;Gradizuela, C.<|>Alaluf, A.<|>Gamero, E.<|>Schmidt, A.<|>Sebastián, F.<|>Burquet, G.<|>Torales, R.<|>Cazaux, N.<|>León, E.<|>Trupiano, I.<|>Ayala, A.<|>Esquivel, M.<|>Yerien, G.<|>Bonnet, C.<|>Buffa, E.;Gradizuela, C.<|>Alaluf, Andrés Matías<|>Gamero, E.<|>Schmidt, Angelina<|>Sebastián, F.<|>Burquet, Griselda Liliana<|>Torales, Romina<|>Cazaux, Nadina Magalí<|>León, E.<|>Trupiano, I.<|>Ayala, A.<|>Esquivel, M.<|>Yerien, G.<|>Bonnet, C.<|>Buffa, E.
050053;v22_Autor_personal;Silbert, V.<|>Cerutti, P.<|>Cerchiai, E.<|>Claros, S.<|>Ciurletti, C.;Silbert Voldman, Violeta<|>Cerutti Antonietti, Pablo<|>Cerchiai, Edgar<|>Claros, S.<|>Ciurletti, Cristián Ricardo
050054;v22_Autor_personal;Marino, P.<|>Armesto, J.<|>Martins, A.<|>Choren, A.<|>Muñoz, D.<|>Lupi, B.<|>Bisciotti, K.<|>Li Puma, L.<|>Cartamil, R.<|>Piluso, G.<|>Capo, E.;Marino, P.<|>Armesto, Javier<|>Martins, A.<|>Choren, A.<|>Muñoz, D.<|>Lupi, B.<|>Bisciotti, Karina Rosana<|>Li Puma, L.<|>Cartamil, R.<|>Piluso, G.<|>Capo, E.
050055;v22_Autor_personal;Apro, N.<|>Puntieri, V.<|>Gulivart, V.<|>Salazar, G.<|>Sánchez, E.<|>Fornés, D.<|>Canepare, C.<|>Aguilar, V.<|>Reynoso, M.M.<|>López, C.;Apro, Nicolás<|>Puntieri, V.<|>Gulivart, V.<|>Salazar, G.<|>Sánchez, E.<|>Fornés, D.<|>Canepare, Carlos Alberto<|>Aguilar, Valentina<|>Reynoso, M.M.<|>López, C.
050058;v22_Autor_personal;Ferreras, M.<|>Garrido, G.<|>Goglino, A.<|>Rossini, G.<|>Serra, J.<|>Serruya, V.;Ferreras, M.<|>Garrido, G.<|>Goglino, A.<|>Rossini, G.<|>Serra, J.<|>Serruya, Victoria
050060;v22_Autor_personal;Tribiño, G.<|>Rueda, L.<|>Argaña, A.;Tribiño, Gerardo Luis<|>Rueda, Leandro Félix<|>Argaña, A.
050067;v22_Autor_personal;Carfagnini, M.<|>Marino, P.<|>Jater, N.<|>Escobar, G.<|>Takashima, C.<|>Berterreix, C.<|>Szombach, J.<|>Olivero, M.<|>Pacheco, R.;Carfagnini, Mariana<|>Marino, P.<|>Jater, N.<|>Escobar, G.<|>Takashima, C.<|>Berterreix, Claudio Javier<|>Szombach, J.<|>Olivero, M.<|>Pacheco, R.
050068;v22_Autor_personal;Núñez, J.<|>Dietrich, A.<|>Fidanza, C.<|>Añazco, E.<|>Arella, S.;Núñez, J.<|>Dietrich, Alberto<|>Fidanza, C.<|>Añazco, E.<|>Arella, S.
050069;v22_Autor_personal;Tuninetti, L.<|>Bongiovanni, R.;Tuninetti, Leticia<|>Bongiovanni, Rodolfo
050071;v22_Autor_personal;Hermosid, C.<|>Rousset, R.<|>Biagetti, D.<|>Melaragno, M.;Hermosid, C.<|>Rousset, R.<|>Biagetti, Daniel Rubén<|>Melaragno, M.
050072;v22_Autor_personal;Dietrich, A.<|>Núñez, J.<|>Mazzeo, N.<|>Costantini, F.<|>Fiorentino, B.;Dietrich, Alberto<|>Núñez, J.<|>Mazzeo, N.<|>Costantini, Federico Manuel<|>Fiorentino, B.
050073;v22_Autor_personal;Falabella, C.<|>Garro, J.<|>Korb, M.<|>Minaglia, M.<|>Tuninetti, L.<|>Cornacchini, M.<|>Di Risio, J.<|>Toledo, A.<|>Aguilar, L.<|>Nieto, I.<|>Goicoa, V.<|>Zubiaurre, L.<|>Piacentini, P.<|>Zito, M.;Falabella, C.<|>Garro, J.<|>Korb, Mariel Lioren<|>Minaglia, M.<|>Tuninetti, Leticia<|>Cornacchini, Marina<|>Di Risio, J.<|>Toledo, Antonio Edgardo<|>Aguilar, Leandro Javier Ceferino<|>Nieto, I.<|>Goicoa, V.<|>Zubiaurre, Juan Lucas<|>Piacentini, P.<|>Zito, Diego Maximiliano
050074;v22_Autor_personal;Garrido, G.<|>Pettigiani, E.<|>Bernocco, E.<|>Angelelli, Melina<|>Ermeninto, S.;Garrido, G.<|>Pettigiani, Eugenio<|>Bernocco, Eliana Carolina<|>Angelelli, Melina<|>Ermeninto, S.
050077;v22_Autor_personal;Errasti, M. E.<|>Martegani, J. E.<|>Mazzilli, G.<|>López, L. M. I.;Errasti, M. E.<|>Martegani, José Eduardo<|>Mazzilli, Germán<|>López, L. M. I.
050078;v22_Autor_personal;Díaz, V.<|>Zito, M.;Díaz, María Victoria<|>Zito, Diego Maximiliano
050079;v22_Autor_personal;Difeo, G.<|>Lelli, D.<|>Ruíz Díaz, R.<|>López, E.<|>Peralta, M.<|>Elizondo, A.<|>González, H.<|>Bartoloni, V.<|>Baravalle, S.;Difeo, Gonzalo Javier<|>Lelli, D.<|>Ruíz Díaz, R.<|>López, Eduardo Antonio<|>Peralta, M.<|>Elizondo, A.<|>González, H.<|>Bartoloni, Valeria Gabriela<|>Baravalle, Sergio
050081;v22_Autor_personal;Maugeri, S.<|>Dorado, C.<|>Zanovello, L.<|>Cardoso, B.;Maugeri, S.<|>Dorado, Cecilia<|>Zanovello, Lucas<|>Cardoso, María Betina
050082;v22_Autor_personal;Burquet, G.<|>Uchitel, V.;Burquet, Griselda Liliana<|>Uchitel, Virginia
050084;v22_Autor_personal;Areco, M.M.<|>de Titto, G.A.<|>Perrone, S.<|>Wallace, D.<|>Eisenberg, P.<|>Curutchet, G.;Areco, M.M.<|>de Titto, G.A.<|>Perrone, Sebastián<|>Wallace, D.<|>Eisenberg, P.<|>Curutchet, Gustavo Andrés
050085;v22_Autor_personal;Galli, A.<|>Difeo, G.<|>Planes, E.<|>Acosta, O.<|>Cazzaniga Arduzzo, D.<|>Ramos, E.<|>Luna, F.<|>Salminci, J.<|>Supanitsky, A.;Galli, A.<|>Difeo, Gonzalo Javier<|>Planes, E.<|>Acosta, Osvaldo Héctor<|>Cazzaniga Arduzzo, Diego Santiago<|>Ramos, E.<|>Luna, Fabio Sergio<|>Salminci, José Gabriel<|>Supanitsky, Alicia Beatriz
050086;v22_Autor_personal;Medel, N.<|>Armas, J. J.<|>Pereira, G.<|>Belistri, C.<|>Iglesias, C.<|>Baudino, G.<|>Mery, H.<|>Gómez, F.<|>Barconty, J. L.<|>Andrés, J.<|>Almada, C.;Medel, Nicolás<|>Armas, Juan José<|>Pereira, Gustavo<|>Belistri, Cecilia Laura<|>Iglesias, Carolina<|>Baudino, Guillermo Andrés<|>Mery, H.<|>Gómez, F.<|>Barconty, José Luis<|>Andrés, J.<|>Almada, Carolina
050087;v22_Autor_personal;Schmidt, E.<|>Pirola, M. B.<|>Cazzaniga Arduzzo, D.<|>Alarcón, M.;Schmidt, E.<|>Pirola, María  Belén<|>Cazzaniga Arduzzo, Diego Santiago<|>Alarcón, Mariana
050088;v22_Autor_personal;Claret, S.<|>Gaspart, V.<|>González, D.<|>Guibaudo, C.<|>Larrivey, A.<|>Minaglia, M.<|>Ochoteco, A.<|>Rodríguez, G.<|>Toledo, F.<|>Trossero, M.<|>Uchitel, V.<|>Villamonte, I.<|>Walser, S.;Claret, Sara<|>Gaspart, V.<|>González, D.<|>Guibaudo, C.<|>Larrivey, A.<|>Minaglia, M.<|>Ochoteco, A.<|>Rodríguez, G.<|>Toledo, María Fernanda<|>Trossero, Mariana<|>Uchitel, Virginia<|>Villamonte, I.<|>Walser, Vanesa Soledad
050089;v22_Autor_personal;Najul, J. C.<|>Fabro, M.<|>Renzi, L.<|>Vanin, N.;Najul, Juan Carlos<|>Fabro, Mabel Angélica<|>Renzi, L.<|>Vanin, Silvia Natalia
050090;v22_Autor_personal;Renzi, L.<|>Suárez, E.<|>Monetta, P.<|>Fabro, M.;Renzi, L.<|>Suárez, E.<|>Monetta, P.<|>Fabro, Mabel Angélica
050091;v22_Autor_personal;Álvarez, J. H.<|>Chaves, J. L.<|>Fernández, M.<|>Yonni, F.<|>Fasoli, H. J.;Álvarez, Juan Horacio<|>Chaves, J. L.<|>Fernández, M.<|>Yonni, F.<|>Fasoli, H. J.
050092;v22_Autor_personal;Bensignor, J.<|>Planes, E.<|>Rosso, A.<|>Devia, L.;Bensignor, Judith<|>Planes, E.<|>Rosso, A.<|>Devia, Leila
050093;v22_Autor_personal;Takashima, C.<|>Dionicio, A.<|>Carfagnini, M.<|>Saralegui, S.<|>Regente Pacheco, C.;Takashima, C.<|>Dionicio, Alejandra Victoria<|>Carfagnini, Mariana<|>Saralegui, Santiago<|>Regente Pacheco, C.
050094;v22_Autor_personal;Rodríguez, R. A.<|>Farías, C. B.<|>Rodríguez, C. R.;Rodríguez, Ruth Alejandra<|>Farías, C. B.<|>Rodríguez, Carlos Roberto
050095;v22_Autor_personal;Reynoso, M.<|>Cerutti, P.;Reynoso, M.<|>Cerutti Antonietti, Pablo
050096;v22_Autor_personal;Aranibar, G.<|>Maisa, P.<|>Montero, H.;Aranibar Aversa, Germán Francisco<|>Maisa, P.<|>Montero, H.
050097;v22_Autor_personal;Hock, D.<|>Dabbah, F.<|>Curutchet, M.;Hock, D.<|>Dabbah, Federico Augusto<|>Curutchet, M.
050098;v22_Autor_personal;Supanitsky, A.<|>Russo, D.<|>Draghi, W.<|>Wall, L.<|>Zorreguieta, A.;Supanitsky, Alicia Beatriz<|>Russo, D.<|>Draghi, Walter Omar<|>Wall, L.<|>Zorreguieta, Ángeles
050099;v22_Autor_personal;Benítez, A.<|>Ruiz, A.<|>Köber, E.<|>Leiberman, M.<|>Scarano, A.;Benítez, A.<|>Ruiz, A.<|>Köber, Érica<|>Leiberman, M.<|>Scarano, A.
050100;v22_Autor_personal;Rodríguez, R. A.<|>Bailat, F. L.<|>Farías, C. B.<|>Miño, M. A.;Rodríguez, Ruth Alejandra<|>Bailat, Federico Luis<|>Farías, C. B.<|>Miño, M. A.
050101;v22_Autor_personal;Palas, F. G.<|>Maiorana, P. A.<|>Schiavon, E. M.<|>Szkvarka, D. A.<|>Pato, O. E.;Palas, Fernando Gabriel<|>Maiorana, Pablo Andrés<|>Schiavon, Emiliano Martín<|>Szkvarka, Diego Alexis<|>Pato, Osiris Emiliano
050103;v22_Autor_personal;Pozzo, M.<|>Carrizo, F.<|>Narváez Erazo, D.<|>Vilte, M. Á.;Pozzo, M.<|>Carrizo, Fabián Lucio<|>Narváez Erazo, D.<|>Vilte, Miguel Ángel
050104;v22_Autor_personal;Iaconis, A.<|>Erratchu, M.<|>Fiadino, E.<|>Fuente, F.<|>Booman, A.;Iaconis, A.<|>Erratchu, M.<|>Fiadino, E.<|>Fuente, F.<|>Booman, Alejandro Carlos
050105;v22_Autor_personal;Rodríguez, S.<|>Puhl, J.<|>Muñoz, J.<|>Fic, S.;Rodríguez, S.<|>Puhl, Julieta<|>Muñoz, J.<|>Fic, S.
050106;v22_Autor_personal;Dubois, M. J.<|>Díaz, V.<|>Vigna, A.<|>Becker, R.;Dubois, María José<|>Díaz, María Victoria<|>Vigna, Alejandrina Moira<|>Becker, Rosalba María
050107;v22_Autor_personal;Díaz, V.<|>Goglino, M.<|>Zorrilla, L.;Díaz, María Victoria<|>Goglino, M.<|>Zorrilla, Ladislao León
050108;v22_Autor_personal;Pozzo, M.<|>Carrizo, F.<|>Narváez Erazo, D.<|>Smutt, É.<|>Trasciatti, R.<|>Del Frate, É.<|>Noro, C.<|>Amado, P.;Pozzo, M.<|>Carrizo, Fabián Lucio<|>Narváez Erazo, D.<|>Smutt, É.<|>Trasciatti, Rodrigo<|>Del Frate, Érica<|>Noro, C.<|>Amado, Pedro
050109;v22_Autor_personal;Herrero, P.<|>Becker, R.<|>Secchi, M.;Herrero, P.<|>Becker, Rosalba María<|>Secchi, M.
050110;v22_Autor_personal;Cenzano, C.<|>Vergara, D.<|>Zárate, A.;Cenzano, Ana Carolina<|>Vergara, D.<|>Zárate, Alfonso Guillermo
050111;v22_Autor_personal;Borgiattino, H.<|>Dünky, A.<|>Martínez, J.<|>Baine, S.;Borgiattino Walker, Hernán Luis<|>Dunky, Adrián Guillermo<|>Martínez, J.<|>Baine, Simón Enrique
050112;v22_Autor_personal;Ramírez, R.<|>Ariza, R.<|>Apecena, L.<|>Zunini, C.<|>Vigna, A.<|>Pinheiro, V.<|>Dubois, M.J.<|>Secchi, M.;Ramírez, Rodrigo Javier<|>Ariza, Irene Raquel<|>Apecena, Luciana<|>Zunini, César Oscar<|>Vigna, Alejandrina Moira<|>Pinheiro, V.<|>Dubois, María José<|>Secchi, M.
050113;v22_Autor_personal;Ramírez, R.<|>Vigna, A.<|>Dubois, M.J.;Ramírez, Rodrigo Javier<|>Vigna, Alejandrina Moira<|>Dubois, María José
050114;v22_Autor_personal;Ariza, R.<|>Sandre, C.<|>Nemkansky, K.<|>Ramírez, R.<|>Martínez, L.<|>Goglino, M.<|>Reiner, W.<|>Vergelín, P.<|>Herrero, P.<|>Becker, R.;Ariza, Irene Raquel<|>Sandre, Cristian<|>Nemkansky, K.<|>Ramírez, Rodrigo Javier<|>Martínez, L.<|>Goglino, M.<|>Reiner, Walter<|>Vergelín, P.<|>Herrero, P.<|>Becker, Rosalba María
050116;v22_Autor_personal;Fernández, A.<|>Bargo, E.<|>Fisch, J.<|>Kohanoff, R.<|>Cruder, L.;Fernández, A.<|>Bargo, Emilio<|>Fisch, J.<|>Kohanoff, R.<|>Cruder, Leonardo
050117;v22_Autor_personal;Candiano, N.<|>Fisch, J.<|>Suárez, D.;Candiano, Nicolás<|>Fisch, J.<|>Suárez, D.
050118;v22_Autor_personal;Secchi, M.<|>Apecena, L.<|>Becker, R.<|>Ramírez, R.;Secchi, M.<|>Apecena, Luciana<|>Becker, Rosalba María<|>Ramírez, Rodrigo Javier
050121;v22_Autor_personal;Barella, M.<|>Sanca, G.A.<|>Gómez Marlasca, F.<|>Rodríguez, G.<|>Martelliti, D.<|>Patrone, L.<|>Abanto, L.<|>Levy, P.<|>Golmar, F.;Barella, Mariano<|>Sanca, G.A.<|>Gómez Marlasca, F.<|>Rodríguez, G.<|>Martelliti, D.<|>Patrone, Luciano  Agustín<|>Abanto, L.<|>Levy, Pablo<|>Golmar, F.
050122;v22_Autor_personal;Cabrera, D.<|>Escudero, G.<|>Heller, M.;Cabrera, Damián Rodrigo<|>Escudero, Gustavo Pablo<|>Heller, M.
050123;v22_Autor_personal;Alessandrini, Gustavo<|>Beunza, F.<|>Garcea, H.;Alessandrini, Gustavo<|>Beunza, Fernando Ariel<|>Garcea, H.
050124;v22_Autor_personal;Alessandrini, Gustavo<|>Garcea, H.<|>Cioffi, M.<|>Barillaro, S.;Alessandrini, Gustavo<|>Garcea, H.<|>Cioffi, Martín Nicolás<|>Barillaro, Sebastián
050125;v22_Autor_personal;Sáez de Arregui, G.<|>Eyherabide, N.<|>Guidobono, A. P. M.<|>Blas, L.<|>Sarmiento, R.;Sáez de Arregui, G.<|>Eyherabide, N.<|>Guidobono, A. P. M.<|>Blas, Luciano Sebastián<|>Sarmiento, R.
050126;v22_Autor_personal;Carnevali, C.<|>Berardo, L.;Carnevali, Cecilia<|>Berardo, Liliana
050127;v22_Autor_personal;Lindstrom, E. O.<|>Falcón, A. A.<|>D’Amico, M. B.;Lindstrom, Esteban Oscar<|>Falcón, A. A.<|>D’Amico, María
050128;v22_Autor_personal;Melo, R.<|>Caruso, D.;Melo, R.<|>Caruso, David Misael
050129;v22_Autor_personal;Scotti, N.<|>Alamón, Diego;Scotti, N.<|>Alamón, Diego Fernando
050130;v22_Autor_personal;Alamón, Diego<|>Brengi, D.<|>Scotti, N.<|>Zaradnik, I.;Alamón, Diego Fernando<|>Brengi, Diego Javier<|>Scotti, N.<|>Zaradnik, Ignacio
050131;v22_Autor_personal;Brengi, D.<|>Scotti, N.<|>Alamón, Diego<|>Rodríguez, H.<|>Porta, S.<|>Acerbo, H.;Brengi, Diego Javier<|>Scotti, N.<|>Alamón, Diego Fernando<|>Rodríguez, H.<|>Porta, S.<|>Acerbo, H.
050132;v22_Autor_personal;Brengi, D.<|>Scotti, N.<|>Alamón, Diego;Brengi, Diego Javier<|>Scotti, N.<|>Alamón, Diego Fernando
050133;v22_Autor_personal;Gamez, P.<|>Cervetto, M.<|>Marchi, E.<|>Pérez, G.<|>Giuffrida, C.;Gamez, P.<|>Cervetto, Marcos Adrián<|>Marchi, E.<|>Pérez, Gastón Ezequiel<|>Giuffrida, C.
050134;v22_Autor_personal;Escudero, G.<|>Bertello, A.<|>Jalón, O.;Escudero, Gustavo Pablo<|>Bertello, Alejandro Raúl<|>Jalón, Osvaldo Héctor
050135;v22_Autor_personal;Lozano, A.<|>Palumbo, F.<|>Malatto, L.<|>Giménez, G.<|>Bonaparte, J.;Lozano, A.<|>Palumbo, F.<|>Malatto, L.<|>Giménez, G.<|>Bonaparte, Juan
050138;v22_Autor_personal;Mass, M.<|>Roberti, M.<|>Ricalde, D.<|>Marinoni, J.<|>Affre, P.<|>Biondo, O.<|>Fraigi, L.;Mass, Mijal Inés<|>Roberti, M.<|>Ricalde, D.<|>Marinoni, J.<|>Affre, P.<|>Biondo, Oscar Alberto<|>Fraigi, Liliana Beatriz
050139;v22_Autor_personal;Roa, R.D.<|>Yasan, E.<|>Rodríguez, M.;Roa, R.D.<|>Yasan, Eduardo David<|>Rodríguez, M.
050140;v22_Autor_personal;Arana, L.<|>Berón López, N.<|>Segura, S.<|>Seva, L.<|>Alamón, Diego<|>Lloret, M.<|>Flores, F.<|>Tozzi, L.;Arana, Leandro Javier<|>Berón López, Ángel Nehuen<|>Segura, Sebastián Matías<|>Seva, Luis Pablo<|>Alamón, Diego Fernando<|>Lloret, M.<|>Flores, F.<|>Tozzi, Leandro
050141;v22_Autor_personal;Melo, R.<|>Valinoti, B.;Melo, R.<|>Valinoti, Bruno
050142;v22_Autor_personal;Roberti, M.<|>Marinoni, J.<|>Ricalde, D.<|>Acevedo, M.<|>Medrano, A.<|>Giménez, G.<|>Tovi, I.<|>Ferreira, A.<|>Warcok, L.<|>Mass, M.<|>Monsalve, L.N.;Roberti, M.<|>Marinoni, J.<|>Ricalde, D.<|>Acevedo, Marcelo Ricardo<|>Medrano, Anahí Vanesa<|>Giménez, G.<|>Tovi Alvero, Iván Maximiliano<|>Ferreira, A.<|>Warcok, Leonardo Carlos<|>Mass, Mijal Inés<|>Monsalve, L.N.
050143;v22_Autor_personal;Moretti, I.<|>Jorge, J.<|>Amado, J.<|>Caniglia, C.<|>Puntillo, D.<|>Blasco, M.;Moretti, I.<|>Jorge, J.<|>Amado, José Luis<|>Caniglia, Cristian Sergio<|>Puntillo, D.<|>Blasco, M.
050144;v22_Autor_personal;Cristi, J.<|>Anze, F.;Cristi, Juan<|>Anze Lafuente, Frank Douglas
050145;v22_Autor_personal;Roa, D.<|>Díaz Monnier, S.<|>Blas, L.<|>Rodríguez, M.;Roa, Ruy Diego<|>Díaz Monnier, Silvia Laura<|>Blas, Luciano Sebastián<|>Rodríguez, M.
050146;v22_Autor_personal;Acevedo, M.<|>Mass, M.<|>Roberti, M.<|>Marinoni, J.<|>Ricalde, D.<|>Fraigi, L.<|>Ybarra, G.<|>Radrizzani, M.;Acevedo, Marcelo Ricardo<|>Mass, Mijal Inés<|>Roberti, M.<|>Marinoni, J.<|>Ricalde, D.<|>Fraigi, Liliana Beatriz<|>Ybarra, Gabriel Omar<|>Radrizzani, M.
050147;v22_Autor_personal;Tropea, S. E.;Tropea, Salvador Eduardo
050148;v22_Autor_personal;González, P.<|>Cabrera, J.;González, P.<|>Cabrera, Jesús Ernesto
050149;v22_Autor_personal;Rubino, J.M.<|>Araujo, C.;Rubino, J.M.<|>Araujo, Marta Carolina
050151;v22_Autor_personal;Fernández, M.R.<|>Fernández, G.<|>Fernández, V.<|>Ariosti, A.<|>Pujato, L.<|>De Rosa, G.<|>Armada, W.<|>Filippetto, J.<|>Etcheverry, J.<|>Bon, C.<|>Galak, M.;Fernández, M.R.<|>Fernández, G.<|>Fernández, V.<|>Ariosti, A.<|>Pujato, L.<|>De Rosa, Guillermo<|>Armada, W.<|>Filippetto, J.<|>Etcheverry, J.<|>Bon, C.<|>Galak, M.
050152;v22_Autor_personal;Molina, V.<|>Blanco Massani, M.<|>Corbalán, N.<|>Vincent, P.<|>Pomares, F.<|>Eisenberg, P.<|>De Titto, G.;Molina, V.<|>Blanco Massani, Mariana Raquel<|>Corbalán, N.<|>Vincent, P.<|>Pomares, F.<|>Eisenberg, P.<|>De Titto, Guido Andrés
050153;v22_Autor_personal;Álvarez, M.<|>Ramos, E.<|>Murano, M.<|>Dománico, R.;Álvarez, Marcela Andrea<|>Ramos, E.<|>Murano, M.<|>Dománico, Ricardo Hugo
050154;v22_Autor_personal;Galacho, V.<|>Rodríguez, G.<|>Castro, F.;Galacho, V.<|>Rodríguez, G.<|>Castro, Fabiana Andrea
050155;v22_Autor_personal;Martynenko, V.<|>Lebedev, L.<|>Pazos, L.<|>Abate, Germán<|>Martínez Krahmer, D.;Martynenko, Vitaliy<|>Lebedev, L.<|>Pazos, Leonardo Martín<|>Abate, Germán Rubén<|>Martínez Krahmer, Daniel Osvaldo
050156;v22_Autor_personal;Ariza, R.<|>Brunetto, P.<|>Oneto, F.<|>Aranda, J.<|>Arrachea, A.<|>Becker, R.<|>Buttini, S.<|>Casabona, M.<|>Díaz, V.<|>Dorado, C.<|>Flores, F.<|>Gay, F.<|>Herrero, P.<|>Martínez, F.<|>Martínez, L.<|>Osés, F.<|>Vadell, E.;Ariza, Irene Raquel<|>Brunetto, Pedro Carlos<|>Oneto, F.<|>Aranda, J.<|>Arrachea, A.<|>Becker, Rosalba María<|>Buttini, S.<|>Casabona, Marcela Andrea<|>Díaz, María Victoria<|>Dorado, Cecilia<|>Flores, F.<|>Gay, F.<|>Herrero, P.<|>Martínez, F.<|>Martínez, L.<|>Osés, F.<|>Vadell, E.
050161;v22_Autor_personal;Politi, M.<|>Segura, I.<|>Russo, F.<|>García, M.V.<|>Sabetta, A.<|>Valentini, G.<|>Merino, C.<|>Dietz, R.<|>Keinburg, F.;Politi, M.<|>Segura, I.<|>Russo, F.<|>García, M.V.<|>Sabetta, A.<|>Valentini, G.<|>Merino, C.<|>Dietz, Rodrigo<|>Keinburg, F.
050163;v22_Autor_personal;Alessandrini, Gustavo<|>Beunza, F.<|>Escudero, G.;Alessandrini, Gustavo<|>Beunza, Fernando Ariel<|>Escudero, Gustavo Pablo
050165;v22_Autor_personal;Politi, M.<|>Rossi, N.<|>Segura, I.<|>Rodríguez, A.<|>González, J. L.;Politi, M.<|>Rossi, N.<|>Segura, I.<|>Rodríguez, Abel Sebastián<|>González, J. L.
050166;v22_Autor_personal;Abuin, Graciela C.<|>Diaz, L. A.<|>Coppola, R. E.;Abuin, Graciela Carmen<|>Diaz, L. A.<|>Coppola, Roxana Elisabeth
050167;v22_Autor_personal;Díaz, L. A.<|>Coppola, R. E.<|>Abuin, Graciela C.<|>Escudero-Cid, R.<|>Herranz, D.<|>Ocón, P.;Díaz, Liliana Analía<|>Coppola, Roxana Elisabeth<|>Abuin, Graciela Carmen<|>Escudero-Cid, R.<|>Herranz, D.<|>Ocón, P.
050168;v22_Autor_personal;Blasco, M.<|>Caniglia, C.<|>Moretti, I.<|>Jorge, J.<|>Amado, J.<|>Puntillo, D.<|>Ortiz, I.;Blasco, M.<|>Caniglia, Cristian Sergio<|>Moretti, I.<|>Jorge, J.<|>Amado, José Luis<|>Puntillo, D.<|>Ortiz, I.
050169;v22_Autor_personal;Carnevali, C.<|>Pérez, H.<|>Berardo, L.;Carnevali, Cecilia<|>Pérez, H.<|>Berardo, Liliana
050170;v22_Autor_personal;Zambón, S.<|>Seniquel, N.<|>Rendina, C.<|>Almada, C.<|>Arocha, V.;Zambón, Silvia Noemí<|>Seniquel, N.<|>Rendina, C.<|>Almada, Carolina<|>Arocha, Víctor Javier
050171;v22_Autor_personal;Schiavon, E. M.<|>Maiorana, P. A.;Schiavon, Emiliano Martín<|>Maiorana, Pablo Andrés
050172;v22_Autor_personal;Abate, Germán<|>Deferrari, N.<|>Martínez Krahmer, D.<|>Bunte, C.;Abate, Germán Rubén<|>Deferrari, Nicolás<|>Martínez Krahmer, Daniel Osvaldo<|>Bunte, Claudio
050173;v22_Autor_personal;Cordero, M.<|>Gaspoz, M.<|>Karchesky, D.<|>Massera, A.<|>Noseda, Y.<|>Páez, R. B.<|>Zimmermann, A.;Cordero, Mariano Alejandro<|>Gaspoz, M.<|>Karchesky, D.<|>Massera, A.<|>Noseda, Y.<|>Páez, R. B.<|>Zimmermann, Alan Rodolfo
050174;v22_Autor_personal;Arcángelo, M.<|>Rey, M. F.<|>Orsini, M. P.<|>Rey, E.<|>Ruiz Díaz, I.<|>Dieguez, C.<|>Defain Tesoriero, M. V.<|>Hermida, L.;Arcángelo, Marisa Ruth<|>Rey, M. F.<|>Orsini, María del Pilar<|>Rey, E.<|>Ruiz Díaz, I.<|>Dieguez, María Candelaria<|>Defain Tesoriero, María Victoria<|>Hermida, L.
050175;v22_Autor_personal;Labanca, JM.<|>Pérez, D.<|>Antúnez, N.<|>Martínez Krahmer, D.<|>Schneebeli, J.;Labanca, JM.<|>Pérez, D.<|>Antúnez, N.<|>Martínez Krahmer, Daniel Osvaldo<|>Schneebeli, Jorge Ernesto
050176;v22_Autor_personal;Álvarez, N.<|>Ortega, J.<|>Montiel, G.<|>Abuin, Graciela C.;Álvarez, Néstor<|>Ortega, J.<|>Montiel, Gonzalo<|>Abuin, Graciela Carmen
050177;v22_Autor_personal;Dobler, S.<|>Enciso, H.<|>Levy, V.<|>Maggiore, A.<|>Marino, P.<|>Muset, G.<|>Pescio, F.<|>Pasetti, G.<|>Sicari, O.<|>Pujol, R.;Dobler, Samanta<|>Enciso, H.<|>Levy, Virginia Laura<|>Maggiore, Agustina<|>Marino, P.<|>Muset, G.<|>Pescio, F.<|>Pasetti, G.<|>Sicari, O.<|>Pujol, Rocío
050178;v22_Autor_personal;Burquet, G.<|>Bel, W.<|>Sabalza, J.<|>Asmis, A.;Burquet, Griselda Liliana<|>Bel, W.<|>Sabalza, J.<|>Asmis, Alan
050180;v22_Autor_personal;Ramat, R.<|>Campanaro, M.;Ramat, R.<|>Campanaro, Mónica Susana
050181;v22_Autor_personal;Nabais, C. S.<|>Ebi Condomi, A. N.<|>Stoklosa, D. N.;Nabais, Carlos Sebastián<|>Ebi Condomi, A. N.<|>Stoklosa, Daniela Nélida
050182;v22_Autor_personal;Jung, S.<|>Thompson, P.<|>Lourenzo, C.<|>Bargone, R.<|>Fleitas, A.<|>Mauro, E.<|>De Vincenzo, D.<|>Escobar, G.;Jung, S.<|>Thompson, Paulo<|>Lourenzo, C.<|>Bargone, Ricardo Renato<|>Fleitas, A.<|>Mauro, E.<|>De Vincenzo, Daniel Eduardo<|>Escobar, G.
050183;v22_Autor_personal;Speranza, J.<|>Castañeda, R.<|>Muset, G.<|>Maggiore, A.<|>González, M.<|>Labacá, P.<|>Rodríguez, G.<|>Fornero, P.<|>Junges, O.;Speranza, J.<|>Castañeda, Roberto Aníbal<|>Muset, G.<|>Maggiore, Agustina<|>González, M.<|>Labacá,  Patricia<|>Rodríguez, G.<|>Fornero, P.<|>Junges, O.
050184;v22_Autor_personal;Duzdevich, J. P.<|>Zappa, A.<|>Wild Cañón, C.<|>Amadio, M.<|>Díaz, M. C.<|>Urrutia, V.;Duzdevich, Juan Pablo<|>Zappa, Andrés Enrique<|>Wild Cañón, C.<|>Amadio, Mariano<|>Díaz, María Del Carmen<|>Urrutia, Laura Vanesa
050186;v22_Autor_personal;Milano, O.<|>Marino, P.<|>Salvatierra, N.<|>Thompson, P.<|>Zampar, A.<|>Lozano, A.<|>Casoliba, R.<|>Veletta, M.<|>Areal, L.;Milano, Omar<|>Marino, P.<|>Salvatierra, Natalia<|>Thompson, Paulo<|>Zampar, Alejandro Damián<|>Lozano, A.<|>Casóliba, Ramiro Martín<|>Veletta, Marybel Alicia<|>Areal, Luis Alberto
050187;v22_Autor_personal;Baretta, L.<|>Rodríguez, M.<|>Suárez, M. E.<|>Zabala, C.<|>Vázquez, N.;Baretta, Luis Rubén<|>Rodríguez, M.<|>Suárez, M. E.<|>Zabala, C.<|>Vázquez, N.
050188;v22_Autor_personal;Falcato, P.;Falcato, Pedro
050189;v22_Autor_personal;Díaz Monnier, S.<|>Méndez, A.<|>Blas, L.<|>Alessandrini, Gustavo<|>Lago, L.;Díaz Monnier, Silvia Laura<|>Méndez, Andrea Mirta<|>Blas, Luciano Sebastián<|>Alessandrini, Gustavo<|>Lago, Lucas Damián
050190;v22_Autor_personal;Cappa, M. A.<|>Pozo, L.<|>Pérez Zelaschi, M.;Cappa, María de los Ángeles<|>Pozo, Larisa<|>Pérez Zelaschi, Marina Luisa
050191;v22_Autor_personal;Cappa, M. A.<|>Pozo, L.<|>Pérez Zelaschi, M.<|>Sicari, O.;Cappa, María de los Ángeles<|>Pozo, Larisa<|>Pérez Zelaschi, Marina Luisa<|>Sicari, O.
050192;v22_Autor_personal;Pérez Zelaschi, M.<|>Fernández, N.<|>Losanovscky, A.<|>Mazzeo, C.;Pérez Zelaschi, Marina Luisa<|>Fernández, N.<|>Losanovscky, A.<|>Mazzeo, C.
050195;v22_Autor_personal;Zornada, C.<|>Vargas, P.<|>Molina Tirado, L.;Zornada, Carlos Fernando<|>Vargas, P.<|>Molina Tirado, L.
050196;v22_Autor_personal;Jater, N.<|>Miró, M.<|>Topollán, D.<|>Sosa, B.<|>Zannoni, V.<|>Kestelboim, M.<|>Bagcheian, S.;Jater, N.<|>Miró, M.<|>Topollán, Daiana Yasmin<|>Sosa, B.<|>Zannoni, Valeria<|>Kestelboim, M.<|>Bagcheian, Sergio
050197;v22_Autor_personal;Traut, J.<|>Iglesias, C.<|>Giraudo, C.<|>Belistri, C. L.;Traut, Jorgelina Judith<|>Iglesias, Carolina<|>Giraudo, C.<|>Belistri, Cecilia Laura
050198;v22_Autor_personal;Aimar, B. N.<|>Picotti, J. H.<|>Bonafede, M. F.;Aimar, Bruno Nicolás<|>Picotti, Jorge Hugo<|>Bonafede, Mauro
050199;v22_Autor_personal;Mónaco, G.<|>Canel, R. S.<|>Guerrissi, S.<|>Sánchez, M.<|>Kainz, C.<|>Laich, F.<|>Wagner, J. R.<|>Renaud, V.<|>Ludemann, V.;Mónaco, G.<|>Canel, Romina Soledad<|>Guerrissi, S.<|>Sánchez, M.<|>Kainz, Cecilia<|>Laich, F.<|>Wagner, J. R.<|>Renaud, V.<|>Ludemann, V.
050200;v22_Autor_personal;Sánchez, M.<|>Kainz, C.<|>Mónaco, G.<|>Gramajo, E.<|>Arena, N.<|>González Piazza, M.<|>Rivara, M.;Sánchez, M.<|>Kainz, Cecilia<|>Mónaco, G.<|>Gramajo, E.<|>Arena Patiño, Nahir Jezabel<|>González Piazza, M.<|>Rivara, Mariana
050201;v22_Autor_personal;Vallejos Castro, C.<|>Hostench, M. C.<|>Kuba, D.<|>Sarquis, S. N.<|>Álvarez, M. A.;Vallejos Castro, Carla<|>Hostench, M. C.<|>Kuba, D.<|>Sarquis, S. N.<|>Álvarez, Marcela Andrea
050202;v22_Autor_personal;Guida, L.<|>Gramajo. E.<|>Mónaco, G.<|>Kainz, C.<|>Sánchez, M.;Guida, L.<|>Gramajo. E.<|>Mónaco, G.<|>Kainz, Cecilia<|>Sánchez, M.
050203;v22_Autor_personal;Oviedo, M. S.<|>Copia, P. A.<|>Fernández, M.<|>Favere, V. M.<|>Pessoa, A.<|>Presello, D. A.;Oviedo, M. S.<|>Copia, Pablo Antonio<|>Fernández, M.<|>Favere, V. M.<|>Pessoa, A.<|>Presello, D. A.
050204;v22_Autor_personal;Flores, A.<|>Curia, A.<|>Fournier, M.<|>Dyner, L.<|>Ferreyra, V.<|>Cagnasso, C.<|>Parzanese, M.<|>Olivera Carrión, M.;Flores, A.<|>Curia, Ana Valeria<|>Fournier, M.<|>Dyner, Luis<|>Ferreyra, V.<|>Cagnasso, Carolina Elisa<|>Parzanese, M.<|>Olivera Carrión, M.
050205;v22_Autor_personal;Micucci, E.<|>Domínguez Muñoz, M. C.<|>Guerrero, D. R.<|>Pepe, S.<|>De Battista, G.<|>Martínez, M.;Micucci, Eugenio<|>Domínguez Muñoz, Martín<|>Guerrero, D. R.<|>Pepe, S.<|>De Battista, Guillermo Hernán<|>Martínez, M.
050206;v22_Autor_personal;Micucci, E.<|>Domínguez Muñoz, M. C.<|>Guerrero, D. R.<|>De Battista, G.<|>Espínola, M. T.<|>Tomá, M.;Micucci, Eugenio<|>Domínguez Muñoz, Martín<|>Guerrero, D. R.<|>De Battista, Guillermo Hernán<|>Espínola, M. T.<|>Tomá, Melisa Daniela
050207;v22_Autor_personal;Micucci, E.<|>Domínguez Muñoz, M. C.<|>Guerrero, D. R.<|>Blasco, R.<|>Uijt den Bogaard, J.<|>Pessino, M.;Micucci, Eugenio<|>Domínguez Muñoz, Martín<|>Guerrero, D. R.<|>Blasco, Ramiro Raúl<|>Uijt den Bogaard, J.<|>Pessino, Mónica
050208;v22_Autor_personal;Simonetti, G.<|>Toyé, L.<|>Legisa, D.<|>Catone, M.<|>Amedei, Hugo Alejandro<|>Matos, M. L.<|>Chludil, H.;Simonetti, Germán<|>Toyé, Laura Andrea<|>Legisa, Danilo Mario<|>Catone, Mariela Verónica<|>Amedei, Hugo Alejandro<|>Matos, María Laura<|>Chludil, Hugo Daniel
050209;v22_Autor_personal;Simonetti, G.<|>Toyé, L.<|>Samter, P.<|>Reidel, S.<|>Cancela, E.<|>Molina, J.;Simonetti, Germán<|>Toyé, Laura Andrea<|>Samter, Paula Marcela<|>Reidel, Sara Isabel<|>Cancela, Guillermo Ezequiel<|>Molina, J.
050210;v22_Autor_personal;Cambursano, P.<|>Aimar, B. N.;Cambursano, Patricia Noelia<|>Aimar, Bruno Nicolás
050211;v22_Autor_personal;Guida, L.<|>Inocenti, C.<|>Mónaco, G.<|>Sánchez, M.<|>Rivara, M.<|>Renaud, V.<|>Gallardo, G.;Guida, L.<|>Inocenti, María Cristina<|>Mónaco, G.<|>Sánchez, M.<|>Rivara, Mariana<|>Renaud, V.<|>Gallardo, G.
050212;v22_Autor_personal;Curia, A.<|>Flores, V. A.<|>Aguilar, V.<|>Gulivart, V.<|>Puntieri, V.<|>Salazar, G.<|>Ferreyra, V.;Curia, Ana Valeria<|>Flores, V. A.<|>Aguilar, Valentina<|>Gulivart, V.<|>Puntieri, V.<|>Salazar, G.<|>Ferreyra, V.
050213;v22_Autor_personal;Curia, A.<|>Dyner, L.<|>Ferreyra, V.<|>Cagnasso, C.E.<|>Fournier, M.<|>Olivera Carrión, M.;Curia, Ana Valeria<|>Dyner, Luis<|>Ferreyra, V.<|>Cagnasso, C.E.<|>Fournier, M.<|>Olivera Carrión, M.
050214;v22_Autor_personal;Castells, M. L.<|>Aranibar, G.<|>Denoya, G. I.<|>Kuba, D.<|>Nanni, M. S.<|>Vallejos, C.<|>Pega, J. F.<|>Vaudagna, S. R.;Castells, María Laura<|>Aranibar Aversa, Germán Francisco<|>Denoya, Gabriela Inés<|>Kuba, D.<|>Nanni, M. S.<|>Vallejos Castro, Carla<|>Pega, J. F.<|>Vaudagna, Sergio Ramón
050215;v22_Autor_personal;Villian, M. B.<|>Montecchia, C. L.<|>Guirín, G.<|>Boeri, R. L.;Villian, Marisa Betina<|>Montecchia, C. L.<|>Guirín, G.<|>Boeri, Ricardo Luis
050216;v22_Autor_personal;Villian, M. B.<|>Montecchia, C. L.<|>Guirín, G.<|>Boeri, R. L.;Villian, Marisa Betina<|>Montecchia, C. L.<|>Guirín, G.<|>Boeri, Ricardo Luis
050217;v22_Autor_personal;Villian, M. B.<|>Montecchia, C. L.<|>Almada, C.<|>Boeri, R. L.;Villian, Marisa Betina<|>Montecchia, C. L.<|>Almada, Carolina<|>Boeri, Ricardo Luis
050218;v22_Autor_personal;Claros, S.<|>Ciurletti, C.<|>Cerchiai, E.;Claros, S.<|>Ciurletti, Cristián Ricardo<|>Cerchiai, Edgar
050219;v22_Autor_personal;Ferreyra, V.<|>Dyner, L.<|>Fournier, M.<|>Márquez, S.<|>Olivera Carrión, M.;Ferreyra, V.<|>Dyner, Luis<|>Fournier, M.<|>Márquez, S.<|>Olivera Carrión, M.
050220;v22_Autor_personal;Ciurletti, C.<|>Cerchiai, E.<|>Claros, S.<|>Cerutti, P.;Ciurletti, Cristián Ricardo<|>Cerchiai, Edgar<|>Claros, S.<|>Cerutti Antonietti, Pablo
050221;v22_Autor_personal;Jorge, A.<|>Owczarczyn, L.<|>Bacigalupo, R.<|>Stirnemann, C.<|>López, A.;Jorge, Luis Andrés<|>Owczarczyn, L.<|>Bacigalupo, Romina<|>Stirnemann, C.<|>López, A.
050222;v22_Autor_personal;Caló, J.<|>Elena, P.<|>La Manna, V.<|>Pérez, M.<|>Campagna, M.;Caló, Julieta María Inés<|>Elena, P.<|>La Manna, Valeria<|>Pérez, M.<|>Campagna, M.
050223;v22_Autor_personal;Saubidet, P.<|>Soria, L.<|>Polari, J.<|>Bacigalupe, A.<|>López, M. C.;Saubidet, P.<|>Soria, Lorena Paula<|>Polari, J.<|>Bacigalupe, Alejandro<|>López, María Cristina
050224;v22_Autor_personal;Kruszyn, M. S.<|>Reñones, L.<|>Cañameras, C.<|>Cornachini, M.<|>Martínez, M.;Kruszyn, María Soledad<|>Reñones, L.<|>Cañameras, Carlos Alfredo<|>Cornachini, M.<|>Martínez, M.
050225;v22_Autor_personal;Cinalli, M.<|>Brayotta, D.;Cinalli, Mariana<|>Brayotta, Damián Edgardo
050226;v22_Autor_personal;Barda, N. B.<|>Calvo, P.<|>De Ángelis, V.<|>Miranda, M. J.<|>Suárez, P. J.<|>Toscana, M. F.;Barda, Norma Beatriz<|>Calvo, P.<|>De Ángelis, Verónica<|>Miranda, María José<|>Suárez, Pablo Javier<|>Toscana, M. F.
050227;v22_Autor_personal;Rachid, A.<|>Rodríguez, L.<|>Rousseau, I.<|>Martínez, M.;Rachid, Ana Inés<|>Rodríguez, L.<|>Rousseau, Iván<|>Martínez, M.
050228;v22_Autor_personal;Fabro, M.<|>Ocampo, Y.;Fabro, Mabel Angélica<|>Ocampo, Y.
050229;v22_Autor_personal;Palomeque, E.<|>Biagetti, D.;Palomeque, E.<|>Biagetti, Daniel Rubén
050230;v22_Autor_personal;Pérez, M.<|>Caló, J.<|>Elena, P.<|>La Manna, V.<|>Libkind, D.;Pérez, M.<|>Caló, Julieta María Inés<|>Elena, P.<|>La Manna, Valeria<|>Libkind, D.
050231;v22_Autor_personal;Alaniz, G.<|>Baroja, M.<|>Gastaldo, W.<|>Possetto, M.<|>Grzona, M.<|>Ponzi, M.<|>Comelli, N.;Alaniz, G.<|>Baroja, Mariana Anahí<|>Gastaldo, W.<|>Possetto, M.<|>Grzona, M.<|>Ponzi, M.<|>Comelli, Nora Alejandra
050232;v22_Autor_personal;Aguirre, A.<|>Arocha, V.<|>Churruarin, I.<|>Pérez, C.;Aguirre, Axel Augusto<|>Arocha, Víctor Javier<|>Churruarin, Iván Darío<|>Pérez, C.
050234;v22_Autor_personal;Rojas, M.<|>Di Cianni, G.;Rojas, M.<|>Di Cianni, Gabriel
050235;v22_Autor_personal;Álvarez, J.<|>Barrera, V.<|>Burroni, L.<|>Poldi, L.<|>Zaszczynski, C.;Álvarez, J.<|>Barrera, Verónica Natalia<|>Burroni, Laura Valeria<|>Poldi, Leandro Ariel<|>Zaszczynski, Cristian Gabriel
050236;v22_Autor_personal;Brillarelli, V.<|>Martinelli, L.<|>Gramaglia, H.;Brillarelli, M. V.<|>Martinelli, L.<|>Gramaglia, H.
050237;v22_Autor_personal;Aranibar, G.<|>Montero, H.;Aranibar Aversa, Germán Francisco<|>Montero, H.
050238;v22_Autor_personal;Rojas, M.<|>Andres, C.<|>Briones, M.;Rojas, M.<|>Andres, Claudia Raquel<|>Briones, María Paula
050239;v22_Autor_personal;Álvarez, J.<|>Barrera, V.<|>Burroni, L.<|>Poldi, L.<|>Zaszczynski, C.;Álvarez, J.<|>Barrera, Verónica Natalia<|>Burroni, Laura Valeria<|>Poldi, Leandro Ariel<|>Zaszczynski, Cristian Gabriel
050240;v22_Autor_personal;Campanaro, M. S.;Campanaro, Mónica Susana
050241;v22_Autor_personal;Álvarez, J.<|>Barrera, V.<|>Burroni, L.<|>Poldi, L.<|>Zaszczynski, C.;Álvarez, J.<|>Barrera, Verónica Natalia<|>Burroni, Laura Valeria<|>Poldi, Leandro Ariel<|>Zaszczynski, Cristian Gabriel
050242;v22_Autor_personal;Molinari, J.<|>Medrano, A.<|>Monsalve, L.<|>Ybarra, G.;Molinari, J.<|>Medrano, Anahí Vanesa<|>Monsalve, L.<|>Ybarra, Gabriel Omar
050243;v22_Autor_personal;Sánchez, E.<|>Fornés, D.<|>Canepare, C.<|>Fournier, M.<|>Orlando, C.<|>Aguilar, V.<|>Apro, N.<|>Rodríguez, J.;Sánchez, E.<|>Fornés, D.<|>Canepare, Carlos Alberto<|>Fournier, M.<|>Orlando, C.<|>Aguilar, Valentina<|>Apro, Nicolás<|>Rodríguez, J.
050244;v22_Autor_personal;Fornés, D.<|>Sánchez, E.<|>Canepare, C.<|>Fournier, M.<|>Ferreyra, V.<|>Rodríguez López, J.<|>Apro, N.;Fornés, D.<|>Sánchez, E.<|>Canepare, Carlos Alberto<|>Fournier, M.<|>Ferreyra, V.<|>Rodríguez López, J.<|>Apro, Nicolás
050245;v22_Autor_personal;Stacey, E.<|>Cruder, L.<|>Candiano, N.<|>Toma, E.;Stacey, E.<|>Cruder, Leonardo<|>Candiano, Nicolás<|>Toma, Ezequiel Roberto
050246;v22_Autor_personal;Zambrano Echenique, M. L.<|>Linares, J. F.;Zambrano Echenique, Manuel Luis<|>Linares, Juan Francisco
050247;v22_Autor_personal;Fournier, M.<|>Fornés, D.<|>Sánchez, E.<|>Canepare, C.<|>Rodríguez López, J.<|>Apro, N.;Fournier, M.<|>Fornés, D.<|>Sánchez, E.<|>Canepare, Carlos Alberto<|>Rodríguez López, J.<|>Apro, Nicolás
050248;v22_Autor_personal;Echazarreta, J. M.<|>Jung, S.<|>Castillo, S.<|>Rivara, M.<|>Gigena, J.<|>Rossi, N.;Echazarreta, J. M.<|>Jung, S.<|>Castillo, Silvana Soledad<|>Rivara, Mariana<|>Gigena, J.<|>Rossi, N.
050250;v22_Autor_personal;Murano, M.<|>Dománico, R.;Murano, M.<|>Dománico, Ricardo Hugo
050251;v22_Autor_personal;Reich, G.<|>Murano, M.<|>González, J.<|>Pettinari, V.<|>Barbagallo, G.<|>Cirio, M.<|>Villarreal, M.<|>Kneetemann, E.<|>Valentini, G.<|>Corbino, G.<|>Dománico, R.;Reich, G.<|>Murano, M.<|>González, J.<|>Pettinari, V.<|>Barbagallo, Gustavo Alfredo<|>Cirio, Mercedes<|>Villarreal, Marcela<|>Kneetemann, E.<|>Valentini, G.<|>Corbino, Graciela Beatriz<|>Dománico, Ricardo Hugo
050252;v22_Autor_personal;Altamirano, P.<|>Fiora, J.<|>Pérez, H.<|>Valentini, C.;Altamirano, Pablo Martín<|>Fiora, J.<|>Pérez, H.<|>Valentini, Cristobal Ramón
050253;v22_Autor_personal;Pisano, M.<|>Pereiro, C.<|>Pazos, L.<|>Pérez, E. M.;Pisano, Emilio Mauro Rafael<|>Pereiro, C.<|>Pazos, Leonardo Martín<|>Pérez, E. M.
050254;v22_Autor_personal;Martynenko, V.<|>Simoncelli, A.<|>Pérez, D.<|>Benítez, A.<|>Martínez Krahmer, D.;Martynenko, Vitaliy<|>Simoncelli, A.<|>Pérez, D.<|>Benítez, A.<|>Martínez Krahmer, Daniel Osvaldo
050255;v22_Autor_personal;Velázquez, S.<|>Luna, R. G.;Velázquez, Silvia Beatriz<|>Luna, Rocío Giselle
050256;v22_Autor_personal;Pérez, D.<|>Krahmer, D.<|>Pouton, J.<|>Cagnoli, M.;Pérez, D.<|>Martínez Krahmer, Daniel Osvaldo<|>Pouton, J.<|>Cagnoli, Alberto Martín
050257;v22_Autor_personal;Molina, V.<|>Correa, J. P.<|>Eisenberg, P.<|>Sánchez, M.<|>Verdi, M. C.<|>Blanco Massani, M.;Molina, V.<|>Correa Aguirre, Juan Pablo<|>Eisenberg, P.<|>Sánchez, M.<|>Verdi, María Clara<|>Blanco Massani, Mariana Raquel
050258;v22_Autor_personal;Acha, F.;Acha, Fernanda Elisa
050259;v22_Autor_personal;Amelotti, Franco<|>Abuin, Graciela C.<|>Scorini, M.<|>Alho, M.;Amelotti, Franco<|>Abuin, Graciela Carmen<|>Scorini, M.<|>Martins Alho, M.
050260;v22_Autor_personal;Antunez, N.<|>Martynenko, V.<|>Abate, Germán<|>Pérez, D.<|>Chiapparoli, W.<|>Martínez Krahmer, D.;Antunez, Nazareno Nahuel<|>Martynenko, Vitaliy<|>Abate, Germán Rubén<|>Pérez, D.<|>Chiapparoli, Wadi<|>Martínez Krahmer, Daniel Osvaldo
050261;v22_Autor_personal;Abate, Germán<|>Parodi, B.<|>Pérez, D.<|>Martínez Krahmer, D.;Abate, Germán Rubén<|>Parodi, María Belén<|>Pérez, D.<|>Martínez Krahmer, Daniel Osvaldo
050262;v22_Autor_personal;Córdova, M.;Córdova, María de los Milagros
050263;v22_Autor_personal;Verdi, M. C.<|>Castellano, P.<|>Vignolo, G.<|>Eisenberg, P.<|>Blanco Massani, M.;Verdi, María Clara<|>Castellano, Patricia Haydeé<|>Vignolo, Graciela Margarita<|>Eisenberg, P.<|>Blanco Massani, Mariana Raquel
050264;v22_Autor_personal;Verdi, M. C.<|>Eisenberg, P.<|>Blanco Massani, M.;Verdi, María Clara<|>Eisenberg, P.<|>Blanco Massani, Mariana Raquel
050265;v22_Autor_personal;Tufaro, L. N.<|>Svoboda, H. G.;Tufaro, Leonardo Nicolás<|>Svoboda, Hernán Gabriel
050266;v22_Autor_personal;Menéndez, D.<|>Reiner, W.<|>Goglino, M.;Menéndez, Diego Hernán<|>Reiner, Walter<|>Goglino, M.
050267;v22_Autor_personal;Pérez, H.<|>Altamirano, P.<|>Berardo, L.;Pérez, H.<|>Altamirano, Pablo Martín<|>Berardo, Liliana
050268;v22_Autor_personal;Beviglia, J.<|>Escobara, M.;Beviglia, Julián Martín<|>Escobara, M.
050269;v22_Autor_personal;Di Mauro, S.<|>Escobar, G.<|>Takashima, C.<|>Saralegui, S.<|>Pacheco, C.<|>Carfagnini, M.<|>Jater, N.<|>Marino, P.;Di Mauro, Sandra Matilde<|>Escobar, G.<|>Takashima, C.<|>Saralegui, Santiago<|>Pacheco, C.<|>Carfagnini, Mariana<|>Jater, N.<|>Marino, P.
050270;v22_Autor_personal;Buglioni, L.<|>Tufaro, L. N.<|>Svoboda, H. G.;Buglioni, Luciano<|>Tufaro, Leonardo Nicolás<|>Svoboda, Hernán Gabriel
050271;v22_Autor_personal;Di Mauro, S.<|>Escobar, G.<|>Takashima, C.<|>Saralegui, S.<|>Pacheco, R.<|>Carfagnini, M.<|>Jater, N.<|>Marino, P.;Di Mauro, Sandra Matilde<|>Escobar, G.<|>Takashima, C.<|>Saralegui, Santiago<|>Pacheco, R.<|>Carfagnini, Mariana<|>Jater, N.<|>Marino, P.
050272;v22_Autor_personal;Reale, P.<|>Lorenzo, M. C.<|>Aguer, M. B.<|>Eisenberg, P.;Reale, P.<|>Lorenzo, María Cecilia<|>Aguer, María Belén<|>Eisenberg, P.
050273;v22_Autor_personal;Gherscovic, D. A.<|>Arduini, E. J.;Gherscovic, D. A.<|>Arduini, Emiliano José
050274;v22_Autor_personal;Carfagnini, M.<|>Takashima, C.<|>Di Mauro, S.<|>Saralegui, S.<|>Jater, N.<|>Szombach, J.<|>Tribiño, G.<|>Riu, F.<|>Simoncelli, A.<|>Regente Pacheco, C.<|>Marino, P.;Carfagnini, Mariana<|>Takashima, C.<|>Di Mauro, Sandra Matilde<|>Saralegui, Santiago<|>Jater, N.<|>Szombach, J.<|>Tribiño, Gerardo Luis<|>Riu, F.<|>Simoncelli, A.<|>Regente Pacheco, C.<|>Marino, P.
050275;v22_Autor_personal;Takashima, C.<|>Carfagnini, M.<|>Saralegui, S.<|>Regente Pacheco, C.;Takashima, C.<|>Carfagnini, Mariana<|>Saralegui, Santiago<|>Regente Pacheco, C.
050276;v22_Autor_personal;Lorenzo, M. C.<|>Eisenberg, P.;Lorenzo, María Cecilia<|>Eisenberg, P.
050277;v22_Autor_personal;Elisei, A.<|>Schicchi, N.<|>De Titto, G.<|>Eisenberg, P.;Elisei, A.<|>Schicchi, N.<|>De Titto, Guido Andrés<|>Eisenberg, P.
050278;v22_Autor_personal;Ceriotti, A.<|>Pinto, M.<|>Poliszuk, A.<|>Ybarra, G.;Ceriotti, Andrés Leonardo<|>Pinto, M.<|>Poliszuk, A.<|>Ybarra, Gabriel Omar
050279;v22_Autor_personal;Torres, M.<|>Castells, M. L.<|>Cañameras, C.<|>Lorenzo, M. C.<|>Verdi, M. C.<|>Blanco Massani, M.<|>Eisenberg, P.<|>González, M.;Torres, M.<|>Castells, María Laura<|>Cañameras, Carlos Alfredo<|>Lorenzo, María Cecilia<|>Verdi, María Clara<|>Blanco Massani, Mariana Raquel<|>Eisenberg, P.<|>González, M.
050281;v22_Autor_personal;Martínez Maidana, J.<|>Pérez, H.<|>Berardo, L.<|>Zappa, S.;Martínez Maidana, J.<|>Pérez, H.<|>Berardo, Liliana<|>Zappa, S.
050282;v22_Autor_personal;Perrone, S.<|>de Titto, G.<|>Eisenberg, P.;Perrone, Sebastián<|>De Titto, Guido Andrés<|>Eisenberg, P.
050283;v22_Autor_personal;Eisenberg, P.<|>Munizza, G.;Eisenberg, P.<|>Munizza, Gabriela Vanina
050284;v22_Autor_personal;Amalvy, J.<|>Moina, C.<|>Poliszuk, A.;Amalvy, Javier<|>Moina, Carlos Alberto<|>Poliszuk, A.
050285;v22_Autor_personal;Benítez, G. A.<|>Anfossi, L.<|>Rodríguez, M.<|>Polzinetti, M.<|>Curria, M.;Benítez, Graciela Alejandra<|>Anfossi, Lionel Alexis<|>Rodríguez, M.<|>Polzinetti, Matías Daniel<|>Curria, Maria C.
050286;v22_Autor_personal;Benítez, G. A.<|>Aggio, A.<|>Fittipaldi, C.<|>Iribarren, M.<|>Polzinetti, M.<|>Curria, M.<|>Calo, D.;Benítez, Graciela Alejandra<|>Aggio, Alejandro Agustín<|>Fittipaldi, C.<|>Iribarren, Mariela Clara<|>Polzinetti, Matías Daniel<|>Curria, Maria C.<|>Calo, Diego H.
050287;v22_Autor_personal;Alberini, M. J.;Alberini Vivas, Muricio Javier
050288;v22_Autor_personal;Alberini, M. J.;Alberini Vivas, Muricio Javier
050289;v22_Autor_personal;Amore, S. F.<|>Schvartz, M.<|>Álvarez, R.<|>Loiacono, N.;Amore, Sandra Francisca<|>Schvartz, Mariano Ariel<|>Álvarez, Rodrigo Javier<|>Loiacono, Natalia Gisele
050290;v22_Autor_personal;Gandolfi Donadío, L.<|>Elhalem, E.<|>Fischer, D.<|>Ciarlanitini, M.<|>Pereyro, A.<|>Córdoba, M.<|>Rillo, S.<|>Santos, L.<|>Pozo, L.<|>Cesa, V.<|>Comin, M. J.;Gandolfi Donadío, L.<|>Elhalem, E.<|>Fischer, D.<|>Ciarlanitini, M.<|>Pereyro, María Agustina<|>Córdoba Estévez, Mónica María<|>Rillo, S.<|>Santos, Luciano<|>Pozo, Larisa<|>Cesa, Verónica Silvina<|>Comin, María Julieta
050291;v22_Autor_personal;Bellelli, D. A.<|>Gastaldi, B. R.<|>Lerda, J. M.<|>Milne, R.;Bellelli, Diego Aldo<|>Gastaldi, B. R.<|>Lerda, Juan Manuel<|>Milne, Rodrigo
050292;v22_Autor_personal;Córdoba Estévez, M.<|>Arata, J. E.<|>Pereyro, M. A.<|>Hermida, L. G.;Córdoba Estévez, Mónica María<|>Arata, Juan Esteban<|>Pereyro, María Agustina<|>Hermida, L. G.
050293;v22_Autor_personal;Feltrinelli, M.<|>López, E. E.;Feltrinelli, M.<|>López, Eduardo Emilio
050294;v22_Autor_personal;Baldan, S.<|>Molinari, J.<|>Pinto, M.;Baldan, Santiago Martín<|>Molinari, J.<|>Pinto, M.
050295;v22_Autor_personal;Córdoba Estévez, M.<|>Arata, J. E.<|>Hermida, L. G.;Córdoba Estévez, Mónica María<|>Arata, Juan Esteban<|>Hermida, L. G.
050296;v22_Autor_personal;Cova, M.<|>García, D.<|>Escobar, M.<|>Fernández, M.<|>Torres, R.;Cova Sánchez, Mariajose<|>García, D.<|>Escobar, M.<|>Fernández, M.<|>Torres, Rosa
050297;v22_Autor_personal;Morrone, J.<|>Gauna, R.<|>Zannoni, V.<|>Gola, G.<|>Di Venosa, G.<|>Ramírez, J. A.<|>Casas, A.<|>Defain, V.;Morrone, Josefina<|>Gauna, R.<|>Zannoni, Valeria<|>Gola, G.<|>Di Venosa, Gabriela Mariana<|>Ramírez, J. A.<|>Casas, Adriana Gabriela<|>Defain Tesoriero, María Victoria
050299;v22_Autor_personal;Roskell, D.<|>Ungaro, P.;Roskell, D.<|>Ungaro, Pablo
050300;v22_Autor_personal;Aguyaro, M. J.<|>Ungaro, P.;Aguyaro, M. J.<|>Ungaro, Pablo
050303;v22_Autor_personal;Paz Ramos, A.<|>Ybarra, G. O.<|>Pazos, L. M.<|>Parodi, M. B.<|>Rodríguez, L.<|>López Hernández, M.<|>González Ruíz, J. E.;Paz Ramos, A.<|>Ybarra, Gabriel Omar<|>Pazos, Leonardo Martín<|>Parodi, María Belén<|>Rodríguez, L.<|>López Hernández, M.<|>González Ruíz, J. E.
050304;v22_Autor_personal;Moretti, Ignacio<|>Jorge, Javier<|>Amado, José<|>Caniglia, Cristian<|>Puntillo, Daniel<|>Blasco, Marcos;Moretti, Ignacio<|>Jorge, Javier<|>Amado, José Luis<|>Caniglia, Cristian<|>Puntillo, Daniel<|>Blasco, Marcos
050305;v22_Autor_personal;Gwirc, S. N.<|>Márquez, M. A.<|>Mariño, N. R.<|>Pascoli, H. J.<|>Fernández, N. G.;Gwirc, S. N.<|>Márquez, M. A.<|>Mariño, Néstor Raúl<|>Pascoli, H. J.<|>Fernández, N. G.
050309;v22_Autor_personal;Ortiz, Gastón E.<|>Blasco, Martín<|>Albertó, Edgardo;Ortiz, Gastón E.<|>Blasco, Martín<|>Albertó, Edgardo Omar
050310;v22_Autor_personal;Ortiz, Gastón E.<|>Blasco, Martín<|>Albertó, Edgardo;Ortiz, Gastón E.<|>Blasco, Martín<|>Albertó, Edgardo Omar
050311;v22_Autor_personal;Dyner, L.<|>Cagnasso, C.<|>Ferreyra, V.<|>Pita Martín de Portela, M. L.<|>Apro, N.<|>Olivera Carrión, M.;Dyner, Luis<|>Cagnasso, Carolina Elisa<|>Ferreyra, V.<|>Pita Martín de Portela, M. L.<|>Apro, Nicolás<|>Olivera Carrión, M.
050313;v22_Autor_personal;Aguyaro, M. J.<|>Ungaro, P.;Aguyaro, M. J.<|>Ungaro, Pablo
050314;v22_Autor_personal;Moretti, Ignacio<|>Jorge, Javier<|>Amado, José<|>Caniglia, Cristian<|>Puntillo, Daniel;Moretti, Ignacio<|>Jorge, Javier<|>Amado, José Luis<|>Caniglia, Cristian<|>Puntillo, Daniel
050315;v22_Autor_personal;Becerra, L. O.<|>Peña, L. M.<|>Luján, L.<|>Díaz, J. C.<|>Centeno, , L. M.<|>Loayza, V. M.<|>Cacais, F. A.<|>Ramos, O.<|>Rodríguez, S.<|>García, F.<|>Leyton, F.<|>Santo, C.<|>Cáceres, J.<|>Kornblit, F.<|>Leiblich, J.<|>Claude, J.;Becerra, Luis Omar<|>Peña, L. M.<|>Luján, L.<|>Díaz Jiménez, Julio Cesar<|>Centeno, , L. M.<|>Loayza, V. M.<|>Cacais, Fabio Andre Ludolf<|>Ramos, O.<|>Rodríguez, S.<|>García, F.<|>Leyton, F.<|>Santo, C.<|>Cáceres González, Joselaine<|>Kornblit, Fernando<|>Leiblich, Juan Antonio<|>Claude, Jaques
050316;v22_Autor_personal;"Goren, A. C.<|>Gokcen, T.<|>Gunduz, S.<|>Bilsel, M.<|>Koch, M.<|>Kakoulides, E.<|>Giannikopoulou, P.<|>Tang Wai-tong, G.<|>Chan, A.<|>Kneeteman, E.<|>Mugenya, I.<|>Mur&#305;&#305;ra, G.<|>Boonyakong, C.<|>Fernandes-Whaley, M.<|>Krylov, A.<|>Mikheeva, A.";"Goren, A. C.<|>Gokcen, T.<|>Gunduz, S.<|>Bilsel, Gökhan<|>Koch, M.<|>Kakoulides, E.<|>Giannikopoulou, P.<|>Tang Wai-tong, G.<|>Chan, Andy<|>Kneeteman, E.<|>Mugenya, I.<|>Mur&#305;&#305;ra, G.<|>Boonyakong, Cheerapa<|>Fernandes-Whaley, M.<|>Krylov, A.<|>Mikheeva, A."
050317;v22_Autor_personal;Medvedevskikh, M.<|>Jury, B.<|>Krasheninina, M.<|>Acco García, S. A.<|>Haraldsson, C.<|>Rodríguez, M. A.<|>Rodríguez, G.<|>Salvo, K.<|>Gavrilkin, V.<|>Kulik, S.<|>Samuel, L.<|>Rego, E. C. P. do.<|>Wollinger, W.<|>Monteiro, T. M.<|>Carvalho, L. J. de.;Medvedevskikh, M.<|>Jury, B.<|>Krasheninina, M.<|>Acco García, S. A.<|>Haraldsson, C.<|>Rodríguez, Matías Agustín<|>Rodríguez, G.<|>Salvo, K.<|>Gavrilkin, V.<|>Kulik, S.<|>Samuel, L.<|>Rego, E. C. P. do.<|>Wollinger, Wagner<|>Monteiro, T. M.<|>Carvalho, Lucas Junqueira de
050319;v22_Autor_personal;Izquierdo, D.<|>Moreno, J. Á.<|>Castro, B. I.<|>de Barros e Vasconcellos, R.<|>Cazabat, M.<|>Koffman, A.<|>Cote, M.;Izquierdo, D.<|>Moreno, J. Á.<|>Castro, Blanca Isabel<|>de Barros e Vasconcellos, Renata<|>Cazabat, Marcelo Horacio<|>Koffman, A.<|>Cote, Marcel
050320;v22_Autor_personal;Savarin, A.<|>Medina, N.<|>Knott, A.;Savarin, Alejandro<|>Medina, N.<|>Knott, A.
050321;v22_Autor_personal;Becerra, L. O.<|>Peña, L. M.<|>Luján, L.<|>Díaz, J. C.<|>Centeno, L. M.<|>Loayza, V. M.<|>Cacais, F. A.<|>Ramos, O.<|>Rodríguez, S.<|>García, F.<|>Leyton, F.<|>Santo, C.<|>Cáceres, J.<|>Kornblit, F.<|>Leiblich, J.<|>Claude, J.;Becerra, Luis Omar<|>Peña, L. M.<|>Luján, L.<|>Díaz Jiménez, Julio Cesar<|>Centeno González, Luz María<|>Loayza, V. M.<|>Cacais, Fabio Andre Ludolf<|>Ramos, O.<|>Rodríguez, S.<|>García, F.<|>Leyton, F.<|>Santo, C.<|>Cáceres González, Joselaine<|>Kornblit, Fernando<|>Leiblich, Juan Antonio<|>Claude, Jaques
050325;v22_Autor_personal;Wasienko, S.^rcomp.<|>Pérez Zelaschi, M.^rcoord.<|>Cappa, M.^rcoord.<|>Gatti, Patricia A.^rcoord.;Wasienko, Susana Aurora^rcomp.<|>Pérez Zelaschi, Marina Luisa^rcoord.<|>Cappa, María de los Ángeles^rcoord.<|>Gatti, Patricia A.^rcoord.
050327;v22_Autor_personal;Pujol, R.^rcomp.<|>Marino, P.^rcoord.<|>Charreau, G.^rcoord.<|>Wasienko, S.^rcoord.;Pujol, Rocío^rcomp.<|>Marino, P.^rcoord.<|>Charreau, Geraldine Luján^rcoord.<|>Wasienko, Susana Aurora^rcoord.
050328;v22_Autor_personal;Abate, Germán<|>Perez, D.<|>Martinez Krahmer, D.<|>Bigot, R.<|>Radev, R.;Abate, Germán Rubén<|>Perez, D.<|>Martinez Krahmer, D.<|>Bigot, Régis<|>Radev, R.
050329;v22_Autor_personal;Thomas, J. A.<|>Ramos, E.<|>Gieco, J.<|>Badino, O.<|>Jáuregui, J.<|>Weidmann, P.;Thomas, J. A.<|>Ramos, E.<|>Gieco, J.<|>Badino, Olga Noemí<|>Jáuregui, J.<|>Weidmann, Pedro Eduardo
050331;v22_Autor_personal;Quagliano, J.<|>Wittemberg, V.<|>González, J.<|>Bacigalupe, A.;Quagliano, J.<|>Wittemberg, V.<|>González, J.<|>Bacigalupe, Alejandro
050332;v22_Autor_personal;Molinari, J.<|>Moina, C.<|>Ybarra, G.;Molinari, J.<|>Moina, Carlos Alberto<|>Ybarra, Gabriel Omar
050334;v22_Autor_personal;Orellano, P. W.<|>Reynoso, J. I.<|>Antman, J.<|>Argibay, O.;Orellano, Pablo Wenceslao<|>Reynoso, J. I.<|>Antman, Julián<|>Argibay, Osvaldo
050335;v22_Autor_personal;Gagliostro, G. A.<|>Patiño, E. M.<|>Sánchez Negrette, M.<|>Sager, G.<|>Castelli, L.<|>Antonacci, L. E.<|>Raco, F.<|>Gallello, L.<|>Rodríguez, M. A.<|>Cañameras, C.<|>Zampatti, M. L.<|>Bernal, C.;Gagliostro, G. A.<|>Patiño, E. M.<|>Sánchez Negrette, M.<|>Sager, G.<|>Castelli, María Laura<|>Antonacci, Liliana Elisabet<|>Raco, Fernando Francisco<|>Gallello, L.<|>Rodríguez, Matías Agustín<|>Cañameras, Carlos Alfredo<|>Zampatti, M. L.<|>Bernal, Celina Raquel
050336;v22_Autor_personal;Zambón, S. N.<|>Chamorro, E. R.<|>Casuscelli, S. C.;Zambón, Silvia Noemí<|>Chamorro, Ester Ramona<|>Casuscelli, Sandra Graciela
050337;v22_Autor_personal;Moretti, Ignacio<|>Jorge, Javier<|>Amado, José<|>Puntillo, Daniel<|>Caniglia, Cristian;Moretti, Ignacio<|>Jorge, Javier<|>Amado, José Luis<|>Puntillo, Daniel<|>Caniglia, Cristian
050338;v22_Autor_personal;Vieira, L. H. Brum <|>Stone, J.<|>Viliesid, M.<|>Gastaldi, B. R.<|>Przybylska, J.<|>Chaudhary, K. P.;Vieira, L. H. Brum <|>Stone, J.<|>Viliesid, M.<|>Gastaldi, B. R.<|>Przybylska, J.<|>Chaudhary, Krishan Pal
050342;v22_Autor_personal;Badino, O.<|>Schmidt, E.<|>Ramos, E.<|>Herrero, M. A.<|>Weidmann, R.<|>Giraudo, F.;Badino, Olga Noemí<|>Schmidt, E.<|>Ramos, E.<|>Herrero, M. A.<|>Weidmann, R.<|>Giraudo, F.
050347;v22_Autor_personal;"Viliesid, M.<|>Colín Castellanos, C.<|>Chávez, T.<|>Chaudhary, K. P.<|>Dvo&#345;á&#269;ek, F.<|>Stoup, J.<|>Santos Barros, W.<|>Vaudagna, L.<|>Morales, R.<|>Acquarone, A.<|>Carrasco, J.<|>Vega, M.<|>Salazar, M.<|>Gil, V.<|>Dimas, J.<|>Reyes, E.<|>Hamilton, F.<|>Reddock, T.<|>Durga, S.<|>Burton, T.";"Viliesid, M.<|>Colín Castellanos, Carlos<|>Chávez, T.<|>Chaudhary, Krishan Pal<|>Dvo&#345;á&#269;ek, F.<|>Stoup, J.<|>Santos Barros, W.<|>Vaudagna, L.<|>Morales, R.<|>Acquarone, A.<|>Carrasco Tuesta, Janet<|>Vega Amonzabel, María del Carmen<|>Salazar, M.<|>Gil, V.<|>Dimas, J.<|>Reyes, E.<|>Hamilton, F.<|>Reddock, T.<|>Durga, Siew<|>Burton, Tomokie"
050349;v22_Autor_personal;Abate, Germán<|>Perez, Daniela<|>Vilas, Ariel<|>Martinez Krahmer, Daniel;Abate, Germán Rubén<|>Perez, Daniela<|>Vilas, Ariel<|>Martinez Krahmer, Daniel
050350;v22_Autor_personal;Arzubiaga, L.<|>Golmar, F.<|>Llopis, R.<|>Casanova, F.<|>Hueso, L. E.;Arzubiaga, Libe<|>Golmar, F.<|>Llopis, R.<|>Casanova, Félix<|>Hueso, L. E.
050351;v22_Autor_personal;García Sartor, C. E.<|>Ugalde, D. F.;García Sartor, C. E.<|>Ugalde, Diego Felipe
050352;v22_Autor_personal;Cardama, G. A.<|>González, N.<|>Ciarlantini, M.<|>Gandolfi Donadío, L.<|>Comin, M. J.<|>Alonso, D. F.<|>Lorenzano Menna, P.<|>Gómez, D. E.;Cardama, Georgina Alexandra<|>González, N.<|>Ciarlantini, Matías Sebastián<|>Gandolfi Donadío, L.<|>Comin, María Julieta<|>Alonso, Daniel Fernando<|>Lorenzano Menna, P.<|>Gómez, D. E.
050353;v22_Autor_personal;García Sartor, C. E.<|>Ugalde, D. F.;García Sartor, C. E.<|>Ugalde, Diego Felipe
050354;v22_Autor_personal;Crosa, M. J.<|>Tihista, H.<|>Próspero, M. I.<|>Cadenazzi, M.<|>Souto, L.<|>Curucthet, A.<|>Ferreyra, V.<|>Suburú, G.<|>Escudero, J.;Crosa, María José<|>Tihista, Hugo<|>Próspero, M. I.<|>Cadenazzi, Mónica<|>Souto, L.<|>Curucthet, A.<|>Ferreyra, V.<|>Suburú, Gabriela<|>Escudero, J.
050355;v22_Autor_personal;Araujo, J. F.;Araujo, Juan Facundo
050356;v22_Autor_personal;Chasquibol, N. A.<|>Gallardo, G.<|>Gómez-Coca, R. B.<|>Trujillo, D.<|>Moreda, W.<|>Pérez-Camino, M. C.;Chasquibol Silva, Nancy Ascención<|>Gallardo, G.<|>Gómez-Coca, R. B.<|>Trujillo, Diego<|>Moreda, W.<|>Pérez-Camino, M. C.
050357;v22_Autor_personal;Echazarreta, J. M.<|>Crespo, R. F.;Echazarreta, J. M.<|>Crespo, Ricardo F.
050359;v22_Autor_personal;Bierzychudek, M. E.<|>Laiz, H.;Bierzychudek, Marcos Eduardo<|>Laiz, H.
050360;v22_Autor_personal;Garate, O.<|>Veiga, L.<|>Lloret, P.<|>Ybarra, G.;Garate, O.<|>Veiga, Lionel Sebastián<|>Lloret, P.<|>Ybarra, Gabriel Omar
050361;v22_Autor_personal;Davel, G. O.<|>Mazza, M.<|>Refojo, N.<|>Taverna, C. G.<|>Rivas, M. C.<|>Fernández, J.<|>Vivot, M. E.<|>Mazza, M.G.<|>Mastromónaco, G. M.<|>Bueno, N. S.<|>Molina, V.<|>Brero, M. L.<|>Kornblit, F.;Davel, Graciela<|>Mazza, M.<|>Refojo, N.<|>Taverna, C. G.<|>Rivas, M. C.<|>Fernández, J.<|>Vivot, Matías Ezequiel<|>Mazza, M.G.<|>Mastromónaco, Gladys Miriam<|>Bueno, Nadia Soledad<|>Molina, V.<|>Brero, María Luisa<|>Kornblit, Fernando
050362;v22_Autor_personal;Etchepareborda, P.<|>Veiras, F.<|>Bianchetti, A.<|>Federico, A.<|>González, M. G.;Etchepareborda, P.<|>Veiras, F.<|>Bianchetti, Arturo Abel<|>Federico, A.<|>González, M. G.
050363;v22_Autor_personal;Moretti, Ignacio<|>Jorge, Javier<|>Jones, Julian<|>Amado, José;Moretti, Ignacio<|>Jorge, Javier<|>Jones, Julian<|>Amado, José Luis
050367;v22_Autor_personal;Aldana, A. A.<|>Malatto, L.<|>Ur Rehman, M. A.<|>Boccaccini, A. R.<|>Abraham, G. A.;Aldana, Ana Agustina<|>Malatto, L.<|>Muhammad Atiq Ur Rehman<|>Boccaccini, Aldo Roberto<|>Abraham, G. A.
050368;v22_Autor_personal;Martinez Krahmer, D.<|>Hameed, S.<|>Sánchez Egea, A. J.<|>Pérez, D.<|>Canales, J.<|>López de Lacalle, L. N.;Martinez Krahmer, D.<|>Hameed, S.<|>Sánchez Egea, A. J.<|>Pérez, D.<|>Canales Abaitua, Javier<|>López de Lacalle, L. N.
050369;v22_Autor_personal;Acquaticci, F.<|>Lew, S. E.<|>Gwirc, S. N.;Acquaticci, Fabián<|>Lew, S. E.<|>Gwirc, S. N.
050371;v22_Autor_personal;Canel, R. S.<|>Guerrissi, S.<|>Sánchez, M.<|>Mónaco, G.<|>Laich, F.<|>Wagner, J. R.<|>Renaud, V.<|>Ludemann, V.;Canel, Romina Soledad<|>Guerrissi, S.<|>Sánchez, M.<|>Mónaco, G.<|>Laich, F.<|>Wagner, J. R.<|>Renaud, V.<|>Ludemann, V.
050372;v22_Autor_personal;Caligiuri, L. G.<|>Sandoval, A. E.<|>Miranda, J. C.<|>Pessoa, F. A.<|>Santini, M. S.<|>Salomón, O. D.<|>Secundino, N. F. C.<|>McCarthy, C. B.;Caligiuri, Lorena Gisel<|>Sandoval, A. E.<|>Miranda, J. C.<|>Pessoa, F. A.<|>Santini, M. S.<|>Salomón, O. D.<|>Secundino, N. F. C.<|>McCarthy, C. B.
050373;v22_Autor_personal;Peleretegui, Marcelo Osvaldo<|>Crisnejo, M.<|>Valdez, I.<|>Bacigalupe, A.<|>Leszman, C.<|>Torres, R.<|>Escobar, M.;Peleretegui, Marcelo Osvaldo<|>Crisnejo, Matías Miguel<|>Valdez, I.<|>Bacigalupe, Alejandro<|>Leszman, C.<|>Torres, Rosa<|>Escobar, M.
050374;v22_Autor_personal;Molinari, J.<|>Florez, L.<|>Medrano, A.<|>Monsalve, L.<|>Ybarra, G.;Molinari, J.<|>Florez, L.<|>Medrano, Anahí Vanesa<|>Monsalve, L.<|>Ybarra, Gabriel Omar
050375;v22_Autor_personal;Miró Specos, M. M.<|>Topollan, D. Y.<|>Arata, J.<|>Zannoni, V.<|>Volmajer Valh, J.<|>García, J.<|>Gutiérrez, A. C.<|>Voncina, B.<|>Hermida, L. G.;Miró Specos, M. M.<|>Topollán, Daiana Yasmin<|>Arata, Juan Esteban<|>Zannoni, Valeria<|>Volmajer Valh, J.<|>García, J.<|>Gutiérrez, A. C.<|>Voncina, B.<|>Hermida, L. G.
050376;v22_Autor_personal;Belcher, A.<|>Williams, J.<|>Ireland, J.<|>Iuzzolino, R.<|>Bierzychudek, M. E.<|>Dekker, R.<|>Herick, J.<|>Behr, R.<|>Schaapman, K.;Belcher, Allan<|>Williams, Jonathan<|>Ireland, J.<|>Iuzzolino, Ricardo Javier<|>Bierzychudek, Marcos Eduardo<|>Dekker, Ronald<|>Herick, J.<|>Behr, Ralf<|>Schaapman, K.
050377;v22_Autor_personal;Cellerino, K.<|>Cagnasso, C. E.<|>Greco, C.<|>Docena, G.<|>Polenta, G.<|>Ferreyra, V.<|>López, L. B.;Cellerino, Karina<|>Cagnasso, Carolina Elisa<|>Greco, C.<|>Docena, Guillermo<|>Polenta, Gustavo<|>Ferreyra, V.<|>López, L. B.
050378;v22_Autor_personal;Sánchez Egea, A. J.<|>Deferrari, N.<|>Abate, G.<|>Martínez Krahmer, D.<|>López de Lacalle, L. N.;Sánchez Egea, A. J.<|>Deferrari, Nicolás<|>Abate, Germán Rubén<|>Martínez Krahmer, Daniel Osvaldo<|>López de Lacalle, L. N.
050379;v22_Autor_personal;Sánchez Egea, A. J.<|>Martynenko, V.<|>Martínez Krahmer, D.<|>López de Lacalle, L. N.<|>Benítez, A.<|>Genovese, G.;Sánchez Egea, A. J.<|>Martynenko, Vitaliy<|>Martínez Krahmer, Daniel Osvaldo<|>López de Lacalle, L. N.<|>Benítez, A.<|>Genovese, G.
050380;v22_Autor_personal;Torri, S. I.<|>Cabrera, M. N.<|>Alberti, C.;Torri, Silvana Irene<|>Cabrera, Marisol Natalia<|>Alberti, Cecilia
050381;v22_Autor_personal;Heid Furley, T.<|>Brodeur, J.<|>Silva de Assis, H. C.<|>Carriquiriborde, P.<|>Chagas, K. R.<|>Corrales, J.<|>Denadai, M.<|>Fuchs, J.<|>Mascarenhas, R.<|>Miglioranza, K. S. B.<|>Míguez Carames, D. M.<|>Navas, J. M.<|>Nugegoda, D.<|>Planes, E.<|>Rodríguez-Jorquera, I. A.<|>Orozco-Medina, M.<|>Boxall, A. B. A.<|>Rudd, M. A.<|>Brooks, B. W.;Heid Furley, T.<|>Brodeur, Julie Céline<|>Silva de Assis, H. C.<|>Carriquiriborde, Pedro<|>Chagas, Katia Regina<|>Corrales, Jone<|>Denadai, Marina<|>Fuchs, J.<|>Mascarenhas, R.<|>Miglioranza, K. S. B.<|>Míguez Carames, D. M.<|>Navas, J. M.<|>Nugegoda, D.<|>Planes, E.<|>Rodríguez-Jorquera, I. A.<|>Orozco-Medina, M.<|>Boxall, Allistair<|>Rudd, M. A.<|>Brooks, Bryan
050382;v22_Autor_personal;Rego, E. C. P.<|>Simón, M. E.<|>Li, X.<|>Li, X.2<|>Daireaux, A.<|>Choteau, T.<|>Westwood, S.<|>Josephs, R. D.<|>Wielgosz, R. I.<|>Cunha, V. S.;Rego, E. C. P.<|>Simón, Mariano Ernesto<|>Li, X.<|>Li, X.2<|>Daireaux, Adeline<|>Chote, Tiphaine<|>Westwood, Steven<|>Josephs, R. D.<|>Wielgosz, Robert I.<|>Cunha, V. S.
050383;v22_Autor_personal;Kyriazis, G. A.<|>Di Lillo, L.<|>Slomovitz, D.<|>Iuzzolino, R.<|>Yasuda, E.<|>Trigo, L.<|>Souza, R. M. de.<|>Laiz, H.<|>Debatin, R. M.<|>Afonso, E.;Kyriazis, G. A.<|>Di Lillo, Lucas Daniel<|>Slomovitz, D.<|>Iuzzolino, Ricardo Javier<|>Yasuda, Eliana Soledad<|>Trigo, L.<|>Souza, R. M. de.<|>Laiz, H.<|>Debatin, R. M.<|>Afonso, Edson
050384;v22_Autor_personal;Beer, E.<|>Álvarez, L.<|>Bastida, K.<|>Giarmana, G.<|>Di Lillo, L.;Beer, Ethel Mariana<|>Álvarez, L.<|>Bastida, Karina Beatriz<|>Giarmana, G.<|>Di Lillo, Lucas Daniel
050385;v22_Autor_personal;Beer, E.<|>Álvarez, L.<|>Bastida, K.<|>Giarmana, G.;Beer, Ethel Mariana<|>Álvarez, L.<|>Bastida, Karina Beatriz<|>Giarmana, G.
050386;v22_Autor_personal;Longinotti, G.<|>Ybarra, G.<|>Montserrat, J.;Longinotti, G.<|>Ybarra, Gabriel Omar<|>Montserrat, J.
050387;v22_Autor_personal;Monti, J. E.<|>Rossi, S.<|>Eliach, J. J.<|>Bourges, G.;Monti, Juan Esteban<|>Rossi, Sebastián<|>Eliach, J. J.<|>Bourges, Gastón
050388;v22_Autor_personal;Abate, German R.<|>Deferrari, Nicolás<|>Martinez Krahmer, Daniel O.;Abate, Germán Rubén<|>Deferrari, Nicolás<|>Martinez Krahmer, Daniel O.
050389;v22_Autor_personal;Gagliostro, G. A.<|>Garciarena, D. A.<|>Rodríguez, M. A.<|>Antonacci, L. E.;Gagliostro, G. A.<|>Garciarena, D. A.<|>Rodríguez, Matías Agustín<|>Antonacci, Liliana Elisabet
050390;v22_Autor_personal;Castellano, P.<|>Pérez Ibarreche, M.<|>Blanco Massani, M.<|>Fontana, C.<|>Vignolo, G. M.;Castellano, Patricia Haydeé<|>Pérez Ibarreche, M.<|>Blanco Massani, Mariana Raquel<|>Fontana, C.<|>Vignolo, Graciela Margarita
050392;v22_Autor_personal;Biloni, J.<|>Cobas Andrinolo, M. B.<|>Carrizo, S.<|>Codeseira, L.<|>Fiora, J.<|>Gastiarena, M.<|>Iannelli, L.<|>Jacinto, G.<|>Prieto, R.<|>Gil, S.;Biloni, Javier Marcelo<|>Cobas Andrinolo, M. B.<|>Carrizo, Silvina Cecilia<|>Codeseira, Luciano<|>Fiora, J.<|>Gastiarena, M.<|>Iannelli, L.<|>Jacinto, G.<|>Prieto, R.<|>Gil, S.
050396;v22_Autor_personal;Iermanó, M. J.<|>Almada, C.<|>Sarandón, S. J.;Iermanó, M. J.<|>Almada, Carolina<|>Sarandón, S. J.
050398;v22_Autor_personal;Ortega, N.<|>Martynenko, V.<|>Pérez, D.<|>Martínez Krahmer, D.<|>López de Lacalle, L. N.<|>Ukar, E.;Ortega, N.<|>Martynenko, Vitaliy<|>Pérez, D.<|>Martínez Krahmer, Daniel Osvaldo<|>López de Lacalle, L. N.<|>Ukar, Eneko
050399;v22_Autor_personal;Abate, Germán<|>Pérez, Daniela<|>Martínez Krahmer, Daniel<|>Maceira, G.;Abate, Germán Rubén<|>Pérez, Daniela<|>Martínez Krahmer, Daniel<|>Maceira, G.
050402;v22_Autor_personal;Tonina, A.<|>Currás, M.<|>Navarro, M.;Tonina, Alejandra<|>Currás, Diego Martín<|>Navarro, M.
050403;v22_Autor_personal;Salomón, Francisco<|>Tropea, Salvador<|>Brengi, Diego<|>Hernández, Ariel<|>Alamón, Diego<|>Parra, Matías<|>Longinotti, Gloria<|>Ybarra, Gabriel<|>Lloret, Paulina<|>Mass, Mijal<|>Roberti, Mariano<|>Lloret, Matías<|>Malatto, Laura<|>Moina, Carlos<|>Fraigi, Liliana<|>Melli, Luciano<|>Cortina, María Eugenia<|>Rey Serantes, Diego<|>Ugalde, Juan E.<|>Ciocchini, Andrés<|>Comerci, Diego J.;Salomón, Francisco<|>Tropea, Salvador<|>Brengi, Diego<|>Hernández, Ariel<|>Alamón, Diego Fernando<|>Parra, Matías<|>Longinotti, Gloria<|>Ybarra, Gabriel<|>Lloret, Paulina<|>Mass, Mijal<|>Roberti, Mariano<|>Lloret, Matías<|>Malatto, Laura<|>Moina, Carlos<|>Fraigi, Liliana<|>Melli, Luciano<|>Cortina, María Eugenia<|>Rey Serantes, Diego<|>Ugalde, Juan E.<|>Ciocchini, Andrés<|>Comerci, Diego J.
050404;v22_Autor_personal;Thomas, J.<|>Ramos, E.<|>Gieco, J.<|>Jáuregui, J.<|>Badino, O.<|>Leva, P.<|>Toffoli, G.;Thomas, J. A.<|>Ramos, E.<|>Gieco, J.<|>Jáuregui, J.<|>Badino, Olga Noemí<|>Leva, P.<|>Toffoli, G.
050405;v22_Autor_personal;Tufaro, L. N.<|>Svoboda, H. G.;Tufaro, Leonardo Nicolás<|>Svoboda, Hernán Gabriel
050408;v22_Autor_personal;del Mónaco, S. M.<|>Barda, N. B.<|>Rubio, N. C.<|>Caballero, A. C.;del Mónaco, S. M.<|>Barda, Norma Beatriz<|>Rubio, N. C.<|>Caballero, A. C.
050409;v22_Autor_personal;Abate, Germán<|>Pérez, Daniela<|>Martínez Krahmer, Daniel<|>Maceira, Gustavo;Abate, Germán Rubén<|>Pérez, Daniela<|>Martínez Krahmer, Daniel<|>Maceira, Gustavo
050414;v22_Autor_personal;Cardama, Georgina A.<|>Comin, Maria J.<|>Hornos, Leandro<|>Gonzalez, Nazareno<|>Defelipe, Lucas<|>Turjanski, Adrian G.<|>Alonso, Daniel F.<|>Gomez, Daniel E.<|>Lorenzano Menna, Pablo;Cardama, Georgina A.<|>Comin, Maria J.<|>Hornos, Leandro<|>Gonzalez, Nazareno<|>Defelipe, Lucas<|>Turjanski, Adrian G.<|>Alonso, Daniel Fernando<|>Gomez, Daniel E.<|>Lorenzano Menna, Pablo
050417;v22_Autor_personal;Yapur, F.<|>Alvarez, L.<|>Bastida, K.;Yapur, Fernando Gabriel<|>Alvarez, L.<|>Bastida, Karina Beatriz
050418;v22_Autor_personal;Marconi, P. L.<|>López, M. C.<|>De Meester, J.<|>Bovjin, C.<|>Álvarez, M. A.;Marconi, P. L.<|>López, María Cristina<|>De Meester, Jürgen<|>Bovjin, Celia<|>Álvarez, Marcela Andrea
050420;v22_Autor_personal;Pérez Urquiza, Melina<|>Maldonado Torres, Mauricio<|>Mitani, Yoshito<|>Schantz, Michele M.<|>Duewer, David L.<|>May, Wille E.<|>Parris, Reenie M.<|>Wise, Stephen A.<|>Kaminski, Katja<|>Philipp, Rosemarie<|>Win, Tin<|>Rosso, Adriana<|>Kim, Dal Ho<|>Ishikawa, Keiichiro<|>Krylov, A. I.<|>Kustikov, Y. A.<|>Baldan, Annarita;Pérez Urquiza, Melina<|>Maldonado Torres, Mauricio<|>Mitani, Yoshito<|>Schantz, Michele M.<|>Duewer, David<|>May, Wille E.<|>Parris, Reenie M.<|>Wise, Stephen A.<|>Kaminski, Katja<|>Philipp, Rosemarie<|>Win, Tin<|>Rosso, Adriana<|>Kim, Dal Ho<|>Ishikawa, Keiichiro<|>Krylov, A. I.<|>Kustikov, Y. A.<|>Baldan, Annarita
050424;v22_Autor_personal;Pellegrino, Nestor<|>Giacomino, María Silvia<|>Curia, Ana<|>Ferreira, Verónica<|>Apro, Nicolas<|>Pita, Martín<|>de Portela, María Luz;Pellegrino, Nestor<|>Giacomino, María Silvia<|>Curia, Ana Valeria<|>Ferreira, Verónica<|>Apro, Nicolas<|>Pita, Martín<|>de Portela, María Luz
050425;v22_Autor_personal;Volzone, C.<|>Gallegos, N.<|>Cantera, C.<|>Greco, A.;Volzone, Cristina<|>Gallegos, N.<|>Cantera, Carlos Santos<|>Greco, A.
050435;v22_Autor_personal;González, D.<|>Sbragia, R.<|>Galante, O.<|>Soto, R.<|>Valdivieso, R.;González, D.<|>Sbragia, Roberto<|>Galante, O.<|>Soto, R.<|>Valdivieso, R.
050436;v22_Autor_personal;González, D.<|>Sbragia, R.<|>Galante, O.<|>Soto, R.<|>Valdivieso, R.;González, D.<|>Sbragia, Roberto<|>Galante, O.<|>Soto, R.<|>Valdivieso, R.
050437;v22_Autor_personal;González, D.<|>Sbragia, R.<|>Galante, O.<|>Soto, R.<|>Valdivieso, R.;González, D.<|>Sbragia, Roberto<|>Galante, O.<|>Soto, R.<|>Valdivieso, R.
050442;v22_Autor_personal;Abate, Germán<|>Moraes, Alexsandro<|>Perez, Daniela<|>Bonnemezón, Alfredo<|>Martinez Krahmer, Daniel;Abate, Germán Rubén<|>Moraes, Alexsandro<|>Perez, Daniela<|>Bonnemezón, Alfredo<|>Martinez Krahmer, Daniel
050443;v22_Autor_personal;Hioki, A.<|>Nonose, N.<|>Liandi, M.<|>Jingbo, C.<|>Liuxing, F.<|>Chao, W.<|>Cho, K. H.<|>Suh, Jung K.<|>Min, H. S.<|>Lim, Y.<|>Recknagel, S.<|>Koenig, M.<|>Vogl, J.<|>Caciano de Sena, R.<|>Reis, L. A. dos<|>Borinsky, M.<|>Puelles, M.<|>Hatamleh, N.<|>Acosta, O.<|>Turk, G.<|>Rabb, S.<|>Sturgeon, R.<|>Methven, B.<|>Rienitz, O.<|>Jaehrling, R.<|>Konopelko, L. A.<|>Kustikov, Yu. A.<|>Kozyreva, S. B.<|>Korzh, A. A.;Hioki, A.<|>Nonose, N.<|>Liandi, M.<|>Jingbo, C.<|>Liuxing, F.<|>Chao, Wei<|>Cho, Kyung Haeng<|>Suh, Jung K.<|>Min, H. S.<|>Lim, Y.<|>Recknagel, S.<|>Koenig, M.<|>Vogl, Jochen<|>Sena, Rodrigo Caciano de<|>Reis, L. A. dos<|>Ferdman de Borinsky, Mónica Beatriz<|>Puelles, M.<|>Hatamleh, N.<|>Acosta, Osvaldo Héctor<|>Turk, Gregory<|>Rabb, S.<|>Sturgeon, R.<|>Methven, B.<|>Rienitz, O.<|>Jaehrling, R.<|>Konopelko, L. A.<|>Kustikov, Yu. A.<|>Kozyreva, S. B.<|>Korzh, A. A.
050444;v22_Autor_personal;Ariza, R.<|>Kohanoff, S.;Ariza, Irene Raquel<|>Kohanoff, S.
050445;v22_Autor_personal;Dieguez, T.<|>Burgueño, A.<|>Svoboda, H.;Dieguez, T.<|>Burgueño, Víctor Alejandro<|>Svoboda, Hernán Gabriel
050446;v22_Autor_personal;Pellegrino, N.<|>Giacomino, M. S.<|>Dupraz, H.<|>Rodríguez, V.<|>Ferreyra, V.<|>Apro, N.<|>Zeni, S. N.<|>Pita Martín de Portela, M. L.;Pellegrino, N.<|>Giacomino, M. S.<|>Dupraz, Hernán<|>Rodríguez, V.<|>Ferreyra, V.<|>Apro, Nicolás<|>Zeni,  Susana Noemí<|>Pita Martín de Portela, M. L.
050447;v22_Autor_personal;Landoni, L.<|>Alarcón, R.<|>Vilca, L.<|>Chasquibol, N.<|>Pérez-Camino, M. C.<|>Gallardo, G.;Landoni, Lourdes Nahir<|>Alarcón, R.<|>Vilca, L.<|>Chasquibol Silva, Nancy Ascención<|>Pérez-Camino, M. C.<|>Gallardo, G.
050449;v22_Autor_personal;"Pratt, K. W.<|>Ortiz-Aparicio, J. L.<|>Matehuala-Sanchez, F. J.<|>Pawlina, M.<|>Koz&#322;owski, W.<|>Borges, P. P.<|>Silva Junior, W. B. da.<|>Borinsky, M. B.<|>Hernández, A.<|>Puelles, M.<|>Hatamleh, N.<|>Acosta, O.<|>Nunes, J.<|>Guiomar Lito, M. J.<|>Camões, M. F.<|>Filipe, E.<|>Hwang, E.<|>Lim, Y.<|>Bing, W.<|>Qian, W.<|>Chao, W.<|>Hioki, A.<|>Asakai, T.<|>Máriássy, M.<|>Hanková, Z.<|>Nagibin, S.<|>Manska, O.<|>Gavrilkin, V.<|>Kutovoy, V.";"Pratt, K. W.<|>Ortiz-Aparicio, J. L.<|>Matehuala-Sanchez, F. J.<|>Pawlina, M.<|>Koz&#322;owski, W.<|>Borges, Paulo<|>Silva Junior, W. B. da.<|>Ferdman de Borinsky, Mónica Beatriz<|>Hernández, A.<|>Puelles, M.<|>Hatamleh, N.<|>Acosta, Osvaldo Héctor<|>Nunes, J.<|>Guiomar Lito, M. J.<|>Camões, Maria Filomena<|>Filipe, E.<|>Hwang, E.<|>Lim, Y.<|>Bing, Wu<|>Qian, W.<|>Chao, Wei<|>Hioki, A.<|>Asakai, Toshiaki<|>Máriássy, M.<|>Hanková, Z.<|>Nagibin, S.<|>Manska, O.<|>Gavrilkin, V.<|>Kutovoy, V."
050450;v22_Autor_personal;Westwood, S.<|>Josephs, R.<|>Choteau, T.<|>Daireaux, A.<|>Mesquida, C.<|>Wielgosz, R.<|>Rosso, A.<|>Ruiz de Arechavaleta, M.<|>Davies, S.<|>Wang, H.<|>Cristina Pires do Rego, E.<|>Marques Rodrigues, J.<|>Freitas Guimarães, E. de.<|>Barreto Sousa, M. V.<|>Monteiro, T. M.<|>Alves das Neves Valente, L.<|>Marques Violante, F. G.<|>Rubim, R.<|>Almeida, R.<|>Baptista Quaresma, M. C.<|>Nogueira, R.<|>Windust, A.<|>Dai, X.<|>Li, X.<|>Zhang, W.<|>Li, M.<|>Shao, M.<|>Wei, C.<|>Wong, S.<|>Cabillic, J.<|>Gantois, F.<|>Philipp, R.<|>Pfeifer, D.<|>Hein, S.<|>Klyk-Seitz, U.<|>Ishikawa, K.<|>Castro, E.<|>González, N.<|>Krylov, A.<|>Lin, T. T.<|>Kooi, L. T.<|>Fernandes-Whaley, M.<|>Prévoo, D.<|>Archer, M.<|>Visser, R.<|>Nlhapo, N.<|>de Vos, B.<|>Ahn, S.<|>Pookrod, P.<|>Wiangnon, K.<|>Sudsiri, N.<|>Muaksang, K.<|>Cherdchu, C.<|>Gören, A. C.<|>Bilsel, M.<|>LeGoff, T.<|>Bearden, D.<|>Bedner, M.<|>Duewer, D.<|>Hancock, D.<|>Lang, B.<|>Lippa, K.<|>Schantz, M.<|>Sieber, J.;Westwood, Steven<|>Josephs, R.<|>Chote, Tiphaine<|>Daireaux, Adeline<|>Mesquida, C.<|>Wielgosz, Robert I.<|>Rosso, A.<|>Ruiz de Arechavaleta, Mariana<|>Davies, Stephen<|>Wang, H.<|>Rego, Eliane Cristina Pires do<|>Marques Rodrigues, J.<|>Freitas Guimarães, E. de.<|>Barreto Sousa, Marcus Vinicius<|>Monteiro, T. M.<|>Valente, Laura Alves das Neves<|>Marques Violante, F. G.<|>Rubim, R.<|>Almeida, R.<|>Baptista Quaresma, Maria Cristina<|>Nogueira, R.<|>Windust, Anthony<|>Dai, Xinhua<|>Li, X.<|>Zhang, W.<|>Li, M.<|>Shao, M.<|>Wei, C.<|>Wong, Siu-kay<|>Cabillic, Julie<|>Gantois, F.<|>Philipp, R.<|>Pfeifer, D.<|>Hein, S.<|>Klyk-Seitz, U.<|>Ishikawa, K.<|>Castro, Esther<|>González, N.<|>Krylov, A.<|>Lin, T. T.<|>Kooi, L. T.<|>Fernandes-Whaley, M.<|>Prévoo, D.<|>Archer, M.<|>Visser, R.<|>Nlhapo, N.<|>de Vos, B.<|>Ahn, Seonghee<|>Pookrod, P.<|>Wiangnon,  Kanjana<|>Sudsiri, Nittaya<|>Muaksang, K.<|>Cherdchu, Chainarong<|>Gören, A. C.<|>Bilsel, Gökhan<|>LeGoff, T.<|>Bearden, Dan<|>Bedner, Mary<|>Duewer, David<|>Hancock, D.<|>Lang, B.<|>Lippa, K.<|>Schantz, M.<|>Sieber, John
050451;v22_Autor_personal;Budovsky, I.<|>Lipe, T. E.<|>Filipski, P. S.<|>Laiz, H.<|>Funck, T.<|>Garcocz, M.<|>Espedalen, J. H.<|>Rydler, K.<|>Chua, S. W.<|>Borghi, G.<|>Wheaton, A.<|>Telitchenko, G. P.;Budovsky, Ilya<|>Lipe, T. E.<|>Filipski, P. S.<|>Laiz, H.<|>Funck, T.<|>Garcocz, M.<|>Espedalen, J. H.<|>Rydler, K.<|>Chua, Sze Wey<|>Borghi, Giovanna<|>Wheaton, Adrian<|>Telitchenko, G. P.
050452;v22_Autor_personal;Irisity, M.<|>Faure, S.<|>Torales, R.<|>Schmidt, A.<|>Ayres, C.;Irisity, M.<|>Faure, S.<|>Torales, Romina<|>Schmidt, Angelina<|>Ayres, Carlos
050453;v22_Autor_personal;González, C.<|>López, M. C.;González, C.<|>López, María Cristina
050471;v22_Autor_personal;Khaliullin, D.<|>Belinsky, A.<|>Valiev, A.<|>Lukmanov, R.<|>Bourges, G.;Khaliullin, D.<|>Belinsky, Alexandr<|>Valiev, A.<|>Lukmanov, R.<|>Bourges, Gastón
050473;v22_Autor_personal;Garro, M. L.<|>Barbeito, C.<|>Mario, R. C.<|>Galarza, B. C.<|>Cantera, C. S.;Garro, M. L.<|>Barbeito, C.<|>Mario, R. C.<|>Galarza, B. C.<|>Cantera, Carlos Santos
050474;v22_Autor_personal;Máriássy, Michal<|>Hioki, Akiharu<|>Konopelko, Leonid A.<|>Dimchoglo, Irina<|>Winchester, Michael<|>Butler, Therese<|>Case, Ryan<|>Hernández, Ana<|>Galli, Ariel<|>Alvarez, Pablo<|>Lee, Joung Hae<|>Royer, Chantal<|>Shi, Naijie<|>Chao, Jingbo<|>Wu, Bing<|>Li, Haifeng<|>Turk, Gregory;Máriássy, Michal<|>Hioki, Akiharu<|>Konopelko, Leonid A.<|>Dimchoglo, Irina<|>Winchester, Michael<|>Butler, Therese<|>Case, Ryan<|>Hernández, Ana<|>Galli, Ariel<|>Álvarez, Pablo Augusto<|>Lee, Joung Hae<|>Royer, Chantal<|>Shi, Naijie<|>Chao, Jingbo<|>Wu, Bing<|>Li, Haifeng<|>Turk, Gregory
050475;v22_Autor_personal;Wong, G.<|>Wu, L.;Wong, George<|>Wu, Lixue
050481;v22_Autor_personal;Fabro, M. A.<|>Milanesio, H. V.<|>Robert, L. M.<|>Speranza, J. L.<|>Murphy, M.<|>Rodríguez, G.<|>Castañeda, R.;Fabro, Mabel Angélica<|>Milanesio, H. V.<|>Robert, L. M.<|>Speranza, J. L.<|>Murphy, M.<|>Rodríguez, G.<|>Castañeda, Roberto Aníbal
050485;v22_Autor_personal;Martynenko, V.<|>Martínez Krahmer, D.<|>Nápoles Alberro, A.<|>Cabo, A.<|>Pérez, D.<|>Zayas Figueras, E. E.<|>González Rojas, H. A.<|>Sánchez Egea, A. J.;Martynenko, Vitaliy<|>Martínez Krahmer, Daniel Osvaldo<|>Nápoles Alberro, A.<|>Cabo, Amado<|>Pérez, D.<|>Zayas Figueras, Enrique Ernesto<|>González Rojas, H. A.<|>Sánchez Egea, A. J.
050486;v22_Autor_personal;Sanca, G. A.<|>Barella, M.<|>Gómez Marlasca, F.<|>Rodríguez, G.<|>Martelliti, D.<|>Patrone, L.<|>Levy, P.<|>Golmar, F.;Sanca, G. A.<|>Barella, Mariano<|>Gómez Marlasca, F.<|>Rodríguez, G.<|>Martelliti, D.<|>Patrone, Luciano  Agustín<|>Levy, Pablo<|>Golmar, F.
050491;v22_Autor_personal;Bazli, L.<|>Eskandarinezhad, S.<|>Kakur, N.<|>Ramachandran, V.<|>Bacigalupe, A.<|>Mansilla, M.<|>Escobar, M.;Bazli, Leila<|>Eskandarinezhad, S.<|>Kakur, N.<|>Ramachandran, V.<|>Bacigalupe, Alejandro<|>Mansilla, M.<|>Escobar, M.
050493;v22_Autor_personal;Silbert, V.<|>Garrido, G.<|>Suárez, M. F.<|>Benítez, A.<|>Pettigiani, E.;Silbert Voldman, Violeta<|>Garrido, G.<|>Suárez, M. F.<|>Benítez, A.<|>Pettigiani, Eugenio
050494;v22_Autor_personal;Kainz, C.<|>Mónaco, G.<|>Gramajo, E.<|>Arena, N.<|>González Piazza, M.<|>Rivara, M.<|>Schicchi, N.<|>Sánchez, M.;Kainz, Cecilia<|>Mónaco, G.<|>Gramajo, E.<|>Arena Patiño, Nahir Jezabel<|>González Piazza, M.<|>Rivara, Mariana<|>Schicchi, N.<|>Sánchez, M.
050495;v22_Autor_personal;Ariza, R.<|>Ceballos, J.<|>Herrero, P.<|>Ramírez, R.<|>Martín, D.;Ariza, Irene Raquel<|>Ceballos, Jorge Ceferino<|>Herrero, P.<|>Ramírez, Rodrigo Javier<|>Martin, Diego Ignacio
050496;v22_Autor_personal;Segura, S. M.<|>Berón López, N.<|>Seva, L. P.<|>Tozzi, L.;Segura, Sebastián Matías<|>Berón López, Ángel Nehuen<|>Seva, Luis Pablo<|>Tozzi, Leandro
050497;v22_Autor_personal;Espejo, C.<|>Valentini, E. M.<|>Neuilly, R.<|>Fernández, M.<|>Gracia, M. V.<|>Martincic, D. G.;Espejo, C.<|>Valentini, Érica M.<|>Neuilly, R.<|>Fernández, M.<|>Gracia, M. V.<|>Martincic, D. G.
050498;v22_Autor_personal;Alessandrini, G.<|>Beunza, F.<|>Escudero, G.;Alessandrini, Gustavo<|>Beunza, Fernando Ariel<|>Escudero, Gustavo Pablo
050499;v22_Autor_personal;Lobatto, I. V.<|>Stratico, M.<|>Gauna, R. P.<|>Zannoni, V.<|>Alberti, C.;Lobatto, Iliana Valeria<|>Stratico, M.<|>Gauna, R. P.<|>Zannoni, Valeria<|>Alberti, Cecilia
050500;v22_Autor_personal;Cogno, J.<|>Amelotti, Franco<|>Abuin, Graciela C.<|>Amore, S.<|>Castro, Á.;Cogno, Jorge Adrián<|>Amelotti, Franco<|>Abuin, Graciela Carmen<|>Amore, Sandra Francisca<|>Castro, Á.
050501;v22_Autor_personal;Álvarez, R.<|>Ugarteche, S.<|>Amore, S. F.<|>Loiacono, N.<|>Schvartz, M.<|>Spina, J.<|>Álvarez, D.;Álvarez, Rodrigo Javier<|>Ugarteche, Wanda María Sol<|>Amore, Sandra Francisca<|>Loiacono, Natalia Gisele<|>Schvartz, Mariano Ariel<|>Spina, J.<|>Álvarez, Diego Alejandro
050502;v22_Autor_personal;Bierzychudek, M. E.;Bierzychudek, Marcos Eduardo
050503;v22_Autor_personal;Scozzina, E. F.;Scozzina, Emilio Fabián
050504;v22_Autor_personal;Lozano, H.<|>Iglesias, A.<|>Hatamleh, N.<|>Puelles, M.<|>Gatti, P.;Lozano, H.<|>Iglesias, Ana Laura<|>Hatamleh, N.<|>Puelles, M.<|>Gatti, P.
050505;v22_Autor_personal;Brenta, H.<|>Lupo, S.<|>Chamorro, A.<|>Cazzasa, E.<|>Forastieri, J.<|>Rosso, A.;Brenta, Hernán Matías<|>Lupo, Sergio Gustavo<|>Chamorro, Andrea Luján<|>Cazzasa, Esteban Gerardo<|>Forastieri, J.<|>Rosso, A.
050506;v22_Autor_personal;Luna, D.<|>Pérez, D.<|>Hase, H.<|>Pasquaré, A.;Luna, Diego<|>Pérez, D.<|>Hase, H.<|>Pasquaré, A.
050507;v22_Autor_personal;Álvarez, L.<|>Bastida, K.<|>Mingolla, G.;Álvarez, L.<|>Bastida, Karina Beatriz<|>Mingolla, María Griselda
050508;v22_Autor_personal;Iuzzolino, R. J.<|>Bierzychudek, M. E.;Iuzzolino, Ricardo Javier<|>Bierzychudek, Marcos Eduardo
050509;v22_Autor_personal;Ríos, L. M.<|>Luna, D.<|>Pérez, D.;Ríos, Leandro Martín<|>Luna, Diego<|>Pérez, D.
050511;v22_Autor_personal;Real, M.<|>Tonina, A.<|>Giudici, P.<|>Arrachea, L.;Real, M.<|>Tonina, Alejandra<|>Giudici, P.<|>Arrachea, Liliana
050512;v22_Autor_personal;Amedei, H. A.<|>Cedrés, J. P.<|>Toyé, L.<|>Nigro, F.<|>Gatti, P.<|>Cappa, M.;Amedei, Hugo Alejandro<|>Cedrés, Juan Pablo<|>Toyé, Laura Andrea<|>Nigro, F.<|>Gatti, P.<|>Cappa, María de los Ángeles
050513;v22_Autor_personal;Córdoba Estévez, M.<|>Pereyro, M. A.<|>Comin, M. J.;Córdoba Estévez, Mónica María<|>Pereyro, María Agustina<|>Comin, María Julieta
050514;v22_Autor_personal;Espejo, C.<|>Fernández, P.<|>Funes, O.<|>Greco, F.<|>Polo, P<|>Flores, S.<|>Fabro, M.;Espejo, C.<|>Fernández, P.<|>Funes, O.<|>Greco, F.<|>Polo, P<|>Flores, S.<|>Fabro, Mabel Angélica
050515;v22_Autor_personal;Zapata, A.<|>Benevenia, R.<|>Taibo, L.;Zapata, Alexis Gastón<|>Benevenia, Ramiro<|>Taibo, L.
050516;v22_Autor_personal;Barrera, F.<|>Gil, V.<|>Silva, I.;Barrera, Fabiana Paula<|>Gil, V.<|>Silva, Ignacio
050518;v22_Autor_personal;Cancela, E.<|>Cedrés, J. P.<|>Catone, M.<|>Matos, M. L.<|>Caro, C.<|>Amedei, H. A.;Cancela, Guillermo Ezequiel<|>Cedrés, Juan Pablo<|>Catone, Mariela Verónica<|>Matos, María Laura<|>Caro Solis, Carmen María Almudena<|>Amedei, Hugo Alejandro
050519;v22_Autor_personal;Lupo, S.<|>Forastieri, J.<|>Robasso, M.;Lupo, Sergio Gustavo<|>Forastieri, J.<|>Robasso, M.
050520;v22_Autor_personal;Benítez, G. A.<|>Graneros, G.<|>Soto, S.<|>Polzinetti, M.<|>Curria, M.;Benítez, Graciela Alejandra<|>Graneros, G.<|>Soto, Santiago Abel<|>Polzinetti, Matías Daniel<|>Curria, Maria C.
050521;v22_Autor_personal;Santos, L. N.<|>Rillo, S.<|>Della Vecchia, M.<|>López, E. E.;Santos, L. N.<|>Rillo, S.<|>Della Vecchia, Miguel Ángel<|>López, Eduardo Emilio
050522;v22_Autor_personal;Giberti, M.<|>Iranzo, C.<|>López Cabana, G.<|>Munizza, G.<|>Fernández, G.;Giberti, M.<|>Iranzo, Claudia Manuela<|>López Cabana, G.<|>Munizza, Gabriela Vanina<|>Fernández, G.
050523;v22_Autor_personal;Yasuda, E.<|>Di Lillo, L.<|>Kyriazis, G.;Yasuda, Eliana Soledad<|>Di Lillo, Lucas Daniel<|>Kyriazis, G.
050524;v22_Autor_personal;Casais, J. L.;Casais, José Luis
050525;v22_Autor_personal;Jesiotr, V.<|>Fernández, M.;Jesiotr, Valeria Andrea<|>Fernández, M.
050526;v22_Autor_personal;Rego, E. C. P.<|>Simón, M.<|>Josephs, R. D.<|>Daireaux, A.<|>Li, X.<|>Choteau, T.<|>Westwood, S.<|>Wielgosz, R. I.;Rego, E. C. P.<|>Simón, Mariano Ernesto<|>Josephs, R. D.<|>Daireaux, Adeline<|>Li, X.<|>Chote, Tiphaine<|>Westwood, Steven<|>Wielgosz, Robert I.
050527;v22_Autor_personal;Zinzallari, A.<|>Babaro, J.<|>Scatena, E.<|>Mollo, J. C.<|>Yasan, E. D.;Zinzallari, Alberto<|>Babaro, Juan Pablo<|>Scatena, Eduardo<|>Mollo, J. C.<|>Yasan, Eduardo David
050528;v22_Autor_personal;Malinovsky, N.<|>Savarin, A.<|>Fulco, E.<|>Liñeiro, M.<|>Meza, M.;Malinovsky, N.<|>Savarin, Alejandro<|>Fulco, E.<|>Liñeiro, Manuel<|>Meza, M.
050529;v22_Autor_personal;Savarin, A.<|>Kirsch, G.<|>Wüthrich, C.;Savarin, Alejandro<|>Kirsch, G.<|>Wüthrich, C.
050530;v22_Autor_personal;Sánchez, J.<|>Quille, R.<|>Comi, C.;Sánchez, J.<|>Quille, R.<|>Comi, Carlos Miguel
050531;v22_Autor_personal;García Skabar, J.<|>Santaya, M.;García Skabar, J.<|>Santaya, Mariano
050532;v22_Autor_personal;Álvarez, L.<|>Beer, E.<|>Bastida, K.;Álvarez, L.<|>Beer, Ethel Mariana<|>Bastida, Karina Beatriz
050539;v22_Autor_personal;Mass, M.<|>Veiga, L. S.<|>Garate, O.<|>Longinotti, G.<|>Moya, A.<|>Ramón, E.<|>Villa, R.<|>Ybarra, G.<|>Gabriel, G.;Mass, Mijal Inés<|>Veiga, Lionel Sebastián<|>Garate, O.<|>Longinotti, G.<|>Moya, A.<|>Ramón, E.<|>Villa, Rosa<|>Ybarra, Gabriel Omar<|>Gabriel, G.
050541;v22_Autor_personal;Martínez Pullido, G.<|>Nuño, G.<|>Perdiguero Samaja, Y.<|>Risso, M. G.<|>Peralta, F.<|>Rearte, M.;Martínez Pullido, G.<|>Nuño, Gabriela<|>Perdiguero Samaja, Yamile<|>Risso, Marcos Gabriel<|>Peralta, F.<|>Rearte, M.
050542;v22_Autor_personal;Sánchez Egea, A. J.<|>Martynenko, V.<|>Simoncelli, A.<|>Serrancoli, G.<|>Martínez Krahmer, D.;Sánchez Egea, A. J.<|>Martynenko, Vitaliy<|>Simoncelli, A.<|>Serrancoli, G.<|>Martínez Krahmer, Daniel Osvaldo
050545;v22_Autor_personal;Carola, Federico<|>Korb, Mariel<|>Lagier, María Eugenia<|>Richard, Ayelén;Carola, Luis Federico José<|>Korb, Mariel<|>Lagier, María Eugenia<|>Richard, Ayelén
050553;v22_Autor_personal;Barella, M.<|>Sanca, G. A.<|>Gomez Marlasca, F.<|>Rodríguez, G.<|>Martelliti, D.<|>Abanto, L.<|>Levy, P.<|>Golmar, F.;Barella, Mariano<|>Sanca, G. A.<|>Gomez Marlasca, F.<|>Rodríguez, G.<|>Martelliti, D.<|>Abanto, L.<|>Levy, Pablo<|>Golmar, F.
050559;v22_Autor_personal;Alcázar, J.<|>Abate, G.<|>Antunez, N.<|>Simoncelli, A.<|>Sánchez Egea, A. J.<|>Martínez Krahmer, D.<|>López de Lacalle, L. N.;Alcázar, Jackeline<|>Abate, Germán Rubén<|>Antunez, Nazareno Nahuel<|>Simoncelli, A.<|>Sánchez Egea, A. J.<|>Martínez Krahmer, Daniel Osvaldo<|>López de Lacalle, L. N.
050565;v22_Autor_personal;Vigna, Alejandrina<|>Ramírez, Rodrigo<|>Torregiani, Luciana;Vigna, Alejandrina Moira<|>Ramírez, Rodrigo<|>Torregiani, Luciana
050568;v22_Autor_personal;Ramírez, Rodrigo<|>Pinheiro, Verónica<|>Zorrilla, Ladislao<|>Ceballos, Jorge<|>Benasso, Tomás;Ramírez, Rodrigo<|>Pinheiro, Verónica<|>Zorrilla, Ladislao<|>Ceballos, Jorge Ceferino<|>Benasso, Tomás
050569;v22_Autor_personal;Secchi, Mariela<|>Ramírez, Rodrigo<|>Zorrilla, Ladislao<|>Ceballos, Jorge;Secchi, Mariela<|>Ramírez, Rodrigo<|>Zorrilla, Ladislao<|>Ceballos, Jorge Ceferino
050570;v22_Autor_personal;Dubois, María José<|>Apecena, Luciana<|>Vigna, Alejandrina<|>Ramírez, Rodrigo;Dubois, María José<|>Apecena, Luciana<|>Vigna, Alejandrina Moira<|>Ramírez, Rodrigo
050573;v22_Autor_personal;Vigna, Alejandrina<|>Maugeri, Sol<|>Dorado, Cecilia;Vigna, Alejandrina Moira<|>Maugeri, Sol<|>Dorado, Cecilia
050580;v22_Autor_personal;Iturralde, R.<|>Ramos, E.<|>Nieto, I.<|>Defain Tesoriero, M. V.;Iturralde, Ramiro Andrés<|>Ramos, E.<|>Nieto, I.<|>Defain Tesoriero, María Victoria
050581;v22_Autor_personal;Gauna Peter, R.<|>Martínez, V.<|>Amore, S. F.<|>Ruiz Díaz, R.<|>Lelli, D.<|>Frangie, M. S.<|>Sakson, M.<|>Díaz, L.<|>Martínez, A.<|>Mondelo, N.<|>Tombari, D.<|>Defain Tesoriero, M. V.;Gauna Peter, R.<|>Martínez, V.<|>Amore, Sandra Francisca<|>Ruiz Díaz, R.<|>Lelli, D.<|>Frangie, M. S.<|>Sakson, M.<|>Díaz, L.<|>Martínez, A.<|>Mondelo, N.<|>Tombari, D.<|>Defain Tesoriero, María Victoria
050582;v22_Autor_personal;Arata, J.<|>Córdoba, M.<|>Ferreira, A.<|>Rey, F.<|>Warcok, L.<|>Arcangelo, M.<|>Zannoni, V.;Arata, Juan Esteban<|>Córdoba Estévez, Mónica María<|>Ferreira, A.<|>Rey, F.<|>Warcok, Leonardo Carlos<|>Arcangelo, M.<|>Zannoni, Valeria
050583;v22_Autor_personal;Toyé, L.<|>Legisa, D. M.<|>Navarro, L.<|>Matos, M. L.<|>Catone, M. V.;Toyé, Laura Andrea<|>Legisa, Danilo Mario<|>Navarro, Leandro<|>Matos, María Laura<|>Catone, Mariela Verónica
050584;v22_Autor_personal;Correa, J. P.<|>Eisenberg, P.;Correa Aguirre, Juan Pablo<|>Eisenberg, P.
050585;v22_Autor_personal;Garate, O.<|>Veiga, L.<|>Longinotti, G.<|>Lloret, P.<|>Ybarra, G.<|>Medrano, A.<|>Monsalve, L.;Garate, O.<|>Veiga, Lionel Sebastián<|>Longinotti, G.<|>Lloret, P.<|>Ybarra, Gabriel Omar<|>Medrano, Anahí Vanesa<|>Monsalve, L.
050589;v22_Autor_personal;Veiga, L.<|>Garate, O.<|>Medrano, A.<|>Lloret, P.<|>Monsalve, L.<|>Ybarra, G.<|>Moina, C.;Veiga, Lionel Sebastián<|>Garate, O.<|>Medrano, Anahí Vanesa<|>Lloret, P.<|>Monsalve, L.<|>Ybarra, Gabriel Omar<|>Moina, Carlos Alberto
050590;v22_Autor_personal;Martínez Gazoni, R.<|>Bellino, M. G.<|>Fuertes, M. C.<|>Giménez, G.<|>Soler-Illia, G. J. A. A.<|>Martínez Ricci, M. L.;Martínez Gazoni, R.<|>Bellino, Martín Gonzalo<|>Fuertes, M. C.<|>Giménez, G.<|>Soler-Illia, G. J. A. A.<|>Martínez Ricci, M. L.
050591;v22_Autor_personal;Giménez, G.<|>Soler Illia, G. J. A. A.<|>Ybarra, G.;Giménez, G.<|>Soler Illia, G. J. A. A.<|>Ybarra, Gabriel Omar
050592;v22_Autor_personal;Granell, P.<|>Patrone, L.<|>Tozzi, L.<|>Golmar, F.<|>Giménez, G.;Granell, P.<|>Patrone, Luciano  Agustín<|>Tozzi, Leandro<|>Golmar, F.<|>Giménez, G.
050593;v22_Autor_personal;García, D.<|>Crisnejo, M.<|>Farabollini, H.<|>Elhalem, E.<|>Escobar, G.<|>Molinari, F.<|>Gandolfi Donadío, L.<|>Comin, M. J.<|>Mansilla, M.<|>Escobar, M.;García, D.<|>Crisnejo, Matías Miguel<|>Farabollini, H.<|>Elhalem, E.<|>Escobar, G.<|>Molinari, Fabricio Nicolás<|>Gandolfi Donadío, L.<|>Comin, María Julieta<|>Mansilla, M.<|>Escobar, M.
050594;v22_Autor_personal;Brendstrup, D.<|>Bernal, C.<|>Mollo, M.;Brendstrup, Diego<|>Bernal, Celina Raquel<|>Mollo, M.
050595;v22_Autor_personal;Navarro, L.<|>Blasco, M.;Navarro, Leandro<|>Blasco, M.
050596;v22_Autor_personal;Molinari, F.<|>Monsalve, L. N.;Molinari, Fabricio Nicolás<|>Monsalve, L. N.
050597;v22_Autor_personal;Molinari, F.<|>Mass, M. I.<|>Monsalve, L. N.;Molinari, Fabricio Nicolás<|>Mass, Mijal Inés<|>Monsalve, L. N.
050598;v22_Autor_personal;Mangano, E.<|>Sambrano, E.<|>Pérez, M. D.<|>Di Santo, J.<|>Malatto, L.<|>Pla, J.;Mangano, E.<|>Sambrano, E.<|>Pérez, M. D.<|>Di Santo, José<|>Malatto, L.<|>Pla, Juan
050600;v22_Autor_personal;Rubio, A.<|>Cabodevila, P.;Rubio, María Agustina<|>Cabodevila, Pamela
050601;v22_Autor_personal;Araujo, J. F.;Araujo, Juan Facundo
050602;v22_Autor_personal;Cabodevila, P.<|>Rubio, M. A.;Cabodevila, Pamela<|>Rubio, María Agustina
050603;v22_Autor_personal;Zimmermann, A.;Zimmermann, Alan Rodolfo
050604;v22_Autor_personal;López, A.<|>Hoyos, G.<|>Castiglione, G.;López, A.<|>Hoyos, G.<|>Castiglione, Gonzalo José
050605;v22_Autor_personal;Cenzano, C.<|>Bogado, R.;Cenzano, Ana Carolina<|>Bogado, Ricardo Daniel
050606;v22_Autor_personal;Cordero, M.<|>Gaspoz, M. <|>Ingaramo, J.<|>Zimmermann, A.;Cordero, Mariano Alejandro<|>Gaspoz, M. <|>Ingaramo, J.<|>Zimmermann, Alan Rodolfo
050607;v22_Autor_personal;Roca, R.<|>Satler, A.<|>Zorzi, H.<|>Pirosanto, I.;Roca, Roberto<|>Satler, A.<|>Zorzi, Héctor Raúl<|>Pirosanto, I.
050609;v22_Autor_personal;Baretta, L.<|>Wyngaard, G.<|>Campanaro, M.;Baretta, Luis Rubén<|>Wyngaard, Guillermo<|>Campanaro, Mónica Susana
050610;v22_Autor_personal;Gariglio, A.<|>Martinez, J.<|>Baine, S.;Gariglio, A.<|>Martínez, Jonatan<|>Baine, Simón Enrique
050611;v22_Autor_personal;Vignau, S.<|>Rueda, L. F.<|>Molina Ortiz, S. E.;Vignau, Sol<|>Rueda, Leandro Félix<|>Molina Ortiz, Sara Eugenia
050612;v22_Autor_personal;Pozzo, M.<|>Carrizo, F.<|>Narváez Erazo, D.<|>Sica, D.<|>Argota, A.;Pozzo, M.<|>Carrizo, Fabián Lucio<|>Narváez Erazo, D.<|>Sica, Daniel<|>Argota, Antonia
050613;v22_Autor_personal;Biagetti, D.<|>Melaragno, M.<|>Possetto, M.;Biagetti, Daniel Rubén<|>Melaragno, M.<|>Possetto, M.
050614;v22_Autor_personal;Araujo, C.<|>Urrutia, V.;Araujo, Marta Carolina<|>Urrutia, Laura Vanesa
050615;v22_Autor_personal;De Pari, P.<|>Andrés, C.<|>López, G.<|>Cabrera, J.<|>Canalis, V.;De Pari, Silvia Patricia<|>Andrés, C.<|>López, G.<|>Cabrera, Jesús Ernesto<|>Canalís, Verónica Lorena
050616;v22_Autor_personal;Cuevas, J.<|>Gallardo, L.<|>Tuninetti, L.<|>Grana, F.<|>Angelelli, M.;Cuevas, Jorge Andrés<|>Gallardo, L.<|>Tuninetti, Leticia<|>Grana, F.<|>Ángelelli, Melina Mariel
050619;v22_Autor_personal;Gulivart, V.<|>Sánchez, E.<|>Apro, N.;Gulivart, V.<|>Sánchez, E.<|>Apro, Nicolás
050621;v22_Autor_personal;Rodríguez, M.<|>Baraschi, M.<|>Rosso, J.;Rodríguez, M.<|>Baraschi, Mauricio Andrés<|>Rosso, J.
050622;v22_Autor_personal;Baraschi, M.<|>Rosso, J.<|>Supin, L.<|>Llaria, A.;Baraschi, Mauricio Andrés<|>Rosso, J.<|>Supin, Leandro Sebastián<|>Llaria, Alberto
050623;v22_Autor_personal;Rodríguez, M.<|>Claros, S.<|>Roa, R.<|>Mogensen, M.;Rodríguez, M.<|>Claros, S.<|>Roa, Ruy Diego<|>Mogensen, M.
050624;v22_Autor_personal;Supin, L.<|>Llaria, A.<|>Baraschi, M.;Supin, Leandro Sebastián<|>Llaria, Alberto<|>Baraschi, Mauricio Andrés
050625;v22_Autor_personal;Biagetti, D.<|>Melaragno, M.;Biagetti, Daniel Rubén<|>Melaragno, M.
050628;v22_Autor_personal;Lloret, M.<|>Biagetti, D.<|>Melaragno, M.<|>Moro, J. P.<|>Schenone, N.;Lloret, M.<|>Biagetti, Daniel Rubén<|>Melaragno, M.<|>Moro, J. P.<|>Schenone, N.
050633;v22_Autor_personal;Charreau, G.<|>Casella, V.<|>Corso, M. E.<|>Cheheid, P.;Charreau, Geraldine Luján<|>Casella, Verónica María<|>Corso, María Eugenia<|>Cheheid, María Paula
050635;v22_Autor_personal;Charreau, G.<|>Corso, M. E.<|>Casella, V. M.<|>Cheheid, M. P.;Charreau, Geraldine Luján<|>Corso, María Eugenia<|>Casella, Verónica María<|>Cheheid, María Paula
050636;v22_Autor_personal;Lago, L.<|>Méndez, A.<|>Díaz Monnier, S.;Lago, Lucas Damián<|>Méndez, Andrea Mirta<|>Díaz Monnier, Silvia Laura
050637;v22_Autor_personal;Acquaticci, F.<|>Gwirc, S. N.<|>Lew, S. E.;Acquaticci, Fabián<|>Gwirc, S. N.<|>Lew, S. E.
050638;v22_Autor_personal;Ciarlantini, M.<|>Defelipe, L.<|>Gandolfi Donadío, L.<|>Elhalem, E.<|>Turjanski, A.<|>Rotemberg, S.<|>Ramirez, J.<|>Comin, M. J.;Ciarlantini, Matías Sebastián<|>Defelipe, Lucas Alfredo<|>Gandolfi Donadío, L.<|>Elhalem, E.<|>Turjanski, Adrián G.<|>Rotemberg, S.<|>Ramirez, J.<|>Comin, María Julieta
050639;v22_Autor_personal;Gudiño, R.<|>Aued, J.<|>Rousset, R.;Gudiño, R.<|>Aued, Juan Sebastián<|>Rousset, R.
050640;v22_Autor_personal;Parodi, B.<|>Carrizo, N.;Parodi, María Belén<|>Carrizo, Rita Noelia
050641;v22_Autor_personal;Touloumdjian, C.<|>Elhalem, E.<|>Comin,  M. J.<|>Gandolfi Donadío, L.;Touloumdjian, Carolina Sofía<|>Elhalem, E.<|>Comin,  M. J.<|>Gandolfi Donadío, L.
050642;v22_Autor_personal;Elhalem, E.<|>Morrone, J.<|>Reidel, S.<|>Ciarlantini, M.<|>Gauna, R. P.<|>Zannoni, V.<|>Gandolfi Donadío, L.<|>Pozo, L.<|>Cesa, V.<|>Matos, L.<|>Blasco, M.<|>Defain Tesoriero, M. V.<|>Comin, M. J.;Elhalem, E.<|>Morrone, Josefina<|>Reidel, Sara Isabel<|>Ciarlantini, Matías Sebastián<|>Gauna, R. P.<|>Zannoni, Valeria<|>Gandolfi Donadío, L.<|>Pozo, Larisa<|>Cesa, Verónica Silvina<|>Matos, María Laura<|>Blasco, M.<|>Defain Tesoriero, María Victoria<|>Comin, María Julieta
050643;v22_Autor_personal;Gandolfi Donadío, L.<|>Fischer, D.<|>García, C.<|>Elhalem, E.<|>Córdoba, M.<|>Comin, M. J.;Gandolfi Donadío, L.<|>Fischer, D.<|>García, C.<|>Elhalem, E.<|>Córdoba Estévez, Mónica María<|>Comin, María Julieta
050644;v22_Autor_personal;Ojeda, L.<|>Labanca, J. M.<|>Pérez, E.;Ojeda, L.<|>Labanca, Juan Manuel<|>Pérez, E.
050646;v22_Autor_personal;Toulomdjian, C.<|>Catone, M.<|>Elhalem, E.<|>Córdoba, M.<|>Pozo, L.<|>Cesa, V.<|>Comin, M. J.<|>Blasco, M.<|>Gandolfi Donadío, L.;Toulomdjian, C.<|>Catone, Mariela Verónica<|>Elhalem, E.<|>Córdoba Estévez, Mónica María<|>Pozo, Larisa<|>Cesa, Verónica Silvina<|>Comin, María Julieta<|>Blasco, M.<|>Gandolfi Donadío, L.
050647;v22_Autor_personal;Roldán, G.<|>Aranibar, G.<|>Montero, H.;Roldán, G.<|>Aranibar Aversa, Germán Francisco<|>Montero, H.
050648;v22_Autor_personal;Carriazo, C.<|>Cosentino, M. J.<|>Elvira, G.<|>Zitelli, P.<|>Pascuzzi, A.<|>Lanfranchi, F.;Carriazo, César<|>Cosentino, María. José<|>Elvira, G.<|>Zitelli, Pablo Nicolás<|>Pascuzzi, A.<|>Lanfranchi, F.
050649;v22_Autor_personal;Pozo, L.<|>Guerbi, A.<|>Comin, J.;Pozo, Larisa<|>Guerbi, A.<|>Comin, María Julieta
050651;v22_Autor_personal;Banega, D.;Banega, Damián Guillermo
050652;v22_Autor_personal;Mannatunga, K. S.<|>Valinoti, B.<|>Samayoa, W. F.<|>Crespo, M. L.<|>Cicuttin, A.<|>Folla Kamdem, J.<|>García, L. G.<|>Carrato, S.;Mannatunga, K. S.<|>Valinoti, Bruno<|>Samayoa, W. F.<|>Crespo, María Liz<|>Cicuttin, Andres<|>Folla Kamdem, J.<|>García, L. G.<|>Carrato, Sergio
050662;v22_Autor_personal;Gómez, F.<|>Baudino, G.<|>Zambrano, M.<|>Linares, J.<|>Mariño, I.<|>Sierra, A.;Gómez, F.<|>Baudino, Guillermo Andrés<|>Zambrano Echenique, Manuel Luis<|>Linares, Juan Francisco<|>Mariño, I.<|>Sierra, A.
050663;v22_Autor_personal;Rearte, M.<|>Abdelhamid, S.<|>Risso, M.<|>Martínez Pulido, G.<|>Molina Tirado, L.;Rearte, M.<|>Abdelhamid, Sado<|>Risso, Marcos Gabriel<|>Martínez Pulido, Guillermo<|>Molina Tirado, L.
050664;v22_Autor_personal;Wild Cañon, C.<|>Zappa, A.<|>Duzdevich, J. P.<|>Amadio, M.<|>Casares, E.;Wild Cañón, Carlos Alberto<|>Zappa, Andrés Enrique<|>Duzdevich, Juan Pablo<|>Amadio, Mariano<|>Casares, Enrique
050665;v22_Autor_personal;Montiel, G.<|>Abuin, G.<|>Fuentes, E.<|>Bruno, M.<|>Viva, F.;Montiel, Gonzalo<|>Abuin, Graciela Carmen<|>Fuentes, E.<|>Bruno, Mariano Martín<|>Viva, Federico Andrés
050666;v22_Autor_personal;Cordi, M.<|>Sabre, M.<|>Bornancin, M.;Cordi, Pablo Martín<|>Sabre, Martín<|>Bornancin, Marianela
050667;v22_Autor_personal;Coppola, R. E.<|>Díaz, L. A.<|>Abuin, G. C.<|>Escudero-Cid, R.<|>Herranz, D.<|>Ocón, P.;Coppola, Roxana Elisabeth<|>Díaz, Liliana Analía<|>Abuin, Graciela Carmen<|>Escudero-Cid, R.<|>Herranz, D.<|>Ocón, P.
050668;v22_Autor_personal;Tribiño, G.<|>Rueda, L.;Tribiño, Gerardo Luis<|>Rueda, Leandro Félix
050669;v22_Autor_personal;Abdelhamid, S.<|>Rearte, M.<|>Risso, M.<|>Martínez Pulido, G.<|>Molina Tirado, L.<|>Olivares, M.;Abdelhamid, Sado<|>Rearte, M.<|>Risso, Marcos Gabriel<|>Martínez Pulido, Guillermo<|>Molina Tirado, L.<|>Olivares, M.
050670;v22_Autor_personal;Alanis, S.<|>García Arias, T.;Alanis, Sergio Luis<|>García Arias, T.
050671;v22_Autor_personal;García, N. D.<|>De la Iglesia, R. A.;García, N. D.<|>De la Iglesia, Ramiro Adrián
050672;v22_Autor_personal;Rearte, M.<|>Molina Tirado, L.<|>Piccoletti, A.<|>Pulido, G.<|>Abdelhamid, S.<|>Risso, M.;Rearte, M.<|>Molina Tirado, L.<|>Piccoletti, Agustín<|>Martínez Pulido, Guillermo<|>Abdelhamid, Sado<|>Risso, Marcos Gabriel
050673;v22_Autor_personal;Di Cianni, G.<|>Rearte, M.<|>Molina Tirado, L.;Di Cianni, Gabriel<|>Rearte, M.<|>Molina Tirado, L.
050674;v22_Autor_personal;Abdelhamid, S.<|>Rearte, M.<|>Risso, M.<|>Martínez Pulido, G.<|>Molina Tirado, L.;Abdelhamid, Sado<|>Rearte, M.<|>Risso, Marcos Gabriel<|>Martínez Pulido, Guillermo<|>Molina Tirado, L.
050676;v22_Autor_personal;Pulido, G. M.<|>Abdelhamid, S.<|>Risso, M. G.<|>Rearte, M.;Martínez Pulido, Guillermo<|>Abdelhamid, Sado<|>Risso, Marcos Gabriel<|>Rearte, M.
050677;v22_Autor_personal;Pettigiani, E.<|>Antonini, S.<|>Bertero, J. M.<|>Andretich, M.;Pettigiani, Eugenio<|>Antonini, Sebastián<|>Bertero, Juan Manuel<|>Andretich, M.
050678;v22_Autor_personal;Risso, M.<|>Rearte, M.<|>Martinez Pulido, G.<|>Abdelhamid, S.<|>Molina Tirado, L.;Risso, Marcos Gabriel<|>Rearte, M.<|>Martinez Pulido, G.<|>Abdelhamid, Sado<|>Molina Tirado, L.
050679;v22_Autor_personal;Abate, G.<|>Hirak, M.<|>Ibba, M.<|>Martínez Krahmer, D.<|>Pérez, D.<|>Riu, F.<|>Santos, L.<|>Simoncelli, A.<|>Szombach, J.;Abate, Germán Rubén<|>Hirak, M.<|>Ibba, M.<|>Martínez Krahmer, Daniel Osvaldo<|>Pérez, D.<|>Riu, F.<|>Santos, Luciano<|>Simoncelli, A.<|>Szombach, J.
050680;v22_Autor_personal;Mahmud, Z. A.;Mahmud, Zulema Ángela
050681;v22_Autor_personal;Mahmud, Z. A.;Mahmud, Zulema Ángela
050682;v22_Autor_personal;Cossalter, R.<|>de Haro, H. A.<|>Falcato, P.<|>Zein, M. F.;Cossalter Ricardo<|>De Haro, Hernán Agustín<|>Falcato, Pedro<|>Zein, Mónica Fátima
050683;v22_Autor_personal;Falcato, P.<|>Dana, A. R.<|>de Haro, H. A.<|>Cossalter, R.<|>Lavalle, B. C.;Falcato, Pedro<|>Dana, Anabel Rosa<|>De Haro, Hernán Agustín<|>Cossalter Ricardo<|>Lavalle, Brunilia Clara
050684;v22_Autor_personal;Falcato, P.<|>Dana, A. R.<|>de Haro, H. A.<|>Cossalter, R.<|>Lavalle, B. C.;Falcato, Pedro<|>Dana, Anabel Rosa<|>De Haro, Hernán Agustín<|>Cossalter Ricardo<|>Lavalle, Brunilia Clara
050691;v22_Autor_personal;Real, M. A.<|>Tonina, A.<|>Arrachea, L.<|>Giudici, P.<|>Reichl, C.<|>Wegscheider, W.<|>Dietsche, W.;Real, M. A.<|>Tonina, Alejandra<|>Arrachea, Liliana<|>Giudici, P.<|>Reichl, C.<|>Wegscheider, W.<|>Dietsche, Werner
050695;v22_Autor_personal;Fornes, D.<|>Sánchez, E.<|>Fournier, M.<|>Canepare, C.<|>Rodríguez, J. C.;Fornes, D.<|>Sánchez, E.<|>Fournier, M.<|>Canepare, Carlos Alberto<|>Rodríguez, J. C.
050696;v22_Autor_personal;Aguilar, V.<|>Fornes, D.<|>Fournier, M.<|>Rodríguez López, J. C.<|>Sánchez, E.;Aguilar, Valentina<|>Fornes, D.<|>Fournier, M.<|>Rodríguez López, J. C.<|>Sánchez, E.
050698;v22_Autor_personal;Villarreal, M.<|>Landoni, L. N.<|>Cornacchini, M.<|>Murphy, M.<|>López, M.<|>Santa, C.<|>Simón, M.<|>Rzeznik, M.<|>Cirio, M.<|>Pino, F.<|>Giammarco, A.<|>Iglesias, F.<|>Maiorana, P.<|>Heredia, S.<|>Garro, J.<|>Falabella, C.<|>Rivarola, A.<|>Henríquez, V.;Villarreal, Marcela<|>Landoni, Lourdes Nahir<|>Cornacchini, Marina<|>Murphy, M.<|>López, M.<|>Santa, C.<|>Simón, Mariano Ernesto<|>Rzeznik, M.<|>Cirio, Mercedes<|>Pino, F.<|>Giammarco, A.<|>Iglesias, F.<|>Maiorana, Pablo Andrés<|>Heredia, Sergio Alberto<|>Garro, J.<|>Falabella, C.<|>Rivarola, A.<|>Henríquez, V.
050699;v22_Autor_personal;Suárez, P.<|>Gallina, M.<|>Barda, N.<|>Muzas, G.<|>Miranda, M. J.<|>Muñoz, S.;Suárez, Pablo Javier<|>Gallina, M.<|>Barda, Norma Beatriz<|>Muzas, G.<|>Miranda, María José<|>Muñoz, S.
050700;v22_Autor_personal;Ciurletti, C.<|>Claros, S.;Ciurletti, Cristián Ricardo<|>Claros, S.
050703;v22_Autor_personal;Gastaldo, M.<|>Gubelin, K.<|>Colodner, A.<|>Vaca Ruiz, M. L.;Gastaldo, M.<|>Gubelin, K.<|>Colodner, Adrián Darío<|>Vaca Ruiz, María Laura
050704;v22_Autor_personal;Gubelin, K.<|>Sánchez Valdivia, V.<|>Ohaco, P.<|>Apablaza, O.<|>Vaca Ruíz, M. L.;Gubelin, K.<|>Sánchez Valdivia, V.<|>Ohaco, P.<|>Apablaza, Olga Mirene<|>Vaca Ruíz, M. L.
050705;v22_Autor_personal;Selva García, A. M.<|>Bayer, M. A.<|>Gallello, L.<|>Giacormano, A.<|>Cuesta, A. I.;Selva García, Ana María<|>Bayer, M. A.<|>Gallello, L.<|>Giacormano, A.<|>Cuesta, A. I.
050706;v22_Autor_personal;Savina, L. V.<|>Santi, A. G.<|>Herrera, C. Y.;Savina, Laura Vanesa<|>Santi, Analía Gabriela<|>Herrera, C. Y.
050707;v22_Autor_personal;Neuilly, R.<|>Della Vecchia, M.<|>Bertolo, M.;Neuilly, R.<|>Della Vecchia, Miguel Ángel<|>Bertolo, María Del Valle
050709;v22_Autor_personal;Vitulich, G.<|>Cuevas, M.<|>Ohaco, P.<|>Apablaza, O.;Vitulich, G.<|>Cuevas Carrasco, Mónica Isabel<|>Ohaco, P.<|>Apablaza, Olga Mirene
050710;v22_Autor_personal;Stazi, S. M.<|>Sánchez, M. M.<|>Martínez Espinosa, E. L.;Stazi, Sofía Micaela<|>Sánchez, M. M.<|>Martínez Espinosa, Estela Lucía
050711;v22_Autor_personal;Aveledo, L.<|>Spath, M. C.<|>Garbari, D. M.<|>Roldán, H.<|>Campos Otamendi, F. J.;Aveledo, Lucía<|>Spath, María Carolina<|>Garbari, D. M.<|>Roldán, H.<|>Campos Otamendi, Felipe José
050712;v22_Autor_personal;Sánchez, E.<|>Fornes, D.<|>Fournier, M.<|>Canepare, C.<|>Orlando, C.<|>Rodríguez, J. C.;Sánchez, E.<|>Fornes, D.<|>Fournier, M.<|>Canepare, Carlos Alberto<|>Orlando, C.<|>Rodríguez, J. C.
050713;v22_Autor_personal;Rueda, L.<|>Vignau, S.<|>Molina Ortíz, S. E.;Rueda, Leandro Félix<|>Vignau, Sol<|>Molina Ortíz, S. E.
050714;v22_Autor_personal;Burdisso, A.<|>Montilla, S.;Burdisso, Alejandro Roberto<|>Montilla, S.
050715;v22_Autor_personal;Barrera, V. N.<|>Burroni, L.<|>Poldi, L. A.<|>Zaszczynski, C. G.;Barrera, Verónica Natalia<|>Burroni, Laura Valeria<|>Poldi, Leandro Ariel<|>Zaszczynski, Cristian Gabriel
050716;v22_Autor_personal;Barrera, V. N.<|>Poldi, L. A.<|>Zaszczynski, C. G.;Barrera, Verónica Natalia<|>Poldi, Leandro Ariel<|>Zaszczynski, Cristian Gabriel
050717;v22_Autor_personal;Rodríguez López, J.<|>Flores, A.<|>Fournier, M.<|>Sánchez, E.<|>Fornes, D.<|>Curia, A.<|>Aguilar, V.<|>Canepare, C.;Rodríguez López, J.<|>Flores, A.<|>Fournier, M.<|>Sánchez, E.<|>Fornes, D.<|>Curia, Ana Valeria<|>Aguilar, Valentina<|>Canepare, Carlos Alberto
050718;v22_Autor_personal;Zito, D. M.<|>Garro, J.;Zito, Diego Maximiliano<|>Garro, J.
050719;v22_Autor_personal;Canepare, C.<|>Fornés, D.<|>Fournier, M.<|>Rodríguez, J.<|>Sánchez, E.;Canepare, Carlos Alberto<|>Fornés, D.<|>Fournier, M.<|>Rodríguez, J.<|>Sánchez, E.
050720;v22_Autor_personal;Silbert Voldman, V.<|>Masferrer, N. P.;Silbert Voldman, Violeta<|>Masferrer, Natalia Paola
050721;v22_Autor_personal;Tuninetti, L.<|>Bongiovanni, R.;Tuninetti, Leticia<|>Bongiovanni, Rodolfo
050722;v22_Autor_personal;Bonfranceschi Barros, A.<|>Scian, A. N.;Bonfranceschi Barros, Alfonsina<|>Scian, A. N.
050723;v22_Autor_personal;Barrera, V. N.<|>Poldi, L. A.<|>Zaszczynski, C. G.<|>Bailat, F. L.<|>Barlatey, M. A.<|>Bertoncini, V. L.<|>Rodríguez, G. V.<|>Ruhl, G. G.;Barrera, Verónica Natalia<|>Poldi, Leandro Ariel<|>Zaszczynski, Cristian Gabriel<|>Bailat, Federico Luis<|>Barlatey, María Alejandra<|>Bertoncini, Verónica Laura<|>Rodríguez, Gisela Vanina<|>Ruhl, Gustavo Gabriel
050724;v22_Autor_personal;Mazzeo, N.<|>Cruz, N.<|>Dietrich, A.<|>Frisardi, N.<|>Leichner, J.;Mazzeo, N.<|>Cruz, Natalia Priscila<|>Dietrich, Alberto<|>Frisardi, N.<|>Leichner, J.
050725;v22_Autor_personal;Olmedo, M.<|>González, J.<|>Lenz, D.<|>Gallardo, G.<|>Spatuzza, G.<|>Ansedes, M.<|>Falabella, C.<|>Murano, M.;Olmedo, Mariana Cecilia<|>González, J.<|>Lenz, D.<|>Gallardo, G.<|>Spatuzza, G.<|>Ansedes, María Victoria<|>Falabella, C.<|>Murano, M.
050727;v22_Autor_personal;Cortizo, L. V.<|>Corian, G. A.<|>López, L. M. I.<|>Saparrat, M. N.;Cortizo, Lorena Valeria<|>Corian, Gabriela Alejandra<|>López, L. M. I.<|>Saparrat, M. N.
050728;v22_Autor_personal;Barrera, V. N.<|>Burroni, L. V.<|>Poldi, L. A.<|>Pettigiani, E.<|>Zaszczynski, C. G.;Barrera, Verónica Natalia<|>Burroni, Laura Valeria<|>Poldi, Leandro Ariel<|>Pettigiani, Eugenio<|>Zaszczynski, Cristian Gabriel
050729;v22_Autor_personal;Bensignor, J.<|>Rosso, A.;Bensignor, Judith<|>Rosso, A.
050730;v22_Autor_personal;Tuninetti, L.<|>Bongiovanni, R.;Tuninetti, Leticia<|>Bongiovanni, Rodolfo
050731;v22_Autor_personal;Tuninetti, L.<|>Bongiovanni, R.;Tuninetti, Leticia<|>Bongiovanni, Rodolfo
050732;v22_Autor_personal;Brengi, D.<|>Lifschitz, O. D.<|>Mass, M.<|>Lozano, A.<|>Velardez, G.<|>Flores, F.<|>Ledesma, H.<|>Gómez, J. C.<|>Marinoni, J.<|>Maugeri, S.<|>Rodríguez, G. P.<|>Tropea, S. E.<|>Parra, M.;Brengi, Diego Javier<|>Lifschitz, Omar David<|>Mass, Mijal Inés<|>Lozano, A.<|>Velardez, Germán Gabriel<|>Flores, F.<|>Ledesma, H.<|>Gómez, J. C.<|>Marinoni, J.<|>Maugeri, S.<|>Rodríguez, G. P.<|>Tropea, Salvador Eduardo<|>Parra, M.
050733;v22_Autor_personal;Schütz, A.<|>Baudino, G.;Schütz, A.<|>Baudino, Guillermo Andrés
050734;v22_Autor_personal;Bonfranceschi Barros, A.<|>Bacigalupe, A.<|>Mansilla, M. A.<|>Escobar, M. E.<|>Monsalve, L.;Bonfranceschi Barros, Alfonsina<|>Bacigalupe, Alejandro<|>Mansilla, M. A.<|>Escobar, M. E.<|>Monsalve, L.
050735;v22_Autor_personal;Hodes, S.<|>Montiel, G.;Hodes, S.<|>Montiel, Gonzalo
050736;v22_Autor_personal;Rachid, A.<|>Rojas, A.<|>Parise, C.<|>Barbelli, S.<|>Jordan, M.<|>Storino, A.<|>Papa, M.;Rachid, Ana Inés<|>Rojas, A.<|>Parise, C.<|>Barbelli López, Maria Soledad<|>Jordan, Marianela Paula<|>Storino, A.<|>Papa, M.
050737;v22_Autor_personal;Mazzeo, N.<|>Muzlera, A.<|>Cruz, N.<|>Frisardi, N.<|>Leichner, J.;Mazzeo, N.<|>Muzlera, A.<|>Cruz, Natalia Priscila<|>Frisardi, N.<|>Leichner, J.
050738;v22_Autor_personal;Rodríguez, R. A.<|>Bailat, F. L.<|>Farías, C. B.<|>Videla, E.;Rodríguez, Ruth Alejandra<|>Bailat, Federico Luis<|>Farías, C. B.<|>Videla, Estefanía
050739;v22_Autor_personal;Devia, L.<|>Pascual, M. C.<|>Alarcón, C.<|>Inocenti, M. C.<|>Giménez, R. A.<|>Mollo, M.<|>Raimundi, A. L.<|>Speraggi, M.<|>Corallo, A.<|>Bonafina, M.<|>Picone, J. L.;Devia, Leila<|>Pascual, M. C.<|>Alarcón, Carolina Ayelén<|>Inocenti, María Cristina<|>Giménez, R. A.<|>Mollo, M.<|>Raimundi, Adriana Laura<|>Speraggi, Marianela<|>Corallo, A.<|>Bonafina, M.<|>Picone, J. L.
050740;v22_Autor_personal;Miño, A.<|>Fontana, E.<|>Buratti, P.<|>Novaresi, M.<|>Cunha Ferré, A.<|>Olarte, Damián Matías<|>May, J.;Miño, A.<|>Fontana, E.<|>Buratti, Pablo<|>Novaresi, Marcelo Pablo<|>Cunha Ferré, Alejandro Nicolás<|>Olarte, Damián Matías<|>May, José Federico
050741;v22_Autor_personal;Rodríguez, R.<|>Valdés, D.<|>Di Leo, C.<|>Baglietto, M.<|>Baglietto, G.;Rodríguez, Ruth Alejandra<|>Valdés, D.<|>Di Leo, Carlos<|>Baglietto, Matías<|>Baglietto, Gonzalo
050742;v22_Autor_personal;Alarcón, M.<|>Cazzaniga Arduzzo, D.<|>Schmidt, E.<|>Pirola, M.;Alarcón, Mariana<|>Cazzaniga Arduzzo, Diego Santiago<|>Schmidt, E.<|>Pirola, María  Belén
050743;v22_Autor_personal;Silbert Voldman, V.<|>Muzlera Klappenbach, A.<|>Mazzeo, N.<|>Rainoldi, F. E.<|>Scheibengraf, J.<|>Booth, A.<|>Pettigiani, E.<|>Riera, N. I.<|>Rizzo, P. F.;Silbert Voldman, Violeta<|>Muzlera Klappenbach, A.<|>Mazzeo, N.<|>Rainoldi, F. E.<|>Scheibengraf, J.<|>Booth, Alejandro<|>Pettigiani, Eugenio<|>Riera, N. I.<|>Rizzo, P. F.
050744;v22_Autor_personal;Tuninetti, L.<|>Bongiovanni, R.;Tuninetti, Leticia<|>Bongiovanni, Rodolfo
050745;v22_Autor_personal;Ruhl, G.<|>Bailat, F.<|>Bertoncini, V.<|>Rodríguez, G.<|>Barlatey, A.<|>Pettigiani, E.<|>Silbert, V.;Ruhl, Gustavo Gabriel<|>Bailat, Federico Luis<|>Bertoncini, Verónica Laura<|>Rodríguez, G.<|>Barlatey, María Alejandra<|>Pettigiani, Eugenio<|>Silbert Voldman, Violeta
050746;v22_Autor_personal;Bertoncini, V.<|>Becker, R.;Bertoncini, Verónica Laura<|>Becker, Rosalba María
050747;v22_Autor_personal;Wild Cañon, C.<|>Zappa, A.<|>Amadío, M.;Wild Cañón, Carlos Alberto<|>Zappa, Andrés Enrique<|>Amadio, Mariano
050748;v22_Autor_personal;Segura Matos, I.<|>Giraudo, C.<|>Medel, N.<|>Collarte, R.<|>Bornancin, M.<|>Molina Tirado, L.;Segura Matos, I.<|>Giraudo, C.<|>Medel, Nicolás<|>Collarte, Jorge Ramses<|>Bornancin, Marianela<|>Molina Tirado, L.
050749;v22_Autor_personal;Zappa, A.<|>Amadío, M.<|>Wild Cañón, C.<|>Ieracitano, Y.;Zappa, Andrés Enrique<|>Amadio, Mariano<|>Wild Cañón, C.<|>Ieracitano, Yanina
050750;v22_Autor_personal;Chiaravalloti, A.<|>Lunardelli, G.<|>Quiroga, L. M.<|>Toro, J. L.;Chiaravalloti, Alejandro Pablo<|>Lunardelli, G.<|>Quiroga, Lucas Miguel<|>Toro, José Luis
050751;v22_Autor_personal;Cordero, M.<|>Ordano, C.;Cordero, Mariano Alejandro<|>Ordano, C.
050752;v22_Autor_personal;Yañez Hredil, N.<|>Liciotti, E.<|>Salvatierra, M.<|>Villegas Arguello, S.<|>Dell Arciprete, E.;Yáñez Hredil, Nicolás<|>Liciotti, Emiliano Martín<|>Salvatierra, Maximiliano<|>Villegas Argüello, Santiago<|>Dell Arciprete, Eric
050753;v22_Autor_personal;Alonso, G.<|>Mancini, M.<|>Somoza, B.<|>Velázquez, S.;Alonso, Germán René<|>Mancini, Miguel Orlando<|>Somoza Zubillaga, Ana Belén<|>Velázquez, Silvia Beatriz
050754;v22_Autor_personal;Risso, M.<|>Rearte, M.<|>Ayguavella, L.<|>Verardo, M.<|>Pirlo, D.<|>Kirikian, S.;Risso, Marcos Gabriel<|>Rearte, M.<|>Ayguavella, Lucas Matías<|>Verardo, M.<|>Pirlo, D.<|>Kirikian, S.
050755;v22_Autor_personal;Alarcón, M.<|>Cazzaniga Arduzzo, D.<|>Pirola, M. B.<|>Schmelzle, M.;Alarcón, Mariana<|>Cazzaniga Arduzzo, Diego Santiago<|>Pirola, María  Belén<|>Schmelzle, M.
050756;v22_Autor_personal;Gallardo, F. E.<|>Sampayo, G. A.<|>Montiel, G.;Gallardo, F. E.<|>Sampayo, G. A.<|>Montiel, Gonzalo
050757;v22_Autor_personal;Giuffrida, C.<|>Pérez, G. E.<|>De Césare, P.<|>Barros, M.;Giuffrida, C.<|>Pérez, Gastón Ezequiel<|>De Césare, Pablo Nicolás<|>Barros, Martín Lucio
050758;v22_Autor_personal;Ingrassia, D.<|>Flores, S.<|>Polo, P.;Ingrassia, D.<|>Flores, S.<|>Polo, Pablo César
050759;v22_Autor_personal;Lago, L.<|>Díaz Monnier, S.<|>Méndez, A.<|>Rodríguez, J.<|>Rivera, E.<|>Mora, L.<|>Gillid, T.<|>Gutiérrez, J.;Lago, Lucas Damián<|>Díaz Monnier, Silvia Laura<|>Méndez, Andrea Mirta<|>Rodríguez, J.<|>Rivera, E.<|>Mora, L.<|>Gillid, T.<|>Gutiérrez, J.
050760;v22_Autor_personal;Labanca, J. M.<|>Méndez, M. A.<|>Berterreix, C.<|>Tufaro, L. N.<|>Burgueño, V. A.<|>Schneebeli, J. E.<|>González Taboas, P. R.<|>Di Tomás, E .L<|>García, D. B.<|>Ramírez, E. G.<|>Corso, M. E.<|>Montiel, G.<|>Campanaro, M. S.<|>Luxardo, M. E.<|>García Griffiths, M. R.;Labanca, Juan Manuel<|>Méndez, Miguel Ángel<|>Berterreix, Claudio Javier<|>Tufaro, Leonardo Nicolás<|>Burgueño, Víctor Alejandro<|>Schneebeli, Jorge Ernesto<|>González Taboas, P. R.<|>Di Tomás, Ezequiel Luciano<|>García, D. B.<|>Ramírez, E. G.<|>Corso, María Eugenia<|>Montiel, Gonzalo<|>Campanaro, Mónica Susana<|>Luxardo, María Eugenia<|>García Griffiths, M. R.
050761;v22_Autor_personal;Fernández, M. D.<|>Luengo, J.;Fernández, M. D.<|>Luengo, Josefina
050762;v22_Autor_personal;Arballo, M. F.<|>Adam, U.<|>Zorzi, H.;Arballo, María Fabiola<|>Adam, Ulises Francisco<|>Zorzi, Héctor Raúl
050763;v22_Autor_personal;Becce, M. F.<|>García Ariceta, G.<|>Giannice, S. G.<|>Suarez, M. E.<|>Altera, J.;Becce, María Fernanda<|>García Ariceta, G.<|>Giannice, S. G.<|>Suarez, M. E.<|>Altera, María Jimena
050764;v22_Autor_personal;Aníboli, N.;Aníboli, Natalia
050765;v22_Autor_personal;Becce, M. F.<|>García Ariceta, G.<|>Colotti, M. F.<|>Álvarez, M. F.<|>Barreiro, M. T. G.<|>Bidegain, K.;Becce, María Fernanda<|>García Ariceta, G.<|>Colotti, María Fernanda<|>Álvarez, María Florencia<|>Barreiro, María Teresa Guadalupe<|>Bidegain, Karina Raquel
050766;v22_Autor_personal;Cunha Ferré, A. N.<|>Rodríguez, N.;Cunha Ferré, Alejandro Nicolás<|>Rodríguez, N.
050767;v22_Autor_personal;Lenz, D.<|>Gallardo, G.<|>Olmedo, M.<|>Murano, M.;Lenz, D.<|>Gallardo, G.<|>Olmedo, Mariana Cecilia<|>Murano, M.
050768;v22_Autor_personal;González, J.<|>Olmedo, M.<|>Spatuzza, G.<|>Ansedes, M.<|>Falabella, C.<|>Murano, M.;González, J.<|>Olmedo, Mariana Cecilia<|>Spatuzza, G.<|>Ansedes, María Victoria<|>Falabella, C.<|>Murano, M.
050769;v22_Autor_personal;Vanin, N.<|>Najul, J. C.<|>Tacaliti, L.;Vanin, Silvia Natalia<|>Najul, Juan Carlos<|>Tacaliti, Luciana
050770;v22_Autor_personal;Duarte, V.<|>Echeverria, E.<|>Tramontini, L.<|>Rozengardt, A.<|>Alainez, L.<|>Wiggenhauser, R.<|>Nemesio, J.<|>Schütz, A.<|>Monteverde, R.;Duarte, Verónica<|>Echeverria, E.<|>Tramontini, Lionel<|>Rozengardt, A.<|>Alainez, Lucy<|>Wiggenhauser, Rubén<|>Nemesio, J.<|>Schütz, A.<|>Monteverde, R.
050771;v22_Autor_personal;Sánchez, M. F.<|>Moreno, E. V.;Sánchez, M. F.<|>Moreno, Emilse Victoria
050772;v22_Autor_personal;Del Valle, L. G.<|>Rabadan, A.;Del Valle, Luca Gastón<|>Rabadan, Agustín
050773;v22_Autor_personal;González Táboas, P.<|>Schneebeli, J.<|>Fraile, I.<|>Kuklis, V.<|>Accorinti, S.<|>Labanca, J. M.;González Táboas, P.<|>Schneebeli, Jorge Ernesto<|>Fraile, I.<|>Kuklis, V.<|>Accorinti, Sabrina Cinthia<|>Labanca, Juan Manuel
050774;v22_Autor_personal;Angeleri, S.<|>Canteros, C.<|>Conti, Y.<|>Díaz Garat, A.<|>Graziani, N.<|>Li Puma, G.<|>Marchini, H.<|>Rosso, E.<|>Vicente Miguelez, G.;Ángeleri, Silvina María<|>Canteros Cavalcante, Carmen<|>Conti, Yamila<|>Díaz Garat, María Ángeles<|>Graziani, N.<|>Li Puma, G.<|>Marchini, Helena<|>Rosso, E.<|>Vicente Miguelez, Gabriela Inés
050775;v22_Autor_personal;Córdova, M. M.<|>García, A. L.<|>Poliszuk, A.<|>Ceriotti, A.<|>Carnevali, C.<|>Pereda, S.<|>Pianetti, M.<|>Taboas, P.<|>Gelabert, L.;Córdova, María de los Milagros<|>García, A. L.<|>Poliszuk, A.<|>Ceriotti, Andrés Leonardo<|>Carnevali, Cecilia<|>Pereda, S.<|>Pianetti, M.<|>Taboas, P.<|>Gelabert, L.
050777;v22_Autor_personal;Labanca, J. M.<|>Abate, G.<|>Pérez, D. J.<|>Martínez Krahmer, D.<|>Antunez, N. N.<|>Borgiattino Walker, H.<|>Zimmermann, A. R.<|>Bretones. O. S.;Labanca, Juan Manuel<|>Abate, Germán Rubén<|>Pérez, D. J.<|>Martínez Krahmer, Daniel Osvaldo<|>Antunez, Nazareno Nahuel<|>Borgiattino Walker, Hernán Luis<|>Zimmermann, Alan Rodolfo<|>Bretones. O. S.
050778;v22_Autor_personal;Marino, P.<|>Suárez, M. E.<|>Pescio, F.<|>Sicari, O.<|>Pujol, R.<|>Enciso, H.<|>Zunini, H.<|>Dobler, S.;Marino, P.<|>Suárez, M. E.<|>Pescio, F.<|>Sicari, O.<|>Pujol, Rocío<|>Enciso, H.<|>Zunini, Hernán Lucas<|>Dobler, Samanta
050779;v22_Autor_personal;Ríos, M. G.<|>Maiorana, P. A.;Ríos, Maximiliano Guillermo<|>Maiorana, Pablo Andrés
050780;v22_Autor_personal;Luna, M.;Luna, Martín Gonzalo
050781;v22_Autor_personal;Torres, M.<|>Molina, V.<|>Lorenzo, M. C.<|>Eisenberg, P.;Torres, M.<|>Molina, V.<|>Lorenzo, María Cecilia<|>Eisenberg, P.
050782;v22_Autor_personal;Parise, C.<|>Storino, A.<|>Papa, M.<|>Rojas, A.<|>Bensignor, J.<|>Rachid, A.;Parise, C.<|>Storino, A.<|>Papa, M.<|>Rojas, A.<|>Bensignor, Judith<|>Rachid, Ana Inés
050783;v22_Autor_personal;Patrone, L. A.;Patrone, Luciano  Agustín
050784;v22_Autor_personal;Baigorria, M.<|>Cerutti, P.<|>Sole, A.<|>Vanin, N.<|>Zubiaurre, L.<|>Longhi, S.<|>Palacios, G.<|>Mezzina, A.;Baigorria, María Cristina<|>Cerutti Antonietti, Pablo<|>Sole, A.<|>Vanin, Silvia Natalia<|>Zubiaurre, Juan Lucas<|>Longhi, S.<|>Palacios, G.<|>Mezzina, A.
050785;v22_Autor_personal;Vigna, A. M.<|>Mollo, J. C.<|>Ascúa, J.<|>Roldan, V.<|>Casal, S.<|>Marzocchini, M.;Vigna, Alejandrina Moira<|>Mollo, J. C.<|>Ascúa, Jimena Sol<|>Roldan, V.<|>Casal Bruno, Sebastián<|>Marzocchini, Marcelo
050786;v22_Autor_personal;Mollo, J. C.<|>Cioffi, M. N.<|>Valdéz, J.<|>Ladrero, V.<|>Marzocchini, M.;Mollo, J. C.<|>Cioffi, Martín Nicolás<|>Valdéz, J.<|>Ladrero, V.<|>Marzocchini, Marcelo
050788;v22_Autor_personal;Vigna, A.<|>Mollo, J. C.<|>Kornblit, F.<|>Laiz, H.<|>Marzocchini, M.<|>Valdés, J.<|>Rothberg, P.;Vigna, Alejandrina Moira<|>Mollo, J. C.<|>Kornblit, Fernando<|>Laiz, H.<|>Marzocchini, Marcelo<|>Valdés, J.<|>Rothberg, P.
050789;v22_Autor_personal;Mass, M.<|>Veiga, L.<|>Garate, O.<|>Longinotti, G.<|>Ramón, E.<|>Gabriel, G.<|>Ybarra, G.;Mass, Mijal Inés<|>Veiga, Lionel Sebastián<|>Garate, O.<|>Longinotti, G.<|>Ramón, E.<|>Gabriel, G.<|>Ybarra, Gabriel Omar
050790;v22_Autor_personal;Herold, I. E.<|>Bacigalupe, A.<|>Hazarabedian, A.<|>Escobar, M.<|>Mansilla, M.;Herold, I. E.<|>Bacigalupe, Alejandro<|>Hazarabedian, A.<|>Escobar, M.<|>Mansilla, M.
050791;v22_Autor_personal;Reale, P.<|>Elisei, A.<|>Lorenzo, M. C.<|>de Titto, G.<|>Eisenberg, P.;Reale, P.<|>Elisei, A.<|>Lorenzo, María Cecilia<|>De Titto, Guido Andrés<|>Eisenberg, P.
050792;v22_Autor_personal;Benítez, A.<|>Köber, E.<|>Ruiz, A.<|>Stipelman, A.;Benítez, A.<|>Köber, Érica<|>Ruiz, A.<|>Stipelman, A.
050793;v22_Autor_personal;Emilio, I.<|>Longinotti, G.<|>Ybarra, G.;Emilio, I.<|>Longinotti, G.<|>Ybarra, Gabriel Omar
050794;v22_Autor_personal;Bilbao, E.<|>Garate, O.<|>Veiga, L. S.<|>Medrano, A. V.<|>Molinari, F. N.<|>Escobar, M. M.<|>Ybarra, G. O.<|>Monsalve, L. M.;Bilbao, Emanuel<|>Garate, O.<|>Veiga, Lionel Sebastián<|>Medrano, Anahí Vanesa<|>Molinari, Fabricio Nicolás<|>Escobar, M. M.<|>Ybarra, Gabriel Omar<|>Monsalve, L. M.
050795;v22_Autor_personal;García, D. B.<|>Bilbao, E.<|>Monsalve, L.<|>Escobar, M.<|>Mansilla, M.;García, D. B.<|>Bilbao, Emanuel<|>Monsalve, L.<|>Escobar, M.<|>Mansilla, M.
050796;v22_Autor_personal;Anfossi, L.<|>Benítez, A.<|>Civitillo, P.<|>Sturla, M. J. F.<|>Köber, E.;Anfossi, Lionel Alexis<|>Benítez, A.<|>Civitillo, Pablo Andrés<|>Fernández Sturla, María José<|>Köber, Érica
050797;v22_Autor_personal;Altamirano, P. M.<|>Kappes, M. A.<|>Rodríguez, M. A.;Altamirano, Pablo Martín<|>Kappes, M. A.<|>Rodríguez, Matías Agustín
050798;v22_Autor_personal;Molinari, F. N.<|>Bilbao, E.<|>Medrano, A.<|>Rodríguez, T.<|>Giménez, G.<|>Monsalve, L. N.;Molinari, Fabricio Nicolás<|>Bilbao, Emanuel<|>Medrano, Anahí Vanesa<|>Rodríguez, T.<|>Giménez, G.<|>Monsalve, L. N.
050799;v22_Autor_personal;Szlafsztein, F.<|>Luengo, J.<|>Escobar, G.;Szlafsztein, Francisco<|>Luengo, Josefina<|>Escobar, G.
050800;v22_Autor_personal;Baccaro, J.<|>Arocha, V.<|>Zambón, S.;Baccaro, Julián<|>Arocha, Víctor Javier<|>Zambón, Silvia Noemí
050801;v22_Autor_personal;Benítez, A.<|>Jure. B.<|>Köber, E.<|>Ruíz. A.<|>Torrent, R.;Benítez, A.<|>Jure. B.<|>Köber, Érica<|>Ruíz. A.<|>Torrent, Roberto J.
050802;v22_Autor_personal;Altamirano, P. M.<|>Kappes, M. A.<|>Rodríguez, M. A.;Altamirano, Pablo Martín<|>Kappes, M. A.<|>Rodríguez, Matías Agustín
050803;v22_Autor_personal;Lorenzo, M. C.<|>Reale, P.<|>Eisenberg, P.;Lorenzo, María Cecilia<|>Reale, P.<|>Eisenberg, P.
050804;v22_Autor_personal;Tufaro, L. N.<|>Svoboda. H. G.;Tufaro, Leonardo Nicolás<|>Svoboda. H. G.
050806;v22_Autor_personal;Rodríguez Campos, T.<|>Molinari, F. N.<|>Medrano, A.<|>Monsalve, L. N.;Rodríguez Campos, Theo<|>Molinari, Fabricio Nicolás<|>Medrano, Anahí Vanesa<|>Monsalve, L. N.
050807;v22_Autor_personal;Benítez, A.<|>Jure, B.<|>Nogales, J.<|>Szychovsky, J.<|>Torrent, R.<|>Varela, A.<|>Zino, G.;Benítez, A.<|>Jure, Abraham Bahich<|>Nogales Ojeda, Jorge Luis<|>Szychovsky, J.<|>Torrent, Roberto J.<|>Varela, A.<|>Zino, G.
050808;v22_Autor_personal;Cunha Ferré, A. N.<|>May, J. F.<|>Olarte, D.;Cunha Ferré, Alejandro Nicolás<|>May, José Federico<|>Olarte, D.
050809;v22_Autor_personal;Coppola, R.<|>Garate, O.<|>Rodríguez Campos, T.<|>Molinari, F. N.<|>Monsalve, L. N.<|>Ybarra, G.;Coppola, Roxana Elisabeth<|>Garate, O.<|>Rodríguez Campos, Theo<|>Molinari, Fabricio Nicolás<|>Monsalve, L. N.<|>Ybarra, Gabriel Omar
050810;v22_Autor_personal;Fiora, M.<|>Ybarra, G.<|>Tagliazucchi, M.;Fiora, M.<|>Ybarra, Gabriel Omar<|>Tagliazucchi, M.
050811;v22_Autor_personal;Cova, M. J.<|>García, D.<|>Crisnejo, M.<|>Peleretegui, M.;Cova Sánchez, Mariajose<|>García, D.<|>Crisnejo, Matías Miguel<|>Peleretegui, M.
050812;v22_Autor_personal;Garate, O.<|>Veiga, L.<|>Tancredi, P.<|>Medrano, A.<|>Monsalve, L.<|>Ybarra, G.;Garate, O.<|>Veiga, Lionel Sebastián<|>Tancredi, P.<|>Medrano, Anahí Vanesa<|>Monsalve, L.<|>Ybarra, Gabriel Omar
050813;v22_Autor_personal;Szulanski, S. T.<|>Molina, V.<|>Munizza, G. V.<|>de Titto, G. A.;Szulanski, Santiago Tomás<|>Molina, V.<|>Munizza, Gabriela Vanina<|>De Titto, Guido Andrés
050814;v22_Autor_personal;Baldo, J.<|>Domínguez, A.<|>Garrido, G.<|>Gozalvez, J. C.;Baldo, Jorge Edison<|>Domínguez, Alejandro Aníbal<|>Garrido, G.<|>Gozalvez, J. C.
050815;v22_Autor_personal;Benítez, A.<|>Köber, E.<|>Ruíz, A.<|>Stipelman, A.;Benítez, A.<|>Köber, Érica<|>Ruíz, A.<|>Stipelman, A.
050816;v22_Autor_personal;Bezazian, A. L.<|>Majul, L.<|>Itria, R. F;Bezazian, Ana Lucin<|>Majul, L.<|>Itria, R. F
050817;v22_Autor_personal;Arballo, M. F.<|>Adam, U.<|>Zorzi, H.;Arballo, María Fabiola<|>Adam, Ulises Francisco<|>Zorzi, Héctor Raúl
050818;v22_Autor_personal;Altamirano, P. M.<|>Goglino, M.<|>Zorrilla, L.<|>Kappes, M. A.<|>Rodríguez, M. A.;Altamirano, Pablo Martín<|>Goglino, M.<|>Zorrilla, Ladislao León<|>Kappes, M. A.<|>Rodríguez, Matías Agustín
050819;v22_Autor_personal;Altamirano, P. M.<|>Kappes, M. A.<|>Rodríguez, M. A.;Altamirano, Pablo Martín<|>Kappes, M. A.<|>Rodríguez, Matías Agustín
050820;v22_Autor_personal;Coppa, D. N.<|>Brenta, H. M.<|>Lupo, S. G.;Coppa, Diego Nahuel<|>Brenta, Hernán Matías<|>Lupo, Sergio Gustavo
050821;v22_Autor_personal;Tenaglia Giunta, B.<|>Napán Maldonado, R.;Tenaglia Giunta, Brenda Susana<|>Napán Maldonado, R.
050822;v22_Autor_personal;Barbelli, M. S.<|>Papa, M.<|>Jordán, M.;Barbelli López, Maria Soledad<|>Papa, M.<|>Jordán, M.
050823;v22_Autor_personal;Mastromónaco, G.<|>Gattucci, L.<|>Forastieri, S.<|>Gubelin, K.<|>Sánchez Valdivia, V.<|>Ohaco, P.<|>Apablaza, O.<|>Vaca Ruiz, M. L.;Mastromónaco, Gladys Miriam<|>Gattucci, L.<|>Forastieri, S.<|>Gubelin, K.<|>Sánchez Valdivia, V.<|>Ohaco, P.<|>Apablaza, Olga Mirene<|>Vaca Ruiz, María Laura
050824;v22_Autor_personal;Sáenz, M. V.<|>Quille, R.<|>Lupo, S.;Sáenz, María Victoria<|>Quille, R.<|>Lupo, Sergio Gustavo
050825;v22_Autor_personal;Zinzallari, A.<|>Babaro, J.<|>Boggio Marzet, G.<|>Bonnano, C.<|>Jazwinski, L.<|>Mantellini, A.<|>Scatena, E.<|>Yasan, E.;Zinzallari, Alberto<|>Babaro, Juan Pablo<|>Boggio Marzet, Gustavo<|>Bonanno, Claudio Mario<|>Jazwinski, Edgardo Leonel<|>Mantellini, A.<|>Scatena, Eduardo<|>Yasan, Eduardo David
050826;v22_Autor_personal;Serrano, F. A.<|>Calero Costa, D. A.;Serrano, Federico Ariel<|>Calero Costa, Diego Andrés
050827;v22_Autor_personal;Volij, M. A.<|>Yapur, G.<|>Codnia, J.<|>Bastida, K.;Volij, Matías Ariel<|>Yapur, Fernando Gabriel<|>Codnia, Jorge<|>Bastida, Karina Beatriz
050828;v22_Autor_personal;Touceda, L.<|>Quille, R.;Touceda, Luis Hernán<|>Quille, R.
050829;v22_Autor_personal;Díaz, N.<|>Iuzzolino, R.<|>Álvarez, L.;Díaz, Natalia Beatriz<|>Iuzzolino, Ricardo Javier<|>Álvarez, L.
050831;v22_Autor_personal;Luna, E.<|>Schneider, G.<|>Tonina, A.<|>Iuzzolino, R.;Luna, Ezequiel<|>Schneider, Guillermo<|>Tonina, Alejandra<|>Iuzzolino, Ricardo Javier
050833;v22_Autor_personal;Gallello, L. N.<|>Sánchez, P. F.<|>Raco, F. F.;Gallello, L. N.<|>Sánchez, P. F.<|>Raco, Fernando Francisco
050835;v22_Autor_personal;Peralta, M.<|>Acosta, O.<|>Lozano, H.<|>Strático, M.<|>Puelles, M.;Peralta, M.<|>Acosta, Osvaldo Héctor<|>Lozano, H.<|>Strático, M.<|>Puelles, M.
050836;v22_Autor_personal;Dono, J.<|>Napán, R.;Dono, Julia<|>Napán, R.
050837;v22_Autor_personal;Britos, A. G.<|>Bierzychudek, M. E.<|>Casais, J. L.;Britos, Axel Gastón<|>Bierzychudek, Marcos Eduardo<|>Casais, José Luis
050838;v22_Autor_personal;Cazzaniga Arduzzo, D.<|>Alarcón, M.;Cazzaniga Arduzzo, Diego Santiago<|>Alarcón, Mariana
050839;v22_Autor_personal;Acosta, O.<|>Puelles, M.<|>Stratico, M.<|>Peralta, M.<|>Speranza, J.<|>Gatti, P.;Acosta, Osvaldo Héctor<|>Puelles, M.<|>Stratico, M.<|>Peralta, M.<|>Speranza, J.<|>Gatti, P.
050840;v22_Autor_personal;Chamorro, A.<|>Czechowicz, A.<|>Salustro, D.<|>Puelles, M.;Chamorro, Andrea Luján<|>Czechowicz, Anahí Amancay<|>Salustro, D.<|>Puelles, M.
050842;v22_Autor_personal;Iuzzolino, R.<|>Pinto, D.<|>Real, M.<|>Tonina, A.;Iuzzolino, Ricardo Javier<|>Pinto, D.<|>Real, M.<|>Tonina, Alejandra
050843;v22_Autor_personal;Morales, E.<|>Pedro, A.;Morales, E.<|>Pedro, Antonio
050844;v22_Autor_personal;Jazwinski, L.<|>Scatena, E.<|>Zinzallari, A.<|>Boggio Marzet, G.;Jazwinski, Edgardo Leonel<|>Scatena, Eduardo<|>Zinzallari, Alberto<|>Boggio Marzet, Gustavo
050845;v22_Autor_personal;Ramírez, R.<|>Díaz, V.<|>Zorrilla, L.<|>Biassi, S.;Ramírez, Rodrigo Javier<|>Díaz, María Victoria<|>Zorrilla, Ladislao León<|>Biassi, Sebastián Javier
050846;v22_Autor_personal;Acquaticci, F.<|>Gwirc, S. N.<|>Lew, S. E.;Acquaticci, Fabián<|>Gwirc, S. N.<|>Lew, S. E.
050847;v22_Autor_personal;Real, M. A.<|>Tonina, A.<|>Arrachea, L.<|>Gresta, D.<|>Dietsche, W.<|>Wegscheider, W.;Real, M. A.<|>Tonina, Alejandra<|>Arrachea, Liliana<|>Gresta, D.<|>Dietsche, Werner<|>Wegscheider, W.
050848;v22_Autor_personal;Martínez Krahmer, D.<|>Sánchez Egea, A.<|>Martynenko, V.;Martínez Krahmer, Daniel Osvaldo<|>Sánchez Egea, A.<|>Martynenko, Vitaliy
050849;v22_Autor_personal;Rubio Scola, I.<|>Rossi, S.<|>Bourges, G.<|>Eliach, J.;Rubio Scola, I.<|>Rossi, Sebastián<|>Bourges, Gastón<|>Eliach, J.
050850;v22_Autor_personal;Marras, C. M.<|>Martínez, M. E.<|>Majul, L. M.<|>Itria, R. F.;Marras, C. M.<|>Martínez, M. E.<|>Majul, L. M.<|>Itria, Raúl Fabio
050851;v22_Autor_personal;Caló, J.<|>Salvatierra, M.<|>Zappa, A.<|>Henríquez, V.;Caló, Julieta María Inés<|>Salvatierra, Maximiliano<|>Zappa, Andrés Enrique<|>Henríquez, V.
050852;v22_Autor_personal;Arballo, M. F.<|>Seal, A.<|>Adam, U.<|>Winter, J.<|>Bensimón, J.;Arballo, María Fabiola<|>Seal, A.<|>Adam, Ulises Francisco<|>Winter, Josefina<|>Bensimón, Judith
050854;v22_Autor_personal;Aballay, D.<|>Thompson, P.<|>Zunini, H.;Aballay, Damián Alberto<|>Thompson, Paulo<|>Zunini, Hernán Lucas
050855;v22_Autor_personal;Borgiattino, H.;Borgiattino Walker, Hernán Luis
050856;v22_Autor_personal;Vera, D.<|>Ciarlantini, M.<|>Bayo, J.<|>Fiore, E.<|>Gandolfi Donadío, L.<|>Manzi, M.<|>Ramírez, J.<|>Mazzolini, G.<|>Comin, M. J.;Vera, Daniela Beatriz<|>Ciarlantini, Matías Sebastián<|>Bayo Fina, Juan Miguel<|>Fiore, E.<|>Gandolfi Donadío, L.<|>Manzi, M.<|>Ramírez, J.<|>Mazzolini, G.<|>Comin, María Julieta
050857;v22_Autor_personal;Castañeda, T.<|>Fernández, M.<|>Filippetto, J. A.<|>Gigena, J.<|>Etcheverry, M. J.;Castañeda, Tomás<|>Fernández, M.<|>Filippetto, J. A.<|>Gigena, J.<|>Etcheverry, M. J.
050858;v22_Autor_personal;Gudiño, D. R.<|>Aued, J.<|>Gigli, J. P.;Gudiño, D. R.<|>Aued, Juan Sebastián<|>Gigli, J. P.
050859;v22_Autor_personal;Méndez, A. M.<|>Díaz Monnier, S. L.<|>Lago, L. D.;Méndez, Andrea Mirta<|>Díaz Monnier, Silvia Laura<|>Lago, Lucas Damián
050860;v22_Autor_personal;Szombach, J.<|>Riu, F.<|>Pisano, M. E.<|>Rivero, A.;Szombach, J.<|>Riu, F.<|>Pisano, Emilio Mauro Rafael<|>Rivero, A.
050861;v22_Autor_personal;Touloumdjian, C.<|>Tallone, L.<|>Elhalem, E.<|>Comin, M. J.<|>Gandolfi Donadío, L.;Touloumdjian, Carolina Sofía<|>Tallone, Lucía<|>Elhalem, E.<|>Comin, María Julieta<|>Gandolfi Donadío, L.
050862;v22_Autor_personal;Ferrer Casal, M.<|>Comin, M. J.<|>Gandolfi, L.<|>Elhalem, E.;Ferrer Casal, M.<|>Comin, María Julieta<|>Gandolfi, L.<|>Elhalem, E.
050863;v22_Autor_personal;Matos, M. L.<|>Samter, P. M.<|>Reidel, S.<|>Losino, N. I.<|>Nigro, F. F.;Matos, María Laura<|>Samter, Paula Marcela<|>Reidel, Sara Isabel<|>Losino, Noelia Ivana<|>Nigro, F. F.
050864;v22_Autor_personal;Albisu, M. L.<|>Polo, P. C.;Albisu, María Lucila<|>Polo, Pablo César
050865;v22_Autor_personal;Gentile, N.<|>Kunath, M. C.<|>Lagier, M. E.<|>Richard, A.<|>Romanelli, M.<|>Rosso, J.<|>Strano, F.;Gentile, N.<|>Kunath, M. C.<|>Lagier, María Eugenia<|>Richard, Ayelén<|>Romanelli, M.<|>Rosso, J.<|>Strano, Franco
050866;v22_Autor_personal;Renzi, L.<|>Rodríguez, M. A.<|>Ohaco, P.<|>Tejada, L.;Renzi, L.<|>Rodríguez, Matías Agustín<|>Ohaco, P.<|>Tejada, L.
050867;v22_Autor_personal;Villamil, A.<|>Ferreyra, J. L.<|>Espíndola, J.<|>Zambón, S.;Villamil, A.<|>Ferreyra, J. L.<|>Espíndola, J.<|>Zambón, Silvia Noemí
050868;v22_Autor_personal;Chacón, A.<|>García Griffiths, R.<|>Rosso, J.;Chacón, Ariel Augusto<|>García Griffiths, R.<|>Rosso, J.
050869;v22_Autor_personal;Cruz Ortiz, G.<|>Bravo, M.;Cruz Ortiz, Gonzalo Omar<|>Bravo, Marcos David
050870;v22_Autor_personal;Gramajo, P. H.<|>Lamensa, M. A.<|>Camaño. C.;Gramajo, P. H.<|>Lamensa, Marina Andrea<|>Camaño, Carla Valeria
050871;v22_Autor_personal;Cesa, V.<|>Donnes, L.<|>Guerbi, A.<|>Oms, E.<|>Rosatti, R.<|>Sicari, O.<|>Vadell, E.<|>Vergelín, P.<|>Wasienko, S.;Cesa, Verónica Silvina<|>Donnes, Lucila<|>Guerbi, A.<|>Oms, Eyra Malena<|>Rosatti, R.<|>Sicari, O.<|>Vadell, E.<|>Vergelín, P.<|>Wasienko, Susana Aurora
050872;v22_Autor_personal;Rosso, J.<|>Lagier, M. E.<|>Mamone, D.<|>Martínez, L.<|>Parenti,  A.<|>Richard, A.<|>Romanelli, M.<|>Strano, F.<|>Vázquez, N.;Rosso, J.<|>Lagier, María Eugenia<|>Mamone, D.<|>Martínez, L.<|>Parenti,  A.<|>Richard, Ayelén<|>Romanelli, M.<|>Strano, Franco<|>Vázquez, N.
050873;v22_Autor_personal;Atín, M.<|>Rojas, L. S.<|>González Táboas, P. R.<|>Schneebeli, J. E.;Atín, Maite<|>Rojas, Leandro Sebastián<|>González Táboas, P. R.<|>Schneebeli, Jorge Ernesto
050874;v22_Autor_personal;Rodríguez, R. A.<|>Farías, C. B.<|>Videla, E.<|>Cazzasa, E. G.<|>Flesler, F. G.<|>Rodríguez, D. E.;Rodríguez, Ruth Alejandra<|>Farías, C. B.<|>Videla, Estefanía<|>Cazzasa, Esteban Gerardo<|>Flesler, F. G.<|>Rodríguez, Diego Ezequiel
050875;v22_Autor_personal;Secchi, M.<|>Dubois, M.<|>Becker, R.;Secchi, M.<|>Dubois, María José<|>Becker, Rosalba María
050876;v22_Autor_personal;Martín, D. I.<|>Sandre, C.<|>Dorado, C.<|>Ramírez, R.;Martin, Diego Ignacio<|>Sandre, Cristian<|>Dorado, Cecilia<|>Ramírez, Rodrigo Javier
050877;v22_Autor_personal;Bensignor, J.<|>Planes, E.<|>Camargo Zorzoli, A.<|>Storino, A.<|>Parise, C.;Bensignor, Judith<|>Planes, E.<|>Camargo Zorzoli, Alejandra Iris<|>Storino, A.<|>Parise, C.
050878;v22_Autor_personal;Jung, S.<|>Lourenzo, A.<|>Thompson, P.<|>Aballay, D.<|>Armesto, J.<|>Escobar, G.;Jung, S.<|>Lourenzo, A.<|>Thompson, Paulo<|>Aballay, Damián Alberto<|>Armesto, Javier<|>Escobar, G.
050879;v22_Autor_personal;Baretta, L.<|>Wyngaard, G.<|>Rosso, J.;Baretta, Luis Rubén<|>Wyngaard, Guillermo<|>Rosso, J.
050880;v22_Autor_personal;Albisu, M. L.<|>Armando, R. C.<|>Bedatou, L.<|>Bielli, R. A.<|>Bigoglio, P.<|>Campoy, C. A.<|>Carola, L. F.<|>Gianassi, E.<|>Korb, M. L.<|>Lagier, M. E.<|>Mamone, D.<|>Martínez, E.<|>Núñez, G. M.<|>Orellana, N.<|>Peralta, D.<|>Richard, A.<|>Scalvasio, R.<|>Strano, F.<|>Vivas, S.;Albisu, María Lucila<|>Armando, Rocío Carolina<|>Bedatou, Lía<|>Bielli, Roque Arnaldo<|>Bigoglio, Patricio Pablo<|>Campoy, Carla Florencia<|>Carola, Luis Federico José<|>Gianassi, E.<|>Korb, Mariel Lioren<|>Lagier, María Eugenia<|>Mamone, D.<|>Martínez, Emiliano<|>Núñez, G. M.<|>Orellana, Nicolás<|>Peralta, D.<|>Richard, Ayelén<|>Scalvasio, R.<|>Strano, Franco<|>Vivas, S.
050881;v22_Autor_personal;Cerchiai, E.<|>Marchuk, A. L.<|>Claros, S. A.<|>Ciurletti,  C. R.<|>Gómez, R. E.<|>Siliprandi, A.;Cerchiai, Edgar<|>Marchuk, A. L.<|>Claros, Sonia Amelia<|>Ciurletti,  C. R.<|>Gómez, R. E.<|>Siliprandi, A.
050882;v22_Autor_personal;Gudiño, D. R.<|>Aued, J.<|>Galeano, E.<|>Farina, A.;Gudiño, D. R.<|>Aued, Juan Sebastián<|>Galeano, E.<|>Farina, A.
050886;v22_Autor_personal;Brengi, D.<|>Tropea, S.<|>Lifschitz, O. D.<|>Mass, M.<|>Dello Russo, A. E.<|>Roberti, M.<|>Maugeri, S.<|>Lozano, A.<|>Tripodi, J. P.<|>Villar, S.;Brengi, Diego Javier<|>Tropea, Salvador Eduardo<|>Lifschitz, Omar David<|>Mass, Mijal Inés<|>Dello Russo, Alejandro Elian<|>Roberti, M.<|>Maugeri, S.<|>Lozano, A.<|>Tripodi, J. P.<|>Villar, S.
050887;v22_Autor_personal;Dell´Orco, A. J.<|>Álvarez, M. A.;Dell´Orco, Andrea Juliana<|>Álvarez, Marcela Andrea
050888;v22_Autor_personal;Rojas, L. S.<|>Schneebeli, J. E.;Rojas, Leandro Sebastián<|>Schneebeli, Jorge Ernesto
050889;v22_Autor_personal;Arballo, M. F.<|>García Griffiths, R.<|>Seal, A.<|>Adam, U.<|>Zorzi, H.<|>Zárate, S.;Arballo, María Fabiola<|>García Griffiths, R.<|>Seal, A.<|>Adam, Ulises Francisco<|>Zorzi, Héctor Raúl<|>Zárate, S.
050890;v22_Autor_personal;Robasso, M.<|>Lupo, S.<|>Lafogiannis, G.;Robasso, M.<|>Lupo, Sergio Gustavo<|>Lafogiannis, G.
050891;v22_Autor_personal;Palas, F. G.<|>Maiorana, P. A.;Palas, Fernando Gabriel<|>Maiorana, Pablo Andrés
050892;v22_Autor_personal;Pujol, E.<|>Camargo, A.<|>Mamone, D.<|>Millonschik, J.<|>Ponce, F.<|>San Miguel, S.<|>Zilber, A.;Pujol, E.<|>Camargo Zorzoli, Alejandra Iris<|>Mamone, D.<|>Millonschik, Juan<|>Ponce, F.<|>San Miguel, S.<|>Zilber, Alejandra
050893;v22_Autor_personal;Álvarez, C.<|>Bainotti, C.<|>Bongiovanni, R.<|>Falabella, C.<|>Fraschina, J.<|>Minaglia, M.<|>Tuninetti, L.<|>Zito, D.;Álvarez, Carolina<|>Bainotti, Carlos Tomás<|>Bongiovanni, Rodolfo<|>Falabella, C.<|>Fraschina, J.<|>Minaglia, M.<|>Tuninetti, Leticia<|>Zito, Diego Maximiliano
050894;v22_Autor_personal;Tuninetti, L.<|>Bongiovanni, R.<|>Minaglia, M.<|>Charlón, V.;Tuninetti, Leticia<|>Bongiovanni, Rodolfo<|>Minaglia, M.<|>Charlón, Verónica
050895;v22_Autor_personal;Tropea, S. E.<|>Rodríguez, G. P.<|>Brengi, D.<|>Olaiz, N.;Tropea, Salvador Eduardo<|>Rodríguez, G. P.<|>Brengi, Diego Javier<|>Olaiz, N.
050896;v22_Autor_personal;Babaro, J.<|>Zinzallari, A.<|>Mantellini, A.<|>Jazwinski, L.;Babaro, Juan Pablo<|>Zinzallari, Alberto<|>Mantellini, A.<|>Jazwinski, Edgardo Leonel
050897;v22_Autor_personal;Flores, A. P.<|>Curia, A. V.;Flores, A. P.<|>Curia, Ana Valeria
050898;v22_Autor_personal;Albornoz, D.<|>Heidenreich, W.<|>Marino, D.<|>Alonso, G.;Albornoz, Diego José<|>Heidenreich, W.<|>Marino, D.<|>Alonso, Germán René
050899;v22_Autor_personal;Pujol, E.<|>Camargo Zorzoli, A.<|>Najul, J. C.<|>Vanin, N.<|>Zilber, A.<|>San Miguel, S.<|>Saul, F.<|>Tacaliti, L.;Pujol, E.<|>Camargo Zorzoli, Alejandra Iris<|>Najul, Juan Carlos<|>Vanin, Silvia Natalia<|>Zilber, Alejandra<|>San Miguel, S.<|>Saul, F.<|>Tacaliti, Luciana
050900;v22_Autor_personal;Roberti, M.<|>Ricalde, D.<|>Marinoni, J.<|>Acevedo, M.<|>Maugeri, S.<|>Veliz, F.<|>Lozano, A.<|>Mass, M.;Roberti, M.<|>Ricalde, D.<|>Marinoni, J.<|>Acevedo, Marcelo Ricardo<|>Maugeri, S.<|>Veliz, Carlos Fabricio<|>Lozano, A.<|>Mass, Mijal Inés
050901;v22_Autor_personal;Reiner, W.<|>Olivera, R. A.;Reiner, Walter<|>Olivera, R. A.
050902;v22_Autor_personal;Escalante, K. N.<|>Hoyos, G. M.<|>Giraudo, C. A.<|>Bornancin, M.<|>Rearte, M.;Escalante, K. N.<|>Hoyos, G. M.<|>Giraudo, C. A.<|>Bornancin, Marianela<|>Rearte, M.
050903;v22_Autor_personal;Vajda, J. E.<|>Raco, F. F.<|>Rodríguez, M. A.;Vajda, Juliana Erika<|>Raco, Fernando Francisco<|>Rodríguez, Matías Agustín
050904;v22_Autor_personal;Rodríguez, R. A.<|>Flesler, F.<|>Farias, C. B.<|>Videla, E.<|>Rodríguez, D.<|>Barlatey, M. A.<|>Ruhl, G.<|>Bailat, F.<|>Rodríguez, G.<|>Nieves, S.<|>Busquet, M.<|>Echazarreta, M. L.<|>Minaglia, M.<|>Goicoa, V.<|>Sole, A.<|>Lenzi, S.<|>Zubiaurre, J. L.<|>Longhi, S.<|>Cazzaniga Arduzzo, D.<|>Pirola, M. B.<|>Alarcón, M.;Rodríguez, Ruth Alejandra<|>Flesler, F.<|>Farias, C. B.<|>Videla, Estefanía<|>Rodríguez, Diego Ezequiel<|>Barlatey, María Alejandra<|>Ruhl, Gustavo Gabriel<|>Bailat, Federico Luis<|>Rodríguez, G.<|>Quiroga, Nieves Soledad<|>Busquet, Cynthia Melisa<|>Echazarreta, M. L.<|>Minaglia, M.<|>Goicoa, V.<|>Sole, A.<|>Lenzi, Santiago<|>Zubiaurre, Juan Lucas<|>Longhi, S.<|>Cazzaniga Arduzzo, Diego Santiago<|>Pirola, María  Belén<|>Alarcón, Mariana
050905;v22_Autor_personal;Arroyo Gómez, J. J.<|>Villarroel Rocha, D.<|>Montiel, G.<|>Sapag, K.<|>Abuin, G.;Arroyo Gómez, J. J.<|>Villarroel Rocha, Dimar<|>Montiel, Gonzalo<|>Sapag, K.<|>Abuin, Graciela Carmen
050906;v22_Autor_personal;Pescio, F.<|>Bornancin, M.<|>Cruz, A.<|>Ramírez. H.;Pescio, F.<|>Bornancin, Marianela<|>Cruz, Alex David<|>Ramírez. H.
050907;v22_Autor_personal;Flores, A. P.<|>Curia, A. V.<|>Fournier, M.<|>Malpeli, A.<|>Sala, M.<|>Casado, C.<|>Kruger, A. L.;Flores, A. P.<|>Curia, Ana Valeria<|>Fournier, M.<|>Malpeli, A.<|>Sala, M.<|>Casado, C.<|>Kruger, A. L.
050909;v22_Autor_personal;Pulido, G. M.<|>Perdiguero, Y. S.<|>Peralta, F.<|>Risso, M.<|>Rearte, M.<|>Clusellas, J.;Martínez Pulido, Guillermo<|>Perdiguero, Y. S.<|>Peralta, F.<|>Risso, Marcos Gabriel<|>Rearte, M.<|>Clusellas, Julián
050910;v22_Autor_personal;Mastromónaco, G.<|>Castro, A.<|>Gattucci, L.<|>Kornblit, F.<|>Echazarreta, J.<|>Pino, F.<|>González Piazza, M. S.<|>Gulivart, V.;Mastromónaco, Gladys Miriam<|>Castro, A.<|>Gattucci, L.<|>Kornblit, Fernando<|>Echazarreta, J.<|>Pino, F.<|>González Piazza, M. S.<|>Gulivart, V.
050911;v22_Autor_personal;Altamirano, P. M.<|>Kappes, M. A.<|>Rodríguez, M. A.;Altamirano, Pablo Martín<|>Kappes, M. A.<|>Rodríguez, Matías Agustín
050912;v22_Autor_personal;Altamirano, P. M.<|>Kappes, M. A.<|>Rodríguez, M. A.;Altamirano, Pablo Martín<|>Kappes, M. A.<|>Rodríguez, Matías Agustín
050913;v22_Autor_personal;Pescio, F.<|>Chiaravalloti, A.<|>Medel, N.<|>Bornancin, M.<|>Pereira, G.<|>Sabre, M.;Pescio, F.<|>Chiaravalloti, Alejandro Pablo<|>Medel, Nicolás<|>Bornancin, Marianela<|>Pereira, Gustavo<|>Sabre, Martín
050914;v22_Autor_personal;Molina, J.<|>Vander Mey, L. G.<|>Hodes, S. M.<|>Montiel, G.;Molina, J.<|>Vander Mey, Lucas Gabriel<|>Hodes, S. M.<|>Montiel, Gonzalo
050915;v22_Autor_personal;Montiel, G.<|>Molina, L.;Montiel, Gonzalo<|>Molina, L.
050916;v22_Autor_personal;Molina Tirado, L.<|>Aguilar, S.<|>Rosso, A.<|>Devia, L.<|>Valdés, D.<|>Di Leo, C.<|>Pinto, J.<|>Czechowicz, A.;Molina Tirado, L.<|>Aguilar, Susana Ester<|>Rosso, A.<|>Devia, Leila<|>Valdés, D.<|>Di Leo, Carlos<|>Pinto, J.<|>Czechowicz, Anahí Amancay
050917;v22_Autor_personal;Rearte, M.<|>Molina Tirado, L.<|>Risso, M.<|>Abdelhamid, S.<|>Luaces, H.<|>Fioretti, J.<|>Reginato, M.;Rearte, M.<|>Molina Tirado, L.<|>Risso, Marcos Gabriel<|>Abdelhamid, Sado<|>Luaces, H.<|>Fioretti, Juan Carlos<|>Reginato, M.
050918;v22_Autor_personal;Marchini, H.<|>Montenegro, N. V. L.<|>Zenobi, E.;Marchini, Helena<|>Montenegro, N. V. L.<|>Zenobi, María Elisa
050919;v22_Autor_personal;Peralta, F.<|>Alanis, F.<|>Danielsen, K.<|>Schütz, A.<|>Garro, E.<|>Gorondi, S.<|>Rearte, M.;Peralta, F.<|>Alanis, Ana Florencia<|>Danielsen Rodríguez, Karen<|>Schütz, A.<|>Garro, E.<|>Gorondi, S.<|>Rearte, M.
050920;v22_Autor_personal;Reynoso, M.<|>Martínez Pulido, G.<|>Gildeza, R.<|>Rearte, M.;Reynoso, M.<|>Martínez Pulido, Guillermo<|>Gildeza, Ricardo<|>Rearte, M.
050921;v22_Autor_personal;Winter, J.<|>Zubrzycki, K.<|>Caminiti, A.;Winter, Josefina<|>Zubrzycki, Karina Lorena<|>Caminiti, Aníbal
050922;v22_Autor_personal;Silbert, V.<|>Gaona Flores, M. A.<|>Pietrarelli, L.<|>Bonomi, F.<|>García, S.<|>Garrido, G.<|>Pettigiani, E.<|>Castellano, J.<|>Moretti, G.<|>Ringuelet, A.;Silbert Voldman, Violeta<|>Gaona Flores, M. A.<|>Pietrarelli, L.<|>Bonomi, F.<|>García, S.<|>Garrido, G.<|>Pettigiani, Eugenio<|>Castellano, J.<|>Moretti, G.<|>Ringuelet, A.
050923;v22_Autor_personal;Mastromónaco, G.<|>Gattucci, L.<|>Forastieri, S.<|>Delbón, M.<|>Kornblit, F.<|>Galli, Ariel<|>Rossi, N.<|>Berho, F.<|>Labollita, H.<|>Othaz Brida, A.<|>Romero, G.;Mastromónaco, Gladys Miriam<|>Gattucci, L.<|>Forastieri, S.<|>Delbón, Marisa Ester<|>Kornblit, Fernando<|>Galli, Ariel<|>Rossi, N.<|>Berho, Flavia Mariel<|>Labollita, H.<|>Othaz Brida, A.<|>Romero, G.
050924;v22_Autor_personal;Collarte, J. R.<|>Segura Matos, I.;Collarte, Jorge Ramses<|>Segura Matos, I.
050925;v22_Autor_personal;Torregiani, L.<|>Dorado, C.<|>Ramírez, R. J.;Torregiani, Luciana<|>Dorado, Cecilia<|>Ramírez, Rodrigo Javier
050926;v22_Autor_personal;Flores, F.<|>Brengi, D.<|>Maugeri, S.<|>Lozano, A.;Flores, F.<|>Brengi, Diego Javier<|>Maugeri, S.<|>Lozano, A.
050927;v22_Autor_personal;Papa, M.<|>Barbelli, M. S.<|>Jordan, M.;Papa, M.<|>Barbelli López, Maria Soledad<|>Jordan, Marianela Paula
050928;v22_Autor_personal;Galli, A.<|>Vázquez, J. M.<|>Puelles, M.;Galli, A.<|>Vázquez, Juan Manuel<|>Puelles, M.
050929;v22_Autor_personal;Mastromónaco, G.<|>Palacios, I.<|>Castro, A.<|>Forastieri, S.<|>Kornblit, F.<|>Sonia, L.<|>Cirio, M.<|>Etelechea, S.<|>Bertolo, M.<|>Santi, A.<|>Spath, M.<|>Roldán, H.<|>Raco, F.<|>Castelli, M.<|>Gallello, N.;Mastromónaco, Gladys Miriam<|>Palacios, I.<|>Castro, A.<|>Forastieri, S.<|>Kornblit, Fernando<|>Soria, Lorena Paula<|>Cirio, Mercedes<|>Etelechea, S.<|>Bertolo, María Del Valle<|>Santi, Analía Gabriela<|>Spath, María Carolina<|>Roldán, H.<|>Raco, Fernando Francisco<|>Castelli, María Laura<|>Gallello, N.
050930;v22_Autor_personal;Martínez, M.<|>Levin, L.<|>Babay, P.<|>Pereira, S.;Martínez, M.<|>Levin, L.<|>Babay, Paola Alejandra<|>Pereira, S.
050931;v22_Autor_personal;Silicaro, M. A.<|>Marras, C. M.<|>Bezazian, A.<|>Núñez, M. P.<|>Martínez, M. E.<|>Ríos, M. B.<|>Itria, R. F.;Silicaro, M. A.<|>Marras, C. M.<|>Bezazian, Ana Lucin<|>Núñez, M. P.<|>Martínez, M. E.<|>Ríos, M. B.<|>Itria, Raúl Fabio
050932;v22_Autor_personal;Jara, D.<|>Tancredi, P.<|>Ybarra, G.;Jara, D.<|>Tancredi, P.<|>Ybarra, Gabriel Omar
050933;v22_Autor_personal;Molina Ortiz, S. E.<|>Villa Monte, I.<|>Federico, M.<|>Masferrer, N. P.<|>Demarchi, O.;Molina Ortiz, Sara Eugenia<|>Villa Monte, Ignacio<|>Federico, M.<|>Masferrer, Natalia Paola<|>Demarchi, O.
050934;v22_Autor_personal;Barrera, V.<|>Echazarreta, J.<|>García de Andina, C.<|>Lirio, L.<|>Minaglia, M.<|>Tuninetti, L.;Barrera, Verónica Natalia<|>Echazarreta, J.<|>García de Andina, C.<|>Lirio, L.<|>Minaglia, M.<|>Tuninetti, Leticia
050935;v22_Autor_personal;Mingolla, M. G.<|>Campbell, J.<|>Bastida, K. B.;Mingolla, María Griselda<|>Campbell, Jorge Daniel<|>Bastida, Karina Beatriz
050936;v22_Autor_personal;Benevenia, R.<|>Zapata, A.<|>Serrano, F.;Benevenia, Ramiro<|>Zapata, Alexis Gastón<|>Serrano, Federico Ariel
050937;v22_Autor_personal;Brenta, H.<|>Coppa, D.<|>Lupo, S.;Brenta, Hernán Matías<|>Coppa, Diego Nahuel<|>Lupo, Sergio Gustavo
050938;v22_Autor_personal;Serrano, F. A.;Serrano, Federico Ariel
050939;v22_Autor_personal;Gandolfi, L.<|>Paolo, L.<|>Bellomo, A.;Gandolfi, L.<|>Paolo, Luciano Sebastián<|>Bellomo Peraza, Ana Inés
050941;v22_Autor_personal;Blasco, R.<|>Costamagna, G.<|>Gatti, P.<|>Mastromónaco, G.<|>Forastieri, S.<|>Aued, S.<|>Kornblit, F.<|>Puelles, M.;Blasco, Ramiro Raúl<|>Costamagna Magnarelli, Gabriela Alejandra<|>Gatti, P.<|>Mastromónaco, Gladys Miriam<|>Forastieri, S.<|>Aued, María Silvina<|>Kornblit, Fernando<|>Puelles, M.
050942;v22_Autor_personal;Arsiniega, M.<|>Bellelli, D.<|>Gastaldi, B.<|>Lerda, J. M.<|>Milne, R.<|>Sabadin, Y.<|>Tabbia, M. A.;Arsiniega, M.<|>Bellelli, Diego Aldo<|>Gastaldi, B.<|>Lerda, Juan Manuel<|>Milne, Rodrigo<|>Sabadin, Y.<|>Tabbia, Maximiliano Ariel
050944;v22_Autor_personal;Yapur, F. G.<|>Luna, D.<|>Mingolla, G.;Yapur, Fernando Gabriel<|>Luna, Diego<|>Mingolla, María Griselda
050945;v22_Autor_personal;Bierzychudek, M. E.<|>Di Lillo, L.<|>Coppa, D. N.<|>Toran, A.<|>Suárez Barón, J. C.<|>Muzzio, C. R.<|>Wainstein, F. J.;Bierzychudek, Marcos Eduardo<|>Di Lillo, Lucas Daniel<|>Coppa, Diego Nahuel<|>Toran, A.<|>Suárez Barón, Juan Carlos<|>Muzzio, C. R.<|>Wainstein, F. J.
050946;v22_Autor_personal;Benítez, M.<|>Delbón, M.<|>Fernández Sturla, M. J.<|>Köber, E.;Benítez, Graciela Alejandra<|>Delbón, Marisa Ester<|>Fernández Sturla, M. J.<|>Köber, Érica
050947;v22_Autor_personal;Reiner, W.<|>Nemcanski, K.;Reiner, Walter<|>Nemcanski, K.
050948;v22_Autor_personal;Soria, L.<|>Etelechea, S.<|>Simón, M.<|>Cirio, M.<|>Mastromónaco, G.<|>Palacios, I.<|>Castro, A.<|>Forastieri, S.<|>Santi, A.<|>Spath, M.<|>Raco, F.<|>Blasco, R.<|>Kornblit, F.<|>Kneeteman, E.<|>Gatti, P.;Soria, Lorena Paula<|>Etelechea, S.<|>Simón, Mariano Ernesto<|>Cirio, Mercedes<|>Mastromónaco, Gladys Miriam<|>Palacios, I.<|>Castro, A.<|>Forastieri, S.<|>Santi, Analía Gabriela<|>Spath, María Carolina<|>Raco, Fernando Francisco<|>Blasco, Ramiro Raúl<|>Kornblit, Fernando<|>Kneeteman, E.<|>Gatti, P.
050950;v22_Autor_personal;Puelles, M.<|>Acosta, O.<|>Galli, A.<|>Lozano, H.<|>Speranza, J.<|>Gatti, P.;Puelles, M.<|>Acosta, Osvaldo Héctor<|>Galli, A.<|>Lozano, H.<|>Speranza, J.<|>Gatti, P.
050951;v22_Autor_personal;Hernández, I.<|>Bellomo, A.<|>Lobatto, I.<|>Molinari, J.<|>Alberti, C.<|>Santos, L.<|>Puelles, M.<|>Sánchez, P.<|>Gallello, L.<|>Raco, F.<|>Gandolfi, L.<|>Comin, J.<|>Gatti, P.<|>Hermida, L.<|>Elhalem, E.;Hernández, I.<|>Bellomo Peraza, Ana Inés<|>Lobatto, Iliana Valeria<|>Molinari, J.<|>Alberti, Cecilia<|>Santos, Luciano<|>Puelles, M.<|>Sánchez, P.<|>Gallello, L.<|>Raco, Fernando Francisco<|>Gandolfi, L.<|>Comin, María Julieta<|>Gatti, P.<|>Hermida, L.<|>Elhalem, E.
050952;v22_Autor_personal;Politi, M.<|>Niño, J. A.<|>Gulfo, M.<|>Laiz, H.;Politi, M.<|>Niño, Jorge Andrés<|>Gulfo, M.<|>Laiz, H.
050953;v22_Autor_personal;Brengi, D.<|>Lifschitz, O. D.<|>Mass, M.<|>Lozano, A.<|>Yanez, C. M.<|>Dello Russo, A. E.<|>Díaz, G. G.<|>Marinoni, J.<|>Maugeri, S.<|>Rodríguez, G. P.;Brengi, Diego Javier<|>Lifschitz, Omar David<|>Mass, Mijal Inés<|>Lozano, A.<|>Yánez Flores, Christian Marcelo<|>Dello Russo, Alejandro Elian<|>Díaz, G. G.<|>Marinoni, J.<|>Maugeri, S.<|>Rodríguez, G. P.
050954;v22_Autor_personal;Arcángelo, M.<|>Rey, M. F.<|>Orsini, M. P.<|>Defain Tesoriero, M. V.<|>Rey, E.<|>Dieguez, C.<|>Ruíz Díaz, I.;Arcángelo, Marisa Ruth<|>Rey, M. F.<|>Orsini, María del Pilar<|>Defain Tesoriero, María Victoria<|>Rey, E.<|>Dieguez, María Candelaria<|>Ruíz Díaz, I.
050955;v22_Autor_personal;Tufaro, L. N.<|>Dunky, A.<|>Rubino, G.<|>Miranda, A.<|>Svoboda, H.;Tufaro, Leonardo Nicolás<|>Dunky, Adrián Guillermo<|>Rubino, G.<|>Miranda, A.<|>Svoboda, Hernán Gabriel
050956;v22_Autor_personal;Paolo, L. S.<|>Santos, L. N.<|>Gandolfi Donadío, L.;Paolo, Luciano Sebastián<|>Santos, L. N.<|>Gandolfi Donadío, L.
050957;v22_Autor_personal;Garrido, G.<|>Pettigiani, E.<|>Silbert, V.<|>Castellano, J.<|>García, S.<|>Pietrarelli, L.<|>Moretti, G.<|>Rearte, M.;Garrido, G.<|>Pettigiani, Eugenio<|>Silbert Voldman, Violeta<|>Castellano, J.<|>García, S.<|>Pietrarelli, L.<|>Moretti, G.<|>Rearte, M.
050958;v22_Autor_personal;Cabaleiro, J. N.;Cabaleiro, Julián Nicolás
050970;v22_Autor_personal;Esterelles, M.<|>Cachile, A.;Esterelles, Mariana Sandra<|>Cachile, Adriana Marcela
050980;v22_Autor_personal;Gallardo, F. E.<|>Sampayo, G. A.<|>Casella, V. M.<|>Corso, M. E.;Gallardo, F. E.<|>Sampayo, G. A.<|>Casella, Verónica María<|>Corso, María Eugenia
050981;v22_Autor_personal;Gherscovic, D. A.<|>Arduini, E. J.;Gherscovic, D. A.<|>Arduini, Emiliano José
050982;v22_Autor_personal;Sánchez, M. F.<|>Carfagnini, M.<|>Moreno, E.<|>Fernández, M. D.;Sánchez, M. F.<|>Carfagnini, Mariana<|>Moreno, Emilse Victoria<|>Fernández, M. D.
050983;v22_Autor_personal;Nikotian, M.<|>Bonelli, M.<|>Núñez, H.<|>Marino, D.;Nikotian, Matías<|>Bonelli, Marcos<|>Núñez, H.<|>Marino, D.
050984;v22_Autor_personal;Cazzaniga Arduzzo, D.<|>Schmidt, E.<|>Alarcón, M.<|>Nieto, I.<|>Warcok, L.<|>Defain, M. V.<|>Arcángelo, M.<|>Alberti, C.<|>Storino, A.<|>Páez, R<|>Audero, M. G.<|>Mainez, M. E.<|>Menardi, M.<|>Ruggia, J. I.;Cazzaniga Arduzzo, Diego Santiago<|>Schmidt, E.<|>Alarcón, Mariana<|>Nieto, I.<|>Warcok, Leonardo Carlos<|>Defain Tesoriero, María Victoria<|>Arcángelo, Marisa Ruth<|>Alberti, Cecilia<|>Storino, A.<|>Páez, R<|>Audero, Gabriela María<|>Mainez, M. E.<|>Menardi, M.<|>Ruggia, J. I.
050985;v22_Autor_personal;Bajuk, M.<|>Bertolo, M.<|>Castillo, S.<|>Gallucci, V.<|>Molina, I.;Bajuk, María Elena<|>Bertolo, María Del Valle<|>Castillo, Silvana Soledad<|>Gallucci, V.<|>Molina, I.
050986;v22_Autor_personal;Karlen, J.<|>Audero, G.<|>Costabel, L.<|>Shiufe, G.;Karlen, J.<|>Audero, Gabriela María<|>Costabel, Luciana Maria<|>Shiufe, G.
050987;v22_Autor_personal;Suárez Santesteban, L. B.<|>Sánchez, M. M.<|>Martínez Espinosa, E. L.<|>León Lugo, A. M.<|>Pino, F. J.;Suárez Santesteban, Lucía Belén<|>Sánchez, M. M.<|>Martínez Espinosa, Estela Lucía<|>León Lugo, A. M.<|>Pino, F. J.
050988;v22_Autor_personal;Buglioni, L.<|>Svoboda, H. G.;Buglioni, Luciano<|>Svoboda, Hernán Gabriel
050989;v22_Autor_personal;Becce, M. F.<|>García Ariceta, G.<|>Riveros, M. J.<|>Cánaves, R. L.<|>Suárez, M. E.<|>Sánchez, G.<|>Jiménez, M. C.<|>Altera, M. J.;Becce, María Fernanda<|>García Ariceta, G.<|>Riverós, María Jimena<|>Canaves, Rosa Liliana<|>Suárez, M. E.<|>Sánchez, G.<|>Jiménez, M. C.<|>Altera, María Jimena
050990;v22_Autor_personal;Paolo, L. S.<|>Bellomo, A.<|>Alberti, C.<|>Lobato, I.<|>Heba, J.<|>Rillo, S.<|>Molinari, J.<|>Hermida, L.<|>Santos, L. N.<|>Gatti, P.<|>Puelles, M.<|>Comin, M. J.<|>Gandolfi Donadío, L.;Paolo, Luciano Sebastián<|>Bellomo Peraza, Ana Inés<|>Alberti, Cecilia<|>Lobato, I.<|>Heba, J.<|>Rillo, S.<|>Molinari, J.<|>Hermida, L.<|>Santos, L. N.<|>Gatti, P.<|>Puelles, M.<|>Comin, María Julieta<|>Gandolfi Donadío, L.
050991;v22_Autor_personal;Ortega, M. S.<|>Nigro, F. F.<|>Degrassi, G. <|>Catone, M. V.;Ortega, Marcos Sebastián<|>Nigro, F. F.<|>Degrassi, Giuliano<|>Catone, Mariela Verónica
050992;v22_Autor_personal;Peralta, M. E.<|>Díaz, F. V.<|>Fernandino, D. O.;Peralta, Matías Eduardo<|>Díaz, Felipe Víctor<|>Fernandino, D. O.
050993;v22_Autor_personal;Parra Visentin, M. E.;Parra Visentin, Matías Emmanuel
050994;v22_Autor_personal;Gildeza, R.<|>Serafini, C.<|>Copello, F.;Gildeza, Ricardo<|>Serafini, C.<|>Copello, F.
051027;v22_Autor_personal;Wasienko, S.^rcomp.<|>Comín, M.^rcoord.<|>Pazos, L.^rcoord.;Wasienko, Susana Aurora^rcomp.<|>Comín, M.^rcoord.<|>Pazos, Leonardo Martín^rcoord.
051029;v22_Autor_personal;Wyngaard, G.<|>Burquet, Griselda<|>Alaluf, Andrés<|>Talamoni, Silvina<|>Rosso, Julián<|>Baraschi, Mauricio^rcol.<|>Gariglio, Alejandro<|>Arias, Martín;Wyngaard, Guillermo<|>Burquet, Griselda<|>Alaluf, Andrés Matías<|>Talamoni, Silvina<|>Rosso, Julián<|>Baraschi, Mauricio^rcol.<|>Gariglio, Alejandro<|>Arias, Martín
051031;v22_Autor_personal;Alaluf, Andrés<|>Talamoni, Silvina<|>Rosso, Julián<|>Gariglio, Alejandro<|>Durando, Germán<|>Martino, E.<|>Rubino, Juan Manuel<|>Araujo, Carolina<|>Talamoni, Silvina<|>Nuñez, Gabriela<|>Bigoglio, Patricio<|>Escola, Marcos<|>Estrelles, Gabriela<|>Possetto, Mirta<|>Fernández, Martin<|>Monti, Facundo<|>Del Negro, Natalia<|>Foglia, Rodolfo<|>Owszarczyn, Laura<|>Gordon, Adrian<|>Gradizuela, Claudio<|>Ayala, Andrés<|>López, A.<|>Martínez, E.<|>Pirosanto, I.<|>Wyngaard, G.;Alaluf, Andrés Matías<|>Talamoni, Silvina<|>Rosso, Julián<|>Gariglio, Alejandro<|>Durando, Germán<|>Martino, E.<|>Rubino, Juan Manuel<|>Araujo, Carolina<|>Talamoni, Silvina<|>Nuñez, Gabriela<|>Bigoglio, Patricio<|>Escola, Marcos<|>Estrelles, Gabriela<|>Possetto, Mirta<|>Fernández, Martin<|>Monti, Facundo<|>Del Negro, Natalia<|>Foglia, Rodolfo<|>Owszarczyn, Laura<|>Gordon, Adrian<|>Gradizuela, Claudio<|>Ayala, Andrés<|>López, A.<|>Martínez, Emiliano<|>Pirosanto, I.<|>Wyngaard, Guillermo
051053;v22_Autor_personal;Parra Visentin, M. E.;Parra Visentin, Matías Emmanuel
051067;v22_Autor_personal;Dmitruk, Andrés^rcol.<|>Ladrón González, Alfredo^rcol.;Dmitruk, Andrés Esteban^rcol.<|>Ladrón González, Alfredo^rcol.
051073;v22_Autor_personal;Abate, G.<|>Maceira, G.<|>Pérez, D.<|>Martínez Krahmer, D.;Abate, Germán Rubén<|>Maceira, G.<|>Pérez, D.<|>Martínez Krahmer, Daniel Osvaldo
051074;v22_Autor_personal;Alarcón, R.<|>Gonzales, B.<|>Sotelo, A.<|>Gallardo, G.<|>Pérez-Camino, M.<|>Chasquibol, N.;Alarcón, R.<|>Gonzales, B.<|>Sotelo, A.<|>Gallardo, G.<|>Pérez-Camino, M.<|>Chasquibol Silva, Nancy Ascención
051077;v22_Autor_personal;Bocchetto, R.<|>Gauna, D.<|>Bravo, G.<|>González, C.<|>Rearte, M.<|>Molina Tirado, L.<|>Hilbert, J.<|>Eisenberg, P.<|>Lecuona, R.<|>Taraborrelli, D.<|>Papagno, S.<|>Vaudagna, S.;Bocchetto, Roberto Mario<|>Gauna, D.<|>Bravo, Gonzalo Carlos<|>González, C.<|>Rearte, M.<|>Molina Tirado, L.<|>Hilbert, J.<|>Eisenberg, P.<|>Lecuona, R.<|>Taraborrelli, D.<|>Papagno, S.<|>Vaudagna, Sergio Ramón
051079;v22_Autor_personal;Mass, M. I.<|>Veiga, L. S.<|>Garate, O. F.<|>Ybarra, G. O.<|>Ramón, E.<|>Gabriel, G.;Mass, Mijal Inés<|>Veiga, Lionel Sebastián<|>Garate, O. F.<|>Ybarra, Gabriel Omar<|>Ramón, E.<|>Gabriel, G.
051082;v22_Autor_personal;Molinari, F. N.<|>De Cesare, F.<|>Macagnano, A.;Molinari, Fabricio Nicolás<|>De Cesare, F.<|>Macagnano, A.
051085;v22_Autor_personal;Supanitsky, A. B.;Supanitsky, Alicia Beatriz
051086;v22_Autor_personal;Larralde, A. L.<|>Hojamberdiev, M.<|>Vargas, R.<|>Madriz, L.<|>Yubuta, K.<|>Sannegowda, L.<|>Sadok, I.<|>Krzyszczak-Turczyn, A.<|>Oleszczuki, P.<|>Czech, B.;Larralde, A. L.<|>Hojamberdiev, M.<|>Vargas, R.<|>Madriz, L.<|>Yubuta, Kunio<|>Sannegowda, L.<|>Sadok, I.<|>Krzyszczak-Turczyn, A.<|>Oleszczuki, P.<|>Czech, Bozena
051087;v22_Autor_personal;Masferrer, N.<|>Silbert Voldman, V.<|>Stefanini, X.;Masferrer, N.<|>Silbert Voldman, Violeta<|>Stefanini, X.
051088;v22_Autor_personal;Silbert Voldman, V.<|>Masferrer, N.;Silbert Voldman, Violeta<|>Masferrer, N.
051091;v22_Autor_personal;Silbert Voldman, V.<|>Campitelli, P.<|>Suárez, M.<|>Garrido, G.;Silbert Voldman, Violeta<|>Campitelli, Paola<|>Suárez, M.<|>Garrido, G.
051093;v22_Autor_personal;Aramayo, P. A.;Aramayo, Pablo Américo
051099;v22_Autor_personal;Talamoni, S.;Talamoni, Silvina
051100;v22_Autor_personal;Buglioni, L.<|>Martínez Krahmer, D.<|>Sánchez Egea, A.<|>Simoncelli, A.;Buglioni, Luciano<|>Martínez Krahmer, Daniel Osvaldo<|>Sánchez Egea, A.<|>Simoncelli, A.
051101;v22_Autor_personal;Paz, Pablo<|>Camaño, Carla;Paz, Pablo<|>Camaño, Carla Valeria
051103;v22_Autor_personal;Lipovetzky, J.<|>Garcia-Inza, M.<|>Rodríguez Cañete, M.<|>Redin, G.<|>Carbonetto, S.<|>Echarri, M.<|>Golmar, F.<|>Gomez Marlasca, F.<|>Barella, M.<|>Sanca, G.<|>Levy, P.<|>Faigón, A.;Lipovetzky, J.<|>Garcia-Inza, M.<|>Rodríguez Cañete, M.<|>Redin, G.<|>Carbonetto, Sebastián Horacio<|>Echarri, M.<|>Golmar, F.<|>Gomez Marlasca, F.<|>Barella, Mariano<|>Sanca, G.<|>Levy, Pablo<|>Faigón, A.
051104;v22_Autor_personal;Silva, C. L.;Silva, Carmen Leonilda
051107;v22_Autor_personal;Luna, E.<|>Schneider, G.<|>Real, M.<|>Iuzzolino, R.;Luna, Ezequiel<|>Schneider, Guillermo<|>Real, M.<|>Iuzzolino, Ricardo Javier
051108;v22_Autor_personal;Milano, O.<|>Pérez, H.<|>Berardo, L.<|>Moina, C.<|>Fraigi, L.;Milano, Omar<|>Pérez, H.<|>Berardo, Liliana<|>Moina, Carlos Alberto<|>Fraigi, Liliana Beatriz
051109;v22_Autor_personal;Armentano, R. L.<|>Pessana, F. M.<|>Cymberknop, L. J.<|>Lozano, A.<|>Fraigi, L.<|>Furfaro, A.;Armentano, Ricardo Luis<|>Pessana, F. M.<|>Cymberknop, Leandro Javier<|>Lozano, A.<|>Fraigi, Liliana Beatriz<|>Furfaro, A.
051110;v22_Autor_personal;Roberti, M.<|>Gongora-Rubio, M. R.<|>Fraigi, L.;Roberti, M.<|>Gongora-Rubio, M. R.<|>Fraigi, Liliana Beatriz
051111;v22_Autor_personal;Pavoni, S.<|>Moina, C. A.<|>Ybarra, G. O.<|>Malatto, L.<|>Milano, O.<|>Fraigi, Liliana;Pavoni, S.<|>Moina, Carlos Alberto<|>Ybarra, Gabriel Omar<|>Malatto, L.<|>Milano, Omar<|>Fraigi, Liliana
051116;v22_Autor_personal;Fabro, M.<|>Ocampo, Y.;Fabro, Mabel Angélica<|>Ocampo, Y.
051117;v22_Autor_personal;Fabro, M.<|>Ocampo, Y.;Fabro, Mabel Angélica<|>Ocampo, Y.
051118;v22_Autor_personal;Fabro, M.<|>Ocampo, Y.;Fabro, Mabel Angélica<|>Ocampo, Y.
051119;v22_Autor_personal;Giordano, R.<|>Vanin, N.<|>Reynoso, M.<|>Attorri, R.;Giordano, R.<|>Vanin, Silvia Natalia<|>Reynoso, M.<|>Attorri, R.
051121;v22_Autor_personal;Monetta, P.<|>Renzi, L.<|>Suarez, E.<|>Cornejo, V.<|>Oviedo, A.;Monetta, P.<|>Renzi, L.<|>Suarez, E.<|>Cornejo, Vanina<|>Oviedo, A.
051124;v22_Autor_personal;Rodriguez, R.<|>Bailat, F.<|>Farias, C.<|>Miño, A.;Rodriguez, R.<|>Bailat, Federico Luis<|>Farias, C.<|>Miño, A.
051126;v22_Autor_personal;Monetta, P.<|>Renzi, L.<|>Beccaría, J.<|>Alday, S.;Monetta, P.<|>Renzi, L.<|>Beccaria Ibáñez, Javier<|>Alday Poblette, Silvina Esther
051127;v22_Autor_personal;Renzi, L.<|>Alday, S.;Renzi, L.<|>Alday Poblette, Silvina Esther
051128;v22_Autor_personal;Renzi, L.<|>Alday, S.<|>Monetta, P.;Renzi, L.<|>Alday Poblette, Silvina Esther<|>Monetta, P.
051132;v22_Autor_personal;Renzi, L.<|>Curcio, J. I.;Renzi, L.<|>Curcio, Juan Ignacio
051133;v22_Autor_personal;Renzi, L.<|>Talamoni, S.<|>Rodríguez, M.<|>Monetta, P.;Renzi, L.<|>Talamoni, Silvina<|>Rodríguez, M.<|>Monetta, P.
051134;v22_Autor_personal;Agustinho, M. A.<|>Tarifa, M.<|>Guari, S.;Agustinho, María Alejandra<|>Tarifa, M.<|>Guari, S.
051135;v22_Autor_personal;Antonini, S.<|>Pettigiani, E.<|>Silva, F.<|>Cravero, L.<|>Reynafé, L.<|>Cuffia, C.;Antonini, Sebastián<|>Pettigiani, Eugenio<|>Silva, Federico<|>Cravero, Leandro<|>Reynafé, L.<|>Cuffia, Carolina
051136;v22_Autor_personal;Gabiani, M. C.<|>Allasia, M.<|>Campana, C.<|>Jurado, A.<|>Lisa, M.<|>Marionsini, M.<|>Meinardi, D. R.<|>Pérez, A.<|>Rodríguez, J. A.<|>Silvestroni, D.<|>Vogt, M. D.;Gabiani, M. C.<|>Allasia, Marcos<|>Campana, C.<|>Jurado, A.<|>Lisa, M.<|>Marionsini, M.<|>Meinardi, D. R.<|>Pérez, A.<|>Rodríguez, J. A.<|>Silvestroni, D.<|>Vogt, M. Darío
051138;v22_Autor_personal;Pettigiani, E.<|>Muzlera, A.<|>Antonini, S.;Pettigiani, Eugenio<|>Muzlera, A.<|>Antonini, Sebastián
051139;v22_Autor_personal;Renzi, L.<|>Vanin, N.<|>Poliak, R.<|>Najul, J. C.;Renzi, L.<|>Vanin, Silvia Natalia<|>Poliak, R.<|>Najul, Juan Carlos
051140;v22_Autor_personal;Ariza, R.<|>Oms, E.<|>Nemcansky, K.<|>Ceballos, J.<|>Losso, A.<|>Martin, D.<|>Herrero, P.;Ariza, Irene Raquel<|>Oms, Eyra Malena<|>Nemcansky, K.<|>Ceballos, Jorge Ceferino<|>Losso, A.<|>Martin, D.<|>Herrero, P.
051156;v22_Autor_personal;Brengi, D.<|>Guberman, S.<|>Rodríguez, G.<|>Acevedo, M.;Brengi, Diego Javier<|>Guberman, S.<|>Rodríguez, G.<|>Acevedo, Marcelo Ricardo
051157;v22_Autor_personal;Brengi, D.<|>Guberman, S.<|>Rodríguez, G.<|>Acevedo, M.<|>Lozano, A.;Brengi, Diego Javier<|>Guberman, S.<|>Rodríguez, G.<|>Acevedo, Marcelo Ricardo<|>Lozano, A.
051162;v22_Autor_personal;Malatto, L.^red.<|>Lozano, A.^red.<|>Mass, M.^red.;Malatto, L.^red.<|>Lozano, A.^red.<|>Mass, Mijal Inés^red.
051178;v22_Autor_personal;Vigna, A.^rcomp.;Vigna, Alejandrina Moira^rcomp.
051179;v22_Autor_personal;Simoncelli, A.<|>Buglioni, L.<|>Abate, G.<|>Gayol, P.<|>Sánchez Egea, A.<|>Martínez Krahmer, D.;Simoncelli, A.<|>Buglioni, Luciano<|>Abate, Germán Rubén<|>Gayol, P.<|>Sánchez Egea, A.<|>Martínez Krahmer, Daniel Osvaldo
051180;v22_Autor_personal;Aballay, D.<|>Zunini, H.<|>Cioffi, M.<|>Mariño, N.<|>Blas, L.<|>Campos, E.<|>Pires, P.<|>Marcieri, D.<|>Ribeiz, M.;Aballay, Damián Alberto<|>Zunini, Hernán Lucas<|>Cioffi, Martín Nicolás<|>Mariño, Néstor Raúl<|>Blas, Luciano Sebastián<|>Campos, Eduardo Ariel<|>Pires, P.<|>Marcieri, D.<|>Ribeiz, M.
051181;v22_Autor_personal;Pereira, O.<|>Villarrazo, N.<|>Rodríguez, A.<|>López de Lacalle, L. N.<|>Martínez Krahmer, D.;Pereira, O.<|>Villarrazo, N.<|>Rodríguez, Abel Sebastián<|>López de Lacalle, L. N.<|>Martínez Krahmer, Daniel Osvaldo
051182;v22_Autor_personal;Vigna, A.<|>Ascúa, J.<|>Casal Bruno, S.<|>Roldán, V.<|>Ríos, T.;Vigna, Alejandrina Moira<|>Ascúa, Jimena Sol<|>Casal Bruno, Sebastián<|>Roldán, V.<|>Ríos, T.
051183;v22_Autor_personal;Vigna, A.<|>Ascúa, J.<|>Casal Bruno, S.<|>Roldán, V.<|>Ríos, T.;Vigna, Alejandrina Moira<|>Ascúa, Jimena Sol<|>Casal Bruno, Sebastián<|>Roldán, V.<|>Ríos, T.
051184;v22_Autor_personal;Vigna, A.<|>Ascúa, J.<|>Casal Bruno, S.<|>Roldán, V.<|>Ríos, T.;Vigna, Alejandrina Moira<|>Ascúa, Jimena Sol<|>Casal Bruno, Sebastián<|>Roldán, V.<|>Ríos, T.
051185;v22_Autor_personal;Ban, P.<|>Bersia, M.;Ban, Pablo Eduardo<|>Bersia, Matías Daniel
051186;v22_Autor_personal;Ban, P.;Ban, Pablo Eduardo
051187;v22_Autor_personal;De Césare, P.<|>Pérez, G.<|>D’Onofrio, E.;De Césare, Pablo Nicolás<|>Pérez, Gastón Ezequiel<|>D’Onofrio, Enrique Mario
051188;v22_Autor_personal;Mariño, N.<|>Cioffi, M.<|>Escobar, C.<|>Aballay, D.<|>Escudero, G.;Mariño, Néstor Raúl<|>Cioffi, Martín Nicolás<|>Escobar, C.<|>Aballay, Damián Alberto<|>Escudero, Gustavo Pablo
051189;v22_Autor_personal;Tineo, J.<|>Rodríguez, J.<|>Tula, M.<|>Montilla, S.<|>Yacante, J.<|>Andrada, V.<|>Nowakowski, F.<|>Canavesio, C.<|>Aiub, D.<|>Romero, P.;Tineo, Javier Héctor<|>Rodríguez, J.<|>Tula, Micaela Alejandra<|>Montilla, S.<|>Yacante, Joaquín Ignacio<|>Andrada, Víctor Gabriel<|>Nowakowski, Federico<|>Canavesio, Carolina<|>Aiub Apud, Daniela Isabel<|>Romero, P.
051190;v22_Autor_personal;Albert, R.<|>Cervetto, M.<|>Viaggio, A.<|>Marchi, E.;Albert, Reimundo José<|>Cervetto, Marcos Adrián<|>Viaggio, Agustina<|>Marchi, E.
051191;v22_Autor_personal;Ban, P.<|>Cerutti, P.<|>Di Cesare, V.;Ban, Pablo Eduardo<|>Cerutti Antonietti, Pablo<|>Di Césare Pacheco, María Victoria
051192;v22_Autor_personal;Cuevas Carrasco, M.<|>Rico, A.<|>Mestica, J.;Cuevas Carrasco, Mónica Isabel<|>Rico, A.<|>Mestica, J.
051193;v22_Autor_personal;Di Cesare, V.<|>Tacaliti, L. <|>Najul, J.<|>Saez De Arregui, G.;Di Césare Pacheco, María Victoria<|>Tacaliti, Luciana<|>Najul, Juan Carlos<|>Saez De Arregui, G.
051194;v22_Autor_personal;Di Cesare, V.<|>Ban, P.<|>Tacaliti, L.<|>Peralta, M.<|>Alderisi, F.<|>Butron, J.;Di Césare Pacheco, María Victoria<|>Ban, Pablo Eduardo<|>Tacaliti, Luciana<|>Peralta, M.<|>Alderisi, Federico<|>Butron, Juan Pablo
051195;v22_Autor_personal;Dünky, A.<|>Widenhorn, M. <|>Rubino, G.;Dunky, Adrián Guillermo<|>Widenhorn, Marcelo José<|>Rubino, G.
051198;v22_Autor_personal;Fiadino, E.<|>Fernández, L.<|>Bollini, F.<|>Martínez Sáenz, G.;Fiadino, E.<|>Fernández, L.<|>Bollini, Fernando Rubén<|>Martínez Sáenz, María Guadalupe
051199;v22_Autor_personal;Marovic, F.<|>Jorge, J.;Marovic, Federico<|>Jorge, J.
051202;v22_Autor_personal;Ratti, W.;Ratti, Waldo
051203;v22_Autor_personal;Blas, L.<|>Janco, J.<|>Pires, P.<|>Campos, E.<|>Pedraza, C.<|>Domínguez, C.<|>Pedrazzani, F.<|>Corrao, A.;Blas, Luciano Sebastián<|>Janco, J.<|>Pires, P.<|>Campos, Eduardo Ariel<|>Pedraza, C.<|>Domínguez, C.<|>Pedrazzani, F.<|>Corrao, Adrián
051204;v22_Autor_personal;Torres, N.<|>Delorenzi, F.;Torres, N.<|>Delorenzi, Fabián
051205;v22_Autor_personal;Abdelhamid, S.<|>Cabrera Hid, S.<|>Nievez, A.<|>Fioretti, J.<|>Braga García, E.<|>Ruiz Álvez, H.<|>Aguilar, P.;Abdelhamid, Sado<|>Cabrera Nieva, Sebastián Hid<|>Nievez, A.<|>Fioretti, Juan Carlos<|>Braga García, Eduardo Sebastián<|>Ruiz Álves, Hernán<|>Aguilar, Pablo Martín
051206;v22_Autor_personal;Fioretti, J. <|>Luaces, H. <|>Carrizo, M.<|>Vizcarra Savino, E.<|>Cabana, F.;Fioretti, Juan Carlos<|>Luaces, H. <|>Carrizo, Miguel Sebastián<|>Vizcarra Savino, Eduardo Carlos Orlando<|>Cabana, Fernando Damián
051207;v22_Autor_personal;García, D.<|>Escudero, G.<|>Mariño, N.<|>Cioffi, M.<|>Luna, M.;García, D.<|>Escudero, Gustavo Pablo<|>Mariño, Néstor Raúl<|>Cioffi, Martín Nicolás<|>Luna, Martín Gonzalo
051208;v22_Autor_personal;García, S.<|>Barrientos, F. <|>Dethier, O.;García, S.<|>Barrientos, Florencia<|>Dethier, Oscar
051211;v22_Autor_personal;Ledesma, F.<|>Cardozo, E.;Ledesma, F.<|>Cardozo, Emmanuel
051212;v22_Autor_personal;Luna, M.<|>Bertolotti, D.<|>Cioffi, M.<|>Bertello, A.<|>Escudero, G.<|>Sagot, S.<|>Fonrodona, M.;Luna, Martín Gonzalo<|>Bertolotti, Daniel Oscar<|>Cioffi, Martín Nicolás<|>Bertello, Alejandro Raúl<|>Escudero, Gustavo Pablo<|>Sagot, S.<|>Fonrodona, M.
051213;v22_Autor_personal;Traut, J.<|>Valle, J.<|>Olarte, G.<|>Muñoz, S.<|>Laudanno, L.<|>Prediger, A.<|>Glatzel, A.<|>Ramos, M.<|>Boonman, B.;Traut, Jorgelina Judith<|>Valle, J.<|>Olarte, G.<|>Muñoz, S.<|>Laudanno, L.<|>Prediger, Anelis<|>Glatzel, A.<|>Ramos, M.<|>Boonman, B.
051214;v22_Autor_personal;Pérez, G.<|>De Césare, P.;Pérez, Gastón Ezequiel<|>De Césare, Pablo Nicolás
051215;v22_Autor_personal;Pesci, R.<|>Formento, C.<|>Altube, L.<|>Sánchez, M.<|>Vigna, A.<|>Cusolito, F.<|>Gatti, S.;Pesci, R.<|>Formento, C.<|>Altube, Lucas<|>Sánchez, M.<|>Vigna, Alejandrina Moira<|>Cusolito, Fernado<|>Gatti, S.
051216;v22_Autor_personal;Poldi, L.<|>Zaszczynski, C.<|>Angulo, L.<|>Jorge, J.;Poldi, Leandro Ariel<|>Zaszczynski, Cristian Gabriel<|>Angulo, Luciano Martín<|>Jorge, J.
051217;v22_Autor_personal;Suberviola, J.<|>Tauro, R.<|>Argueta Navarrete, P.<|>Giraudo, C.;Suberviola, Julio César<|>Tauro, R.<|>Argueta Navarrete, P.<|>Giraudo, C.
051218;v22_Autor_personal;Tineo, J.<|>Rodríguez, J.<|>Breppe, A.<|>Pereyra, A.<|>Sánchez Cohen, T.;Tineo, Javier Héctor<|>Rodríguez, J.<|>Breppe, Arturo Daniel<|>Pereyra, A.<|>Sánchez Cohen, Tiago Miguel
051219;v22_Autor_personal;Tineo, J.<|>Rodríguez, J.<|>Andrada, V.<|>Chocobar Leal, E.;Tineo, Javier Héctor<|>Rodríguez, J.<|>Andrada, Víctor Gabriel<|>Chocobar Leal, Emanuel Alejandro
051220;v22_Autor_personal;Vizcarra Savino, E.<|>Cabana, F.;Vizcarra Savino, Eduardo Carlos Orlando<|>Cabana, Fernando Damián
051221;v22_Autor_personal;Zorzi, H.;Zorzi, Héctor Raúl
051222;v22_Autor_personal;Jorge, J.<|>Saez de Arregui, G.<|>Roa, R.;Jorge, J.<|>Saez de Arregui, G.<|>Roa, Ruy Diego
051228;v22_Autor_personal;Rivas, G.<|>Francioni, J.<|>Sánchez, M.<|>Valdés La Hens, D.<|>Semorile, L.<|>Delfederico, L.;Rivas, G.<|>Francioni, J.<|>Sánchez, M.<|>Valdés La Hens, D.<|>Semorile, L.<|>Delfederico, Lucrecia
051229;v22_Autor_personal;Sierra Montes, L.<|>Melaj, M.<|>Lorenzo, M.<|>Ribba, L.<|>García, M.;Sierra Montes, L.<|>Melaj, M.<|>Lorenzo, María Cecilia<|>Ribba, L.<|>García, M.
051230;v22_Autor_personal;Villarroel-Rocha, D.<|>Villarroel-Rocha, J.<|>Amaya-Roncancio, S.<|>García-Carvajal, C.<|>Barrera, D.<|>Arroyo-Gómez, J.<|>Torres-Ceron, D.<|>Restrepo-Parra, E.<|>Sapag, K.;Villarroel Rocha, Dimar<|>Villarroel Rocha, Jhonny<|>Amaya-Roncancio, Sebastián<|>García-Carvajal, C.<|>Barrera, Deicy Amparo<|>Arroyo-Gómez, J.<|>Torres-Cerón, Darwin Augusto<|>Restrepo-Parra, E.<|>Sapag, K.
051231;v22_Autor_personal;Becker, R.<|>Díaz, V.<|>Dubois, M.<|>Vigna, A.;Becker, Rosalba María<|>Díaz, María Victoria<|>Dubois, María José<|>Vigna, Alejandrina Moira
051232;v22_Autor_personal;Becker, R.<|>Díaz, V.<|>Dubois, M.<|>Vigna, A.;Becker, Rosalba María<|>Díaz, María Victoria<|>Dubois, María José<|>Vigna, Alejandrina Moira
051233;v22_Autor_personal;Becker, R.<|>Díaz, V.<|>Dubois, M.<|>Vigna, A.;Becker, Rosalba María<|>Díaz, María Victoria<|>Dubois, María José<|>Vigna, Alejandrina Moira
051234;v22_Autor_personal;Becker, R.<|>Díaz, V.<|>Dubois, M.<|>Vigna, A.;Becker, Rosalba María<|>Díaz, María Victoria<|>Dubois, María José<|>Vigna, Alejandrina Moira
051235;v22_Autor_personal;Becker, R.<|>Díaz, V.<|>Dubois, M.<|>Vigna, A.;Becker, Rosalba María<|>Díaz, María Victoria<|>Dubois, María José<|>Vigna, Alejandrina Moira
051236;v22_Autor_personal;Becker, R.<|>Díaz, V.<|>Dubois, M.<|>Vigna, A.;Becker, Rosalba María<|>Díaz, María Victoria<|>Dubois, María José<|>Vigna, Alejandrina Moira
051237;v22_Autor_personal;Secchi, M.<|>Ramírez, R.<|>Dubois, M.;Secchi, M.<|>Ramírez, Rodrigo Javier<|>Dubois, María José
051238;v22_Autor_personal;Secchi, M.<|>Nigro, V.<|>Ramírez, R.;Secchi, M.<|>Nigro, V.<|>Ramírez, Rodrigo Javier
051239;v22_Autor_personal;Secchi, M.<|>Díaz, V.<|>Dubois, M.;Secchi, M.<|>Díaz, María Victoria<|>Dubois, María José
051240;v22_Autor_personal;Torregiani, L.<|>Ramírez, R.;Torregiani, Luciana<|>Ramírez, Rodrigo Javier
051241;v22_Autor_personal;Torregiani, L.<|>Secchi, M.<|>Dubois, M.<|>Martínez, F.;Torregiani, Luciana<|>Secchi, M.<|>Dubois, María José<|>Martínez, F.
051242;v22_Autor_personal;Torregiani, L.<|>Ramírez, R.;Torregiani, Luciana<|>Ramírez, Rodrigo Javier
051243;v22_Autor_personal;Torregiani, L.<|>Martínez, F.;Torregiani, Luciana<|>Martínez, F.
051244;v22_Autor_personal;Dubois, M.<|>Secchi, M.<|>Ramírez, R.;Dubois, María José<|>Secchi, M.<|>Ramírez, Rodrigo Javier
051245;v22_Autor_personal;Martín, D.<|>Romero Michela, G.;Martin, Diego Ignacio<|>Romero Michela, G.
051247;v22_Autor_personal;Martínez, F.<|>Ramírez, R.<|>Secchi, M.;Martínez, F.<|>Ramírez, Rodrigo Javier<|>Secchi, M.
051249;v22_Autor_personal;Ostoich, M.<|>Romero Michela, G.<|>Ramírez, R.<|>Martín, D.;Ostoich, M.<|>Romero Michela, G.<|>Ramírez, Rodrigo Javier<|>Martin, Diego Ignacio
051250;v22_Autor_personal;Ramírez, R.<|>Secchi, M.<|>Dubois, M.<|>Torregiani, L.;Ramírez, Rodrigo Javier<|>Secchi, M.<|>Dubois, María José<|>Torregiani, Luciana
051251;v22_Autor_personal;Spanu, F.<|>Cantero, M.<|>Lorusso, H.<|>Simoncelli, A.<|>Migliorino, D.<|>Martínez Krahmer, D.<|>Sánchez Egea, A.;Spanu, F.<|>Cantero, Mariano Héctor<|>Lorusso, Hernán Norberto<|>Simoncelli, A.<|>Migliorino, D.<|>Martínez Krahmer, Daniel Osvaldo<|>Sánchez Egea, A.
051252;v22_Autor_personal;Martínez, F.<|>Torregiani, L.<|>Ramírez, R.;Martínez, F.<|>Torregiani, Luciana<|>Ramírez, Rodrigo Javier
051254;v22_Autor_personal;Gallina, M.<|>Barda, N.<|>Corti, G.<|>Miranda, M. J.<|>Suárez, P.<|>Muzas, G.<|>Muñoz, S.;Gallina, M.<|>Barda, Norma Beatriz<|>Corti, Gilda María<|>Miranda, María José<|>Suárez, Pablo Javier<|>Muzas, G.<|>Muñoz, S.
051255;v22_Autor_personal;Reich, G.<|>Murano, M.<|>González, J.<|>Pettinari, V.<|>Barbagallo, G.<|>Cirio, M.<|>Villarreal, M.<|>Kneetemann, E.<|>Valentini, G.<|>Corbino, G.<|>Dománico, R.;Reich, G.<|>Murano, M.<|>González, J.<|>Pettinari, V.<|>Barbagallo, Gustavo Alfredo<|>Cirio, Mercedes<|>Villarreal, Marcela<|>Kneetemann, E.<|>Valentini, G.<|>Corbino, Graciela Beatriz<|>Dománico, Ricardo Hugo
051256;v22_Autor_personal;Audero, G.<|>Costabel, L.<|>Billoud, A.<|>Karlen, J.<|>Cambursano, P.<|>Guanchiale, C.;Audero, Gabriela María<|>Costabel, Luciana Maria<|>Billoud, Ariana<|>Karlen, J.<|>Cambursano, Patricia Noelia<|>Guanchiale, C.
051257;v22_Autor_personal;Barda, N. B.<|>Miranda, M. J.<|>Suárez, P. J.<|>Toscana, M. F.<|>De Ángelis, V.<|>Calvo, P. A.<|>Asencio, V. A.<|>Gorordo, F.;Barda, Norma Beatriz<|>Miranda, María José<|>Suárez, Pablo Javier<|>Toscana, M. F.<|>De Ángelis, Verónica<|>Calvo, P. A.<|>Asencio, Vanesa Alejandra<|>Gorordo, F.
051258;v22_Autor_personal;Bocchetto, R. M.<|>Gauna, D. H.<|>Bravo, G. C.<|>González, C. B.<|>Rearte, M.<|>Molina Tirado, L.<|>Hilbert, J. A.<|>Eisenberg, P.<|>Lecuona, R. E.<|>Taraborrelli, D. S.<|>Papagno, S. G.<|>Vaudagna, S. R.;Bocchetto, Roberto Mario<|>Gauna, D. H.<|>Bravo, Gonzalo Carlos<|>González, C. B.<|>Rearte, M.<|>Molina Tirado, L.<|>Hilbert, J. A.<|>Eisenberg, P.<|>Lecuona, R. E.<|>Taraborrelli, D. S.<|>Papagno, S. G.<|>Vaudagna, Sergio Ramón
051259;v22_Autor_personal;Bongiovanni, R.<|>Tuninetti, L.<|>Nardi, N.<|>Angelelli, M.<|>Barrera, V.<|>Burroni, L.<|>Lirio, L.;Bongiovanni, Rodolfo<|>Tuninetti, Leticia<|>Nardi, N.<|>Ángelelli, Melina Mariel<|>Barrera, Verónica Natalia<|>Burroni, Laura Valeria<|>Lirio, L.
051260;v22_Autor_personal;Corbino, G.<|>Valentini, G. H.<|>Murano, M.<|>Dománico, R.;Corbino, Graciela Beatriz<|>Valentini, Gabriel Hugo<|>Murano, M.<|>Dománico, Ricardo Hugo
051261;v22_Autor_personal;Gallina, M.<|>Barda, N. B.<|>Muzas, G. R.<|>Miranda, M. J.<|>Suárez, P.;Gallina, M.<|>Barda, Norma Beatriz<|>Muzas, G. R.<|>Miranda, María José<|>Suárez, Pablo Javier
051262;v22_Autor_personal;Gallina, M.<|>Barda, N. B.<|>Corti, G.<|>Miranda, M. J.<|>Muzas, G. R.<|>Suárez, P.<|>Muñoz, S.;Gallina, M.<|>Barda, Norma Beatriz<|>Corti, Gilda María<|>Miranda, María José<|>Muzas, G. R.<|>Suárez, Pablo Javier<|>Muñoz, S.
051263;v22_Autor_personal;Gallo, C.<|>Martínez, M. A.<|>Arango, M. R.<|>Rubino Andretich, G.<|>Peralta, M.<|>Airaldo, G.;Gallo, C.<|>Martínez, M. A.<|>Arango, M. R.<|>Rubino Andretich, G.<|>Peralta, M.<|>Airaldo, Gastón
051264;v22_Autor_personal;Bongiovanni, R.<|>Tuninetti, L.<|>Charlón, V.<|>Minaglia, M.;Bongiovanni, Rodolfo<|>Tuninetti, Leticia<|>Charlón, Verónica<|>Minaglia, M.
051265;v22_Autor_personal;Bongiovanni, R.<|>Tuninetti, L.<|>Charlón, V.<|>Minaglia, M.;Bongiovanni, Rodolfo<|>Tuninetti, Leticia<|>Charlón, Verónica<|>Minaglia, M.
051266;v22_Autor_personal;Gallinger, C. I.<|>Federico, F. J.<|>Pighin, D. G.<|>Cazaux, N.<|>Trossero, M.<|>Marsó, A.<|>Sinesi, C.;Gallinger, C. I.<|>Federico, F. J.<|>Pighin, D. G.<|>Cazaux, Nadina Magalí<|>Trossero, Mariana<|>Marsó, A.<|>Sinesi, C.
051267;v22_Autor_personal;Bongiovanni, R.<|>Tuninetti, L.;Bongiovanni, Rodolfo<|>Tuninetti, Leticia
051268;v22_Autor_personal;Audero, G.<|>Karlen, J.<|>Sihufe, G.<|>Cuatrin, A.<|>Costabel, L.;Audero, Gabriela María<|>Karlen, J.<|>Sihufe, G.<|>Cuatrin, Alejandra<|>Costabel, Luciana Maria
051269;v22_Autor_personal;Grigioni, M.<|>Doná, F.<|>Bonino, M.;Grigioni, M.<|>Doná, F.<|>Bonino, Marcelo Javier
051270;v22_Autor_personal;Rossini, M. N.<|>Iglesias, N. B.<|>Giayetto, A. L.<|>Azar, G.<|>González, M. L.<|>Azpilicueta, C.<|>Ohaco, P.<|>Ruiz, C.;Rossini, M. N.<|>Iglesias, N. B.<|>Giayetto, A. L.<|>Azar, Gonzalo<|>González, M. L.<|>Azpilicueta, Claudia Elsa<|>Ohaco, P.<|>Ruiz, C.
051271;v22_Autor_personal;Barreda, M.<|>Barberena, M. C.<|>Molina Ortiz, S.<|>Ledesma, S. E.;Barreda, Miguel<|>Barberena, María Clemencia<|>Molina Ortiz, Sara Eugenia<|>Ledesma, S. E.
051272;v22_Autor_personal;Bianco, M. V.<|>Fagiani, M. A.<|>Campos, H.<|>Yosviak, M. I.<|>Muñoz, N. B.<|>Ruggia, O.<|>Serri, D. L.<|>Bernanrdi Lima, N.<|>Arguello Caro, E. B.<|>Narmona, L.<|>Silbert Voldman, V.;Bianco, María Verónica<|>Fagiani, Miguel Ángel<|>Campos, H.<|>Yosviak, Maria Iohanna<|>Muñoz, N. B.<|>Ruggia, O.<|>Serri, D. L.<|>Bernardi Lima, Nelson<|>Arguello Caro, Evangelina Beatriz<|>Narmona, Luis<|>Silbert Voldman, Violeta
051273;v22_Autor_personal;Ruggia, O.<|>Bianco, M. V.<|>Campos, H.<|>Narmona, L.<|>Muñoz, N. B.<|>Rial, H.<|>Serri, D. L.<|>Silbert Voldman, V.<|>Vargas Gil, S.<|>Yosviak, M. I.;Ruggia, O.<|>Bianco, María Verónica<|>Campos, H.<|>Narmona, Luis<|>Muñoz, N. B.<|>Rial, H.<|>Serri, D. L.<|>Silbert Voldman, Violeta<|>Vargas Gil, S.<|>Yosviak, Maria Iohanna
051274;v22_Autor_personal;Serri, D. L.<|>Sibilia, S.<|>Pérez Brandán, C.<|>Silbert Voldman, V.<|>Muñoz, N. B.<|>Bianco, M. V.<|>Narmona, L.<|>Ruggia, O.<|>Verdenelli, R.<|>Meriles, J.<|>Vargas Gil, S.;Serri, D. L.<|>Sibilia, S.<|>Pérez Brandán, C.<|>Silbert Voldman, Violeta<|>Muñoz, N. B.<|>Bianco, María Verónica<|>Narmona, Luis<|>Ruggia, O.<|>Verdenelli, Romina<|>Meriles, J.<|>Vargas Gil, S.
051275;v22_Autor_personal;Serri, D. L.<|>Sibilia, S.<|>Silbert Voldman, V.<|>Muñoz, N. B.<|>Bianco, M. V.<|>Ruggia, O.<|>Campo, H.<|>Narmona, L.<|>Vargas Gil, S.;Serri, D. L.<|>Sibilia, S.<|>Silbert Voldman, Violeta<|>Muñoz, N. B.<|>Bianco, María Verónica<|>Ruggia, O.<|>Campo, Horacio<|>Narmona, Luis<|>Vargas Gil, S.
051276;v22_Autor_personal;Catullo, J. C.<|>Pietrarelli, L.<|>Silbert Voldman, V.<|>Arguello Caro, E. B.<|>Muñoz, N. B.<|>Yosviak, M. I.<|>Scifo, A.<|>Prado, A.<|>Videla, M.<|>Astegiano, J.<|>Narmona, L.;Catullo, Julio Cesar<|>Pietrarelli, L.<|>Silbert Voldman, Violeta<|>Arguello Caro, Evangelina Beatriz<|>Muñoz, N. B.<|>Yosviak, Maria Iohanna<|>Scifo, A.<|>Prado, A.<|>Videla, M.<|>Astegiano, Julia<|>Narmona, Luis
051277;v22_Autor_personal;Iermanó, M. J.<|>Almada, C.<|>Blandi, M. L.<|>Maggio, A. D.<|>Sarandón, S. J.;Iermanó, M. J.<|>Almada, Carolina<|>Blandi, María Luz<|>Maggio, A. D.<|>Sarandón, S. J.
051278;v22_Autor_personal;Iermanó, M. J.<|>Fleita, F.<|>Ortiz, A.<|>Almada, C.<|>Toffanelli, C. A.<|>Pereda, M. M.;Iermanó, M. J.<|>Fleita, F.<|>Ortiz, A.<|>Almada, Carolina<|>Toffanelli, C. A.<|>Pereda, M. M.
051279;v22_Autor_personal;Ingaramo Carosi, J.<|>Pirola, M. B.<|>Máinez, M. E.<|>Páez, R. B.<|>Massera, A. F.;Ingaramo Carosi, J.<|>Pirola, María  Belén<|>Máinez, M. E.<|>Páez, R. B.<|>Massera, A. F.
051280;v22_Autor_personal;Pietrantuono, A. L.<|>Requier, F.<|>Fernández Arhex, V. C.<|>Winter, J.<|>Huerta, G. J.<|>Guerrieri, F.;Pietrantuono, A. L.<|>Requier, F.<|>Fernández Arhex, V. C.<|>Winter, Josefina<|>Huerta, G. J.<|>Guerrieri, F.
051281;v22_Autor_personal;Gaona Flores, M. A.<|>Silbert Voldman, V.<|>Narmona, L.<|>Ringuelet, A.<|>Pietrarelli, L.<|>Bianco, M. V.<|>Serri, D. L.;Gaona Flores, M. A.<|>Silbert Voldman, Violeta<|>Narmona, Luis<|>Ringuelet, A.<|>Pietrarelli, L.<|>Bianco, María Verónica<|>Serri, D. L.
051282;v22_Autor_personal;Casassa, L. F.<|>Bolcato, E. A.<|>Sari, S. E.<|>Barda, N. B.;Casassa, Luis Federico<|>Bolcato, Esteban Augusto<|>Sari, S. E.<|>Barda, Norma Beatriz
051285;v22_Autor_personal;Gallina, M.<|>Miranda, M. J.;Gallina, M.<|>Miranda, María José
051289;v22_Autor_personal;La Manna, V.<|>Elena, P.<|>Marbán, M. N.<|>Tula, M.<|>Mazzoni, A. O.<|>Cardozo, A.<|>Barbosa, L.;La Manna, Valeria<|>Elena, P.<|>Marbán, M. N.<|>Tula, Micaela Alejandra<|>Mazzoni, A. O.<|>Cardozo, A.<|>Barbosa, L.
051292;v22_Autor_personal;Molinari, F. N.<|>Mancuso, M. A.<|>Bilbao, E.<|>Giménez, G.<|>Monsalve, L. N.;Molinari, Fabricio Nicolás<|>Mancuso, M. A.<|>Bilbao, Emanuel<|>Giménez, G.<|>Monsalve, L. N.
051293;v22_Autor_personal;Marzocca, A. J.<|>Mansilla, M. A.<|>Beccar Varela, M. P.<|>Mariani, M. C.;Marzocca, A. J.<|>Mansilla, M. A.<|>Beccar Varela, María Pía<|>Mariani, M. C.
051294;v22_Autor_personal;Simoncelli, A.<|>Buglioni, L.<|>Martínez Krahmer, D.<|>Sánchez Egea, A. J.;Simoncelli, A.<|>Buglioni, Luciano<|>Martínez Krahmer, Daniel Osvaldo<|>Sánchez Egea, A. J.
051295;v22_Autor_personal;Giménez, G.<|>Mangano, E.<|>Fraigi, L.<|>Pernas, P.<|>Lifante, G.;Giménez, G.<|>Mangano, E.<|>Fraigi, Liliana Beatriz<|>Pernas, P.<|>Lifante, G.
051296;v22_Autor_personal;Dubois, M.<|>Secchi, M.<|>Díaz, V.;Dubois, María José<|>Secchi, M.<|>Díaz, María Victoria
051297;v22_Autor_personal;Molinari, F. N.<|>Bilbao, E.<|>Monsalve, L. N.;Molinari, Fabricio Nicolás<|>Bilbao, Emanuel<|>Monsalve, L. N.
051298;v22_Autor_personal;Macagnano, A.<|>Molinari, F. N.<|>Papa, P.<|>Mancini, T.<|>Lupi, S.<|>D’Arco, A.<|>Taddei, A. R.<|>Serrecchia, S.<|>De Cesare, F.;Macagnano, A.<|>Molinari, Fabricio Nicolás<|>Papa, P.<|>Mancini, T.<|>Lupi, S.<|>D’Arco, A.<|>Taddei, Anna Rita<|>Serrecchia, S.<|>De Cesare, F.
051299;v22_Autor_personal;Silbert Voldman, V.<|>Ringuelet, A.<|>Herrera Bolzón, A. H.<|>Gaona Flores, M. A.;Silbert Voldman, Violeta<|>Ringuelet, A.<|>Herrera Bolzón, A. H.<|>Gaona Flores, M. A.
051300;v22_Autor_personal;Álvarez, J.<|>Barrera, V.<|>Zaszczynski, C.<|>Poldi, L.;Álvarez, J.<|>Barrera, Verónica Natalia<|>Zaszczynski, Cristian Gabriel<|>Poldi, Leandro Ariel
051301;v22_Autor_personal;Monetta, P.<|>Renzi, L.<|>Beccaria Ibáñez, J.<|>Alday, S.;Monetta, P.<|>Renzi, L.<|>Beccaria Ibáñez, Javier<|>Alday Poblette, Silvina Esther
051302;v22_Autor_personal;Becker, Rosalba<|>Díaz, Victoria<|>Dubois, María José<|>Vigna, Alejandrina;Becker, Rosalba<|>Díaz, Victoria<|>Dubois, María José<|>Vigna, Alejandrina Moira
051304;v22_Autor_personal;Costamagna, Gabriela Alejandra<|>Toscana, Marina Silvia<|>Marmo, Lucía Milagros<|>Pugliotti, Javier Ángel<|>Rinaldi, Juliana Anahí;Costamagna Magnarelli, Gabriela Alejandra<|>Toscana, Marina Silvia<|>Marmo, Lucía Milagros<|>Pugliotti, Javier Ángel<|>Rinaldi, Juliana Anahí
051306;v22_Autor_personal;Papa, Paolo<|>Zampetti, Emiliano<|>Molinari, Fabricio Nicolás<|>De Cesare, Fabrizio<|>Di Natale, Corrado<|>Tranfo, Giovanna<|>Macagnano, Antonella;Papa, Paolo<|>Zampetti, Emiliano<|>Molinari, Fabricio Nicolás<|>De Cesare, F.<|>Di Natale, Corrado<|>Tranfo, Giovanna<|>Macagnano, Antonella
051307;v22_Autor_personal;Oliva, Rafael<|>Zappa, Andrés<|>Amadio, Mariano<|>Catuogno, Guillermo;Oliva, Rafael<|>Zappa, Andrés Enrique<|>Amadio, Mariano<|>Catuogno, Guillermo Ricardo
051309;v22_Autor_personal;Seminario Vilca, Andrea Giuliana<|>Tornillo, Julián<|>Lagier, María Eugenia<|>Pascal, Guadalupe;Seminario Vilca, Andrea Giuliana<|>Tornillo, Julián Eloy<|>Lagier, María Eugenia<|>Pascal, Guadalupe
051311;v22_Autor_personal;Charreau, Geraldine;Charreau, Geraldine Luján
051315;v22_Autor_personal;Apablaza, Olga<|>Basilio, Alicia<|>Ciappini, María Cristina<|>Fagúndez, Guillermina<|>Gaggiotti, Mónica<|>Gutiérrez, Alicia<|>Salgado, Cristina<|>Winter, Josefina;Apablaza, Olga Mirene<|>Basilio, Alicia<|>Ciappini, María Cristina<|>Fagúndez, Guillermina<|>Gaggiotti, Mónica<|>Gutiérrez, Alicia<|>Salgado, Cristina<|>Winter, Josefina
051325;v22_Autor_personal;Brengi, Diego Javier<|>Zacchigna, Federico<|>De Micco, Luciana<|>Cebedio, Celeste<|>Antonelli, Maximiliano;Brengi, Diego Javier<|>Zacchigna, Federico<|>De Micco, Luciana<|>Cebedio, María Celeste<|>Antonelli, Maximiliano
051326;v22_Autor_personal;Zacchigna, Federico<|>De Micco, Luciana<|>Cebedio, Celeste<|>Brengi, Diego Javier<|>Lipovetzky, José<|>Gak Szollosy, Joel<|>Antonelli, Maximiliano;Zacchigna, Federico<|>De Micco, Luciana<|>Cebedio, María Celeste<|>Brengi, Diego Javier<|>Lipovetzky, José<|>Gak Szollosy, Joel<|>Antonelli, Maximiliano
051360;v22_Autor_personal;Arzeno, Ricardo;Arzeno, Ricardo Ángel
051366;v22_Autor_personal;Brenta, Hernán;Brenta, Hernán Matías
051367;v22_Autor_personal;Carballal, Ludmila;Carballal, Ludmila Natacha
051413;v22_Autor_personal;Radrizzani, M.<|>Flores, C. Y.<|>Stupka, J.<|>D'Alessio, C.<|>Garate, Octavio Federico<|>Mendoza Herrera, L. J.<|>Castello, A. A.<|>Yakisich, J. S.<|>Perandones, C.<|>Grasselli, M.;Radrizzani, M.<|>Flores, C. Y.<|>Stupka, J.<|>D'Alessio, C.<|>Garate, Octavio Federico<|>Mendoza Herrera, L. J.<|>Castello, Alejandro Andrés<|>Yakisich, J. S.<|>Perandones, C.<|>Grasselli, M.
051423;v22_Autor_personal;Wise, Stephen A.<|>Phinney, Karen W.<|>Duewer, David L.<|>Sniegoski, Lorna T.<|>Welch, Michael J.<|>Pabello, Guiomar<|>Ávila Caldero, Marco A.<|>Qinde, Liu<|>Tong Kooi, Lee<|>Rego, Eliane<|>Garrido, Bruno<|>Allegri, Gabriella<|>De La Cruz, Marcia<|>Barrabin, Juliana<|>Puglisi, Celia María<|>Lopez, Eduardo Emilio<|>Lee, Hwashim<|>Kim, Byungioo<|>Delatour, Vincent<|>Heuillet, Maud<|>Nammoonnoy, Jintana<|>Gören, Ahmet Ceyhan<|>Bilsel, Gokhan<|>Konopelko, L.<|>Krylov, A.<|>Lopushanskaya, E.;Wise, Stephen A.<|>Phinney, Karen W.<|>Duewer, David<|>Sniegoski, Lorna T.<|>Welch, Michael J.<|>Pabello, Guiomar<|>Ávila Caldero, Marco Antonio<|>Qinde, Liu<|>Tong Kooi, Lee<|>Rego, Eliane<|>Garrido, Bruno<|>Allegri, Gabriella<|>De La Cruz, Marcia<|>Barrabin, Juliana<|>Puglisi, Celia María<|>Lopez, Eduardo Emilio<|>Lee, Hwashim<|>Kim, Byungioo<|>Delatour, Vincent<|>Heuillet, Maud<|>Nammoonnoy, Jintana<|>Gören, Ahmet Ceyhan<|>Bilsel, Gokhan<|>Konopelko, L.<|>Krylov, A.<|>Lopushanskaya, E.
051426;v22_Autor_personal;Correa, Juan Pablo<|>Bacigalupe, Alejandro<|>Maggi, Jorge<|>Eisenberg, Patricia;Correa Aguirre, Juan Pablo<|>Bacigalupe, Alejandro<|>Maggi, Jorge<|>Eisenberg, Patricia
