MFN;Columna;Antes;Despues
001475;v22_Autor_personal;Angel, Patricia Marta<|>Fraigi, Liliana<|>Miyagi, Paulo Eigi<|>Barreto, Marcos Pereira Ribeiro<|>Silva, José Reinaldo;Angel, Patricia Marta<|>Fraigi, Liliana Beatriz<|>Miyagi, Paulo Eigi<|>Barreto, Marcos Pereira Ribeiro<|>Silva, José Reinaldo
001872;v22_Autor_personal;Alanis, Irene Luisa<|>Berardo, Liliana N.<|>Valentini, Cristóbal R.;Alanis, Irene Luisa<|>Berardo, Liliana N.<|>Valentini, Cristobal Ramón
002216;v22_Autor_personal;Mahmud, Zulema;Mahmud, Zulema Ángela
002218;v22_Autor_personal;Boeri, Ricardo L.<|>Almandos, M.E.<|>Ciarlo, Alicia S.<|>Giannini, Daniel H.;Boeri, Ricardo Luis<|>Almandos, M.E.<|>Ciarlo, Alicia S.<|>Giannini, Daniel H.
002268;v22_Autor_personal;Mahmud, Zulema;Mahmud, Zulema Ángela
002324;v22_Autor_personal;Boeri, Ricardo L.<|>Almandos, M.E.<|>Ciarlo, Alicia S.<|>Giannini, Daniel H.;Boeri, Ricardo Luis<|>Almandos, M.E.<|>Ciarlo, Alicia S.<|>Giannini, Daniel H.
002340;v22_Autor_personal;Fraigi, Liliana<|>Lupi, Daniel<|>Malatto, L.;Fraigi, Liliana Beatriz<|>Lupi, Daniel<|>Malatto, L.
002341;v22_Autor_personal;Fraigi, Liliana<|>Gwirc, Sergio N.<|>Lupi, Daniel;Fraigi, Liliana Beatriz<|>Gwirc, Sergio N.<|>Lupi, Daniel
002350;v22_Autor_personal;Alanis, Irene Luisa<|>Berardo, Liliana N.<|>Valentini, Cristóbal R.;Alanis, Irene Luisa<|>Berardo, Liliana N.<|>Valentini, Cristobal Ramón
002357;v22_Autor_personal;Afione, Daniel<|>Galak, Marta G.<|>Novaresi, Marcelo<|>Valdés, Joaquín<|>Calbet, Carlos A.<|>Solá, Inés<|>Ariosti, Alejandro<|>Lagomarsino, Alicia S.<|>Castañeda, Roberto A.<|>Rangugni, Gustavo<|>Sismondi, Pedro;Afione, Daniel<|>Galak, Marta G.<|>Novaresi, Marcelo Pablo<|>Valdés, Joaquín<|>Calbet, Carlos A.<|>Solá, Inés<|>Ariosti, Alejandro<|>Lagomarsino, Alicia S.<|>Castañeda, Roberto Aníbal<|>Rangugni, Gustavo<|>Sismondi, Pedro
002358;v22_Autor_personal;Sismondi, Pedro<|>Calbet, Carlos A.<|>Rangugni, Gustavo<|>Ariosti, Alejandro<|>Galak, Marta G.<|>Novaresi, Marcelo;Sismondi, Pedro<|>Calbet, Carlos A.<|>Rangugni, Gustavo<|>Ariosti, Alejandro<|>Galak, Marta G.<|>Novaresi, Marcelo Pablo
002378;v22_Autor_personal;Perera, Horacio<|>Valdés, Joaquín<|>García, Beatriz<|>Dmitruk, Andrés E.<|>Schapira, Nora;Perera, Horacio<|>Valdés, Joaquín<|>García, Beatriz<|>Dmitruk, Andrés Esteban<|>Schapira, Nora
002385;v22_Autor_personal;Dmitruk, Andrés E.<|>Pappolla, Héctor;Dmitruk, Andrés Esteban<|>Pappolla, Héctor
002387;v22_Autor_personal;Pappolla, Héctor<|>Dmitruk, Andrés E.;Pappolla, Héctor<|>Dmitruk, Andrés Esteban
002395;v22_Autor_personal;Novaresi, Marcelo;Novaresi, Marcelo Pablo
002447;v22_Autor_personal;Dmitruk, Andrés E.;Dmitruk, Andrés Esteban
002534;v22_Autor_personal;Angelinetti, Alberto R.<|>Cantera, Carlos S.<|>Sofía, Alberto;Angelinetti, Alberto R.<|>Cantera, Carlos Santos<|>Sofía, Alberto
002535;v22_Autor_personal;Angelinetti, Alberto R.<|>Cantera, Carlos S.<|>Sofía, Alberto;Angelinetti, Alberto R.<|>Cantera, Carlos Santos<|>Sofía, Alberto
002536;v22_Autor_personal;Angelinetti, Alberto R.<|>Cantera, Carlos S.<|>Sofía, Alberto<|>Arroyo, Francisco;Angelinetti, Alberto R.<|>Cantera, Carlos Santos<|>Sofía, Alberto<|>Arroyo, Francisco
002537;v22_Autor_personal;Angelinetti, Alberto R.<|>Cantera, Carlos S.<|>Sofía, Alberto<|>Herrera, Pedro;Angelinetti, Alberto R.<|>Cantera, Carlos Santos<|>Sofía, Alberto<|>Herrera, Pedro
002538;v22_Autor_personal;Angelinetti, Alberto R.<|>Cantera, Carlos S.<|>Sofía, Alberto<|>Herrera, Pedro;Angelinetti, Alberto R.<|>Cantera, Carlos Santos<|>Sofía, Alberto<|>Herrera, Pedro
002539;v22_Autor_personal;Angelinetti, Alberto R.<|>Cantera, Carlos S.<|>Sofía, Alberto<|>Martínez, Juan;Angelinetti, Alberto R.<|>Cantera, Carlos Santos<|>Sofía, Alberto<|>Martínez, Juan
002540;v22_Autor_personal;Angelinetti, Alberto R.<|>Cantera, Carlos S.<|>Sofía, Alberto<|>Martínez, Juan;Angelinetti, Alberto R.<|>Cantera, Carlos Santos<|>Sofía, Alberto<|>Martínez, Juan
002541;v22_Autor_personal;Angelinetti, Alberto R.<|>Cantera, Carlos S.<|>Sofía, Alberto<|>Martínez, Juan;Angelinetti, Alberto R.<|>Cantera, Carlos Santos<|>Sofía, Alberto<|>Martínez, Juan
002612;v22_Autor_personal;Bertolón de Sucatte, Susana R.<|>Repetti, Ricardo<|>Casabona, Angel<|>Hirsch, Pablo C.;Bertolón de Sucatte, Susana R.<|>Repetti, Ricardo<|>Casabona, Ángel Miguel Francisco<|>Hirsch, Pablo C.
002619;v22_Autor_personal;Boeri, Ricardo L.<|>Lupin, Héctor M.;Boeri, Ricardo Luis<|>Lupin, Héctor M.
002620;v22_Autor_personal;Boeri, Ricardo L.<|>Moschiar de Valente, Stella M.<|>Lupin, Héctor M.;Boeri, Ricardo Luis<|>Moschiar de Valente, Stella M.<|>Lupin, Héctor M.
002621;v22_Autor_personal;Boeri, Ricardo L.<|>Zugarramurdi, Aurora<|>Lupin, Héctor M.;Boeri, Ricardo Luis<|>Zugarramurdi, Aurora<|>Lupin, Héctor M.
002622;v22_Autor_personal;Boeri, Ricardo L.<|>Davidovich, Luis Alberto<|>Lupin, Héctor M.;Boeri, Ricardo Luis<|>Davidovich, Luis Alberto<|>Lupin, Héctor M.
002682;v22_Autor_personal;Calvo, Ernesto J.<|>Moina, Carlos A.;Calvo, Ernesto J.<|>Moina, Carlos Alberto
002684;v22_Autor_personal;Cantera, Carlos S.;Cantera, Carlos Santos
002685;v22_Autor_personal;Cantera, Carlos S.<|>Angelinetti, Alberto R.<|>Sofía, Alberto;Cantera, Carlos Santos<|>Angelinetti, Alberto R.<|>Sofía, Alberto
002686;v22_Autor_personal;Cantera, Carlos S.;Cantera, Carlos Santos
002687;v22_Autor_personal;Cantera, Carlos S.;Cantera, Carlos Santos
002688;v22_Autor_personal;Cantera, Carlos S.<|>Angelinetti, Alberto R.<|>Greco, Alberto;Cantera, Carlos Santos<|>Angelinetti, Alberto R.<|>Greco, Alberto
002689;v22_Autor_personal;Cantera, Carlos S.<|>Angelinetti, Alberto R.<|>Michelón, Luciano;Cantera, Carlos Santos<|>Angelinetti, Alberto R.<|>Michelón, Luciano
002690;v22_Autor_personal;Cantera, Carlos S.<|>Angelinetti, Alberto R.<|>Sofía, Alberto;Cantera, Carlos Santos<|>Angelinetti, Alberto R.<|>Sofía, Alberto
002713;v22_Autor_personal;Catalano, Elsíades<|>Ruella, L.P. de<|>Roitman de Bautis, Perla<|>Serrano, A.P.<|>Ferdman de Borinsky, Mónica;Catalano, Elsíades<|>Ruella, L.P. de<|>Roitman de Bautis, Perla<|>Serrano, A.P.<|>Ferdman de Borinsky, Mónica Beatriz
002715;v22_Autor_personal;Catalano, Elsíades<|>Ferdman de Borinsky, Mónica<|>Roitman de Bautis, Perla;Catalano, Elsíades<|>Ferdman de Borinsky, Mónica Beatriz<|>Roitman de Bautis, Perla
002771;v22_Autor_personal;Davidovich, Luis Alberto<|>Boeri, Ricardo L.<|>Lupin, Héctor M.;Davidovich, Luis Alberto<|>Boeri, Ricardo Luis<|>Lupin, Héctor M.
002798;v22_Autor_personal;Dmitruk, Andrés E.<|>Lotersztain, Israel;Dmitruk, Andrés Esteban<|>Lotersztain, Israel
002968;v22_Autor_personal;Garone, Miguel J.<|>Vélez, Hugo E.<|>Casabona, Angel<|>Casal, Olga Florencia<|>Tacconi, Raúl A.;Garone, Miguel J.<|>Vélez, Hugo E.<|>Casabona, Ángel Miguel Francisco<|>Casal, Olga Florencia<|>Tacconi, Raúl A.
003125;v22_Autor_personal;Ballerini, Eduardo S.<|>Cohen, Edgardo<|>Godel, Alberto M.<|>Lladós, José María<|>Nochteff, Hugo<|>Otero, Raúl<|>Eichinger, Peter<|>Frensch, Karl.-J.<|>Lindner, Eric<|>Koch, Kaufmann D.<|>Niemann, Gerhard<|>Reiter, Gerhard E.<|>Salmang, Denny<|>Schlesinger, Bernhard<|>Schmitt, Manfred<|>Schober, Joachim<|>Dmitruk, Andrés E.^rdir.<|>Vornehm, Hermann^rdir.;Ballerini, Eduardo S.<|>Cohen, Edgardo<|>Godel, Alberto M.<|>Lladós, José María<|>Nochteff, Hugo<|>Otero, Raúl<|>Eichinger, Peter<|>Frensch, Karl.-J.<|>Lindner, Eric<|>Koch, Kaufmann D.<|>Niemann, Gerhard<|>Reiter, Gerhard E.<|>Salmang, Denny<|>Schlesinger, Bernhard<|>Schmitt, Manfred<|>Schober, Joachim<|>Dmitruk, Andrés Esteban^rdir.<|>Vornehm, Hermann^rdir.
003127;v22_Autor_personal;Ballerini, Eduardo S.<|>Dmitruk, Andrés E.<|>Leibovich, Harry A.<|>Quijano, Antonio A.<|>Ottes, J.G.<|>Ruge, Ingolf<|>Mertel, Heinz<|>Bachmann, Günther<|>Rohde, Lother<|>Schlesinger, Bernhard<|>Hofele, Eugen<|>Perecsényi, Oskar<|>Schütt, Helmuth<|>Vornehm, Hermann^rdir.;Ballerini, Eduardo S.<|>Dmitruk, Andrés Esteban<|>Leibovich, Harry A.<|>Quijano, Antonio A.<|>Ottes, J.G.<|>Ruge, Ingolf<|>Mertel, Heinz<|>Bachmann, Günther<|>Rohde, Lother<|>Schlesinger, Bernhard<|>Hofele, Eugen<|>Perecsényi, Oskar<|>Schütt, Helmuth<|>Vornehm, Hermann^rdir.
003237;v22_Autor_personal;Lupin, Héctor M.<|>Booman, Alejandro C.;Lupin, Héctor M.<|>Booman, Alejandro Carlos
003302;v22_Autor_personal;Casabona, Angel<|>Repetti, Ricardo;Casabona, Ángel Miguel Francisco<|>Repetti, Ricardo
003472;v22_Autor_personal;Lozano, Roberto Daniel<|>Priu, Jorge R.<|>Yasan, Eduardo D.;Lozano, Roberto Daniel<|>Priu, Jorge R.<|>Yasan, Eduardo David
003475;v22_Autor_personal;Lupi, Daniel<|>Fraigi, Liliana<|>Domínguez, José;Lupi, Daniel<|>Fraigi, Liliana Beatriz<|>Domínguez, José
003482;v22_Autor_personal;Lupin, Héctor M.<|>Giannini, Daniel H.<|>Boeri, Ricardo L.<|>Davidovich, Luis Alberto;Lupin, Héctor M.<|>Giannini, Daniel H.<|>Boeri, Ricardo Luis<|>Davidovich, Luis Alberto
003485;v22_Autor_personal;Lupin, Héctor M.<|>Giannini, Daniel H.<|>Boeri, Ricardo L.<|>Davidovich, Luis Alberto;Lupin, Héctor M.<|>Giannini, Daniel H.<|>Boeri, Ricardo Luis<|>Davidovich, Luis Alberto
003489;v22_Autor_personal;Lupin, Héctor M.<|>Zugarramurdi, Aurora<|>Boeri, Ricardo L.;Lupin, Héctor M.<|>Zugarramurdi, Aurora<|>Boeri, Ricardo Luis
003672;v22_Autor_personal;Porta, Carlos G.<|>Sánchez, Jorge<|>Leiblich, Juan A.;Porta, Carlos G.<|>Sánchez, Jorge<|>Leiblich, Juan Antonio
003915;v22_Autor_personal;Trucco, Raúl E.<|>Lupin, Héctor M.<|>Giannini, Daniel H.<|>Crupkin, Marcos<|>Boeri, Ricardo L.<|>Barassi, Carlos A.;Trucco, Raúl E.<|>Lupin, Héctor M.<|>Giannini, Daniel H.<|>Crupkin, Marcos<|>Boeri, Ricardo Luis<|>Barassi, Carlos A.
003974;v22_Autor_personal;Angelinetti, Alberto R.<|>Cantera, Carlos S.;Angelinetti, Alberto R.<|>Cantera, Carlos Santos
004000;v22_Autor_personal;Moschiar de Valente, Stella M.<|>Boeri, Ricardo L.<|>Lupin, Héctor M.;Moschiar de Valente, Stella M.<|>Boeri, Ricardo Luis<|>Lupin, Héctor M.
004036;v22_Autor_personal;Dmitruk, Andrés E.;Dmitruk, Andrés Esteban
004071;v22_Autor_personal;Juárez, R.E.<|>Cogno, Jorge A.<|>Trench, J.A.;Juárez, R.E.<|>Cogno, Jorge Adrián<|>Trench, J.A.
004210;v22_Autor_personal;Castañeda, Roberto A.;Castañeda, Roberto Aníbal
004213;v22_Autor_personal;Trucco, Raúl E.<|>Lupin, Héctor M.<|>Giannini, Daniel H.<|>Crupkin, Marcos<|>Boeri, Ricardo L.<|>Barassi, Carlos A.;Trucco, Raúl E.<|>Lupin, Héctor M.<|>Giannini, Daniel H.<|>Crupkin, Marcos<|>Boeri, Ricardo Luis<|>Barassi, Carlos A.
004215;v22_Autor_personal;Trucco, Raúl E.<|>Lupin, Héctor M.<|>Giannini, Daniel H.<|>Crupkin, Marcos<|>Boeri, Ricardo L.<|>Barassi, Carlos A.;Trucco, Raúl E.<|>Lupin, Héctor M.<|>Giannini, Daniel H.<|>Crupkin, Marcos<|>Boeri, Ricardo Luis<|>Barassi, Carlos A.
004216;v22_Autor_personal;Lupin, Héctor M.<|>Giannini, Daniel H.<|>Soule, Carlos L.<|>Davidovich, Luis Alberto<|>Boeri, Ricardo L.;Lupin, Héctor M.<|>Giannini, Daniel H.<|>Soule, Carlos L.<|>Davidovich, Luis Alberto<|>Boeri, Ricardo Luis
004224;v22_Autor_personal;Casabona, Angel;Casabona, Ángel Miguel Francisco
004259;v22_Autor_personal;Cantera, Carlos S.;Cantera, Carlos Santos
004276;v22_Autor_personal;Pappolla, Héctor<|>Mazza, Horacio<|>Dmitruk, Andrés E.;Pappolla, Héctor<|>Mazza, Horacio<|>Dmitruk, Andrés Esteban
004277;v22_Autor_personal;Behar, Alberto<|>Dmitruk, Andrés E.;Behar, Alberto<|>Dmitruk, Andrés Esteban
004340;v22_Autor_personal;Fraigi, Liliana<|>Lupi, Daniel;Fraigi, Liliana Beatriz<|>Lupi, Daniel
004351;v22_Autor_personal;Dmitruk, Andrés E.;Dmitruk, Andrés Esteban
004390;v22_Autor_personal;Rillos, Graciela E.;Rillos, Graciela Elba
004411;v22_Autor_personal;Leibovich, Harry A.<|>Dmitruk, Andrés E.;Leibovich, Harry A.<|>Dmitruk, Andrés Esteban
004468;v22_Autor_personal;Lupin, Héctor M.<|>Boeri, Ricardo L.<|>Moschiar de Valente, Stella M.;Lupin, Héctor M.<|>Boeri, Ricardo Luis<|>Moschiar de Valente, Stella M.
004472;v22_Autor_personal;Angelinetti, Alberto R.<|>Cantera, Carlos S.<|>Schang, M.J.<|>Azcona, O.<|>Bonino, M.F.<|>Errecaborde, E.N.;Angelinetti, Alberto R.<|>Cantera, Carlos Santos<|>Schang, M.J.<|>Azcona, O.<|>Bonino, M.F.<|>Errecaborde, E.N.
004513;v22_Autor_personal;Soule, Carlos L.<|>Yeannes, María Isabel<|>Moschiar de Valente, Stella M.<|>Lupin, Héctor M.<|>Boeri, Ricardo L.<|>Fernández, V.;Soule, Carlos L.<|>Yeannes, María Isabel<|>Moschiar de Valente, Stella M.<|>Lupin, Héctor M.<|>Boeri, Ricardo Luis<|>Fernández, V.
004531;v22_Autor_personal;Lupin, Héctor M.<|>Boeri, Ricardo L.<|>Giannini, Daniel H.<|>Davidovich, Luis Alberto;Lupin, Héctor M.<|>Boeri, Ricardo Luis<|>Giannini, Daniel H.<|>Davidovich, Luis Alberto
004533;v22_Autor_personal;Giannini, Daniel H.<|>Boeri, Ricardo L.<|>Booman, Alejandro C.<|>Lupin, Héctor M.;Giannini, Daniel H.<|>Boeri, Ricardo Luis<|>Booman, Alejandro Carlos<|>Lupin, Héctor M.
004534;v22_Autor_personal;Barassi, Carlos A.<|>Boeri, Ricardo L.<|>Crupkin, Marcos<|>Davidovich, Luis Alberto<|>Giannini, Daniel H.<|>Soulé, Carlos L.<|>Trucco, Raúl E.<|>Lupin, Héctor M.;Barassi, Carlos A.<|>Boeri, Ricardo Luis<|>Crupkin, Marcos<|>Davidovich, Luis Alberto<|>Giannini, Daniel H.<|>Soulé, Carlos L.<|>Trucco, Raúl E.<|>Lupin, Héctor M.
004546;v22_Autor_personal;Trucco, Raúl E.<|>Lupin, Héctor M.<|>Giannini, Daniel H.<|>Crupkin, Marcos<|>Boeri, Ricardo L.<|>Barassi, Carlos A.;Trucco, Raúl E.<|>Lupin, Héctor M.<|>Giannini, Daniel H.<|>Crupkin, Marcos<|>Boeri, Ricardo Luis<|>Barassi, Carlos A.
004576;v22_Autor_personal;Cogno, Jorge A.<|>Etchechoury, Elisa M.<|>Lozano, Roberto Daniel;Cogno, Jorge Adrián<|>Etchechoury, Elisa M.<|>Lozano, Roberto Daniel
004577;v22_Autor_personal;Cazabat, Carlos R.G.<|>Lozano, Roberto Daniel<|>Yasan, Eduardo D.;Cazabat, Carlos R.G.<|>Lozano, Roberto Daniel<|>Yasan, Eduardo David
004578;v22_Autor_personal;Cogno, Jorge A.<|>Etchechoury, Elisa M.<|>Lozano, Roberto Daniel;Cogno, Jorge Adrián<|>Etchechoury, Elisa M.<|>Lozano, Roberto Daniel
004585;v22_Autor_personal;Dmitruk, Andrés E.<|>Elissetche, E.<|>Godel, Alberto M.<|>Prieto, N.;Dmitruk, Andrés Esteban<|>Elissetche, E.<|>Godel, Alberto M.<|>Prieto, N.
004618;v22_Autor_personal;Angelinetti, Alberto R.<|>Cantera, Carlos S.<|>Goya, Luis M.;Angelinetti, Alberto R.<|>Cantera, Carlos Santos<|>Goya, Luis M.
004621;v22_Autor_personal;Cantera, Carlos S.<|>Angelinetti, Alberto R.;Cantera, Carlos Santos<|>Angelinetti, Alberto R.
004662;v22_Autor_personal;Cantera, Carlos S.<|>Angelinetti, Alberto R.<|>Sofía, Alberto;Cantera, Carlos Santos<|>Angelinetti, Alberto R.<|>Sofía, Alberto
004709;v22_Autor_personal;Booman, Alejandro C.;Booman, Alejandro Carlos
004717;v22_Autor_personal;Cantera, Carlos S.;Cantera, Carlos Santos
004773;v22_Autor_personal;Lupin, Héctor M.<|>Giannini, Daniel H.<|>Soule, Carlos L.<|>Davidovich, Luis Alberto<|>Boeri, Ricardo L.;Lupin, Héctor M.<|>Giannini, Daniel H.<|>Soule, Carlos L.<|>Davidovich, Luis Alberto<|>Boeri, Ricardo Luis
004791;v22_Autor_personal;Bouchaud, Pierre<|>Cogno, Jorge A.;Bouchaud, Pierre<|>Cogno, Jorge Adrián
004832;v22_Autor_personal;Etchechoury, Elisa M.<|>Cogno, Jorge A.;Etchechoury, Elisa M.<|>Cogno, Jorge Adrián
004833;v22_Autor_personal;Dmitruk, Andrés E.<|>Gatti, Edmundo;Dmitruk, Andrés Esteban<|>Gatti, Edmundo
004842;v22_Autor_personal;Dmitruk, Andrés E.;Dmitruk, Andrés Esteban
004963;v22_Autor_personal;Cohen, Edgardo<|>Dmitruk, Andrés E.<|>Godel, Alberto M.;Cohen, Edgardo<|>Dmitruk, Andrés Esteban<|>Godel, Alberto M.
004980;v22_Autor_personal;Fraigi, Liliana;Fraigi, Liliana Beatriz
005043;v22_Autor_personal;Lupi, Daniel<|>Fraigi, Liliana<|>Rosales de Meybaum, Blanca;Lupi, Daniel<|>Fraigi, Liliana Beatriz<|>Rosales de Meybaum, Blanca
005102;v22_Autor_personal;Cohen, Edgardo<|>Dmitruk, Andrés E.<|>Godel, Alberto M.;Cohen, Edgardo<|>Dmitruk, Andrés Esteban<|>Godel, Alberto M.
005120;v22_Autor_personal;Angelinetti, Alberto R.<|>Cantera, Carlos S.<|>García, Raúl O.;Angelinetti, Alberto R.<|>Cantera, Carlos Santos<|>García, Raúl O.
005140;v22_Autor_personal;Álvarez, Néstor<|>Moina, Carlos A.;Álvarez, Néstor<|>Moina, Carlos Alberto
005160;v22_Autor_personal;Passarino de Marqués, Mirta N.<|>Leiblich, Juan A.<|>Fernández, Ramiro<|>Márques, Daniel;Passarino de Marqués, Mirta N.<|>Leiblich, Juan Antonio<|>Fernández, Ramiro<|>Márques, Daniel
005169;v22_Autor_personal;Cantera, Carlos S.<|>Angelinetti, Alberto R.;Cantera, Carlos Santos<|>Angelinetti, Alberto R.
005172;v22_Autor_personal;Luca, María S. de<|>Ferdman de Borinsky, Mónica;Luca, María S. de<|>Ferdman de Borinsky, Mónica Beatriz
005207;v22_Autor_personal;Fardin, José P.<|>Moschiar de Valente, Stella M.<|>Boeri, Ricardo L.;Fardin, José P.<|>Moschiar de Valente, Stella M.<|>Boeri, Ricardo Luis
005212;v22_Autor_personal;Almandos, M.E.<|>Giannini, Daniel H.<|>Ciarlo, Alicia S.<|>Boeri, Ricardo L.;Almandos, M.E.<|>Giannini, Daniel H.<|>Ciarlo, Alicia S.<|>Boeri, Ricardo Luis
005225;v22_Autor_personal;Yasan, Eduardo D.;Yasan, Eduardo David
005229;v22_Autor_personal;Repetti, Ricardo<|>Tacconi, Raúl A.<|>Casal, Olga Florencia<|>Casabona, Angel;Repetti, Ricardo<|>Tacconi, Raúl A.<|>Casal, Olga Florencia<|>Casabona, Ángel Miguel Francisco
005231;v22_Autor_personal;Repetti, Ricardo<|>Bertolón de Sucatte, Susana R.<|>Casabona, Angel<|>Tacconi, Raúl A.;Repetti, Ricardo<|>Bertolón de Sucatte, Susana R.<|>Casabona, Ángel Miguel Francisco<|>Tacconi, Raúl A.
005233;v22_Autor_personal;Etchechoury, Elisa M.<|>Cogno, Jorge A.;Etchechoury, Elisa M.<|>Cogno, Jorge Adrián
005249;v22_Autor_personal;Cappa, A.<|>Bich, W.<|>Leiblich, Juan A.<|>Marqués, Daniel<|>Porta, Carlos G.<|>Sánchez, Jorge;Cappa, A.<|>Bich, W.<|>Leiblich, Juan Antonio<|>Marqués, Daniel<|>Porta, Carlos G.<|>Sánchez, Jorge
005262;v22_Autor_personal;Repetti, Ricardo<|>Casabona, Angel;Repetti, Ricardo<|>Casabona, Ángel Miguel Francisco
005283;v22_Autor_personal;Valentini, Cristóbal R.<|>Moina, Carlos A.<|>Vilche, Jorge R.<|>Arvia, A.J.;Valentini, Cristobal Ramón<|>Moina, Carlos Alberto<|>Vilche, Jorge R.<|>Arvia, A.J.
005293;v22_Autor_personal;Calvo, Ernesto J.<|>Moina, Carlos A.;Calvo, Ernesto J.<|>Moina, Carlos Alberto
005294;v22_Autor_personal;Castro, Beatriz E.<|>Valentini, Cristóbal R.<|>Moina, Carlos A.<|>Vilche, Jorge R.;Castro, Beatriz E.<|>Valentini, Cristobal Ramón<|>Moina, Carlos Alberto<|>Vilche, Jorge R.
005309;v22_Autor_personal;Cantera, Carlos S.<|>Fracassi, Rodolfo O.<|>Greco, Carlos A.;Cantera, Carlos Santos<|>Fracassi, Rodolfo O.<|>Greco, Carlos A.
005336;v22_Autor_personal;Casabona, Angel<|>Repetti, Ricardo<|>Michelena, Eduardo;Casabona, Ángel Miguel Francisco<|>Repetti, Ricardo<|>Michelena, Eduardo
005341;v22_Autor_personal;Cogno, Jorge A.<|>Etchechoury, Elisa M.<|>Yasan, Eduardo D.;Cogno, Jorge Adrián<|>Etchechoury, Elisa M.<|>Yasan, Eduardo David
005342;v22_Autor_personal;Forste, DietricH<|>Sauter, Georg<|>Cogno, Jorge A.<|>Etchechoury, Elisa M.;Forste, DietricH<|>Sauter, Georg<|>Cogno, Jorge Adrián<|>Etchechoury, Elisa M.
005344;v22_Autor_personal;Cogno, Jorge A.;Cogno, Jorge Adrián
005357;v22_Autor_personal;Pérez Zelaschi, Marina<|>Marino, Patricia<|>Lupi, Daniel<|>Ladrón González, Luis Alfredo<|>Berset, Alberto;Pérez Zelaschi, Marina Luisa<|>Marino, Patricia<|>Lupi, Daniel<|>Ladrón González, Luis Alfredo<|>Berset, Alberto
005366;v22_Autor_personal;Pella, Elda L.<|>Braun de Romanin, Judit B.<|>Ferdman de Borinsky, Mónica;Pella, Elda L.<|>Braun de Romanin, Judit B.<|>Ferdman de Borinsky, Mónica Beatriz
005391;v22_Autor_personal;Cogno, Jorge A.;Cogno, Jorge Adrián
005397;v22_Autor_personal;Berset, Alberto<|>Ladrón González, Luis Alfredo<|>Lupi, Daniel<|>Marino, Patricia<|>Pérez Zelaschi, Marina;Berset, Alberto<|>Ladrón González, Luis Alfredo<|>Lupi, Daniel<|>Marino, Patricia<|>Pérez Zelaschi, Marina Luisa
005466;v22_Autor_personal;Castañeda, Roberto A.<|>Calo, Marisa C.<|>Pasqualini, Adriana<|>Fernández, Gabriela<|>Calleja, María del Pilar<|>Montero, Haidée;Castañeda, Roberto Aníbal<|>Calo, Marisa C.<|>Pasqualini, Adriana<|>Fernández, Gabriela<|>Calleja, María del Pilar<|>Montero, Haidée
005503;v22_Autor_personal;Castañeda, Roberto A.<|>Fernández, Gabriela<|>Calo, Marisa C.<|>Pasqualini, Adriana;Castañeda, Roberto Aníbal<|>Fernández, Gabriela<|>Calo, Marisa C.<|>Pasqualini, Adriana
005515;v22_Autor_personal;Araolaza, Anselmo M.<|>Comi, Carlos M.;Araolaza, Anselmo M.<|>Comi, Carlos Miguel
005537;v22_Autor_personal;Castañeda, Roberto A.<|>Calo, Marisa C.<|>Fernández, Gabriela<|>Pasqualini, Adriana<|>Calleja, María del Pilar<|>Montero, Haidée<|>Blazich, G.;Castañeda, Roberto Aníbal<|>Calo, Marisa C.<|>Fernández, Gabriela<|>Pasqualini, Adriana<|>Calleja, María del Pilar<|>Montero, Haidée<|>Blazich, G.
005556;v22_Autor_personal;Castañeda, Roberto A.<|>Pasqualini, Adriana<|>Calo, Marisa C.<|>Fernández, Gabriela<|>Calleja, María del Pilar<|>Montero, Haidée<|>Blazich, G.;Castañeda, Roberto Aníbal<|>Pasqualini, Adriana<|>Calo, Marisa C.<|>Fernández, Gabriela<|>Calleja, María del Pilar<|>Montero, Haidée<|>Blazich, G.
005587;v22_Autor_personal;Ciarlo, Alicia S.<|>Boeri, Ricardo L.<|>Giannini, Daniel H.;Ciarlo, Alicia S.<|>Boeri, Ricardo Luis<|>Giannini, Daniel H.
005592;v22_Autor_personal;Moschiar de Valente, Stella M.<|>Fardin, José P.<|>Boeri, Ricardo L.;Moschiar de Valente, Stella M.<|>Fardin, José P.<|>Boeri, Ricardo Luis
005596;v22_Autor_personal;Boeri, Ricardo L.;Boeri, Ricardo Luis
005597;v22_Autor_personal;Boeri, Ricardo L.<|>Davidovich, Luis Alberto<|>Giannini, Daniel H.<|>Lupin, Héctor M.;Boeri, Ricardo Luis<|>Davidovich, Luis Alberto<|>Giannini, Daniel H.<|>Lupin, Héctor M.
005618;v22_Autor_personal;Repetti, Ricardo<|>Casabona, Angel<|>Michelena, Eduardo;Repetti, Ricardo<|>Casabona, Ángel Miguel Francisco<|>Michelena, Eduardo
005626;v22_Autor_personal;Cazabat, Carlos R.G.<|>Yasan, Eduardo D.;Cazabat, Carlos R.G.<|>Yasan, Eduardo David
005631;v22_Autor_personal;Cazabat, Marcelo H.<|>García, Ricardo I.;Cazabat, Marcelo Horacio<|>García, Ricardo I.
005638;v22_Autor_personal;Abuin, Graciela Carmen<|>Álvarez, Néstor<|>Alanis, Irene Luisa<|>Calvo, Ernesto J.<|>Mahmud, Zulema<|>Míguez, Marina<|>Moina, Carlos A.;Abuin, Graciela Carmen<|>Álvarez, Néstor<|>Alanis, Irene Luisa<|>Calvo, Ernesto J.<|>Mahmud, Zulema Ángela<|>Míguez, Marina<|>Moina, Carlos Alberto
005647;v22_Autor_personal;Pérez Zelaschi, Marina;Pérez Zelaschi, Marina Luisa
005655;v22_Autor_personal;Alanis, Irene Luisa<|>De Cristófaro, Norma B.<|>Berardo, Liliana N.<|>Valentini, Cristóbal R.<|>Moina, Carlos A.;Alanis, Irene Luisa<|>De Cristófaro, Norma B.<|>Berardo, Liliana N.<|>Valentini, Cristobal Ramón<|>Moina, Carlos Alberto
005689;v22_Autor_personal;Almandos, M.E.<|>Giannini, Daniel H.<|>Ciarlo, Alicia S.<|>Boeri, Ricardo L.;Almandos, M.E.<|>Giannini, Daniel H.<|>Ciarlo, Alicia S.<|>Boeri, Ricardo Luis
005692;v22_Autor_personal;Giannini, Daniel H.<|>Boeri, Ricardo L.<|>Moschiar de Valente, Stella M.<|>Lupin, Héctor M.;Giannini, Daniel H.<|>Boeri, Ricardo Luis<|>Moschiar de Valente, Stella M.<|>Lupin, Héctor M.
005697;v22_Autor_personal;Vélez, Hugo E.<|>Novaresi, Marcelo;Vélez, Hugo E.<|>Novaresi, Marcelo Pablo
005730;v22_Autor_personal;Repetti, Ricardo<|>Casabona, Angel;Repetti, Ricardo<|>Casabona, Ángel Miguel Francisco
005749;v22_Autor_personal;Dmitruk, Andrés E.;Dmitruk, Andrés Esteban
005784;v22_Autor_personal;Booman, Alejandro C.;Booman, Alejandro Carlos
005842;v22_Autor_personal;Castañeda, Roberto A.<|>Fernández, Gabriela<|>Calo, Marisa C.<|>Pasqualini, Adriana;Castañeda, Roberto Aníbal<|>Fernández, Gabriela<|>Calo, Marisa C.<|>Pasqualini, Adriana
005851;v22_Autor_personal;Castañeda, Roberto A.<|>Calo, Marisa C.<|>Pasqualini, Adriana<|>Fernández, Gabriela<|>Blazich, G.;Castañeda, Roberto Aníbal<|>Calo, Marisa C.<|>Pasqualini, Adriana<|>Fernández, Gabriela<|>Blazich, G.
005852;v22_Autor_personal;Vélez, Hugo E.<|>Novaresi, Marcelo<|>Panizza, Oscar;Vélez, Hugo E.<|>Novaresi, Marcelo Pablo<|>Panizza, Oscar
005925;v22_Autor_personal;Alanis, Irene Luisa<|>Berardo, Liliana N.<|>De Cristófaro, Norma B.<|>Moina, Carlos A.<|>Valentini, Cristóbal R.;Alanis, Irene Luisa<|>Berardo, Liliana N.<|>De Cristófaro, Norma B.<|>Moina, Carlos Alberto<|>Valentini, Cristobal Ramón
005934;v22_Autor_personal;Castañeda, Roberto A.<|>Caló, Marisa C.<|>Pasqualini, Adriana<|>Fernández, Gabriela<|>Calleja, María del Pilar<|>Montero, Haidee<|>Blazich, G.;Castañeda, Roberto Aníbal<|>Caló, Marisa C.<|>Pasqualini, Adriana<|>Fernández, Gabriela<|>Calleja, María del Pilar<|>Montero, Haidee<|>Blazich, G.
005950;v22_Autor_personal;Araolaza, Anselmo M.<|>Comi, Carlos M.<|>Osimi, Juan C.;Araolaza, Anselmo M.<|>Comi, Carlos Miguel<|>Osimi, Juan C.
005953;v22_Autor_personal;Cogno, Jorge A.<|>Conno, Juan C.<|>Jungman, David;Cogno, Jorge Adrián<|>Conno, Juan C.<|>Jungman, David
005954;v22_Autor_personal;Cogno, Jorge A.<|>Conno, Juan C.<|>Jungman, David;Cogno, Jorge Adrián<|>Conno, Juan C.<|>Jungman, David
005958;v22_Autor_personal;Valentini, Cristobal R.<|>Berardo, Liliana N.<|>Alanis, Irene Luisa;Valentini, Cristobal Ramón<|>Berardo, Liliana N.<|>Alanis, Irene Luisa
005959;v22_Autor_personal;Berardo, Liliana N.<|>Valentini, Cristobal R.<|>Alanis, Irene Luisa;Berardo, Liliana N.<|>Valentini, Cristobal Ramón<|>Alanis, Irene Luisa
005960;v22_Autor_personal;Alanis, Irene Luisa<|>Berardo, Liliana N.<|>Valentini, Cristobal R.;Alanis, Irene Luisa<|>Berardo, Liliana N.<|>Valentini, Cristobal Ramón
006036;v22_Autor_personal;Boeri, Ricardo L.<|>Lupin, Héctor M.;Boeri, Ricardo Luis<|>Lupin, Héctor M.
006053;v22_Autor_personal;Valentini, Cristóbal R.;Valentini, Cristobal Ramón
006079;v22_Autor_personal;Cantera, Carlos S.;Cantera, Carlos Santos
006110;v22_Autor_personal;Silva, Carmen L.<|>Silva, Delfina A.;Silva, Carmen Leonilda<|>Silva, Delfina A.
006113;v22_Autor_personal;Valentini, Cristóbal R.<|>Moina, Carlos A.<|>Vilche, Jorge R.<|>Arvia, A.J.;Valentini, Cristobal Ramón<|>Moina, Carlos Alberto<|>Vilche, Jorge R.<|>Arvia, A.J.
006114;v22_Autor_personal;Conno, Juan C.<|>Cogno, Jorge A.<|>Lozano, Roberto Daniel;Conno, Juan C.<|>Cogno, Jorge Adrián<|>Lozano, Roberto Daniel
006133;v22_Autor_personal;Cazabat, Marcelo H.<|>García, Ricardo I.;Cazabat, Marcelo Horacio<|>García, Ricardo I.
006143;v22_Autor_personal;Silva, Carmen L.<|>Silva, Delfina A.<|>Martínez, Hilda N.;Silva, Carmen Leonilda<|>Silva, Delfina A.<|>Martínez, Hilda N.
006149;v22_Autor_personal;Vélez, Hugo E.<|>Novaresi, Marcelo<|>Rosa, Guillermo P. de;Vélez, Hugo E.<|>Novaresi, Marcelo Pablo<|>Rosa, Guillermo P. de
006165;v22_Autor_personal;Berardo, Liliana N.<|>Valentini, Cristóbal R.<|>Alanis, Irene Luisa;Berardo, Liliana N.<|>Valentini, Cristobal Ramón<|>Alanis, Irene Luisa
006173;v22_Autor_personal;Cantera, Carlos S.;Cantera, Carlos Santos
006183;v22_Autor_personal;Valentini, Cristóbal R.<|>Alanis, Irene Luisa;Valentini, Cristobal Ramón<|>Alanis, Irene Luisa
006186;v22_Autor_personal;Martínez, Enrique M.<|>Pérez Zelaschi, Marina<|>Tomada, Lucía I.<|>Cura, Alberto<|>Islas, Vicente;Martínez, Enrique M.<|>Pérez Zelaschi, Marina Luisa<|>Tomada, Lucía I.<|>Cura, Alberto<|>Islas, Vicente
006191;v22_Autor_personal;Cejas, Ulises<|>Cohen, Edgardo<|>Chiodi, Jorge<|>Di Benedetto, Luis<|>Dmitruk, Andrés E.<|>Galli, Edgardo<|>Moughty, Patricio<|>Nochteff, Hugo<|>Pérez, Héctor<|>Sinderman, J.E.;Cejas, Ulises<|>Cohen, Edgardo<|>Chiodi, Jorge<|>Di Benedetto, Luis<|>Dmitruk, Andrés Esteban<|>Galli, Edgardo<|>Moughty, Patricio<|>Nochteff, Hugo<|>Pérez, Héctor<|>Sinderman, J.E.
006204;v22_Autor_personal;Alanis, Irene Luisa<|>Berardo, Liliana N.<|>Valentini, Cristóbal R.;Alanis, Irene Luisa<|>Berardo, Liliana N.<|>Valentini, Cristobal Ramón
006226;v22_Autor_personal;Valentini, Cristobal R.<|>Berardo, Liliana N.<|>Alanis, Irene Luisa;Valentini, Cristobal Ramón<|>Berardo, Liliana N.<|>Alanis, Irene Luisa
006236;v22_Autor_personal;Vélez, Hugo E.<|>Novaresi, Marcelo<|>Rosa, Guillermo P. de;Vélez, Hugo E.<|>Novaresi, Marcelo Pablo<|>Rosa, Guillermo P. de
006302;v22_Autor_personal;Mahmud, Zulema;Mahmud, Zulema Ángela
006324;v22_Autor_personal;Booman, Alejandro C.;Booman, Alejandro Carlos
006325;v22_Autor_personal;Zugarramurdi, Aurora<|>Boeri, Ricardo L.<|>Parin, María A.<|>Musmeci, Sebastián N.;Zugarramurdi, Aurora<|>Boeri, Ricardo Luis<|>Parin, María A.<|>Musmeci, Sebastián N.
006331;v22_Autor_personal;Ciarlo, Alicia S.<|>Almandos, M.E.<|>Boeri, Ricardo L.<|>Paredi, María E.<|>Giannini, Daniel H.<|>Yeannes, María Isabel;Ciarlo, Alicia S.<|>Almandos, M.E.<|>Boeri, Ricardo Luis<|>Paredi, María E.<|>Giannini, Daniel H.<|>Yeannes, María Isabel
006338;v22_Autor_personal;Booman, Alejandro C.<|>Singh, R.P.;Booman, Alejandro Carlos<|>Singh, R.P.
006345;v22_Autor_personal;Giannini, Daniel H.<|>Boeri, Ricardo L.<|>Yeannes, María Isabel;Giannini, Daniel H.<|>Boeri, Ricardo Luis<|>Yeannes, María Isabel
006349;v22_Autor_personal;Booman, Alejandro C.<|>Singh, R.P.;Booman, Alejandro Carlos<|>Singh, R.P.
006365;v22_Autor_personal;Boeri, Ricardo L.<|>Almandos, M.E.<|>Booman, Alejandro C.<|>Ciarlo, Alicia S.<|>Davidovich, Luis Alberto<|>Giannini, Daniel H.<|>Zugarramurdi, Aurora<|>Musmeci, Sebastián N.<|>Parin, María A.;Boeri, Ricardo Luis<|>Almandos, M.E.<|>Booman, Alejandro Carlos<|>Ciarlo, Alicia S.<|>Davidovich, Luis Alberto<|>Giannini, Daniel H.<|>Zugarramurdi, Aurora<|>Musmeci, Sebastián N.<|>Parin, María A.
006367;v22_Autor_personal;Boeri, Ricardo L.<|>Zugarramurdi, Aurora;Boeri, Ricardo Luis<|>Zugarramurdi, Aurora
006369;v22_Autor_personal;Castañeda, Roberto A.;Castañeda, Roberto Aníbal
006615;v22_Autor_personal;Flores, Horacio<|>Matenella de Guidi, L.<|>Nanni, Nedo<|>Poppi, Rolando<|>Velazco, J.;Flores, Horacio<|>Matenella de Guidi, L.<|>Nanni, Nedo<|>Poppi, Rolando<|>Velazco, Jose Ricardo
006786;v22_Autor_personal;Galarreta, A.I.<|>Miñola, C.A.<|>Boeri, Ricardo L.;Galarreta, A.I.<|>Miñola, C.A.<|>Boeri, Ricardo Luis
007066;v22_Autor_personal;Andrade, María del Carmen<|>Valentini, Cristóbal R.<|>Calvo, Ernesto J.<|>Paatsch, W.<|>De Cristófaro, Norma B.^rmod.;Andrade, María del Carmen<|>Valentini, Cristobal Ramón<|>Calvo, Ernesto J.<|>Paatsch, W.<|>De Cristófaro, Norma B.^rmod.
007280;v22_Autor_personal;Porta, Carlos<|>Sánchez, Jorge<|>Leiblich, Juan;Porta, Carlos<|>Sánchez, Jorge<|>Leiblich, Juan Antonio
008694;v22_Autor_personal;Kittl, P.<|>Rodríguez, G.;Kittl, P.<|>Rodríguez, Gisela Vanina
009317;v22_Autor_personal;Pérez Zelaschi, Marina<|>Bado, Héctor;Pérez Zelaschi, Marina Luisa<|>Bado, Héctor
010187;v22_Autor_personal;Meda, J.F.<|>Rubio, M.<|>Mainardi, R.T.<|>Damia, M.P.;Meda, J.F.<|>Rubio, María Agustina<|>Mainardi, R.T.<|>Damia, M.P.
011731;v22_Autor_personal;Petrillo, J.<|>Aráoz, A.<|>López, M.<|>Aguiar, Mario<|>Arias, P.;Petrillo, J.<|>Aráoz, A.<|>López, María Cristina<|>Aguiar, Mario<|>Arias, P.
013660;v22_Autor_personal;Cantera, Carlos S.<|>Vera, Víctor D.<|>Sierra, Nancy<|>Fernández Crespo, Lucía<|>Escobar, Roberto E.;Cantera, Carlos Santos<|>Vera, Víctor D.<|>Sierra, Nancy<|>Fernández Crespo, Lucía<|>Escobar, Roberto E.
013664;v22_Autor_personal;Cantera, Carlos S.;Cantera, Carlos Santos
013666;v22_Autor_personal;Abuin, Graciela<|>Alanis, Irene Luisa<|>Berardo, Liliana N.<|>De Cristófaro, Norma B.;Abuin, Graciela Carmen<|>Alanis, Irene Luisa<|>Berardo, Liliana N.<|>De Cristófaro, Norma B.
013671;v22_Autor_personal;Alanis, Irene Luisa<|>Berardo, Liliana N.<|>Pinto, M.<|>Valentini, Cristobal R.;Alanis, Irene Luisa<|>Berardo, Liliana N.<|>Pinto, M.<|>Valentini, Cristobal Ramón
013673;v22_Autor_personal;Mahmud, Zulema;Mahmud, Zulema Ángela
013674;v22_Autor_personal;Corti, Horacio<|>Trevani, Liliana<|>Abuin, Graciela;Corti, Horacio<|>Trevani, Liliana<|>Abuin, Graciela Carmen
013676;v22_Autor_personal;Alanis, Irene Luisa<|>Berardo, Liliana N.<|>Valentini, Cristóbal R.;Alanis, Irene Luisa<|>Berardo, Liliana N.<|>Valentini, Cristobal Ramón
013678;v22_Autor_personal;Abuin, Graciela<|>Valentini, Cristobal R.;Abuin, Graciela Carmen<|>Valentini, Cristobal Ramón
013679;v22_Autor_personal;Abuin, Graciela<|>Valentini, Cristóbal R.;Abuin, Graciela Carmen<|>Valentini, Cristobal Ramón
013680;v22_Autor_personal;Tostmann, Karl H.<|>Abuin, Graciela;Tostmann, Karl H.<|>Abuin, Graciela Carmen
013682;v22_Autor_personal;Abuin, Graciela<|>Alanis, Irene Luisa;Abuin, Graciela Carmen<|>Alanis, Irene Luisa
013683;v22_Autor_personal;Mahmud, Zulema;Mahmud, Zulema Ángela
013762;v22_Autor_personal;Abuin, Graciela;Abuin, Graciela Carmen
013982;v22_Autor_personal;Cantera, Carlos S.;Cantera, Carlos Santos
015339;v22_Autor_personal;Alvárez, José;Álvarez, José Jorge Enrique
015899;v22_Autor_personal;Novaresi, Marcelo;Novaresi, Marcelo Pablo
015900;v22_Autor_personal;Novaresi, Marcelo;Novaresi, Marcelo Pablo
016518;v22_Autor_personal;Novaresi, Marcelo;Novaresi, Marcelo Pablo
016519;v22_Autor_personal;Cantera, Carlos S.;Cantera, Carlos Santos
017287;v22_Autor_personal;Pérez Zelaschi, Marina;Pérez Zelaschi, Marina Luisa
017313;v22_Autor_personal;Boeri, Ricardo L.<|>Booman, Alejandro C.;Boeri, Ricardo Luis<|>Booman, Alejandro Carlos
017326;v22_Autor_personal;Booman, Alejandro C.;Booman, Alejandro Carlos
017649;v22_Autor_personal;Cuniberti, Martha B.<|>Bainotti, Carlos;Cuniberti, Martha B.<|>Bainotti, Carlos Tomás
017713;v22_Autor_personal;Cabrera, Clara M.<|>D'Orio, Carlos A.<|>Gutiérrez, Marcos F.<|>Zein, Mónica F.;Cabrera, Clara M.<|>D'Orio, Carlos A.<|>Gutiérrez, Marcos F.<|>Zein, Mónica Fátima
017714;v22_Autor_personal;Cabrera, Clara M.<|>D'Orio, Carlos A.<|>Gutiérrez, Marcos F.<|>Zein, Mónica F.;Cabrera, Clara M.<|>D'Orio, Carlos A.<|>Gutiérrez, Marcos F.<|>Zein, Mónica Fátima
017753;v22_Autor_personal;Ferdeghini, Fernando<|>Brengi, Diego<|>Lupi, Daniel;Ferdeghini, Fernando<|>Brengi, Diego Javier<|>Lupi, Daniel
019337;v22_Autor_personal;Gómez, Luis Germán<|>Díaz Monnier, Silvia;Gómez, Luis Germán<|>Díaz Monnier, Silvia Laura
019364;v22_Autor_personal;Novaresi, Marcelo;Novaresi, Marcelo Pablo
019518;v22_Autor_personal;Yasan, Eduardo D.;Yasan, Eduardo David
019547;v22_Autor_personal;Moina, Carlos A.;Moina, Carlos Alberto
019555;v22_Autor_personal;Fraigi, Liliana;Fraigi, Liliana Beatriz
019558;v22_Autor_personal;Novaresi, Marcelo;Novaresi, Marcelo Pablo
019560;v22_Autor_personal;Vera, Víctor Daniel<|>Cantera, Carlos S.;Vera, Víctor Daniel<|>Cantera, Carlos Santos
019563;v22_Autor_personal;Yasan, Eduardo D.;Yasan, Eduardo David
019584;v22_Autor_personal;Aguzín, Fernando;Aguzin, Fernando
019587;v22_Autor_personal;Novaresi, Marcelo;Novaresi, Marcelo Pablo
019591;v22_Autor_personal;Labacá, Patricia;Labacá,  Patricia
019592;v22_Autor_personal;Aragno, Alicia;Aragno, Alicia María
019607;v22_Autor_personal;Méndez, Miguel Angel;Méndez, Miguel Ángel
019903;v22_Autor_personal;Aguzín, Fernando;Aguzin, Fernando
020086;v22_Autor_personal;Cazabat, Marcelo H.<|>García, Ricardo;Cazabat, Marcelo Horacio<|>García, Ricardo
020672;v22_Autor_personal;Pérez Zelaschi, Marina;Pérez Zelaschi, Marina Luisa
020745;v22_Autor_personal;Cogno, Jorge A.;Cogno, Jorge Adrián
020844;v22_Autor_personal;Martínez Krahmer, Daniel;Martínez Krahmer, Daniel Osvaldo
020869;v22_Autor_personal;Mainardi, R.T.<|>Rubio, M.<|>Meda, J.F.;Mainardi, R.T.<|>Rubio, María Agustina<|>Meda, J.F.
020912;v22_Autor_personal;Yasan, Eduardo D.<|>Pappolla, Héctor M.;Yasan, Eduardo David<|>Pappolla, Héctor M.
021094;v22_Autor_personal;Cazabat, Marcelo H.<|>Ogino, Luiz Macoto<|>Sousa, Andréia Quintana L.;Cazabat, Marcelo Horacio<|>Ogino, Luiz Macoto<|>Sousa, Andréia Quintana L.
021115;v22_Autor_personal;Cazabat, Marcelo H.<|>García, Ricardo;Cazabat, Marcelo Horacio<|>García, Ricardo
021117;v22_Autor_personal;Valdés, Joaquín<|>Porfiri, Marta E.<|>Löbbe, Emilio E.<|>Kornblit, Fernando<|>Passarino de Marqués, Mirta N.<|>Leiblich, Juan A.;Valdés, Joaquín<|>Porfiri, Marta E.<|>Löbbe, Emilio E.<|>Kornblit, Fernando<|>Passarino de Marqués, Mirta N.<|>Leiblich, Juan Antonio
021465;v22_Autor_personal;Cogno, Jorge A.;Cogno, Jorge Adrián
021484;v22_Autor_personal;Lupo, Sergio;Lupo, Sergio Gustavo
021923;v22_Autor_personal;Castañeda, Roberto A.<|>Montero, Haidée;Castañeda, Roberto Aníbal<|>Montero, Haidée
021934;v22_Autor_personal;D'Alkaine, Carlos V.<|>Tulio, Paulo C.<|>Mahmud, Zulema;D'Alkaine, Carlos V.<|>Tulio, Paulo C.<|>Mahmud, Zulema Ángela
021935;v22_Autor_personal;Mahmud, Zulema<|>Alanis, Irene Luisa<|>Moina, Carlos A.;Mahmud, Zulema Ángela<|>Alanis, Irene Luisa<|>Moina, Carlos Alberto
021936;v22_Autor_personal;Mahmud, Zulema<|>Alanis, Irene Luisa;Mahmud, Zulema Ángela<|>Alanis, Irene Luisa
022045;v22_Autor_personal;Vera, Claudia<|>Aragón, Ricardo<|>Fraigi, Liliana;Vera, Claudia<|>Aragón, Ricardo<|>Fraigi, Liliana Beatriz
022225;v22_Autor_personal;Mahmud, Zulema;Mahmud, Zulema Ángela
022622;v22_Autor_personal;Tropea, Salvador Eduardo<|>Brengi, Diego J.;Tropea, Salvador Eduardo<|>Brengi, Diego Javier
023062;v22_Autor_personal;Fontán Balestra, Jorge<|>Aragno, Alicia^rcolab.;Fontán Balestra, Jorge<|>Aragno, Alicia María^rcolab.
023063;v22_Autor_personal;Fontán Balestra, Jorge<|>Aragno, Alicia^rcolab.;Fontán Balestra, Jorge<|>Aragno, Alicia María^rcolab.
023477;v22_Autor_personal;Armesto, Javier<|>Marino, Patricia<|>Pérez Zelaschi, Marina<|>Velázquez, Graciela;Armesto, Javier<|>Marino, Patricia<|>Pérez Zelaschi, Marina Luisa<|>Velázquez, Graciela
024354;v22_Autor_personal;López, Mirta Amalia<|>Zein, Mónica;López, Mirta Amalia<|>Zein, Mónica Fátima
024842;v22_Autor_personal;PEREZ ZELASCHI, MARINA<|>RAMM, GERD;Pérez Zelaschi, Marina Luisa<|>RAMM, GERD
024996;v22_Autor_personal;Ballerini, Eduardo S.<|>Dmitruk, Andrés E.<|>Leibovich, Harry A.<|>Quijano, Antonio A.<|>Ottes, J.G.<|>Ruge, Ingolf<|>Mertel, Heinz<|>Bachmann, Günther<|>Rohde, Lother<|>Schlesinger, Bernhard<|>Hofele, Eugen<|>Perecsényi, Oskar<|>Schütt, Helmuth<|>Vornehm, Hermann^rdir.;Ballerini, Eduardo S.<|>Dmitruk, Andrés Esteban<|>Leibovich, Harry A.<|>Quijano, Antonio A.<|>Ottes, J.G.<|>Ruge, Ingolf<|>Mertel, Heinz<|>Bachmann, Günther<|>Rohde, Lother<|>Schlesinger, Bernhard<|>Hofele, Eugen<|>Perecsényi, Oskar<|>Schütt, Helmuth<|>Vornehm, Hermann^rdir.
024997;v22_Autor_personal;Ballerini, Eduardo S.<|>Cohen, Edgardo<|>Godel, Alberto M.<|>Lladós, José María<|>Nochteff, Hugo<|>Otero, Raúl<|>Eichinger, Peter<|>Frensch, Karl.-J.<|>Lindner, Eric<|>Koch, Kaufmann D.<|>Niemann, Gerhard<|>Reiter, Gerhard E.<|>Salmang, Denny<|>Schlesinger, Bernhard<|>Schmitt, Manfred<|>Schober, Joachim<|>Dmitruk, Andrés E.^rdir.<|>Vornehm, Hermann^rdir.;Ballerini, Eduardo S.<|>Cohen, Edgardo<|>Godel, Alberto M.<|>Lladós, José María<|>Nochteff, Hugo<|>Otero, Raúl<|>Eichinger, Peter<|>Frensch, Karl.-J.<|>Lindner, Eric<|>Koch, Kaufmann D.<|>Niemann, Gerhard<|>Reiter, Gerhard E.<|>Salmang, Denny<|>Schlesinger, Bernhard<|>Schmitt, Manfred<|>Schober, Joachim<|>Dmitruk, Andrés Esteban^rdir.<|>Vornehm, Hermann^rdir.
025705;v22_Autor_personal;Castañeda, Roberto Aníbal<|>Ogara, Mario<|>Storani, Eduardo<|>Fiora, Jorge A.<|>Roberts, Laura<|>Bermejo, Angel<|>González, Marcelo<|>Aguzín, Fernando<|>Gatti, Patricia<|>Speranza, Jorge<|>Feilbogen, Ernesto<|>Glaz, Damián<|>Aguilar, Leandro Javier Ceferino;Castañeda, Roberto Aníbal<|>Ogara, Mario<|>Storani, Eduardo<|>Fiora, Jorge A.<|>Roberts, Laura<|>Bermejo, Angel<|>González, Marcelo<|>Aguzin, Fernando<|>Gatti, Patricia<|>Speranza, Jorge<|>Feilbogen, Ernesto<|>Glaz, Damián<|>Aguilar, Leandro Javier Ceferino
026108;v22_Autor_personal;Iuzzolino, Ricardo;Iuzzolino, Ricardo Javier
026152;v22_Autor_personal;Corengia, Pablo<|>Walther, Federico<|>Ybarra, Gabriel<|>Sommadosi, S.<|>Corbari, R.<|>Broitman, E.;Corengia, Pablo<|>Walther, Federico<|>Ybarra, Gabriel Omar<|>Sommadosi, S.<|>Corbari, R.<|>Broitman, E.
026160;v22_Autor_personal;Corengia, Pablo<|>Traverso, M.G.<|>García Alonso-García, D.<|>Egidi, Daniel<|>Ybarra, Gabriel<|>Moina, Carlos<|>Cabo, Amado;Corengia, Pablo<|>Traverso, M.G.<|>García Alonso-García, D.<|>Egidi, Daniel<|>Ybarra, Gabriel Omar<|>Moina, Carlos Alberto<|>Cabo, Amado
026161;v22_Autor_personal;Corengia, Pablo<|>Egidi, Daniel<|>Quinteiro, Mario<|>Ybarra, Gabriel<|>Moina, Carlos<|>Cabo, Amado;Corengia, Pablo<|>Egidi, Daniel<|>Quinteiro, Mario<|>Ybarra, Gabriel Omar<|>Moina, Carlos Alberto<|>Cabo, Amado
026162;v22_Autor_personal;Corengia, Pablo<|>Ybarra, Gabriel<|>Moina, Carlos<|>Cabo, Amado<|>Broitman, E.;Corengia, Pablo<|>Ybarra, Gabriel Omar<|>Moina, Carlos Alberto<|>Cabo, Amado<|>Broitman, E.
027292;v22_Autor_personal;Fontán Balestra, Jorge<|>Aragno, Alicia^rcolab.;Fontán Balestra, Jorge<|>Aragno, Alicia María^rcolab.
027293;v22_Autor_personal;Fontán Balestra, Jorge<|>Aragno, Alicia^rcolab.;Fontán Balestra, Jorge<|>Aragno, Alicia María^rcolab.
027321;v22_Autor_personal;Luppi, Lorena I.<|>Hardmeier, Ivo<|>Babay, Paola Alejandra<|>Itria, Raúl F.<|>Erijman, Leonardo;Luppi, Lorena I.<|>Hardmeier, Ivo<|>Babay, Paola Alejandra<|>Itria, Raúl Fabio<|>Erijman, Leonardo
027393;v22_Autor_personal;Perez Zelaschi, Marina<|>Bado, Héctor;Pérez Zelaschi, Marina Luisa<|>Bado, Héctor
027434;v22_Autor_personal;Barón, Mabel<|>Bejanuel, Walter<|>Buján, Silvana<|>De Luca, Laura<|>Kogan, Mariela<|>Musumeci, Edgardo A.<|>Zorzenón, Alejandro;Barón, Mabel<|>Bejanuel, Walter<|>Buján, Silvana<|>De Luca, Laura Mariana<|>Kogan, Mariela<|>Musumeci, Edgardo A.<|>Zorzenón, Alejandro
027713;v22_Autor_personal;Armesto, Javier<|>Marino, Patricia<|>Pérez Zelaschi, Marina<|>Velázquez, Graciela;Armesto, Javier<|>Marino, Patricia<|>Pérez Zelaschi, Marina Luisa<|>Velázquez, Graciela
035178;v22_Autor_personal;Ghida Daza, Carlos<|>Muñoz, Reinaldo<|>Bainotti, Carlos<|>Fraschina, Jorge<|>Salines, José<|>Alberione, Enrique<|>Gómez, Donisio<|>Nisi, Jorge<|>Masiero, Beatriz<|>Conde, Belén<|>Cuniberti, Martha<|>Mir, Leticia<|>Macagno, Susana<|>Berra, Omar<|>Gutiérrez, Carmen<|>Bertram, Nicolás<|>Chiacchera, Sebastián<|>Reartes, Fernando<|>Amigone, Miguel<|>Ferraris, Gustavo<|>Gil, Rodolfo<|>Anselmi, Henry<|>Ferreira, Laura<|>Martínez, José Luis<|>Feresin, Patricio;Ghida Daza, Carlos<|>Muñoz, Reinaldo<|>Bainotti, Carlos Tomás<|>Fraschina, Jorge<|>Salines, José<|>Alberione, Enrique<|>Gómez, Donisio<|>Nisi, Jorge<|>Masiero, Beatriz<|>Conde, Belén<|>Cuniberti, Martha<|>Mir, Leticia<|>Macagno, Susana<|>Berra, Omar<|>Gutiérrez, Carmen<|>Bertram, Nicolás<|>Chiacchera, Sebastián<|>Reartes, Fernando<|>Amigone, Miguel<|>Ferraris, Gustavo<|>Gil, Rodolfo<|>Anselmi, Henry<|>Ferreira, Laura<|>Martínez, José Luis<|>Feresin, Patricio
035641;v22_Autor_personal;Baldo, Jorge;Baldo, Jorge Edison
035857;v22_Autor_personal;Dolmann, Inés<|>Luna, Fabio<|>Velázquez, Silvia Beatriz<|>Jeifetz, Ricardo Alberto<|>Aloonso, Germán René<|>Salmici, José<|>Quiroz, Zenón<|>Ferragaut, Claudia<|>Arroyo, Oscar Rafael Antonio<|>Hasapov, Basilio<|>Corso, María Eugenia<|>Moruga, Víctor<|>Niño Gomez, Alicia<|>Berardo, Liliana<|>Pinto, Mónica;Dolmann, Inés Teresa<|>Luna, Fabio Sergio<|>Velázquez, Silvia Beatriz<|>Jeifetz, Ricardo Alberto<|>Aloonso, Germán René<|>Salmici, José<|>Quiroz, Zenón<|>Ferragaut, Claudia<|>Arroyo, Oscar Rafael Antonio<|>Hasapov, Basilio<|>Corso, María Eugenia<|>Moruga, Víctor<|>Niño Gomez, Alicia<|>Berardo, Liliana<|>Pinto, Mónica
035960;v22_Autor_personal;Alvarez, Carolina<|>Molino, Josefina<|>Capuccino, Víctor<|>Giubergia, Juan P.<|>Salinas, Aquiles I.;Álvarez, Carolina<|>Molino, Josefina<|>Capuccino, Víctor<|>Giubergia, Juan P.<|>Salinas, Aquiles I.
036074;v22_Autor_personal;Martínez Krahmer, Daniel;Martínez Krahmer, Daniel Osvaldo
036103;v22_Autor_personal;Mozzi, Fernanda^red.<|>Raya, Raúl R.^red.<|>Vignolo, Graciela M.^red.;Mozzi, Fernanda^red.<|>Raya, Raúl R.^red.<|>Vignolo, Graciela Margarita^red.
036147;v22_Autor_personal;Fontán Balestra, Jorge<|>Aragno, Alicia^rcolab.;Fontán Balestra, Jorge<|>Aragno, Alicia María^rcolab.
036322;v22_Autor_personal;Dmitruk, Andrés E.^rcoord.<|>Brengi, Diego<|>González, Carlos;Dmitruk, Andrés Esteban^rcoord.<|>Brengi, Diego Javier<|>González, Carlos
036572;v22_Autor_personal;Silva, Carmen<|>Araujo, Facundo<|>Rozas, Carlos<|>Novaresi, Marcelo;Silva, Carmen Leonilda<|>Araujo, Facundo<|>Rozas, Carlos<|>Novaresi, Marcelo Pablo
036670;v22_Autor_personal;Bainotti, Carlos<|>Fraschina, Jorge<|>Salines, José<|>Alberione, Enrique<|>Gómez, Donisio<|>Nisi, Jorge<|>Masiero, Beatriz<|>Conde, Belén<|>Paolini, Haroldo<|>Cuniberti, Martha<|>Mir, Leticia<|>Macagno, Susana<|>Berra, Omar<|>Gutierrez, Carmen<|>Bertram, Nicolás<|>Chiacchera, Sebastián<|>Reartes, Fernando<|>Amigone, Miguel<|>Donaire, Guillermo<|>Formica, Beatriz<|>Conde, Belén<|>Arburua, Mario<|>Rosso, Danilo<|>Masino, Alejandra<|>Madoery, Ormando<|>Puentes, Andrés<|>Anselmi, Henry<|>Vela, Fernando<|>Feresin, Patricio;Bainotti, Carlos Tomás<|>Fraschina, Jorge<|>Salines, José<|>Alberione, Enrique<|>Gómez, Donisio<|>Nisi, Jorge<|>Masiero, Beatriz<|>Conde, Belén<|>Paolini, Haroldo<|>Cuniberti, Martha<|>Mir, Leticia<|>Macagno, Susana<|>Berra, Omar<|>Gutierrez, Carmen<|>Bertram, Nicolás<|>Chiacchera, Sebastián<|>Reartes, Fernando<|>Amigone, Miguel<|>Donaire, Guillermo<|>Formica, Beatriz<|>Conde, Belén<|>Arburua, Mario<|>Rosso, Danilo<|>Masino, Alejandra<|>Madoery, Ormando<|>Puentes, Andrés<|>Anselmi, Henry<|>Vela, Fernando<|>Feresin, Patricio
037036;v22_Autor_personal;Cabrera, Clara M.<|>D'Orio, Carlos A.<|>Gutiérrez, Marcos F.<|>Zein, Mónica F.;Cabrera, Clara M.<|>D'Orio, Carlos A.<|>Gutiérrez, Marcos F.<|>Zein, Mónica Fátima
037475;v22_Autor_personal;Corengia, Pablo<|>Walther, Federico<|>Ybarra, Gabriel<|>Sommadosi, S.<|>Corbari, R.<|>Broitman, E.;Corengia, Pablo<|>Walther, Federico<|>Ybarra, Gabriel Omar<|>Sommadosi, S.<|>Corbari, R.<|>Broitman, E.
037477;v22_Autor_personal;Escola, Marcos<|>Moina, Carlos<|>Niño Gómez, Alicia<|>Ybarra, Gabriel;Escola, Marcos<|>Moina, Carlos Alberto<|>Niño Gómez, Alicia<|>Ybarra, Gabriel Omar
037478;v22_Autor_personal;Ybarra, Gabriel<|>Moina, Carlos<|>Molina, F.V.<|>Florit, M.I.<|>Posadas, D.;Ybarra, Gabriel Omar<|>Moina, Carlos Alberto<|>Molina, F.V.<|>Florit, M.I.<|>Posadas, D.
037479;v22_Autor_personal;Corengia, Pablo<|>Ybarra, Gabriel<|>Moina, Carlos<|>Cabo, Amado<|>Broitman, E.;Corengia, Pablo<|>Ybarra, Gabriel Omar<|>Moina, Carlos Alberto<|>Cabo, Amado<|>Broitman, E.
037480;v22_Autor_personal;Moina, Carlos<|>Varela, F.E.<|>Feria Hernández, L.<|>Ybarra, Gabriel<|>Vilche, J.R.;Moina, Carlos Alberto<|>Varela, F.E.<|>Feria Hernández, L.<|>Ybarra, Gabriel Omar<|>Vilche, J.R.
037482;v22_Autor_personal;Corengia, Pablo<|>Ybarra, Gabriel<|>Moina, Carlos<|>Cabo, Amado<|>Broitman, E.;Corengia, Pablo<|>Ybarra, Gabriel Omar<|>Moina, Carlos Alberto<|>Cabo, Amado<|>Broitman, E.
037483;v22_Autor_personal;Ybarra, Gabriel<|>Moina, Carlos<|>Andrade, E.M.<|>Molina, F.V.<|>Florit, M.I.<|>Rodríguez Presa, M.J.<|>Posadas, D.;Ybarra, Gabriel Omar<|>Moina, Carlos Alberto<|>Andrade, E.M.<|>Molina, F.V.<|>Florit, M.I.<|>Rodríguez Presa, M.J.<|>Posadas, D.
037484;v22_Autor_personal;Moina, Carlos<|>Ybarra, Gabriel;Moina, Carlos Alberto<|>Ybarra, Gabriel Omar
037485;v22_Autor_personal;Ybarra, Gabriel<|>Moina, Carlos<|>Florit, M.I.<|>Posadas, D.;Ybarra, Gabriel Omar<|>Moina, Carlos Alberto<|>Florit, M.I.<|>Posadas, D.
037529;v22_Autor_personal;Las Heras, Evangelina de<|>González Santamaría, Daniel<|>García-Luis, Alberto<|>Cabo, Amado<|>Brizuela, Marta<|>Ybarra, Gabriel<|>Mingolo, Norma<|>Brühl, Sonia<|>Corengia, Pablo;Las Heras, Evangelina de<|>González Santamaría, Daniel<|>García-Luis, Alberto<|>Cabo, Amado<|>Brizuela, Marta<|>Ybarra, Gabriel Omar<|>Mingolo, Norma<|>Brühl, Sonia<|>Corengia, Pablo
037874;v22_Autor_personal;Fontán Balestra, Jorge<|>Aragno, Alicia^rcolab.;Fontán Balestra, Jorge<|>Aragno, Alicia María^rcolab.
037966;v22_Autor_personal;Fontán Balestra, Jorge<|>Aragno, Alicia^rcolab.;Fontán Balestra, Jorge<|>Aragno, Alicia María^rcolab.
037967;v22_Autor_personal;Reimundín, Juan Carlos<|>Cudmani, Roberto<|>Aragno, Alicia^rcolab.<|>Pons, María Eugenia^rcolab.;Reimundín, Juan Carlos<|>Cudmani, Roberto<|>Aragno, Alicia María^rcolab.<|>Pons, María Eugenia^rcolab.
037968;v22_Autor_personal;Reimundín, Juan Carlos<|>Cudmani, Roberto<|>Aragno, Alicia^rcolab.<|>Pons, María Eugenia^rcolab.;Reimundín, Juan Carlos<|>Cudmani, Roberto<|>Aragno, Alicia María^rcolab.<|>Pons, María Eugenia^rcolab.
037969;v22_Autor_personal;Reimundín, Juan Carlos<|>Cudmani, Roberto<|>Aragno, Alicia^rcolab.<|>Pons, María Eugenia^rcolab.;Reimundín, Juan Carlos<|>Cudmani, Roberto<|>Aragno, Alicia María^rcolab.<|>Pons, María Eugenia^rcolab.
038439;v22_Autor_personal;Campos, Eduardo<|>Fernández, Guillermo<|>Frey, Graciela;Campos, Eduardo Ariel<|>Fernández, Guillermo<|>Frey, Graciela
038600;v22_Autor_personal;Miró Specos, M.M.<|>Escobar, Germán<|>Marino, Patricia<|>Puggia, César<|>Defain Tesoriero, M. Victoria<|>Hermida, Laura;Miró Specos, M.M.<|>Escobar, Germán<|>Marino, Patricia<|>Puggia, César<|>Defain Tesoriero, María Victoria<|>Hermida, Laura
038802;v22_Autor_personal;Vieites, Carlos M.<|>Basso, Claudio P.<|>Zunini, Hernán L.;Vieites, Carlos M.<|>Basso, Claudio P.<|>Zunini, Hernán Lucas
039261;v22_Autor_personal;Bonnemezón, Alfredo Jesús<|>Martínez Krahmer, Daniel;Bonnemezón, Alfredo Jesús<|>Martínez Krahmer, Daniel Osvaldo
039322;v22_Autor_personal;Las Heras, Evangelina de<|>Walther, Federico<|>Corengia, Pablo<|>Ybarra, Gabriel Omar<|>Moina, Carlos<|>Mingolo, N.<|>Brühl, S.<|>Cabo, Amado;Las Heras, Evangelina de<|>Walther, Federico<|>Corengia, Pablo<|>Ybarra, Gabriel Omar<|>Moina, Carlos Alberto<|>Mingolo, N.<|>Brühl, S.<|>Cabo, Amado
039324;v22_Autor_personal;Calahonra, M. C.<|>Las Heras, Evangelina de<|>La Serna, Fernando de<|>Corengia, Pablo<|>Ybarra, Gabriel<|>Svoboda, Hernán Gabriel;Calahonra, M. C.<|>Las Heras, Evangelina de<|>La Serna, Fernando de<|>Corengia, Pablo<|>Ybarra, Gabriel Omar<|>Svoboda, Hernán Gabriel
039325;v22_Autor_personal;Conterno, Gabriela<|>Pazos, Leonardo<|>Parodi, María Belén<|>Egidi, Daniel<|>Corengia, Pablo;Conterno, Gabriela<|>Pazos, Leonardo Martín<|>Parodi, María Belén<|>Egidi, Daniel<|>Corengia, Pablo
039327;v22_Autor_personal;Conterno, Gabriela<|>Pazos, Leonardo<|>Egidi, Daniel<|>Parodi, María Belén<|>Corengia, Pablo<|>Crosta, R.;Conterno, Gabriela<|>Pazos, Leonardo Martín<|>Egidi, Daniel<|>Parodi, María Belén<|>Corengia, Pablo<|>Crosta, R.
039328;v22_Autor_personal;Corengia, Pablo<|>Ybarra, Gabriel<|>Mendive, Damián<|>Egidi, Daniel<|>Fraigi, Liliana<|>Quinteiro, Mario<|>Moina, Carlos;Corengia, Pablo<|>Ybarra, Gabriel Omar<|>Mendive, Damián<|>Egidi, Daniel<|>Fraigi, Liliana Beatriz<|>Quinteiro, Mario<|>Moina, Carlos Alberto
039330;v22_Autor_personal;Corengia, Pablo<|>Egidi, Daniel<|>Quinteiro, Mario<|>Ybarra, Gabriel<|>Moina, Carlos<|>Conterno, Gabriela<|>Roviglione, A.;Corengia, Pablo<|>Egidi, Daniel<|>Quinteiro, Mario<|>Ybarra, Gabriel Omar<|>Moina, Carlos Alberto<|>Conterno, Gabriela<|>Roviglione, A.
039331;v22_Autor_personal;Pazos, Leonardo<|>Conterno, Gabriela<|>Parodi, María Belén<|>Roth, Víctor<|>Egidi, Daniel<|>Corengia, Pablo<|>Crosta, R.;Pazos, Leonardo Martín<|>Conterno, Gabriela<|>Parodi, María Belén<|>Roth, Víctor<|>Egidi, Daniel<|>Corengia, Pablo<|>Crosta, R.
039332;v22_Autor_personal;Conterno, Gabriela<|>Pazos, Leonardo<|>Egidi, Daniel<|>Corengia, Pablo<|>Rosa, H. de<|>Crosta, R.;Conterno, Gabriela<|>Pazos, Leonardo Martín<|>Egidi, Daniel<|>Corengia, Pablo<|>Rosa, H. de<|>Crosta, R.
039334;v22_Autor_personal;Conterno, Gabriela<|>Pazos, Leonardo<|>Egidi, Daniel<|>Corengia, Pablo<|>Rosa, H. de<|>Crosta, R.;Conterno, Gabriela<|>Pazos, Leonardo Martín<|>Egidi, Daniel<|>Corengia, Pablo<|>Rosa, H. de<|>Crosta, R.
039335;v22_Autor_personal;Egidi, Daniel<|>Corengia, Pablo<|>García Alonso-García, D.<|>Ybarra, Gabriel<|>Moina, Carlos<|>Cabo, Amado;Egidi, Daniel<|>Corengia, Pablo<|>García Alonso-García, D.<|>Ybarra, Gabriel Omar<|>Moina, Carlos Alberto<|>Cabo, Amado
039337;v22_Autor_personal;Martínez Krahmer, Daniel<|>Russo, Diego<|>Egidi, Daniel<|>Traverso, Paulo<|>Corengia, Pablo<|>Cabo, Amado;Martínez Krahmer, Daniel Osvaldo<|>Russo, Diego<|>Egidi, Daniel<|>Traverso, Paulo<|>Corengia, Pablo<|>Cabo, Amado
039338;v22_Autor_personal;Corengia, Pablo<|>Egidi, Daniel<|>Quinteiro, Mario<|>Ybarra, Gabriel<|>Moina, Carlos<|>Cabo, Amado;Corengia, Pablo<|>Egidi, Daniel<|>Quinteiro, Mario<|>Ybarra, Gabriel Omar<|>Moina, Carlos Alberto<|>Cabo, Amado
039339;v22_Autor_personal;Corengia, Pablo<|>Egidi, Daniel<|>Quinteiro, Mario<|>Ybarra, Gabriel<|>Moina, Carlos<|>Conterno, Gabriela<|>Roviglione, A.;Corengia, Pablo<|>Egidi, Daniel<|>Quinteiro, Mario<|>Ybarra, Gabriel Omar<|>Moina, Carlos Alberto<|>Conterno, Gabriela<|>Roviglione, A.
039341;v22_Autor_personal;Corengia, Pablo<|>Traverso, M.G.<|>García Alonso-García, D.<|>Egidi, Daniel<|>Ybarra, Gabriel<|>Moina, Carlos<|>Cabo, Amado;Corengia, Pablo<|>Traverso, M.G.<|>García Alonso-García, D.<|>Egidi, Daniel<|>Ybarra, Gabriel Omar<|>Moina, Carlos Alberto<|>Cabo, Amado
039342;v22_Autor_personal;Corengia, Pablo<|>Egidi, Daniel<|>Quinteiro, Mario<|>Ybarra, Gabriel<|>Moina, Carlos<|>Cabo, Amado;Corengia, Pablo<|>Egidi, Daniel<|>Quinteiro, Mario<|>Ybarra, Gabriel Omar<|>Moina, Carlos Alberto<|>Cabo, Amado
039343;v22_Autor_personal;Corengia, Pablo<|>Conterno, Gabriela<|>Pazos, Leonardo<|>Egidi, Daniel<|>Menéndez, Diego<|>Rosa, H.de<|>Crosta, R.;Corengia, Pablo<|>Conterno, Gabriela<|>Pazos, Leonardo Martín<|>Egidi, Daniel<|>Menéndez, Diego Hernán<|>Rosa, H.de<|>Crosta, R.
039344;v22_Autor_personal;Parodi, María Belén<|>Conterno, Gabriela<|>Pazos, Leonardo<|>Roth, Víctor<|>Corengia, Pablo<|>Egidi, Daniel<|>Crosta, R.;Parodi, María Belén<|>Conterno, Gabriela<|>Pazos, Leonardo Martín<|>Roth, Víctor<|>Corengia, Pablo<|>Egidi, Daniel<|>Crosta, R.
039346;v22_Autor_personal;Martínez Krahmer, Daniel<|>Russo, Diego<|>Egidi, Daniel<|>Las Heras, Evangelina de<|>Corengia, Pablo<|>Cabo, Amado;Martínez Krahmer, Daniel Osvaldo<|>Russo, Diego<|>Egidi, Daniel<|>Las Heras, Evangelina de<|>Corengia, Pablo<|>Cabo, Amado
039348;v22_Autor_personal;Walther, Federico<|>Egidi, Daniel<|>Corengia, Pablo<|>Quinteiro, Mario<|>Ybarra, Gabriel<|>Cabo, Amado;Walther, Federico<|>Egidi, Daniel<|>Corengia, Pablo<|>Quinteiro, Mario<|>Ybarra, Gabriel Omar<|>Cabo, Amado
039351;v22_Autor_personal;Martínez Krahmer, Daniel<|>Russo, Diego;Martínez Krahmer, Daniel Osvaldo<|>Russo, Diego
039352;v22_Autor_personal;Martínez Krahmer, Daniel<|>Corengia, Pablo<|>Russo, Diego<|>Egidi, Daniel<|>Rodríguez, F.<|>Cabo, Amado;Martínez Krahmer, Daniel Osvaldo<|>Corengia, Pablo<|>Russo, Diego<|>Egidi, Daniel<|>Rodríguez, F.<|>Cabo, Amado
039353;v22_Autor_personal;Martínez Krahmer, Daniel<|>Russo, Diego<|>Egidi, Daniel<|>Traverso, María Gabriela<|>Corengia, Pablo<|>Cabo, Amado;Martínez Krahmer, Daniel Osvaldo<|>Russo, Diego<|>Egidi, Daniel<|>Traverso, María Gabriela<|>Corengia, Pablo<|>Cabo, Amado
039354;v22_Autor_personal;Martínez Krahmer, Daniel<|>Elvira, Gustavo<|>González, Oscar<|>Russo, Diego<|>Lafogianni, Gustavo<|>Percich, Carlos;Martínez Krahmer, Daniel Osvaldo<|>Elvira, Gustavo<|>González, Oscar<|>Russo, Diego<|>Lafogianni, Gustavo<|>Percich, Carlos
039355;v22_Autor_personal;Martínez Krahmer, Daniel<|>Paredes, A.<|>Maceira, G.;Martínez Krahmer, Daniel Osvaldo<|>Paredes, A.<|>Maceira, G.
039356;v22_Autor_personal;Martínez Krahmer, Daniel<|>Russo, Daniel<|>Torres, P.<|>Lorusso, Hernán Norberto<|>Egidi, Daniel;Martínez Krahmer, Daniel Osvaldo<|>Russo, Daniel<|>Torres, P.<|>Lorusso, Hernán Norberto<|>Egidi, Daniel
039357;v22_Autor_personal;Martínez Krahmer, Daniel<|>Paredes, A.<|>Russo, Daniel<|>Torres, P.;Martínez Krahmer, Daniel Osvaldo<|>Paredes, A.<|>Russo, Daniel<|>Torres, P.
039358;v22_Autor_personal;Martínez Krahmer, Daniel<|>Paredes, A.<|>Ruiz, Enrique<|>Pombo, P.<|>Torres, P.;Martínez Krahmer, Daniel Osvaldo<|>Paredes, A.<|>Ruiz, Enrique<|>Pombo, P.<|>Torres, P.
039365;v22_Autor_personal;Laiz, Héctor<|>Kornblit, Fernando<|>Di Lillo, Lucas;Laiz, Héctor<|>Kornblit, Fernando<|>Di Lillo, Lucas Daniel
039366;v22_Autor_personal;Yasan, Eduardo;Yasan, Eduardo David
039367;v22_Autor_personal;Lupo, Sergio<|>Forastieri, Juan<|>Cirvini, Juan;Lupo, Sergio Gustavo<|>Forastieri, Juan<|>Cirvini, Juan
039370;v22_Autor_personal;Forastieri, Juan<|>Lupo, Sergio;Forastieri, Juan<|>Lupo, Sergio Gustavo
039372;v22_Autor_personal;Armesto, Javier<|>Marino, Patricia<|>Perez Zelaschi, Marina<|>Velazquez, Graciela;Armesto, Javier<|>Marino, Patricia<|>Pérez Zelaschi, Marina Luisa<|>Velazquez, Graciela
039403;v22_Autor_personal;Lorusso, Hernán<|>Burgueño, Alejandro<|>Svoboda, Hernán G.;Lorusso, Hernán Norberto<|>Burgueño, Alejandro<|>Svoboda, Hernán Gabriel
039412;v22_Autor_personal;Babay, Paola Alejandra<|>Romero Ale, Emiliano E.<|>Itria, Raúl F.<|>Becquart, Elena T<|>Thiele, Björn<|>Batistoni, Daniel A.;Babay, Paola Alejandra<|>Romero Ale, Emiliano E.<|>Itria, Raúl Fabio<|>Becquart, Elena T<|>Thiele, Björn<|>Batistoni, Daniel A.
039413;v22_Autor_personal;Lozada, Mariana<|>Itria, Raúl F.<|>Figuerola, Eva L.M.<|>Babay, Paola Alejandra<|>Gettar, Raquel T.<|>De Tullio, Luis A.<|>Erijman, Leonardo;Lozada, Mariana<|>Itria, Raúl Fabio<|>Figuerola, Eva L.M.<|>Babay, Paola Alejandra<|>Gettar, Raquel T.<|>De Tullio, Luis A.<|>Erijman, Leonardo
039414;v22_Autor_personal;Lozada, Mariana<|>Figuerola, Eva L.M.<|>Itria, Raúl F.<|>Erijman, Leonardo;Lozada, Mariana<|>Figuerola, Eva L.M.<|>Itria, Raúl Fabio<|>Erijman, Leonardo
039417;v22_Autor_personal;Tiscornia, Isabel<|>Bisciotti, Karina<|>Schicchi, Nora<|>Eisenberg, Patricia<|>Rocci, Pablo<|>Giménez, Ricardo<|>Alarcón, Carolina Ayelén<|>Svensen, Ana<|>Piccinna, Margarita<|>Valiente, Liliana;Tiscornia, Isabel<|>Bisciotti, Karina Rosana<|>Schicchi, Nora<|>Eisenberg, Patricia<|>Rocci, Pablo<|>Giménez, Ricardo<|>Alarcón, Carolina Ayelén<|>Svensen, Ana<|>Piccinna, Margarita<|>Valiente, Liliana
039419;v22_Autor_personal;Rodríguez, M.A.<|>Raco, Fernando<|>Rodríguez, Gabriela<|>Giraudo, Cintia<|>Castañeda, Roberto Aníbal<|>Murphy, Marcela;Rodríguez, M.A.<|>Raco, Fernando Francisco<|>Rodríguez, Gabriela<|>Giraudo, Cintia<|>Castañeda, Roberto Aníbal<|>Murphy, Marcela
039425;v22_Autor_personal;Castañeda, Roberto Aníbal<|>Murno, H.<|>González, M.<|>Toledo, Antonio Edgardo<|>Castells, M.<|>Espinosa, V.<|>Storani, E.<|>Speranza, J.<|>Robert, L<|>Aguilar, Leandro Javier Ceferino<|>Aimar, Bruno Nicolás<|>Nieto, I.<|>Schmidt, E.;Castañeda, Roberto Aníbal<|>Murno, H.<|>González, M.<|>Toledo, Antonio Edgardo<|>Castells, María Laura<|>Espinosa, V.<|>Storani, E.<|>Speranza, J.<|>Robert, L<|>Aguilar, Leandro Javier Ceferino<|>Aimar, Bruno Nicolás<|>Nieto, I.<|>Schmidt, E.
039427;v22_Autor_personal;Fabro, Mabel Angélica<|>Milanesio, H.<|>Robert, L.<|>Speranza, J.<|>Murphy, M.<|>Rodríguez, G.<|>Castañeda, Roberto Aníbal;Fabro, Mabel Angélica<|>Milanesio, H.<|>Robert, L.<|>Speranza, J.<|>Murphy, M.<|>Rodríguez, Gisela Vanina<|>Castañeda, Roberto Aníbal
039428;v22_Autor_personal;Nieto, Ivana<|>Pirola, María Belén;Nieto, Ivana<|>Pirola, María  Belén
039438;v22_Autor_personal;Gascón, A.<|>Cerchiai, Edgar<|>Zuritz, C.<|>Dip, G.<|>Suliá, P.<|>Ingrassia, E.<|>Ventura, L.<|>Bressia, C.<|>Claros, S.<|>Gracia, V.<|>Espejo C.<|>Maldonado, M.;Gascón, A.<|>Cerchiai, Edgar<|>Zuritz, C.<|>Dip, G.<|>Suliá, P.<|>Ingrassia, E.<|>Ventura, L.<|>Bressia, C.<|>Claros, Sonia Amelia<|>Gracia, V.<|>Espejo C.<|>Maldonado, M.
039439;v22_Autor_personal;Gascón, Alejandro<|>Cerchiai, Edgar<|>Raimondo, Emilia<|>Zuritz, Carlos<|>Oberti, Gabriela<|>Ingrassia, Elba<|>D'Innocenzo, S.<|>Rodríguez, S.<|>Maldonado, Mariela<|>Espejo, Cecilia<|>Gracia, Virginia<|>Claros, Sonia;Gascón, Alejandro<|>Cerchiai, Edgar<|>Raimondo, Emilia<|>Zuritz, Carlos<|>Oberti, Gabriela<|>Ingrassia, Elba<|>D'Innocenzo, S.<|>Rodríguez, S.<|>Maldonado, Mariela<|>Espejo, Cecilia<|>Gracia, Virginia<|>Claros, Sonia Amelia
039445;v22_Autor_personal;Rodríguez, Norma<|>Maiorana, Pablo;Rodríguez, Norma<|>Maiorana, Pablo Andrés
039452;v22_Autor_personal;Cazzasa, Esteban Gerardo<|>Fernández Sturla, M. J.<|>Itria, Raúl Fabio;Cazzasa, Esteban Gerardo<|>Fernández Sturla, María José<|>Itria, Raúl Fabio
039453;v22_Autor_personal;Supanitsky, Alicia<|>Vozza, Nicolás<|>Russo, Daniela<|>Zorreguieta, Ángeles;Supanitsky, Alicia Beatriz<|>Vozza, Nicolás<|>Russo, Daniela<|>Zorreguieta, Ángeles
039456;v22_Autor_personal;Alanis, Irene Luisa<|>Álvarez, Néstor<|>Bisciotti, Karina Rosana<|>Capo Valera, E.<|>Danelón, N.<|>Elizondo, A.<|>Ermeminto, S.<|>Gopp Pereiro, M.<|>Giannasi, E.<|>Grabois, L.<|>Iribarren, Mariela Clara<|>Niño Gómez, A.<|>Olari, C.<|>Pandolfi, G.<|>Pazos, A.L.<|>Piccinna, M.<|>Rivero, M.<|>Salamone, C.<|>Stoklosa, D.<|>Stratico, M.<|>Zuchiatti, A.;Alanis, Irene Luisa<|>Álvarez, Néstor<|>Bisciotti, Karina Rosana<|>Capo Valera, E.<|>Danelón, N.<|>Elizondo, A.<|>Ermeminto, S.<|>Gopp Pereiro, M.<|>Giannasi, E.<|>Grabois, L.<|>Iribarren, Mariela Clara<|>Niño Gómez, A.<|>Olari, C.<|>Pandolfi, G.<|>Pazos, A.L.<|>Piccinna, M.<|>Rivero, M.<|>Salamone, C.<|>Stoklosa, Daniela Nélida<|>Stratico, M.<|>Zuchiatti, A.
039461;v22_Autor_personal;Apro, Nicolás J.<|>Aguilar, Valentina<|>Blasco, Ramiro<|>Ferreyra, Verónica<|>Gil, Guillermo P.<|>Gulivart, Verónica L.<|>Orbea, María Marta;Apro, Nicolás J.<|>Aguilar, Valentina<|>Blasco, Ramiro Raúl<|>Ferreyra, Verónica<|>Gil, Guillermo P.<|>Gulivart, Verónica L.<|>Orbea, María Marta
039485;v22_Autor_personal;Mahmud, Zulema Angela<|>Alanis, Irene Luisa;Mahmud, Zulema Ángela<|>Alanis, Irene Luisa
039513;v22_Autor_personal;Rubino, Guillermo<|>Palmero, Hernán<|>Dünky, Adrián;Rubino, Guillermo<|>Palmero, Hernán<|>Dunky, Adrián Guillermo
039515;v22_Autor_personal;Abuin, Graciela Carmen<|>Diaz, L.<|>Corti, H. R.;Abuin, Graciela Carmen<|>Díaz, Liliana Analía<|>Corti, H. R.
039519;v22_Autor_personal;"Bisciotti, Karina<|>Haas, Cristina<|>Ceriotti; Andrés<|>Escola, Marcos<|>Guillerat; Mónica<|>Niño Gómez, Alicia C.<|>Pinto, Mónica<|>Poliszuk, Andrea<|>Vorobey, Alejandra";"Bisciotti, Karina Rosana<|>Haas, Cristina<|>Ceriotti; Andrés<|>Escola, Marcos<|>Guillerat; Mónica<|>Niño Gómez, Alicia C.<|>Pinto, Mónica<|>Poliszuk, Andrea<|>Vorobey, Alejandra"
039523;v22_Autor_personal;Ariosti, A.<|>Fernández, M. R.<|>Fernández, G.<|>Munizza, Gabriela Vanina<|>Picco, P.<|>Pato, O.<|>López Cabana, G.<|>Fernández, A.;Ariosti, A.<|>Fernández, M. R.<|>Fernández, G.<|>Munizza, Gabriela Vanina<|>Picco, P.<|>Pato, Osiris Emiliano<|>López Cabana, G.<|>Fernández, A.
039525;v22_Autor_personal;Ariosti, A.<|>Fernández, M. R.<|>Fernández, G.<|>Maxia, G.<|>Menéndez, A.<|>Alonso, E.<|>Curcio, N.<|>Cremona, M. C.<|>Jorge, L.;Ariosti, A.<|>Fernández, M. R.<|>Fernández, G.<|>Maxia, G.<|>Menéndez, A.<|>Alonso, E.<|>Curcio, N.<|>Cremona, M. C.<|>Jorge, Luis Andrés
039536;v22_Autor_personal;Papczuk, G.<|>Egidi, D. A.<|>Ibba, M.<|>Martinez Krahmer, D.;Papczuk, G.<|>Egidi, D. A.<|>Ibba, M.<|>Martínez Krahmer, Daniel Osvaldo
039537;v22_Autor_personal;Delorenzi, Fabián.<|>Vélez, Hugo;Delorenzi, Fabián<|>Vélez, Hugo
039554;v22_Autor_personal;"Silva, Carmen L.<|>D'Amico; Elizabeth";"Silva, Carmen Leonilda<|>D'Amico; Elizabeth"
039563;v22_Autor_personal;López, M.<|>Zein, M.;López, María Cristina<|>Zein, Mónica Fátima
039576;v22_Autor_personal;"Silva, Carmen L.<|>D'Amico; Elizabeth";"Silva, Carmen Leonilda<|>D'Amico; Elizabeth"
039582;v22_Autor_personal;Escudero, Gustavo;Escudero, Gustavo Pablo
039583;v22_Autor_personal;Martinez Krahmer, D.<|>Russo, D.;Martínez Krahmer, Daniel Osvaldo<|>Russo, D.
039589;v22_Autor_personal;Fox, María Lía<|>Luna, Fabio<|>Dawidowski, Laura<|>Vázquez, Cristina;Fox, María Lía<|>Luna, Fabio Sergio<|>Dawidowski, Laura<|>Vázquez, Cristina
039592;v22_Autor_personal;Martinez Krahmer, D.<|>Russo, D.<|>Egidi, D.A.<|>Las Heras, E. de<|>Corengia, P.<|>Cabo, Amado;Martínez Krahmer, Daniel Osvaldo<|>Russo, D.<|>Egidi, D.A.<|>Las Heras, E. de<|>Corengia, P.<|>Cabo, Amado
039594;v22_Autor_personal;Valdés, Joaquín^rcoord.<|>Lupi, Daniel^rcoord.<|>Moina, Carlos^rcoord.<|>Eisenberg, Patricia^rcoord.<|>Hermida, Laura G.^rcoord.;Valdés, Joaquín^rcoord.<|>Lupi, Daniel^rcoord.<|>Moina, Carlos Alberto^rcoord.<|>Eisenberg, Patricia^rcoord.<|>Hermida, Laura G.^rcoord.
039610;v22_Autor_personal;Ybarra, Gabriel;Ybarra, Gabriel Omar
039616;v22_Autor_personal;Laiz, Héctor<|>Kornblit, Fernando<|>Di Lillo, Lucas;Laiz, Héctor<|>Kornblit, Fernando<|>Di Lillo, Lucas Daniel
039618;v22_Autor_personal;Pionetti, Osvaldo^rcoord.<|>Bergel, Pablo<|>Boggio Marzet, Gustavo<|>Félix, Rubén<|>Foti, Aníbal<|>Ogara, Mario<|>Russo, María<|>Volantino, Vicente<|>Yasan, Eduardo;Pionetti, Osvaldo^rcoord.<|>Bergel, Pablo<|>Boggio Marzet, Gustavo<|>Félix, Rubén<|>Foti, Aníbal<|>Ogara, Mario<|>Russo, María<|>Volantino, Vicente<|>Yasan, Eduardo David
039622;v22_Autor_personal;Doytchinov, K.<|>Kornblit, Fernando<|>Colin Castellanos, C.<|>Oliveira, J.C.V.<|>Renegar, T.B.<|>Vorburger, T.V.;Doytchinov, K.<|>Kornblit, Fernando<|>Colín Castellanos, Carlos<|>Oliveira, J.C.V.<|>Renegar, T.B.<|>Vorburger, T.V.
039623;v22_Autor_personal;Fraigi, Liliana B.;Fraigi, Liliana Beatriz
039625;v22_Autor_personal;Muñoz, R.<|>Reale, C.<|>Caniglia, C;Muñoz, R.<|>Reale, C.<|>Caniglia, Cristian Sergio
039659;v22_Autor_personal;Alessandrini, Gustavo<|>Jalón, Osvaldo;Alessandrini, Gustavo<|>Jalón, Osvaldo Héctor
039694;v22_Autor_personal;Valiente, L.<|>Piccinna, M.<|>Iribarren, M. L.<|>Ortiz, N.<|>González, N.<|>Álvarez, Pablo Augusto;Valiente, L.<|>Piccinna, M.<|>Iribarren, M. L.<|>Ortiz, Nancy Dolores<|>González, N.<|>Álvarez, Pablo Augusto
039700;v22_Autor_personal;Valiente, L.<|>Iribarren, M. L.<|>Ortiz, N.<|>Piccinna, M.;Valiente, L.<|>Iribarren, M. L.<|>Ortiz, Nancy Dolores<|>Piccinna, M.
039703;v22_Autor_personal;Pérez Zelaschi, Marina<|>Ariza, Raquel<|>Kohanoff, Rafael<|>Deregibus, Araceli;Pérez Zelaschi, Marina Luisa<|>Ariza, Raquel<|>Kohanoff, Rafael<|>Deregibus, Araceli Emilce
039704;v22_Autor_personal;Pérez Zelaschi, Marina<|>Ariza, Raquel<|>Deregibus, Araceli;Pérez Zelaschi, Marina Luisa<|>Ariza, Raquel<|>Deregibus, Araceli Emilce
039711;v22_Autor_personal;Ariosti, A.<|>Consiglieri, M.<|>Fernández, G.<|>Munizza, Gabriela Vanina<|>Pato, O.<|>Riera, M.;Ariosti, A.<|>Consiglieri, M.<|>Fernández, G.<|>Munizza, Gabriela Vanina<|>Pato, Osiris Emiliano<|>Riera, M.
039712;v22_Autor_personal;Boeri, Ricardo L.;Boeri, Ricardo Luis
039713;v22_Autor_personal;Boeri, Ricardo L.;Boeri, Ricardo Luis
039714;v22_Autor_personal;Tropea, Salvador<|>Melo, Rodrigo A.;Tropea, Salvador Eduardo<|>Melo, Rodrigo A.
039715;v22_Autor_personal;Melo, Rodrigo A.<|>Tropea, Salvador;Melo, Rodrigo A.<|>Tropea, Salvador Eduardo
039716;v22_Autor_personal;Brengi, Diego<|>Tropea, Salvador;Brengi, Diego Javier<|>Tropea, Salvador Eduardo
039717;v22_Autor_personal;Hasapov, B.<|>Corso, M.;Hasapov, B.<|>Corso, María Eugenia
039737;v22_Autor_personal;Menéndez, Diego<|>Miguez, Marina<|>Niño Gomez, Alicia;Menéndez, Diego Hernán<|>Miguez, Marina<|>Niño Gomez, Alicia
039741;v22_Autor_personal;Castañeda, Roberto Aníbal<|>Muset, G.<|>Castells, L.<|>Aranibar Aversa, Germán Francisco<|>Murphy, M.<|>Rodríguez, G.;Castañeda, Roberto Aníbal<|>Muset, G.<|>Castells, L.<|>Aranibar Aversa, Germán Francisco<|>Murphy, M.<|>Rodríguez, Gisela Vanina
039743;v22_Autor_personal;Mastromónaco, Gladys<|>Álvarez, Marcela Andrea<|>Pozo, Larisa<|>Puglisi, Celia<|>Castro, Liliana;Mastromónaco, Gladys Miriam<|>Álvarez, Marcela Andrea<|>Pozo, Larisa<|>Puglisi, Celia<|>Castro, Liliana
039746;v22_Autor_personal;Gambarotta, Lucas<|>Graciela, Freile<|>Blasco, Ramiro<|>Zapico, Viviana<|>Stacey, Erica;Gambarotta, Lucas<|>Graciela, Freile<|>Blasco, Ramiro Raúl<|>Zapico, Viviana<|>Stacey, Erica
039751;v22_Autor_personal;Domínguez, Alejandro<|>Martínez, Pablo;Domínguez, Alejandro Aníbal<|>Martínez, Pablo
039753;v22_Autor_personal;Rzeznik, Miguel<|>Viviani, Yanina<|>Galarza, Guillermo<|>Dománico, Ricardo;Rzeznik, Miguel<|>Viviani, Yanina<|>Galarza, Guillermo<|>Dománico, Ricardo Hugo
039788;v22_Autor_personal;Cappa, Maria de los Ángeles<|>Díaz, Alberto;Cappa, María de los Ángeles<|>Díaz, Alberto
039801;v22_Autor_personal;Pérez Zelaschi, Marina<|>Rossi, Paolo;Pérez Zelaschi, Marina Luisa<|>Rossi, Paolo
039802;v22_Autor_personal;Marchini, Helena<|>Ramírez, Rodrigo;Marchini, Helena<|>Ramírez, Rodrigo Javier
039832;v22_Autor_personal;Wasienko, Susana;Wasienko, Susana Aurora
039853;v22_Autor_personal;Pérez Zelaschi, Marina<|>Tedesco, Mónica<|>Zander, Karen<|>Silva, Carmen;Pérez Zelaschi, Marina Luisa<|>Tedesco, Mónica<|>Zander, Karen<|>Silva, Carmen Leonilda
039854;v22_Autor_personal;Murphy, M.<|>Muset, G.<|>Rodríguez, G.;Murphy, M.<|>Muset, G.<|>Rodríguez, Gisela Vanina
039866;v22_Autor_personal;Castañeda, Roberto Aníbal<|>Muset, G.<|>Rodríguez, G.<|>Rodríguez, Matías Agustín<|>Montero, H.<|>Gatti, P.<|>Murphy, M.<|>Noseda, D.<|>Araníbar, G.<|>Paladino, M.;Castañeda, Roberto Aníbal<|>Muset, G.<|>Rodríguez, Gisela Vanina<|>Rodríguez, Matías Agustín<|>Montero, H.<|>Gatti, P.<|>Murphy, M.<|>Noseda, D.<|>Araníbar, G.<|>Paladino, M.
039868;v22_Autor_personal;Montero, H.<|>Gatti P.<|>Rodríguez, Abel Sebastián<|>Rodríguez, G.<|>Murphy, M.<|>Aranibar Aversa, Germán Francisco<|>Castañeda, Roberto Aníbal;Montero, H.<|>Gatti P.<|>Rodríguez, Abel Sebastián<|>Rodríguez, Gisela Vanina<|>Murphy, M.<|>Aranibar Aversa, Germán Francisco<|>Castañeda, Roberto Aníbal
039884;v22_Autor_personal;Vera, V.<|>Núñez, G.<|>Ceirano, Z.<|>Corian, G.;Vera, V.<|>Núñez, G.<|>Ceirano, Z.<|>Corian, Gabriela Alejandra
039898;v22_Autor_personal;Fernández, María Raquel<|>Riera, Mónica<|>Munizza, Gabriela<|>Schicchi, Nora<|>Hermida, Laura<|>Blasi, Sandra<|>Álvarez, Andrea<|>Ariosti, Alejandro;Fernández, María Raquel<|>Riera, Mónica<|>Munizza, Gabriela Vanina<|>Schicchi, Nora<|>Hermida, Laura<|>Blasi, Sandra<|>Álvarez, Andrea<|>Ariosti, Alejandro
039899;v22_Autor_personal;Soucy, G.<|>Munizza, Gabriela<|>Fernández, Gabriela<|>Ariosti, Alejandro;Soucy, G.<|>Munizza, Gabriela Vanina<|>Fernández, Gabriela<|>Ariosti, Alejandro
039901;v22_Autor_personal;Booman, Alejandro<|>Boeri, Ricardo;Booman, Alejandro Carlos<|>Boeri, Ricardo Luis
039902;v22_Autor_personal;Booman, Alejandro<|>Marquéz, A.;Booman, Alejandro Carlos<|>Marquéz, A.
039906;v22_Autor_personal;Castañeda, Roberto Aníbal<|>Murphy, M.<|>Martínez, Beatríz<|>Sarquis, Sandra<|>Rodríguez, G.<|>González, M.;Castañeda, Roberto Aníbal<|>Murphy, M.<|>Martínez, Beatríz<|>Sarquis, Sandra<|>Rodríguez, Gisela Vanina<|>González, M.
039916;v22_Autor_personal;Fabro, Mabel;Fabro, Mabel Angélica
039917;v22_Autor_personal;Boggio Marzet, Gustavo<|>Yasan, Eduardo;Boggio Marzet, Gustavo<|>Yasan, Eduardo David
039919;v22_Autor_personal;Malatto, Laura<|>Fraigi, Liliana<|>Baluk, S.;Malatto, Laura<|>Fraigi, Liliana Beatriz<|>Baluk, S.
039938;v22_Autor_personal;Rillos, G.<|>Szteinberg, S.<|>Sformo, Alcides Oscar;Rillos, Graciela Elba<|>Szteinberg, Silvia<|>Sformo, Alcides Oscar
039957;v22_Autor_personal;Vélez, Hugo<|>Fontana, Edgardo<|>Valenzuela, Osvaldo;Vélez, Hugo<|>Fontana, Edgardo<|>Valenzuela, Osvaldo Juan
039958;v22_Autor_personal;Fraigi, Liliana<|>Lamas, G. D.<|>Walsöe, N. de Reca;Fraigi, Liliana Beatriz<|>Lamas, G. D.<|>Walsöe, N. de Reca
039959;v22_Autor_personal;Charreau, Geraldine L.<|>Luna, Fabio S.;Charreau, Geraldine Luján<|>Luna, Fabio Sergio
039961;v22_Autor_personal;Mahmud, Zulema A.<|>Alanis, Irene Luisa<|>Moina, Carlos A.;Mahmud, Zulema Ángela<|>Alanis, Irene Luisa<|>Moina, Carlos Alberto
039962;v22_Autor_personal;Abuin, Graciela Carmen<|>Alanis, Irene Luisa<|>Álvarez, Néstor<|>Mahmud, Z.<|>Valentini, Cristobal Ramón;Abuin, Graciela Carmen<|>Alanis, Irene Luisa<|>Álvarez, Néstor<|>Mahmud, Zulema Ángela<|>Valentini, Cristobal Ramón
040031;v22_Autor_personal;Niño Gómez, A.<|>Mahmud, Z.<|>Valentini, Cristobal Ramón<|>Iglesias, Ana Laura;Niño Gómez, A.<|>Mahmud, Zulema Ángela<|>Valentini, Cristobal Ramón<|>Iglesias, Ana Laura
040041;v22_Autor_personal;Milano, Omar<|>Fraigi, L. B.;Milano, Omar<|>Fraigi, Liliana Beatriz
040046;v22_Autor_personal;Iorio, A.<|>Moina, Carlos A.;Iorio, A.<|>Moina, Carlos Alberto
040103;v22_Autor_personal;Alvarez, J. J.<|>Muñoz, R. L.<|>Mazzucco, C. A.;Álvarez, José Jorge Enrique<|>Muñoz, R. L.<|>Mazzucco, C. A.
040145;v22_Autor_personal;Dománico,  R.<|>Murano, M.<|>Frangie, S.<|>Lagomarsino, A.;Dománico, Ricardo Hugo<|>Murano, M.<|>Frangie, S.<|>Lagomarsino, A.
040150;v22_Autor_personal;Dománico,  R.<|>Murano, M.<|>Frangie, S.<|>Lagomarsino, A.;Dománico, Ricardo Hugo<|>Murano, M.<|>Frangie, S.<|>Lagomarsino, A.
040152;v22_Autor_personal;Ortiz, N.<|>Bartoloni, Valeria Gabriela<|>D' Orio, M.;Ortiz, Nancy Dolores<|>Bartoloni, Valeria Gabriela<|>D' Orio, M.
040160;v22_Autor_personal;Mahmud, Z.<|>Alanis, Irene Luisa;Mahmud, Zulema Ángela<|>Alanis, Irene Luisa
040161;v22_Autor_personal;Alanis, Irene Luisa<|>Berardo, Liliana<|>Mahmud, Z.<|>Pinto, M.;Alanis, Irene Luisa<|>Berardo, Liliana<|>Mahmud, Zulema Ángela<|>Pinto, M.
040180;v22_Autor_personal;López, M.<|>Hernández, A.;López, María Cristina<|>Hernández, A.
040182;v22_Autor_personal;López, M.<|>Bartoloni, Valeria Gabriela<|>D'Orio, M.<|>Hernández, A. M.;López, María Cristina<|>Bartoloni, Valeria Gabriela<|>D'Orio, M.<|>Hernández, A. M.
040185;v22_Autor_personal;Hermida, Laura<|>López, Eduardo Antonio<|>Dománico, Ricardo<|>Rouge, P.<|>Lagomarsino, Alicia<|>Enriquez, Graciela;Hermida, Laura<|>López, Eduardo Antonio<|>Dománico, Ricardo Hugo<|>Rouge, P.<|>Lagomarsino, Alicia<|>Enriquez, Graciela
040193;v22_Autor_personal;Planes, Estela<|>Hernández, Ana M.<|>Valiente, Liliana<|>Granda, Angélica<|>Samter, Paula<|>Gatti, Patricia<|>Musset, Graciela;Planes, Estela<|>Hernández, Ana M.<|>Valiente, Liliana<|>Granda, Angélica<|>Samter, Paula Marcela<|>Gatti, Patricia<|>Musset, Graciela
040197;v22_Autor_personal;Fernández, María Raquel<|>Riera, Mónica<|>Fernández, Gabriela<|>Munizza, Gabriela<|>Consiglieri, Mariela<|>Ariosti, Alejandro;Fernández, María Raquel<|>Riera, Mónica<|>Fernández, Gabriela<|>Munizza, Gabriela Vanina<|>Consiglieri, Mariela<|>Ariosti, Alejandro
040198;v22_Autor_personal;Fernández, María Raquel<|>Riera, Mónica<|>Fernández, Gabriela<|>Munizza, Gabriela<|>Fraga, Isabel<|>Rosso, Adriana<|>Ariosti, Alejandro;Fernández, María Raquel<|>Riera, Mónica<|>Fernández, Gabriela<|>Munizza, Gabriela Vanina<|>Fraga, Isabel<|>Rosso, Adriana<|>Ariosti, Alejandro
040209;v22_Autor_personal;Campanaro, Mónica;Campanaro, Mónica Susana
040210;v22_Autor_personal;Scozzina, Emilio;Scozzina, Emilio Fabián
040214;v22_Autor_personal;Corti, Gilda M.;Corti, Gilda María
040223;v22_Autor_personal;Fabro, Mabel<|>Gatti, Patricia;Fabro, Mabel Angélica<|>Gatti, Patricia
040227;v22_Autor_personal;Rodríguez, Norma<|>Maiorana, Pablo<|>Palas, Fernando;Rodríguez, Norma<|>Maiorana, Pablo Andrés<|>Palas, Fernando Gabriel
040245;v22_Autor_personal;Ferdeghini, Fernando<|>Brengi, Diego<|>Lupi, Daniel;Ferdeghini, Fernando<|>Brengi, Diego Javier<|>Lupi, Daniel
040281;v22_Autor_personal;Puglisi, Celia<|>Fernández, Gabriela<|>Munizza, Gabriela<|>Castro, Liliana<|>Tilve, Mariano;Puglisi, Celia<|>Fernández, Gabriela<|>Munizza, Gabriela Vanina<|>Castro, Liliana<|>Tilve, Mariano
040282;v22_Autor_personal;Puglisi, Celia<|>Fernández, Gabriela<|>Munizza, Gabriela<|>Castro, Liliana<|>Tilve, Mariano;Puglisi, Celia<|>Fernández, Gabriela<|>Munizza, Gabriela Vanina<|>Castro, Liliana<|>Tilve, Mariano
040295;v22_Autor_personal;Mahmud, Zulema A.<|>Gordillo, Gabriel<|>D'Alkaine, Carlos Ventura;Mahmud, Zulema Ángela<|>Gordillo, Gabriel<|>D'Alkaine, Carlos Ventura
040301;v22_Autor_personal;Freile, Graciela<|>Blasco, Ramiro<|>Stacey, Erica<|>Zapico, Viviana<|>Espínola, María Teresa<|>Tomá, Melisa<|>Puglisi, Celia<|>Castro, Liliana;Freile, Graciela<|>Blasco, Ramiro Raúl<|>Stacey, Erica<|>Zapico, Viviana<|>Espínola, María Teresa<|>Tomá, Melisa Daniela<|>Puglisi, Celia<|>Castro, Liliana
040302;v22_Autor_personal;Freile, Graciela<|>Blasco, Ramiro<|>Liber, Mariano<|>Martínez, Micaela<|>Espínola, María Teresa<|>Tomá, Melisa<|>Puglisi, Celia<|>Castro, Liliana<|>Tilve, Mariano;Freile, Graciela<|>Blasco, Ramiro Raúl<|>Liber, Mariano<|>Martínez, Micaela<|>Espínola, María Teresa<|>Tomá, Melisa Daniela<|>Puglisi, Celia<|>Castro, Liliana<|>Tilve, Mariano
040307;v22_Autor_personal;Freile, Graciela<|>Blasco, Ramiro<|>Puglisi, Celia<|>Castro, Liliana<|>Tilve, Mariano;Freile, Graciela<|>Blasco, Ramiro Raúl<|>Puglisi, Celia<|>Castro, Liliana<|>Tilve, Mariano
040311;v22_Autor_personal;Freile, Graciela<|>Blasco, Ramiro<|>Puglisi, Celia<|>Castro, Liliana<|>Tilve, Mariano;Freile, Graciela<|>Blasco, Ramiro Raúl<|>Puglisi, Celia<|>Castro, Liliana<|>Tilve, Mariano
040363;v22_Autor_personal;Páez, Roxana^rcoord.<|>Taverna, Miguel<|>Walter, Emilio<|>Speranza, Jorge<|>Schmidt, Erica<|>Fabro, Mabel;Páez, Roxana^rcoord.<|>Taverna, Miguel<|>Walter, Emilio<|>Speranza, Jorge<|>Schmidt, Erica<|>Fabro, Mabel Angélica
040364;v22_Autor_personal;Rodríguez, Ruth;Rodríguez, Ruth Alejandra
040428;v22_Autor_personal;Cunha Ferré, Alejandro;Cunha Ferré, Alejandro Nicolás
040442;v22_Autor_personal;Rodríguez, Marcos<|>Foglia, Rodolfo<|>Gorra, Iván;Rodríguez, Marcos Ignacio<|>Foglia, Rodolfo<|>Gorra, Iván
040447;v22_Autor_personal;Mingo, Raúl<|>Rodríguez, Marcos<|>Schumacher, Juan;Mingo, Raúl<|>Rodríguez, Marcos Ignacio<|>Schumacher, Juan
040448;v22_Autor_personal;Zorzi, Héctor;Zorzi, Héctor Raúl
040449;v22_Autor_personal;Martínez Krahmer, Daniel<|>Paredes, Alberto<|>Maceira, Gustavo<|>Duret, Graciela;Martínez Krahmer, Daniel Osvaldo<|>Paredes, Alberto<|>Maceira, Gustavo<|>Duret, Graciela
040451;v22_Autor_personal;Conterno, Gabriela<|>Pazos, Leonardo;Conterno, Gabriela<|>Pazos, Leonardo Martín
040455;v22_Autor_personal;Martínez Krahmer, Daniel;Martínez Krahmer, Daniel Osvaldo
040459;v22_Autor_personal;Martínez Krahmer, Daniel<|>Sacavini, Carlos^rrev.;Martínez Krahmer, Daniel Osvaldo<|>Sacavini, Carlos^rrev.
040462;v22_Autor_personal;Castellanos Díaz, R.<|>Martínez Krahmer, Daniel;Castellanos Díaz, R.<|>Martínez Krahmer, Daniel Osvaldo
040464;v22_Autor_personal;Martínez Krahmer, Daniel;Martínez Krahmer, Daniel Osvaldo
040465;v22_Autor_personal;Torri, S<|>Alberti, Cecilia<|>Castelli, María Laura<|>Della Vecchia, Miguel Ángel<|>Rossi,  R.;Torri, Silvana Irene<|>Alberti, Cecilia<|>Castelli, María Laura<|>Della Vecchia, Miguel Ángel<|>Rossi,  R.
040467;v22_Autor_personal;García, Cynthia<|>Della Vecchia, Miguel<|>Rossi, Ricardo<|>Warcok, Leonardo<|>Calatayud, Marta;García, Cynthia<|>Della Vecchia, Miguel Ángel<|>Rossi, Ricardo<|>Warcok, Leonardo Carlos<|>Calatayud, Marta
040468;v22_Autor_personal;Santos, Leandro<|>López, Eduardo E.<|>Calatayud, M.<|>Feltrinelli, Marcelo;Santos, Leandro<|>López, Eduardo Emilio<|>Calatayud, M.<|>Feltrinelli, Marcelo
040470;v22_Autor_personal;Dománico, Ricardo H.<|>Marbec, Ema Rosa<|>Berretta, Andrés<|>Lagomarsino, Alicia S.;Dománico, Ricardo Hugo<|>Marbec, Ema Rosa<|>Berretta, Andrés<|>Lagomarsino, Alicia S.
040471;v22_Autor_personal;Gamsjaeger, Roland<|>López, Eduardo E.<|>Lagomarsino, Alicia S.;Gamsjaeger, Roland<|>López, Eduardo Emilio<|>Lagomarsino, Alicia S.
040489;v22_Autor_personal;Tropea, Salvador E.<|>Brengi, Diego;Tropea, Salvador Eduardo<|>Brengi, Diego Javier
040490;v22_Autor_personal;Tropea, Salvador E.<|>Brengi, Diego;Tropea, Salvador Eduardo<|>Brengi, Diego Javier
040491;v22_Autor_personal;Tropea, Salvador E.<|>Brengi, Diego<|>Melo, Rodrigo A.<|>Gwirc, Sergio N.<|>Farías, Darío;Tropea, Salvador Eduardo<|>Brengi, Diego Javier<|>Melo, Rodrigo A.<|>Gwirc, Sergio N.<|>Farías, Darío
040492;v22_Autor_personal;Brengi, Diego<|>Tropea, Salvador E.<|>Farías, Darío<|>Buscaglia, Adrián<|>Ferraris, Guillermo;Brengi, Diego Javier<|>Tropea, Salvador Eduardo<|>Farías, Darío<|>Buscaglia, Adrián<|>Ferraris, Guillermo
040493;v22_Autor_personal;Weinstock, Anahí<|>Fraigi, Liliana<|>Roberti, Mariano<|>Malatto, Laura<|>Milano, Omar<|>Moina, Carlos<|>Ybarra, Gabriel<|>Tropea, Salvador<|>Brengi, Diego;Weinstock, Anahí<|>Fraigi, Liliana Beatriz<|>Roberti, Mariano<|>Malatto, Laura<|>Milano, Omar<|>Moina, Carlos Alberto<|>Ybarra, Gabriel Omar<|>Tropea, Salvador Eduardo<|>Brengi, Diego Javier
040494;v22_Autor_personal;Tropea, Salvador<|>Melo, Rodrigo A.;Tropea, Salvador Eduardo<|>Melo, Rodrigo A.
040495;v22_Autor_personal;Tropea, Salvador<|>Brengi, Diego;Tropea, Salvador Eduardo<|>Brengi, Diego Javier
040496;v22_Autor_personal;Tropea, Salvador;Tropea, Salvador Eduardo
040497;v22_Autor_personal;Brengi, Diego J.<|>Tropea, Salvador<|>Borgna, Juan P.D.;Brengi, Diego Javier<|>Tropea, Salvador Eduardo<|>Borgna, Juan P.D.
040498;v22_Autor_personal;Tropea, Salvador<|>Borgna, Juan P.D.;Tropea, Salvador Eduardo<|>Borgna, Juan P.D.
040500;v22_Autor_personal;Tropea, Salvador E.<|>Brengi, Diego J.<|>Borgna, Juan P.D.;Tropea, Salvador Eduardo<|>Brengi, Diego Javier<|>Borgna, Juan P.D.
040501;v22_Autor_personal;Tropea, Salvador E.<|>Borgna, Juan P.D.;Tropea, Salvador Eduardo<|>Borgna, Juan P.D.
040503;v22_Autor_personal;Silva, Carmen<|>Castro, Paula;Silva, Carmen Leonilda<|>Castro, Paula
040507;v22_Autor_personal;Acquaticci, Fabián<|>Gwirc, Sergio<|>Brengi, Diego;Acquaticci, Fabián<|>Gwirc, Sergio<|>Brengi, Diego Javier
040508;v22_Autor_personal;Trapanotto, A.<|>Gwirc, Sergio<|>Brengi, Diego;Trapanotto, A.<|>Gwirc, Sergio<|>Brengi, Diego Javier
040510;v22_Autor_personal;Lupi, Daniel O.<|>Brengi, Diego J.<|>Trapanotto, Andrés;Lupi, Daniel O.<|>Brengi, Diego Javier<|>Trapanotto, Andrés
040513;v22_Autor_personal;Gwirc, Sergio<|>Tropea, Salvador<|>Negreira, Carlos<|>Pérez, Nicolás<|>Montero de Espinosa, Francisco;Gwirc, Sergio<|>Tropea, Salvador Eduardo<|>Negreira, Carlos<|>Pérez, Nicolás<|>Montero de Espinosa, Francisco
040515;v22_Autor_personal;Ferdeghini, Fernando<|>Brengi, Diego<|>Lupi, Daniel;Ferdeghini, Fernando<|>Brengi, Diego Javier<|>Lupi, Daniel
040532;v22_Autor_personal;Ramírez, Rodrigo<|>Paterson, Federico;Ramírez, Rodrigo Javier<|>Paterson, Federico
040546;v22_Autor_personal;Pérez Zelaschi, Marina<|>Rossi, Paolo;Pérez Zelaschi, Marina Luisa<|>Rossi, Paolo
040555;v22_Autor_personal;Ortega, Daniel<|>Hernández Balat, Victorio<|>Bissio, Juan Francisco;Ortega, Daniel Alberto<|>Hernández Balat, Victorio<|>Bissio, Juan Francisco
040558;v22_Autor_personal;Aragno, Alicia;Aragno, Alicia María
040559;v22_Autor_personal;Giuliano, Alejandro P.<|>García Pujador, Rodolfo^rcolab.<|>Martínez, Marcelo E.^rcolab.<|>Amado, Jorge^rcolab.;Giuliano, Alejandro P.<|>García Pujador, Rodolfo^rcolab.<|>Martínez, Marcelo E.^rcolab.<|>Amado, Jorge Alejandro^rcolab.
040560;v22_Autor_personal;Giuliano, Alejandro P.<|>García Pujador, Rodolfo^rcolab.<|>Martínez, Marcelo E.^rcolab.<|>Amado, Jorge^rcolab.;Giuliano, Alejandro P.<|>García Pujador, Rodolfo^rcolab.<|>Martínez, Marcelo E.^rcolab.<|>Amado, Jorge Alejandro^rcolab.
040573;v22_Autor_personal;Frangie, M. Sofía<|>Corts, Sergio<|>Hernández, Ana<|>Galli, Ariel<|>Planes, Estela<|>Lelli, Diego<|>Martínez, Vanina<|>Piccina, Margarita<|>Ruiz Díaz, Roberto<|>Salamone, Cristian<|>Stratico, Mariano<|>Gemini, Virginia<|>Samter, Paula<|>Storino, Alejandra<|>Valiente, Liliana;Frangie, M. Sofía<|>Corts, Sergio<|>Hernández, Ana<|>Galli, Ariel<|>Planes, Estela<|>Lelli, Diego<|>Martínez, Vanina<|>Piccina, Margarita<|>Ruiz Díaz, Roberto<|>Salamone, Cristian<|>Stratico, Mariano<|>Gemini, Virginia<|>Samter, Paula Marcela<|>Storino, Alejandra<|>Valiente, Liliana
040576;v22_Autor_personal;Scozzina, Emilio<|>Kurlat, José<|>Anesini, Alberto;Scozzina, Emilio Fabián<|>Kurlat, José<|>Anesini, Alberto
040578;v22_Autor_personal;Volantino, Vicente<|>Jeifetz, Ricardo<|>Luna, Fabio<|>Dolmann, Inés;Volantino, Vicente<|>Jeifetz, Ricardo<|>Luna, Fabio Sergio<|>Dolmann, Inés Teresa
040582;v22_Autor_personal;"Fiora, Jorge<|>Valentini, Cristóbal<|>Ybarra; Gabriel<|>Cozza, Pedro";"Fiora, Jorge<|>Valentini, Cristobal Ramón<|>Ybarra; Gabriel<|>Cozza, Pedro"
040584;v22_Autor_personal;Renaud, Viviana<|>Svensen, Ana<|>Cerchiai, Edgar<|>Sánchez, Mariana<|>Giannavola, Carolina<|>Mónaco, Gabriela<|>Claros, Sonia;Renaud, Viviana<|>Svensen, Ana<|>Cerchiai, Edgar<|>Sánchez, Mariana<|>Giannavola, Carolina<|>Mónaco, Gabriela<|>Claros, Sonia Amelia
040585;v22_Autor_personal;Roberti, Mariano F.<|>Milano, Omar<|>Malatto, Laura<|>Fraigi, Liliana;Roberti, Mariano F.<|>Milano, Omar<|>Malatto, Laura<|>Fraigi, Liliana Beatriz
040586;v22_Autor_personal;Hermida, Laura<|>Miró Specos, María<|>Defain Tesoriero, María Victoria<|>Escobar, Germán<|>Zunino, Cristina<|>Della Vecchia, Miguel<|>Marino, Patricia<|>García, Juan J.;Hermida, Laura<|>Miró Specos, María<|>Defain Tesoriero, María Victoria<|>Escobar, Germán<|>Zunino, Cristina<|>Della Vecchia, Miguel Ángel<|>Marino, Patricia<|>García, Juan J.
040589;v22_Autor_personal;Castañeda, Roberto Aníbal<|>Speranza, Jorge<|>Di Bàrtolo, Eduardo<|>Labacá, Patricia<|>Fabro, Mabel<|>Murphy, Marcela;Castañeda, Roberto Aníbal<|>Speranza, Jorge<|>Di Bàrtolo, Eduardo<|>Labacá,  Patricia<|>Fabro, Mabel Angélica<|>Murphy, Marcela
040590;v22_Autor_personal;Pazos, Leonardo<|>Lebedev, Leonardo<|>Las Heras, Evangelina de<|>Parodi, Belén<|>Svoboda, Hernán;Pazos, Leonardo Martín<|>Lebedev, Leonardo<|>Las Heras, Evangelina de<|>Parodi, Belén<|>Svoboda, Hernán Gabriel
040598;v22_Autor_personal;Lebedev, Leonardo A.<|>Pazos, Leonardo M.^rdir.<|>Svoboda, Hernán G.^rdir.;Lebedev, Leonardo A.<|>Pazos, Leonardo Martín^rdir.<|>Svoboda, Hernán Gabriel^rdir.
040601;v22_Autor_personal;Lavratti, F.<|>Pinto, A.R.<|>Bolzani, L.<|>Vargas, F.<|>Montez, C.<|>Hernández, F.<|>Gatti, E.<|>Silva, C.;Lavratti, F.<|>Pinto, A.R.<|>Bolzani, L.<|>Vargas, F.<|>Montez, C.<|>Hernández, F.<|>Gatti, E.<|>Silva, Carmen Leonilda
040602;v22_Autor_personal;Longinotti, Gloria<|>Ybarra, Gabriel<|>Lloret, Paulina<|>Moina, Carlos<|>Ciochinni, Andrés<|>Rey Serantes, Diego<|>Malatto, Laura<|>Roberti, Mariano<|>Tropea, Salvador<|>Fraigi, Liliana;Longinotti, Gloria<|>Ybarra, Gabriel Omar<|>Lloret, Paulina<|>Moina, Carlos Alberto<|>Ciochinni, Andrés<|>Rey Serantes, Diego<|>Malatto, Laura<|>Roberti, Mariano<|>Tropea, Salvador Eduardo<|>Fraigi, Liliana Beatriz
040603;v22_Autor_personal;Fraigi, Liliana;Fraigi, Liliana Beatriz
040610;v22_Autor_personal;González, Héctor M.<|>Robles, Guillermina<|>Dietrich, Alberto<|>Núñez, Jorge P.<|>Belistri, Cecilia L.;González, Héctor M.<|>Robles, Guillermina<|>Dietrich, Alberto<|>Núñez, Jorge P.<|>Belistri, Cecilia Laura
040623;v22_Autor_personal;Tropea, Salvador E.<|>Brengi, Diego;Tropea, Salvador Eduardo<|>Brengi, Diego Javier
040626;v22_Autor_personal;Pérez Gont, Alberto<|>Ribeiro, Matías<|>Rodríguez, Gabriel<|>Fernández Soler, Mariano<|>Baudino, Guillermo<|>Frangie, Sofía;Pérez Gont, Alberto<|>Ribeiro, Matías<|>Rodríguez, Gabriel<|>Fernández Soler, Mariano<|>Baudino, Guillermo Andrés<|>Frangie, Sofía
040633;v22_Autor_personal;Abuin, G.C.<|>Stoklosa, D.;Abuin, G.C.<|>Stoklosa, Daniela Nélida
040634;v22_Autor_personal;Velázquez, Silvia<|>Luna, Fabio<|>Domínguez, Marisa<|>Alonso, Germán René<|>Mancini, Miguel Orlando;Velázquez, Silvia Beatriz<|>Luna, Fabio Sergio<|>Domínguez, Marisa<|>Alonso, Germán René<|>Mancini, Miguel Orlando
040635;v22_Autor_personal;Charreau, Geraldine Luján<|>Rodríguez, Carlos<|>Mingo, Raúl;Charreau, Geraldine Luján<|>Rodríguez, Carlos Roberto<|>Mingo, Raúl
040636;v22_Autor_personal;Niño Gómez, Alicia<|>Berardo, Liliana<|>Dolmann, Inés<|>Luna, Fabio;Niño Gómez, Alicia<|>Berardo, Liliana<|>Dolmann, Inés Teresa<|>Luna, Fabio Sergio
040637;v22_Autor_personal;Milanesio, Andrea;Milanesio, Andrea Belén
040639;v22_Autor_personal;Possetto, Mirta<|>Del Negro, Natalia<|>Yanke, Jesica;Possetto, Mirta<|>Del Negro, Natalia Elizabeth<|>Yanke, Jésica Melina
040640;v22_Autor_personal;Rodríguez, M. Alejandra<|>Raco, Fernando;Rodríguez, M. Alejandra<|>Raco, Fernando Francisco
040642;v22_Autor_personal;Rodríguez, G.<|>Macías, B.<|>Giraudo, C.<|>Kuba, D.;Rodríguez, Gisela Vanina<|>Macías, B.<|>Giraudo, C.<|>Kuba, D.
040643;v22_Autor_personal;Cervantes, Pedro<|>Suberviola, Julio<|>Jarzinski, Mario<|>Heredia, Sergio;Cervantes, Pedro<|>Suberviola, Julio César<|>Jarzinski, Mario Antenor<|>Heredia, Sergio Alberto
040648;v22_Autor_personal;González, M.<|>Castañeda, Roberto Aníbal<|>Murno, H.<|>Toledo, A<|>Espinosa, V.<|>Castells, M.<|>Speranza, J.<|>Aimar, Bruno Nicolás<|>Bonafede, Mauro<|>Nieto, I.<|>Schmidt, E<|>Ramos, E.;González, M.<|>Castañeda, Roberto Aníbal<|>Murno, H.<|>Toledo, Antonio Edgardo<|>Espinosa, V.<|>Castells, María Laura<|>Speranza, J.<|>Aimar, Bruno Nicolás<|>Bonafede, Mauro<|>Nieto, I.<|>Schmidt, E<|>Ramos, E.
040649;v22_Autor_personal;Calvo, P.<|>Gittins, C.<|>Miranda, M.J.<|>Corti, Gilda María;Calvo, Paula Cecilia<|>Gittins, C.<|>Miranda, M.J.<|>Corti, Gilda María
040661;v22_Autor_personal;Tropea, Salvador E.<|>Caruso, David Misael;Tropea, Salvador Eduardo<|>Caruso, David Misael
040664;v22_Autor_personal;Schmidt, Angelina<|>Gradizuela, Claudio<|>Torales, Romina<|>Faure, Sebastián<|>Burquet, Griselda<|>Alaluf, Andrés Matías<|>Gamero, Edgardo;Schmidt, Angelina<|>Gradizuela, Claudio<|>Torales, Romina<|>Faure, Sebastián<|>Burquet, Griselda Liliana<|>Alaluf, Andrés Matías<|>Gamero, Edgardo
040667;v22_Autor_personal;Caruso, David Misael<|>Tropea, Salvador E.;Caruso, David Misael<|>Tropea, Salvador Eduardo
040668;v22_Autor_personal;Caruso, David Misael<|>Tropea, Salvador E.;Caruso, David Misael<|>Tropea, Salvador Eduardo
040671;v22_Autor_personal;Ariza, Raquel<|>Ramírez, Rodrigo<|>Zunini, César Oscar;Ariza, Raquel<|>Ramírez, Rodrigo Javier<|>Zunini, César Oscar
040672;v22_Autor_personal;Ariza, Raquel<|>Ramírez, Rodrigo<|>Herrero, Pablo<|>Secchi, Mariela<|>Vigna, Alejandrina Moira<|>Paterson, Federico<|>Siro, Jorge<|>Flores, Fabiana<|>Oneto, Fernando<|>Dorado, Cecilia<|>Becker, Rosalba<|>Marchini, Helena<|>Casabona, Marcela Andrea;Ariza, Raquel<|>Ramírez, Rodrigo Javier<|>Herrero, Pablo<|>Secchi, Mariela<|>Vigna, Alejandrina Moira<|>Paterson, Federico<|>Siro, Jorge<|>Flores, Fabiana<|>Oneto, Fernando<|>Dorado, Cecilia<|>Becker, Rosalba María<|>Marchini, Helena<|>Casabona, Marcela Andrea
040673;v22_Autor_personal;Ariza, Raquel<|>Yoguel, Victoria<|>Dorado, Cecilia<|>Flores, Fabiana<|>Becker, Rosalba;Ariza, Raquel<|>Yoguel, Victoria<|>Dorado, Cecilia<|>Flores, Fabiana<|>Becker, Rosalba María
040674;v22_Autor_personal;Ariza, Raquel<|>Ramírez, Rodrigo<|>Vigna, Alejandrina Moira<|>Paterson, Federico<|>Siro, Jorge<|>Marek, Pablo<|>Rodrigo, Gabriel<|>García, Néstor;Ariza, Raquel<|>Ramírez, Rodrigo Javier<|>Vigna, Alejandrina Moira<|>Paterson, Federico<|>Siro, Jorge<|>Marek, Pablo<|>Rodrigo, Gabriel<|>García, Néstor
040679;v22_Autor_personal;López, Laura B.<|>Binaghi, M. Julieta<|>Cinalli, Mariana<|>Centrángello, Mercedes<|>López, María Cristina;López, Laura B.<|>Binaghi, María Julieta<|>Cinalli, Mariana<|>Centrángello, Mercedes<|>López, María Cristina
040685;v22_Autor_personal;Brunetto, Pedro<|>Buttini, Susana<|>Percich, Carlos<|>Herrero, Pablo<|>Vadell, Emanuel<|>Viluje, Marcela;Brunetto, Pedro Carlos<|>Buttini, Susana<|>Percich, Carlos<|>Herrero, Pablo<|>Vadell, Emanuel<|>Viluje, Marcela
040686;v22_Autor_personal;Brunetto, Pedro<|>Buttini, Susana<|>Percich, Carlos<|>Burroni, Laura<|>Vadell, Emanuel<|>Viluje, Marcela;Brunetto, Pedro Carlos<|>Buttini, Susana<|>Percich, Carlos<|>Burroni, Laura Valeria<|>Vadell, Emanuel<|>Viluje, Marcela
040689;v22_Autor_personal;Di Lillo, Lucas<|>Casais, José Luis;Di Lillo, Lucas Daniel<|>Casais, José Luis
040698;v22_Autor_personal;Puglisi, Celia<|>Blasco, Ramiro<|>Skabar, Javier<|>Mariotta, Cristian<|>Rodríguez Ierace, Daniela<|>Forastieri, Silvina;Puglisi, Celia<|>Blasco, Ramiro Raúl<|>Skabar, Javier<|>Mariotta, Cristian<|>Rodríguez Ierace, Daniela<|>Forastieri, Silvina
040703;v22_Autor_personal;Puglisi, Celia<|>Palacios, Diego<|>Simionato, Edmundo<|>Otamendi, Felipe C.<|>Musmeci, Juan C.<|>Ribetto, Ana<|>Trossero, Mariana<|>Castro, Liliana<|>Mastromónaco, Gladys<|>Demaría, Mónica<|>Palacios, Ivana<|>Macías, Beatriz<|>Scelzi, Gretel<|>Labacà, Patricia<|>Giorgi, Liliana<|>Murphy, Marcela<|>Pecorino, Claudia<|>Castro, Fabiana Andrea<|>Pazos, Alberto;Puglisi, Celia<|>Palacios, Diego Luis<|>Simionato, Edmundo<|>Otamendi, Felipe C.<|>Musmeci, Juan C.<|>Ribetto, Ana<|>Trossero, Mariana<|>Castro, Liliana<|>Mastromónaco, Gladys Miriam<|>Demaría, Mónica<|>Palacios, Ivana<|>Macías, Beatriz<|>Scelzi, Gretel<|>Labacá,  Patricia<|>Giorgi, Liliana<|>Murphy, Marcela<|>Pecorino, Claudia<|>Castro, Fabiana Andrea<|>Pazos, Alberto
040707;v22_Autor_personal;De Rito, Beatriz<|>Fernández, Gabriela<|>Speraggi, Marianela<|>Munizza, Gabriela<|>Iranzo, Claudia<|>Lamensa, Marina<|>Blanco, Mariana;De Rito, Beatriz<|>Fernández, Gabriela<|>Speraggi, Marianela<|>Munizza, Gabriela Vanina<|>Iranzo, Claudia Manuela<|>Lamensa, Marina Andrea<|>Blanco, Mariana
040708;v22_Autor_personal;Fernández, Gabriela<|>Munizza, Gabriela<|>Fernández, María Raquel<|>Iranzo, Claudia<|>López Cabana, Gustavo;Fernández, Gabriela<|>Munizza, Gabriela Vanina<|>Fernández, María Raquel<|>Iranzo, Claudia Manuela<|>López Cabana, Gustavo
040718;v22_Autor_personal;Mahmud, Zulema A.;Mahmud, Zulema Ángela
040724;v22_Autor_personal;Ariza, Raquel<|>Herrero, Pablo<|>Oneto, Fernando<|>Becker, Rosalba;Ariza, Raquel<|>Herrero, Pablo<|>Oneto, Fernando<|>Becker, Rosalba María
040725;v22_Autor_personal;Ariza, Raquel<|>Zunini, César Oscar<|>Ceballos, Jorge Ceferino<|>Ramírez, Rodrigo<|>Paterson, Federico<|>Oneto, Fernando<|>Siro, Jorge;Ariza, Raquel<|>Zunini, César Oscar<|>Ceballos, Jorge Ceferino<|>Ramírez, Rodrigo Javier<|>Paterson, Federico<|>Oneto, Fernando<|>Siro, Jorge
040726;v22_Autor_personal;Ariza, Raquel<|>Ramírez, Rodrigo<|>Oneto, Fernando<|>Paterson, Federico;Ariza, Raquel<|>Ramírez, Rodrigo Javier<|>Oneto, Fernando<|>Paterson, Federico
040733;v22_Autor_personal;Fernández Soler, Mariano<|>Lattanzi, Roberto<|>Schneebeli, Jorge;Fernández Soler, Mariano<|>Lattanzi, Roberto<|>Schneebeli, Jorge Ernesto
040734;v22_Autor_personal;Mahmud, Z.<|>Stoklosa, D.<|>Montiel, Gonzalo<|>Pina, J.<|>Gordillo,G.<|>Tulio, Paulo<|>Míngolo, N.<|>Gassa, L.;Mahmud, Zulema Ángela<|>Stoklosa, Daniela Nélida<|>Montiel, Gonzalo<|>Pina, J.<|>Gordillo,G.<|>Tulio, Paulo<|>Míngolo, N.<|>Gassa, L.
040735;v22_Autor_personal;Palacios, Diego<|>Simionato, Edmundo<|>Musmeci, Juan Carlos<|>Campos Otamendi, Felipe José;Palacios, Diego Luis<|>Simionato, Edmundo<|>Musmeci, Juan Carlos<|>Campos Otamendi, Felipe José
040744;v22_Autor_personal;Adad, Walter<|>Bierzychudek, Marcos;Adad, Walter Fabián<|>Bierzychudek, Marcos Eduardo
040755;v22_Autor_personal;Sirota, Alejandro<|>Carrizo, Fabián;Sirota, Alejandro<|>Carrizo, Fabián Lucio
040775;v22_Autor_personal;Rodríguez, Marcos<|>Suárez, María Eugenia<|>Álvarez, José Jorge Enrique;Rodríguez, Marcos Ignacio<|>Suárez, María Eugenia<|>Álvarez, José Jorge Enrique
040780;v22_Autor_personal;Ciochinni, Andrés<|>Rey Serantes, Diego<|>Malatto, Laura<|>Roberti, Mariano<|>Tropea, Salvador<|>Fraigi, Liliana<|>Lloret, Paulina<|>Longinotti, Gloria<|>Ybarra, Gabriel<|>Moina, Carlos;Ciochinni, Andrés<|>Rey Serantes, Diego<|>Malatto, Laura<|>Roberti, Mariano<|>Tropea, Salvador Eduardo<|>Fraigi, Liliana Beatriz<|>Lloret, Paulina<|>Longinotti, Gloria<|>Ybarra, Gabriel Omar<|>Moina, Carlos Alberto
040781;v22_Autor_personal;Longinotti, Gloria<|>Lloret, Paulina<|>Ybarra, Gabriel<|>Moina, Carlos<|>Ciochinni, Andrés<|>Rey Serantes, Diego <|>Malatto, Laura<|>Roberti, Mariano<|>Tropea, Salvador<|>Fraigi, Liliana;Longinotti, Gloria<|>Lloret, Paulina<|>Ybarra, Gabriel Omar<|>Moina, Carlos Alberto<|>Ciochinni, Andrés<|>Rey Serantes, Diego <|>Malatto, Laura<|>Roberti, Mariano<|>Tropea, Salvador Eduardo<|>Fraigi, Liliana Beatriz
040782;v22_Autor_personal;Tropea, Salvador E.<|>Brengi, Diego J.<|>Melo, Rodrigo A.;Tropea, Salvador Eduardo<|>Brengi, Diego Javier<|>Melo, Rodrigo A.
040783;v22_Autor_personal;Tropea, Salvador<|>Melo, Rodrigo A.<|>Brengi, Diego J.;Tropea, Salvador Eduardo<|>Melo, Rodrigo A.<|>Brengi, Diego Javier
040784;v22_Autor_personal;Tropea, Salvador;Tropea, Salvador Eduardo
040798;v22_Autor_personal;Ramírez, Rodrigo^rcoord.<|>Ariza, Raquel<|>Casabona, Marcela Andrea<|>Flores, Fabiana<|>Herrero, Pablo<|>Oneto, Fernando<|>Paterson, Federico<|>Siro, Jorge<|>Vigna, Alejandrina Moira;Ramírez, Rodrigo Javier^rcoord.<|>Ariza, Raquel<|>Casabona, Marcela Andrea<|>Flores, Fabiana<|>Herrero, Pablo<|>Oneto, Fernando<|>Paterson, Federico<|>Siro, Jorge<|>Vigna, Alejandrina Moira
040803;v22_Autor_personal;Espinosa, V.<|>Sarquis, S.<|>Demaría, M.<|>González, M.<|>Giraudo, F.<|>Macías, B.<|>Kuba, D.<|>Palacios, I.<|>Rodríguez, G.<|>Nabais, S.<|>Giraudo, C.;Espinosa, V.<|>Sarquis, S.<|>Demaría, M.<|>González, M.<|>Giraudo, F.<|>Macías, B.<|>Kuba, D.<|>Palacios, I.<|>Rodríguez, Gisela Vanina<|>Nabais, S.<|>Giraudo, C.
040806;v22_Autor_personal;Bilotta, M.<|>Delgado, Alejandro Pablo<|>Pecorino, C.<|>Rodríguez, G.<|>Sarquis, S.<|>Castro, Fabiana Andrea<|>Murphy, M.<|>Labacá,  Patricia<|>Castañeda, Roberto Aníbal;Bilotta, M.<|>Delgado, Alejandro Pablo<|>Pecorino, C.<|>Rodríguez, Gisela Vanina<|>Sarquis, S.<|>Castro, Fabiana Andrea<|>Murphy, M.<|>Labacá,  Patricia<|>Castañeda, Roberto Aníbal
040807;v22_Autor_personal;Fabro, Mabel<|>Milanesio, Horacio<|>Fornero, Pedro<|>Schamne, Nicolás<|>Toscana, Marina<|>Labacá, Patricia;Fabro, Mabel Angélica<|>Milanesio, Horacio<|>Fornero, Pedro<|>Schamne, Nicolás<|>Toscana, Marina Silvia<|>Labacá,  Patricia
040808;v22_Autor_personal;Bilotta, M.<|>Delgado, Alejandro Pablo<|>Pecorino, C.<|>Rodríguez, G.<|>Sarquis, S.<|>Castro, Fabiana Andrea<|>Murphy, M.<|>Labacá,  Patricia<|>Castañeda, Roberto Aníbal;Bilotta, M.<|>Delgado, Alejandro Pablo<|>Pecorino, C.<|>Rodríguez, Gisela Vanina<|>Sarquis, S.<|>Castro, Fabiana Andrea<|>Murphy, M.<|>Labacá,  Patricia<|>Castañeda, Roberto Aníbal
040809;v22_Autor_personal;Puglisi, Celia<|>Simionnato, Edmundo<|>Otamendi, Felipe C.<|>Musmeci, Juan C.<|>Ribeto, Ana<|>Trossero, Mariana<|>Castro, Liliana<|>Mastromónaco, Gladys<|>Sarquis, Sandra<|>Palacios, Ivana<|>Macías, Beatriz<|>Scelzi, Gretel<|>Labacá, Patricia<|>Giorgi, Liliana<|>Murphy, Marcela<|>Pecorino, Claudia<|>Castro, Fabiana Andrea<|>Pazos, Alberto;Puglisi, Celia<|>Simionnato, Edmundo<|>Otamendi, Felipe C.<|>Musmeci, Juan C.<|>Ribeto, Ana<|>Trossero, Mariana<|>Castro, Liliana<|>Mastromónaco, Gladys Miriam<|>Sarquis, Sandra<|>Palacios, Ivana<|>Macías, Beatriz<|>Scelzi, Gretel<|>Labacá,  Patricia<|>Giorgi, Liliana<|>Murphy, Marcela<|>Pecorino, Claudia<|>Castro, Fabiana Andrea<|>Pazos, Alberto
040826;v22_Autor_personal;González, Héctor<|>Bertoncini, Verónica;González, Héctor<|>Bertoncini, Verónica Laura
040831;v22_Autor_personal;Anfossi, Lionel<|>Agnello, Julio Martín<|>Benítez, Alejandra<|>Fernández Noell, Ricardo<|>Graneros, Gustavo<|>Köber, Érica<|>Luna, Fabio<|>Poliszuk, Pablo<|>Sformo, Oscar<|>Szteinberg, Silvia<|>Vásquez, Isabel;Anfossi, Lionel Alexis<|>Agnello, Julio Martín<|>Benítez, Alejandra<|>Fernández Noell, Ricardo<|>Graneros, Gustavo<|>Köber, Érica<|>Luna, Fabio Sergio<|>Poliszuk, Pablo<|>Sformo, Oscar<|>Szteinberg, Silvia<|>Vásquez, Isabel
040841;v22_Autor_personal;Muñoz,  Roberto<|>Amado, José Luis<|>Puntillo, Daniel<|>Caniglia, Cristian<|>Jorge, Javier<|>Chalimond, Luis<|>Galanzino, Claudia<|>Alessandrini, Gustavo;Muñoz,  Roberto<|>Amado, José Luis<|>Puntillo, Daniel<|>Caniglia, Cristian Sergio<|>Jorge, Javier<|>Chalimond, Luis<|>Galanzino, Claudia<|>Alessandrini, Gustavo
040843;v22_Autor_personal;Luna, Fabio<|>Cortez, Damián<|>Agnello, Julio Martín;Luna, Fabio Sergio<|>Cortez, Damián<|>Agnello, Julio Martín
040844;v22_Autor_personal;Sañudo, Luciano<|>Matos, María L.<|>Díaz, Alberto<|>Krimer, Alejandro<|>Álvarez, Alejandro<|>Peña Martínez, M.;Sañudo, Luciano<|>Matos, María Laura<|>Díaz, Alberto<|>Krimer, Alejandro<|>Álvarez, Alejandro<|>Peña Martínez, M.
040845;v22_Autor_personal;Scheinbengraf, Javier<|>Olivera, Santiago<|>Baudino, Guillermo<|>Pujol, Estrella;Scheinbengraf, Javier<|>Olivera, Santiago<|>Baudino, Guillermo Andrés<|>Pujol, Estrella
040847;v22_Autor_personal;Supanitsky, Alicia<|>Draghi, Walter<|>Russo, Daniela<|>Wall, Luis<|>Zorreguieta, Ángeles;Supanitsky, Alicia Beatriz<|>Draghi, Walter Omar<|>Russo, Daniela<|>Wall, Luis<|>Zorreguieta, Ángeles
040848;v22_Autor_personal;Jordán, Marianela<|>Di Conza, Facundo<|>Macchiverna, Natalia<|>Papa, Mariana;Jordan, Marianela Paula<|>Di Conza, Facundo<|>Macchiverna, Natalia<|>Papa, Mariana
040853;v22_Autor_personal;Ogara, Mario<|>Nanami, Alberto<|>Romero, Pablo<|>Scozzina, Emilio<|>Espíndola, Jesús<|>Borrazás, F.;Ogara, Mario<|>Nanami, Alberto<|>Romero, Pablo<|>Scozzina, Emilio Fabián<|>Espíndola, Jesús<|>Borrazás, F.
040854;v22_Autor_personal;Scozzina, Emilio<|>Zunini, César Oscar<|>Anesini, Alberto<|>Kurlat, José;Scozzina, Emilio Fabián<|>Zunini, César Oscar<|>Anesini, Alberto<|>Kurlat, José
040862;v22_Autor_personal;Puglisi, Celia<|>Palacios, Diego<|>Simionato, Edmundo<|>Otamendi, Felipe C.<|>Musmeci, Juan C.<|>Ribetto, Ana<|>Trossero, Mariana<|>Castro, Liliana<|>Mastromónaco, Gladys<|>Demaría, Mónica<|>Palacios, Ivana<|>Macías, Beatriz<|>Scelzi, Gretel<|>Labacà, Patricia<|>Giorgi, Liliana<|>Murphy, Marcela<|>Pecorino, Claudia<|>Castro, Fabiana Andrea<|>Pazos, Alberto;Puglisi, Celia<|>Palacios, Diego Luis<|>Simionato, Edmundo<|>Otamendi, Felipe C.<|>Musmeci, Juan C.<|>Ribetto, Ana<|>Trossero, Mariana<|>Castro, Liliana<|>Mastromónaco, Gladys Miriam<|>Demaría, Mónica<|>Palacios, Ivana<|>Macías, Beatriz<|>Scelzi, Gretel<|>Labacá,  Patricia<|>Giorgi, Liliana<|>Murphy, Marcela<|>Pecorino, Claudia<|>Castro, Fabiana Andrea<|>Pazos, Alberto
040864;v22_Autor_personal;Ramírez, Rodrigo^rcoord.<|>Ariza, Raquel<|>Casabona, Marcela Andrea<|>Flores, Fabiana<|>Herrero, Pablo<|>Oneto, Fernando<|>Paterson, Federico<|>Siro, Jorge<|>Vigna, Alejandrina Moira;Ramírez, Rodrigo Javier^rcoord.<|>Ariza, Raquel<|>Casabona, Marcela Andrea<|>Flores, Fabiana<|>Herrero, Pablo<|>Oneto, Fernando<|>Paterson, Federico<|>Siro, Jorge<|>Vigna, Alejandrina Moira
040867;v22_Autor_personal;Abuin, Graciela Carmen<|>Díaz, Liliana A.<|>Franceschini, Esteban<|>Corti, Horacio R.;Abuin, Graciela Carmen<|>Díaz, Liliana Analía<|>Franceschini, Esteban<|>Corti, Horacio R.
040868;v22_Autor_personal;Martín, Guillermo<|>Duzdevich, Juan<|>Osés, María<|>Casabona, Ángel Miguel Francisco<|>Coppis, Luciano<|>Anesini, Alberto;Martín, Guillermo<|>Duzdevich, Juan Pablo<|>Osés, María<|>Casabona, Ángel Miguel Francisco<|>Coppis, Luciano<|>Anesini, Alberto
040871;v22_Autor_personal;Scheibengraf, Javier<|>Pereira, Gustavo<|>Rueda, Leandro<|>Belelli, Eduardo;Scheibengraf, Javier<|>Pereira, Gustavo<|>Rueda, Leandro Félix<|>Belelli, Eduardo
040872;v22_Autor_personal;Schmidt, Erica<|>Pirola, María Belén<|>Terán, Juan Cruz<|>Páez, Roxana;Schmidt, Erica<|>Pirola, María  Belén<|>Terán, Juan Cruz<|>Páez, Roxana
040873;v22_Autor_personal;Cuesta, Alicia I.<|>Palacios, Diego<|>Bonecco, Belén<|>Campos Otamendi, Felipe José<|>Sáenz, Guadalupe M.<|>Bollini, Fernando<|>Pérez Matturo, Sofía<|>Buffa, Lautaro;Cuesta, Alicia I.<|>Palacios, Diego Luis<|>Bonecco, Belén<|>Campos Otamendi, Felipe José<|>Sáenz, Guadalupe M.<|>Bollini, Fernando Rubén<|>Pérez Matturo, Sofía<|>Buffa, Lautaro Martín
040876;v22_Autor_personal;Cerchiai, Edgard<|>Claros, Sonia<|>Ciurletti, Cristian<|>Martínez, Carlos<|>Pedrani, Mirta<|>Cerutti, Pablo<|>Espejo, Cecilia;Cerchiai, Edgard<|>Claros, Sonia Amelia<|>Ciurletti, Cristián Ricardo<|>Martínez, Carlos Daniel<|>Pedrani, Mirta<|>Cerutti, Pablo<|>Espejo, Cecilia
040877;v22_Autor_personal;Molina Ortiz, S. Eugenia<|>Tomada, Lucía<|>Arrigoni, M.R.;Molina Ortiz, Sara Eugenia<|>Tomada, Lucía<|>Arrigoni, M.R.
040883;v22_Autor_personal;De Luca, Laura<|>Biagetti, Daniel<|>Melaragno, Marcela;De Luca, Laura Mariana<|>Biagetti, Daniel Rubén<|>Melaragno, Marcela
040884;v22_Autor_personal;Fabro, Mabel<|>Trossero, Virginia<|>Porcel, Paola<|>García, María<|>Giordano, Georgina<|>Aiassa, Hugo;Fabro, Mabel Angélica<|>Trossero, Virginia<|>Porcel, Paola<|>García, María<|>Giordano, Georgina<|>Aiassa, Hugo
040886;v22_Autor_personal;Bilotta, Marilina<|>Delgado, Alejandro<|>Pecorino, Claudia<|>Rodríguez, G.<|>Sarquis, Sandra<|>Castro, Fabiana Andrea<|>Murphy, Marcela<|>Labacá, Patricia<|>Castañeda, Roberto Aníbal;Bilotta, Marilina<|>Delgado, Alejandro Pablo<|>Pecorino, Claudia<|>Rodríguez, Gisela Vanina<|>Sarquis, Sandra<|>Castro, Fabiana Andrea<|>Murphy, Marcela<|>Labacá,  Patricia<|>Castañeda, Roberto Aníbal
040887;v22_Autor_personal;Ramos, Elisabet<|>Pirola, M. Belén<|>Nieto, Ivana<|>Hajduczyk, Jorge<|>Robert, Laura;Ramos, Elisabet<|>Pirola, María  Belén<|>Nieto, Ivana<|>Hajduczyk, Jorge<|>Robert, Laura
040889;v22_Autor_personal;Castañeda, Roberto Aníbal<|>Colcombet, Remigio<|>Dolmann, Inés<|>Rosso, Adriana<|>Di Risio, Juan<|>González, Marcelo<|>Toledo, Antonio<|>Cañameras, Carlos<|>Siro, Jorge<|>Rosales, Edgardo<|>Piotto, L.<|>Rodríguez, Ruth<|>Sirman, Laila<|>Flesler, Fanny<|>Gazzola, Gaspar;Castañeda, Roberto Aníbal<|>Colcombet, Remigio<|>Dolmann, Inés Teresa<|>Rosso, Adriana<|>Di Risio, Juan<|>González, Marcelo<|>Toledo, Antonio Edgardo<|>Cañameras, Carlos Alfredo<|>Siro, Jorge<|>Rosales, Edgardo<|>Piotto, L.<|>Rodríguez, Ruth Alejandra<|>Sirman, Laila<|>Flesler, Fanny<|>Gazzola, Gaspar
040891;v22_Autor_personal;Robert, Laura<|>Storani, Eduardo<|>Olivera, Santiago<|>Fabro, Mabel<|>Camargo Zorzoli, Alejandra;Robert, Laura<|>Storani, Eduardo<|>Olivera, Santiago<|>Fabro, Mabel Angélica<|>Camargo Zorzoli, Alejandra Iris
040893;v22_Autor_personal;Santos, Marina<|>Bertolo, María<|>Gallucci, Verónica<|>Martínez, Carlos<|>Herrera, Cecilia<|>Gutiérrez, Alicia<|>Aguilera, Laura Fabiana;Santos, Marina<|>Bertolo, María Del Valle<|>Gallucci, Verónica<|>Martínez, Carlos Daniel<|>Herrera, Cecilia<|>Gutiérrez, Alicia<|>Aguilera, Laura Fabiana
040935;v22_Autor_personal;Rodríguez, Marcos<|>Castellano, Ángel<|>Wyngaard, Guillermo<|>Ramírez, Graciela<|>Agustinho, Alejandra;Rodríguez, Marcos Ignacio<|>Castellano, Ángel<|>Wyngaard, Guillermo<|>Ramírez, Graciela<|>Agustinho, Alejandra
040937;v22_Autor_personal;Ariza, Raquel<|>Armas, Juan José<|>Becker, Rosalba<|>Blanco, Federico<|>Carrizo, Fabián<|>Dorado, Cecilia<|>Gentile, Natalia<|>Guy, Camila<|>Iglesias, Carolina<|>Mathón, Yamila<|>Núñez de la Rosa, Diego<|>Palladino, Cecilia<|>Paratore, Natalia<|>Parenti, Agustina<|>Paterson, Federico<|>Posse, Germán<|>Pozzo, Matías<|>Ramírez, Rodrigo<|>Scovenna, Lorena<|>Secchi, Mariela<|>Tomada, Lucía<|>Vigna, Alejandrina Moira<|>Zielinski, Ana<|>Zunini, Hernán Lucas;Ariza, Raquel<|>Armas, Juan José<|>Becker, Rosalba María<|>Blanco, Federico<|>Carrizo, Fabián Lucio<|>Dorado, Cecilia<|>Gentile, Natalia<|>Guy, Camila<|>Iglesias, Carolina<|>Mathón, Yamila<|>Núñez de la Rosa, Diego<|>Palladino, Cecilia<|>Paratore, Natalia<|>Parenti, Agustina<|>Paterson, Federico<|>Posse, Germán<|>Pozzo, Matías<|>Ramírez, Rodrigo Javier<|>Scovenna, Lorena<|>Secchi, Mariela<|>Tomada, Lucía<|>Vigna, Alejandrina Moira<|>Zielinski, Ana<|>Zunini, Hernán Lucas
040961;v22_Autor_personal;Dabbah, Federico<|>Lupo, Sergio<|>Forastieri, Juan<|>Brenta, Hernán Matías<|>Filipovic, Ezequiel;Dabbah, Federico Augusto<|>Lupo, Sergio Gustavo<|>Forastieri, Juan<|>Brenta, Hernán Matías<|>Filipovic, Ezequiel
040963;v22_Autor_personal;Bonnemezón, A.<|>Krahmer, D. M.<|>Abate, G<|>Martynenko, Vitaliy<|>Schneebeli, Jorge Ernesto<|>Riu, F.<|>Saenzm, M.<|>Bonnemezón, M.;Bonnemezón, A.<|>Krahmer, D. M.<|>Abate, Germán Rubén<|>Martynenko, Vitaliy<|>Schneebeli, Jorge Ernesto<|>Riu, F.<|>Saenzm, M.<|>Bonnemezón, M.
040965;v22_Autor_personal;Brunetto, Pedro<|>Buttini, Susana<|>Fernández Am, Javier<|>Aranda, Juan Carlos<|>Vadell, Emanuel<|>Viluje, Marcela;Brunetto, Pedro Carlos<|>Buttini, Susana<|>Fernández Am, Javier<|>Aranda, Juan Carlos<|>Vadell, Emanuel<|>Viluje, Marcela
040968;v22_Autor_personal;Pérez, Daniel<|>Adad, Walter;Pérez, Daniel<|>Adad, Walter Fabián
040969;v22_Autor_personal;Adad, Walter<|>Di Lillo, Lucas<|>Bierzychudek, Marcos;Adad, Walter Fabián<|>Di Lillo, Lucas Daniel<|>Bierzychudek, Marcos Eduardo
040970;v22_Autor_personal;Bierzychudek, Marcos<|>Elmquist, R.<|>Tonina, Alejandra;Bierzychudek, Marcos Eduardo<|>Elmquist, R.<|>Tonina, Alejandra
040972;v22_Autor_personal;Bertello, Alejandro<|>Escudero, Gustavo<|>Gómez, Juan C.<|>Montiel, Gonzalo<|>Stoklosa, Daniela;Bertello, Alejandro Raúl<|>Escudero, Gustavo Pablo<|>Gómez, Juan C.<|>Montiel, Gonzalo<|>Stoklosa, Daniela Nélida
040974;v22_Autor_personal;Jorge, Javier<|>Puntillo, Daniel<|>Amado, José Luis<|>Caniglia, Cristian<|>Chalimond, Luis;Jorge, Javier<|>Puntillo, Daniel<|>Amado, José Luis<|>Caniglia, Cristian Sergio<|>Chalimond, Luis
040989;v22_Autor_personal;Rodríguez, Marcos<|>Bisciotti, Karina;Rodríguez, Marcos Ignacio<|>Bisciotti, Karina Rosana
040990;v22_Autor_personal;Acosta, Osvaldo Héctor<|>Hatamleh, Nadia<|>Ilgisonis, Andrea<|>Schvartz, Mariano<|>Puelles, María<|>Borinsky, Mónica;Acosta, Osvaldo Héctor<|>Hatamleh, Nadia<|>Ilgisonis, Andrea<|>Schvartz, Mariano Ariel<|>Puelles, María<|>Borinsky, Mónica
040992;v22_Autor_personal;Savarín, Alejandro<|>Fulco, Edgardo<|>Toyos, Fernando<|>Álvarez, Pablo Augusto<|>Pérez, Norberto<|>Malinovsky, Nicolás;Savarin, Alejandro<|>Fulco, Edgardo<|>Toyos, Fernando<|>Álvarez, Pablo Augusto<|>Pérez, Norberto<|>Malinovsky, Nicolás
040995;v22_Autor_personal;Possetto, Mirta<|>Del Negro, Natalia<|>Yanke, Jesica;Possetto, Mirta<|>Del Negro, Natalia Elizabeth<|>Yanke, Jésica Melina
040996;v22_Autor_personal;Pecorino, Claudia<|>Bilotta, Marilina<|>Castro, Fabiana Andrea<|>Murphy, Marcela<|>Labacá, Patricia<|>Castañeda, Roberto Aníbal;Pecorino, Claudia<|>Bilotta, Marilina<|>Castro, Fabiana Andrea<|>Murphy, Marcela<|>Labacá,  Patricia<|>Castañeda, Roberto Aníbal
041011;v22_Autor_personal;Fabro, Mabel<|>Milanesio, Horacio<|>Castañeda, Roberto Aníbal<|>Murphy, Marcela;Fabro, Mabel Angélica<|>Milanesio, Horacio<|>Castañeda, Roberto Aníbal<|>Murphy, Marcela
041012;v22_Autor_personal;Fabro, Mabel;Fabro, Mabel Angélica
041016;v22_Autor_personal;Sánchez, Daniel<|>Lerda, Juan Manuel<|>Gastaldi, Bruno<|>Bellelli, Diego;Sánchez, Daniel<|>Lerda, Juan Manuel<|>Gastaldi, Bruno<|>Bellelli, Diego Aldo
041018;v22_Autor_personal;Leiva, David<|>Iuzzolino, Ricardo;Leiva, David<|>Iuzzolino, Ricardo Javier
041021;v22_Autor_personal;Galacho, Viviana<|>Castañeda, Roberto Aníbal<|>Gatti, Patricia<|>Labacá, Patricia;Galacho, Viviana<|>Castañeda, Roberto Aníbal<|>Gatti, Patricia<|>Labacá,  Patricia
041022;v22_Autor_personal;Beer, Ethel<|>Ilieff, Sergio;Beer, Ethel Mariana<|>Ilieff, Sergio
041023;v22_Autor_personal;Fabro, Mabel<|>Milanesio, Horacio<|>Fornero, Pedro<|>Schamne, Nicolás<|>Toscana, Marina<|>Labacá, Patricia;Fabro, Mabel Angélica<|>Milanesio, Horacio<|>Fornero, Pedro<|>Schamne, Nicolás<|>Toscana, Marina Silvia<|>Labacá,  Patricia
041024;v22_Autor_personal;Fabro, Mabel<|>Demaría, Mónica<|>Cortes, Mariela<|>Trossero, Virginia<|>Porcel, Paola<|>García, María<|>Junges, Omar<|>Fornero, Pedro<|>Milanesio, Horacio;Fabro, Mabel Angélica<|>Demaría, Mónica<|>Cortes, Mariela<|>Trossero, Virginia<|>Porcel, Paola<|>García, María<|>Junges, Omar<|>Fornero, Pedro<|>Milanesio, Horacio
041025;v22_Autor_personal;Noseda, Yanina<|>Fabro, Mabel<|>Junges, Omar<|>Giraudo, Fabio;Noseda, Yanina<|>Fabro, Mabel Angélica<|>Junges, Omar<|>Giraudo, Fabio
041606;v22_Autor_personal;Pellegrin, Raúl<|>Gutierrez, Flavio<|>Martínez, Carlos;Pellegrin, Raúl<|>Gutierrez, Flavio<|>Martínez, Carlos Daniel
041987;v22_Autor_personal;Martínez Krahmer, Daniel;Martínez Krahmer, Daniel Osvaldo
042392;v22_Autor_personal;Bainotti, Carlos T.<|>Arzadun, Martín<|>Lazaro, Laura<|>Laborde, Hugo<|>Bandera, Ramiro<|>López, Juan Ramón<|>Bolleta, Andrea<|>Grassi, Ezequiel<|>Masiero, Beatriz<|>Ghida Daza, Carlos;Bainotti, Carlos Tomás<|>Arzadun, Martín<|>Lazaro, Laura<|>Laborde, Hugo<|>Bandera, Ramiro<|>López, Juan Ramón<|>Bolleta, Andrea<|>Grassi, Ezequiel<|>Masiero, Beatriz<|>Ghida Daza, Carlos
042394;v22_Autor_personal;Amigone, Miguel<|>Kloster, Andrés<|>Navarro, Carlos<|>Bainotti, Carlos;Amigone, Miguel<|>Kloster, Andrés<|>Navarro, Carlos<|>Bainotti, Carlos Tomás
042548;v22_Autor_personal;Perez Zelaschi, Marina<|>Bado, Héctor;Pérez Zelaschi, Marina Luisa<|>Bado, Héctor
042588;v22_Autor_personal;Barón, Mabel<|>Bejanuel, Walter<|>Buján, Silvana<|>De Luca, Laura<|>Kogan, Mariela<|>Musumeci, Edgardo A.<|>Zorzenón, Alejandro;Barón, Mabel<|>Bejanuel, Walter<|>Buján, Silvana<|>De Luca, Laura Mariana<|>Kogan, Mariela<|>Musumeci, Edgardo A.<|>Zorzenón, Alejandro
042727;v22_Autor_personal;Ghida Daza, Carlos<|>Muñoz, Reinaldo<|>Bainotti, Carlos<|>Fraschina, Jorge<|>Salines, José<|>Alberione, Enrique<|>Gómez, Donisio<|>Nisi, Jorge<|>Masiero, Beatriz<|>Conde, Belén<|>Cuniberti, Martha<|>Mir, Leticia<|>Macagno, Susana<|>Berra, Omar<|>Gutierrez, Carmen<|>Bertram, Nicolás<|>Chiacchera, Sebastián<|>Reartes, Fernando<|>Amigone, Miguel<|>Ferraris, Gustavo<|>Gil, Rodolfo<|>Anselmi, Henry<|>Ferreira, Laura<|>Martinez, José Luis<|>Feresin, Patricio;Ghida Daza, Carlos<|>Muñoz, Reinaldo<|>Bainotti, Carlos Tomás<|>Fraschina, Jorge<|>Salines, José<|>Alberione, Enrique<|>Gómez, Donisio<|>Nisi, Jorge<|>Masiero, Beatriz<|>Conde, Belén<|>Cuniberti, Martha<|>Mir, Leticia<|>Macagno, Susana<|>Berra, Omar<|>Gutierrez, Carmen<|>Bertram, Nicolás<|>Chiacchera, Sebastián<|>Reartes, Fernando<|>Amigone, Miguel<|>Ferraris, Gustavo<|>Gil, Rodolfo<|>Anselmi, Henry<|>Ferreira, Laura<|>Martinez, José Luis<|>Feresin, Patricio
042848;v22_Autor_personal;Mahmud, Zulema Angela;Mahmud, Zulema Ángela
042883;v22_Autor_personal;Alvarez, Carolina<|>Molino, Josefina<|>Capuccino, Víctor<|>Giubergia, Juan P.<|>Salinas, Aquiles I.;Álvarez, Carolina<|>Molino, Josefina<|>Capuccino, Víctor<|>Giubergia, Juan P.<|>Salinas, Aquiles I.
042936;v22_Autor_personal;Cogno, Jorge A.;Cogno, Jorge Adrián
043221;v22_Autor_personal;Comastri, Silvia A.<|>Pérez, Liliana I.<|>Pérez, Gervasio D.<|>Martin, Gabriel<|>Bastida, Karina;Comastri, Silvia A.<|>Pérez, Liliana I.<|>Pérez, Gervasio D.<|>Martin, Gabriel<|>Bastida, Karina Beatriz
043256;v22_Autor_personal;Dmitruk, Andrés E.^rcoord.;Dmitruk, Andrés Esteban^rcoord.
043257;v22_Autor_personal;Dmitruk, Andrés E.^rcoord.<|>Brengi, Diego<|>González, Carlos;Dmitruk, Andrés Esteban^rcoord.<|>Brengi, Diego Javier<|>González, Carlos
043376;v22_Autor_personal;Cazzaniga Arduzzo, Diego Santiago<|>Fabro, Mabel<|>Noseda, Yanina<|>Giordano, Georgina<|>Junges, Omar;Cazzaniga Arduzzo, Diego Santiago<|>Fabro, Mabel Angélica<|>Noseda, Yanina<|>Giordano, Georgina<|>Junges, Omar
043377;v22_Autor_personal;Espinosa, Valeria<|>Sarquis, Sandra<|>Demaría, Mónica<|>González, Marcelo<|>Giraudo, Fabio<|>Macias, Beatriz<|>Kuba, Daniela<|>Palacios, Ivana<|>Rodríguez, G.<|>Nabais, Sebastián<|>Giraudo, Cintia;Espinosa, Valeria<|>Sarquis, Sandra<|>Demaría, Mónica<|>González, Marcelo<|>Giraudo, Fabio<|>Macias, Beatriz<|>Kuba, Daniela<|>Palacios, Ivana<|>Rodríguez, Gisela Vanina<|>Nabais, Sebastián<|>Giraudo, Cintia
043378;v22_Autor_personal;Najul, Juan Carlos<|>Alvarez, Jorge<|>Brunetto, Pedro<|>Cerchiai, Edgard<|>Pedrani, Mariela<|>Santi, Antonio<|>Martínez, Cecilia<|>Gutiérrez, Alicia;Najul, Juan Carlos<|>Alvarez, Jorge<|>Brunetto, Pedro Carlos<|>Cerchiai, Edgard<|>Pedrani, Mariela<|>Santi, Antonio<|>Martínez, Cecilia<|>Gutiérrez, Alicia
043381;v22_Autor_personal;Ariza, Raquel<|>Ramírez, Rodrigo<|>Paterson, Federico<|>Vigna, Alejandra<|>Oneto, Fernando<|>Sacerdote, S.<|>Kleinerman. J.;Ariza, Raquel<|>Ramírez, Rodrigo Javier<|>Paterson, Federico<|>Vigna, Alejandra<|>Oneto, Fernando<|>Sacerdote, S.<|>Kleinerman. J.
043382;v22_Autor_personal;Brenta, Hernán Matías<|>Filipovic, Ezequiel<|>Dabbah, Federico<|>Lupo, Sergio<|>Forastieri, Juan;Brenta, Hernán Matías<|>Filipovic, Ezequiel<|>Dabbah, Federico Augusto<|>Lupo, Sergio Gustavo<|>Forastieri, Juan
043384;v22_Autor_personal;Benítez, Alejandra<|>Polzinetti, Matías<|>Puglisi, Celia;Benítez, Alejandra<|>Polzinetti, Matías Daniel<|>Puglisi, Celia
043386;v22_Autor_personal;Filipovic, Ezequiel<|>Lupo, Sergio<|>Forastieri, Juan<|>Dabbah, Federico<|>Miranda, Victorio<|>Brenta, Hernán Matías;Filipovic, Ezequiel<|>Lupo, Sergio Gustavo<|>Forastieri, Juan<|>Dabbah, Federico Augusto<|>Miranda, Victorio<|>Brenta, Hernán Matías
043387;v22_Autor_personal;Bellelli, Diego<|>Gastaldi, Bruno;Bellelli, Diego Aldo<|>Gastaldi, Bruno
043389;v22_Autor_personal;Maiorana, Pablo<|>Palas, Fernando<|>Ortiz, Cristian<|>Lafon, Enrique<|>Caniza, Diego;Maiorana, Pablo Andrés<|>Palas, Fernando Gabriel<|>Ortiz, Cristian<|>Lafon, Enrique<|>Caniza, Diego
043391;v22_Autor_personal;Bensignor, Judith<|>Parise, Claudia<|>Planes, Estela<|>Samter, Paula<|>Storino, Alejandra;Bensignor, Judith<|>Parise, Claudia<|>Planes, Estela<|>Samter, Paula Marcela<|>Storino, Alejandra
043392;v22_Autor_personal;Burroni, Laura<|>Barrera, Verónica<|>Brunetto, Pedro;Burroni, Laura Valeria<|>Barrera, Verónica Natalia<|>Brunetto, Pedro Carlos
043393;v22_Autor_personal;Núñez, Gabriela<|>Egüen, María<|>Esterelles, Mariana<|>Escola, Marcos<|>Bigoglio, Patricio;Núñez, Gabriela<|>Egüen, María<|>Esterelles, Mariana Sandra<|>Escola, Marcos<|>Bigoglio, Patricio Pablo
043394;v22_Autor_personal;Puglisi, Celia<|>Castro, Liliana<|>Mastromónaco, Gladys;Puglisi, Celia<|>Castro, Liliana<|>Mastromónaco, Gladys Miriam
043396;v22_Autor_personal;Adad, Walter<|>Serrano, Federico<|>Riganti, Jorge;Adad, Walter Fabián<|>Serrano, Federico Ariel<|>Riganti, Jorge
043397;v22_Autor_personal;Papczuk, Germán<|>Szombach, Juan<|>Tribiño, Gerardo<|>González, J.<|>Schneebeli,Jorge<|>Martínez Krahmer, Daniel;Papczuk, Germán<|>Szombach, Juan<|>Tribiño, Gerardo Luis<|>González, J.<|>Schneebeli, Jorge Ernesto<|>Martínez Krahmer, Daniel Osvaldo
043399;v22_Autor_personal;Gwirc, Sergio<|>Mariño, Néstor<|>Pesco, Pablo<|>Gómez, Juan Carlos;Gwirc, Sergio<|>Mariño, Néstor Raúl<|>Pesco, Pablo<|>Gómez, Juan Carlos
043401;v22_Autor_personal;Santambrosio, Rodolfo<|>Villian, Marisa<|>Martínez, Emiliano;Santambrosio, Rodolfo<|>Villian, Marisa Betina<|>Martínez, Emiliano
043403;v22_Autor_personal;Raiter, Vera E.;Raiter, Vera Elena
043407;v22_Autor_personal;Boeri, Ricardo<|>Canosa, Luis F.<|>Montecchia, Claudia<|>Villian, Marisa<|>Zorrilla, Javier<|>Gómez, Pedro;Boeri, Ricardo Luis<|>Canosa, Luis F.<|>Montecchia, Claudia<|>Villian, Marisa Betina<|>Zorrilla, Javier<|>Gómez, Pedro
043410;v22_Autor_personal;Alvarez, Jorge<|>Barrera, Verónica<|>Poldi, Leandro<|>Rivarola, Paula<|>Zaszczynski, Cristia<|>Rodríguez, Andrés<|>Pascal, Gonzalo<|>Solano, Enrique;Alvarez, Jorge<|>Barrera, Verónica Natalia<|>Poldi, Leandro Ariel<|>Rivarola, Paula<|>Zaszczynski, Cristia<|>Rodríguez, Andrés<|>Pascal, Gonzalo<|>Solano, Enrique
043412;v22_Autor_personal;Mahmud, Z.<|>Gagliardi, J.<|>Pina, J.<|>Gordillo, G.<|>Tulio, Paulo<|>Míngolo, N.<|>Gassa, L.;Mahmud, Zulema Ángela<|>Gagliardi, J.<|>Pina, J.<|>Gordillo, G.<|>Tulio, Paulo<|>Míngolo, N.<|>Gassa, L.
044191;v22_Autor_personal;Iuzzolino, Ricardo;Iuzzolino, Ricardo Javier
044389;v22_Autor_personal;Laiz, Héctor<|>Kornblit, Fernando<|>Di Lillo, Lucas;Laiz, Héctor<|>Kornblit, Fernando<|>Di Lillo, Lucas Daniel
044390;v22_Autor_personal;Forastiere, Juan<|>Lupo, Sergio;Forastiere, Juan<|>Lupo, Sergio Gustavo
045074;v22_Autor_personal;Babay, Paola Alejandra<|>Romero Ale, Emiliano E.<|>Itria, Raúl F.<|>Becquart, Elena T<|>Thiele, Björn<|>Batistoni, Daniel A.;Babay, Paola Alejandra<|>Romero Ale, Emiliano E.<|>Itria, Raúl Fabio<|>Becquart, Elena T<|>Thiele, Björn<|>Batistoni, Daniel A.
045076;v22_Autor_personal;Lozada, Mariana<|>Figuerola, Eva L.M.<|>Itria, Raúl F.<|>Erijman, Leonardo;Lozada, Mariana<|>Figuerola, Eva L.M.<|>Itria, Raúl Fabio<|>Erijman, Leonardo
045077;v22_Autor_personal;Luppi, Lorena I.<|>Hardmeier, Ivo<|>Babay, Paola Alejandra<|>Itria, Raúl F.<|>Erijman, Leonardo;Luppi, Lorena I.<|>Hardmeier, Ivo<|>Babay, Paola Alejandra<|>Itria, Raúl Fabio<|>Erijman, Leonardo
045524;v22_Autor_personal;Molina, Néstor A.<|>Bruzzo, Martín<|>Zárate, Alfonso<|>Morello, Hernán;Molina, Néstor A.<|>Bruzzo, Martín<|>Zárate, Alfonso Guillermo<|>Morello, Hernán
045646;v22_Autor_personal;Bainotti, Carlos<|>Fraschina, Jorge<|>Salines, José<|>Alberione, Enrique<|>Gómez, Donisio<|>Nisi, Jorge<|>Masiero, Beatriz<|>Conde, Belén<|>Paolini, Haroldo<|>Cuniberti, Martha<|>Mir, Leticia<|>Macagno, Susana<|>Berra, Omar<|>Gutierrez, Carmen<|>Bertram, Nicolás<|>Chiacchera, Sebastián<|>Reartes, Fernando<|>Amigone, Miguel<|>Donaire, Guillermo<|>Formica, Beatriz<|>Conde, Belén<|>Arburua, Mario<|>Rosso, Danilo<|>Masino, Alejandra<|>Madoery, Ormando<|>Puentes, Andrés<|>Anselmi, Henry<|>Vela, Fernando<|>Feresin, Patricio;Bainotti, Carlos Tomás<|>Fraschina, Jorge<|>Salines, José<|>Alberione, Enrique<|>Gómez, Donisio<|>Nisi, Jorge<|>Masiero, Beatriz<|>Conde, Belén<|>Paolini, Haroldo<|>Cuniberti, Martha<|>Mir, Leticia<|>Macagno, Susana<|>Berra, Omar<|>Gutierrez, Carmen<|>Bertram, Nicolás<|>Chiacchera, Sebastián<|>Reartes, Fernando<|>Amigone, Miguel<|>Donaire, Guillermo<|>Formica, Beatriz<|>Conde, Belén<|>Arburua, Mario<|>Rosso, Danilo<|>Masino, Alejandra<|>Madoery, Ormando<|>Puentes, Andrés<|>Anselmi, Henry<|>Vela, Fernando<|>Feresin, Patricio
045687;v22_Autor_personal;Rampoldi, Edgar Ariel<|>Boccardo, Matías<|>Alvarez, Carolina<|>Martellotto, Eduardo<|>Salinas, Aquiles I.<|>Lovera, Edgar F.<|>Giubergia, Juan P.<|>Bustos Verónica;Rampoldi, Edgar Ariel<|>Boccardo, Matías<|>Álvarez, Carolina<|>Martellotto, Eduardo<|>Salinas, Aquiles I.<|>Lovera, Edgar F.<|>Giubergia, Juan P.<|>Bustos Verónica
045763;v22_Autor_personal;Bainotti, Carlos<|>Fraschina, Jorge<|>Salines, José<|>Alberione, Enrique<|>Gómez, Donisio<|>Masiero, Beatriz<|>Conde, Belén<|>Paolini, Haroldo<|>Cuniberti, Martha<|>Mir, Leticia<|>Macagno, Susana<|>Berra, Omar<|>Gutierrez, Carmen<|>Bertram, Nicolás<|>Chiacchera, Sebastián<|>Amigone, Miguel<|>Donaire, Guillermo<|>Formica, Beatriz<|>Conde, Belén<|>Arburua, Mario<|>Masino, Alejandra<|>Madoery, Ormando<|>Puentes, Andrés<|>Anselmi, Henry<|>Feresin, Patricio;Bainotti, Carlos Tomás<|>Fraschina, Jorge<|>Salines, José<|>Alberione, Enrique<|>Gómez, Donisio<|>Masiero, Beatriz<|>Conde, Belén<|>Paolini, Haroldo<|>Cuniberti, Martha<|>Mir, Leticia<|>Macagno, Susana<|>Berra, Omar<|>Gutierrez, Carmen<|>Bertram, Nicolás<|>Chiacchera, Sebastián<|>Amigone, Miguel<|>Donaire, Guillermo<|>Formica, Beatriz<|>Conde, Belén<|>Arburua, Mario<|>Masino, Alejandra<|>Madoery, Ormando<|>Puentes, Andrés<|>Anselmi, Henry<|>Feresin, Patricio
045828;v22_Autor_personal;Scheibengraf, Javier<|>Pereira, Gustavo<|>Rueda, Leandro<|>Tribiño, Gerardo<|>Olivares, Mariano<|>Belelli, Eduardo<|>Pérez Gont, Alberto<|>Soler, Mariano;Scheibengraf, Javier<|>Pereira, Gustavo<|>Rueda, Leandro Félix<|>Tribiño, Gerardo Luis<|>Olivares, Mariano<|>Belelli, Eduardo<|>Pérez Gont, Alberto<|>Soler, Mariano
045833;v22_Autor_personal;Giannetta, Hernán<|>Zabala, M.<|>Lozano, Alex<|>Fraigi, Liliana<|>Fonseca, L.;Giannetta, Hernán<|>Zabala, M.<|>Lozano, Alex<|>Fraigi, Liliana Beatriz<|>Fonseca, L.
045834;v22_Autor_personal;Mass, Mijal<|>Roberti, Mariano<|>Di Vruno, Federico<|>Malatto, Laura<|>Fraigi, Liliana;Mass, Mijal Inés<|>Roberti, Mariano<|>Di Vruno, Federico<|>Malatto, Laura<|>Fraigi, Liliana Beatriz
045836;v22_Autor_personal;Giménez, Gustavo<|>Martínez de Mendíbil, J.<|>Lifante Pedrola, G.<|>Pernas, P.<|>Fraigi, Liliana;Giménez, Gustavo<|>Martínez de Mendíbil, J.<|>Lifante Pedrola, G.<|>Pernas, P.<|>Fraigi, Liliana Beatriz
045838;v22_Autor_personal;Alvarez, Jorge<|>Burroni, Laura<|>Barrera, Verónica<|>Luna, Analía;Alvarez, Jorge<|>Burroni, Laura Valeria<|>Barrera, Verónica Natalia<|>Luna, Analía
045839;v22_Autor_personal;Giménez, Gustavo<|>Ybarra, Gabriel<|>Azzaroni, Omar<|>Brunsen, Annette<|>Soler Illia, Galo J. A. A.;Giménez, Gustavo<|>Ybarra, Gabriel Omar<|>Azzaroni, Omar<|>Brunsen, Annette<|>Soler Illia, Galo J. A. A.
045842;v22_Autor_personal;Moina, Carlos<|>Longinotti, Gloria<|>Lloret, Paulina<|>Melli, Luciano<|>Ybarra, Gabriel<|>Rey Serantes, Diego<|>Comerci, Diego<|>Ciocchini, Andrés<|>Ugalde, Juan<|>Malatto, Laura<|>Mass, Mijal<|>Roberti, Mariano<|>Brengi, Diego<|>Tropea, Salvador<|>Fraigi, Liliana<|>Lloret, Matías;Moina, Carlos Alberto<|>Longinotti, Gloria<|>Lloret, Paulina<|>Melli, Luciano<|>Ybarra, Gabriel Omar<|>Rey Serantes, Diego<|>Comerci, Diego<|>Ciocchini, Andrés<|>Ugalde, Juan<|>Malatto, Laura<|>Mass, Mijal Inés<|>Roberti, Mariano<|>Brengi, Diego Javier<|>Tropea, Salvador Eduardo<|>Fraigi, Liliana Beatriz<|>Lloret, Matías
045843;v22_Autor_personal;Malatto, Laura<|>Plaza, José Antonio<|>Fraigi, Liliana;Malatto, Laura<|>Plaza, José Antonio<|>Fraigi, Liliana Beatriz
045844;v22_Autor_personal;Hermida, Laura<|>Pérez Zelaschi, Marina<|>Miro, María<|>Marino, Patricia<|>Escobar, Germán<|>Zunino, Cristina<|>Ferreira, Esteban<|>Frangie, Sofía<|>Martínez, Vanina<|>Alberti, Cecilia<|>Peter Gauna, Regina<|>Gallardo, Gabriela<|>Buffa, Fabián<|>Ballarin, F.M.<|>Caraciollo, Pablo<|>Abraham, Gustavo;Hermida, Laura<|>Pérez Zelaschi, Marina Luisa<|>Miro, María<|>Marino, Patricia<|>Escobar, Germán<|>Zunino, Cristina<|>Ferreira, Esteban<|>Frangie, Sofía<|>Martínez, Vanina<|>Alberti, Cecilia<|>Peter Gauna, Regina<|>Gallardo, Gabriela<|>Buffa, Fabián<|>Ballarin, F.M.<|>Caraciollo, Pablo<|>Abraham, Gustavo
045846;v22_Autor_personal;Lloret, Paulina<|>Longinotti, Gloria<|>Ybarra, Gabriel<|>Moina, Carlos<|>Viale, D.<|>Radrizzani, Martín;Lloret, Paulina<|>Longinotti, Gloria<|>Ybarra, Gabriel Omar<|>Moina, Carlos Alberto<|>Viale, D.<|>Radrizzani, Martín
045849;v22_Autor_personal;Abate, Germán Rubén<|>Martynenko, Vitaliy<|>Gayol, P.<|>Martínez Krahmer, Daniel;Abate, Germán Rubén<|>Martynenko, Vitaliy<|>Gayol, P.<|>Martínez Krahmer, Daniel Osvaldo
045896;v22_Autor_personal;Brengi, Diego J.<|>Tropea, Salvador<|>Parra Visentin, Matías<|>Huy, Christian<|>Melo, Rodrigo;Brengi, Diego Javier<|>Tropea, Salvador Eduardo<|>Parra Visentin, Matías Emmanuel<|>Huy, Christian<|>Melo, Rodrigo
045897;v22_Autor_personal;Colín, C.<|>Viliesid, M.<|>Chaudhary, Krishan Pal<|>Decker, J.<|>Dvorácek, F.<|>Franca, R.<|>Ilieff, S.<|>Rodríguez, J.<|>Stoup, J.;Colín, C.<|>Viliesid, M.<|>Chaudhary, Krishan Pal<|>Decker, J.<|>Dvorácek, Frantisek<|>Franca, R.<|>Ilieff, S.<|>Rodríguez, J.<|>Stoup, J.
045904;v22_Autor_personal;Del Negro, Natalia<|>Costa, Pablo Martín<|>Possetto, Mirta;Del Negro, Natalia Elizabeth<|>Costa, Pablo Martín<|>Possetto, Mirta
045911;v22_Autor_personal;Valcárcel, M.^rcoord.<|>Ríos, M.^rcoord.;Valcárcel, M.^rcoord.<|>Ríos, Maximiliano Guillermo^rcoord.
045913;v22_Autor_personal;Kornblit, Fernando<|>Leiblich, Juan<|>Sánchez, Jorge;Kornblit, Fernando<|>Leiblich, Juan Antonio<|>Sánchez, Jorge
045915;v22_Autor_personal;Lavratti, F.<|>Ceratti, A.<|>Prestes, D.<|>Pinto, A. R.<|>Bolzani, L.<|>Vargas, F.<|>Montez, C.<|>Hernández, F.<|>Gatti, E.<|>Silva, C.;Lavratti, F.<|>Ceratti, A.<|>Prestes, D.<|>Pinto, A. R.<|>Bolzani, L.<|>Vargas, F.<|>Montez, C.<|>Hernández, F.<|>Gatti, E.<|>Silva, Carmen Leonilda
045916;v22_Autor_personal;Maceira, Gustavo<|>Abate, Germán Rubén<|>Martínez Krahmer, Daniel;Maceira, Gustavo<|>Abate, Germán Rubén<|>Martínez Krahmer, Daniel Osvaldo
045920;v22_Autor_personal;Gatti, P.<|>Rodríguez, G.<|>Otheguy, L.<|>Vega, O.;Gatti, P.<|>Rodríguez, Gisela Vanina<|>Otheguy, L.<|>Vega, O.
045924;v22_Autor_personal;Nieto, I.<|>Oliszewski, R.<|>Aimar, Bruno Nicolás<|>Picotti, J.;Nieto, I.<|>Oliszewski, R.<|>Aimar, Bruno Nicolás<|>Picotti, Jorge Hugo
045926;v22_Autor_personal;Melo, Rodrigo A.<|>Caruso, David Misael<|>Tropea, Salvador;Melo, Rodrigo A.<|>Caruso, David Misael<|>Tropea, Salvador Eduardo
045929;v22_Autor_personal;Pérez Zelaschi, Marina;Pérez Zelaschi, Marina Luisa
045974;v22_Autor_personal;Curutchet, Raúl<|>Aragno, Alicia^rcoord.;Curutchet, Raúl<|>Aragno, Alicia María^rcoord.
045975;v22_Autor_personal;Aragno, Alicia^rcoord.;Aragno, Alicia María^rcoord.
045976;v22_Autor_personal;Aragno, Alicia^rcoord.;Aragno, Alicia María^rcoord.
045986;v22_Autor_personal;Cattoni, Domingo<|>Ferrari, Claudio<|>Lebedev, Leonardo<|>Pazos, Leonardo<|>Sbovoda, Hernán;Cattoni, Domingo<|>Ferrari, Claudio<|>Lebedev, Leonardo<|>Pazos, Leonardo Martín<|>Sbovoda, Hernán
046022;v22_Autor_personal;Alonso-Gonzalez, Pablo<|>Schnell, Martin<|>Sarriugarte, Paulo<|>Sobhani, Heidar<|>Wu, Chihhui<|>Arju, Nihal<|>Khanikaev, Alexander<|>Golmar, Federico<|>Albella, Pablo<|>Arzubiaga, Libe<|>Casanova, Felix<|>Hueso, Luis E.<|>Nordlander, Peter<|>Shvets, Gennady<|>Hillenbrand, Rainer;Alonso-González, Pablo<|>Schnell, Martin<|>Sarriugarte, Paulo<|>Sobhani, Heidar<|>Wu, Chihhui<|>Arju, Nihal<|>Khanikaev, Alexander<|>Golmar, Federico<|>Albella, Pablo<|>Arzubiaga, Libe<|>Casanova, Félix<|>Hueso, Luis E.<|>Nordlander, Peter<|>Shvets, Gennady<|>Hillenbrand, Rainer
046024;v22_Autor_personal;Vieites, Carlos M.<|>Basso, Claudio P.<|>Zunini, Hernán L.;Vieites, Carlos M.<|>Basso, Claudio P.<|>Zunini, Hernán Lucas
046027;v22_Autor_personal;Iuzzolino, Ricardo<|>Palafox, Luis<|>Behr, Ralf;Iuzzolino, Ricardo Javier<|>Palafox, Luis<|>Behr, Ralf
046048;v22_Autor_personal;Tufaro, Leonardo N.<|>Burgueño, Alejandro<|>Svoboda, Hernán G.;Tufaro, Leonardo Nicolás<|>Burgueño, Alejandro<|>Svoboda, Hernán Gabriel
046104;v22_Autor_personal;Campos, Eduardo^rcomp.;Campos, Eduardo Ariel^rcomp.
046134;v22_Autor_personal;Herrera, Laura<|>Hermida, Laura<|>Biancofiore, Claudio<|>Grasso, Leonardo<|>Haydee Montero, Haydee<|>Pino, Fernando<|>Vélez, Hugo<|>Fontana, Edgardo<|>Segovia, E.<|>Angeleri, Silvina<|>Macri, R.<|>Cadin, Daniel<|>Salerno, Adriana<|>Soler, G.;Herrera, Laura<|>Hermida, Laura<|>Biancofiore, Claudio Daniel<|>Grasso, Leonardo<|>Haydee Montero, Haydee<|>Pino, Fernando<|>Vélez, Hugo<|>Fontana, Edgardo<|>Segovia, E.<|>Ángeleri, Silvina María<|>Macri, R.<|>Cadin, Daniel<|>Salerno, Adriana<|>Soler, G.
046143;v22_Autor_personal;Pérez Gont, Alberto<|>Ribeiro, Matías<|>Rodríguez, Gabriel<|>Fernández Soler, Marta<|>Baudino, Guillermo<|>Páez, Jorge<|>Jorge, Luis Andrés<|>Scheibengraf, Javier;Pérez Gont, Alberto<|>Ribeiro, Matías<|>Rodríguez, Gabriel<|>Fernández Soler, Marta<|>Baudino, Guillermo Andrés<|>Páez, Jorge<|>Jorge, Luis Andrés<|>Scheibengraf, Javier
046144;v22_Autor_personal;Baudino, Guillermo<|>Scheibengraf, Javier<|>Rodríguez, José A.<|>Jorge, L.A.<|>Pereyra, G.;Baudino, Guillermo Andrés<|>Scheibengraf, Javier<|>Rodríguez, José A.<|>Jorge, L.A.<|>Pereyra, G.
046152;v22_Autor_personal;Armas, Juan<|>Blanco, Federico<|>Gentile, Natalia<|>Mathon, Yamila<|>Parenti, Agustina<|>Posse, Germán<|>Zielinski, Ana;Armas, Juan José<|>Blanco, Federico<|>Gentile, Natalia<|>Mathon, Yamila<|>Parenti, Agustina<|>Posse, Germán<|>Zielinski, Ana
046154;v22_Autor_personal;Juárez, Lidia<|>Rueda, Leandro<|>Tribiño, Gerardo<|>Aimar, Bruno<|>Nieto, Ivana<|>Bonafede, Mauro<|>Aguilar, Leandro Javier Ceferino<|>Picotti, J.<|>Molina Ortiz, S.E.;Juárez, Lidia<|>Rueda, Leandro Félix<|>Tribiño, Gerardo Luis<|>Aimar, Bruno Nicolás<|>Nieto, Ivana<|>Bonafede, Mauro<|>Aguilar, Leandro Javier Ceferino<|>Picotti, Jorge Hugo<|>Molina Ortiz, S.E.
046156;v22_Autor_personal;Agustinho, Alejandra<|>Dionicio, Alejandra<|>Echenique, Marcelo;Agustinho, Alejandra<|>Dionicio, Alejandra Victoria<|>Echenique, Marcelo
046159;v22_Autor_personal;Araque, María V.<|>Biagetti, Daniel R.<|>Capitanelli, Pablo<|>Federico, Mónica<|>Palomeque, Elizabeth;Araque, María Verónica<|>Biagetti, Daniel Rubén<|>Capitanelli, Pablo<|>Federico, Mónica<|>Palomeque, Elizabeth
046162;v22_Autor_personal;Ariza, Raquel<|>Ramírez, Rodrigo<|>Herrero, Pablo<|>Dorado, Cecilia<|>Paterson, Federico<|>Palladino, Cecilia<|>Galanzino, Claudia<|>Fiser, Néstor<|>Feans, Gustavo<|>Vázquez, Ciro<|>Mataluna, Mauricio<|>Arreguy, Luis<|>Martínez, Pablo<|>Mazzucco, Carlos<|>Rueda, Leandro<|>Kohanoff, S.;Ariza, Raquel<|>Ramírez, Rodrigo Javier<|>Herrero, Pablo<|>Dorado, Cecilia<|>Paterson, Federico<|>Palladino, Cecilia<|>Galanzino, Claudia<|>Fiser, Néstor<|>Feans, Gustavo<|>Vázquez, Ciro<|>Mataluna, Mauricio<|>Arreguy, Luis<|>Martínez, Pablo<|>Mazzucco, Carlos<|>Rueda, Leandro Félix<|>Kohanoff, S.
046166;v22_Autor_personal;Meilinger, Jessica<|>Paratore, Natalia<|>Scovenna, Lorena<|>Miodini, Noelia<|>Sirota, Alejandro<|>Pozzo, Matías<|>Carrizo, Fabián;Meilinger, Jessica<|>Paratore, Natalia<|>Scovenna, Lorena<|>Miodini, Noelia<|>Sirota, Alejandro<|>Pozzo, Matías<|>Carrizo, Fabián Lucio
046168;v22_Autor_personal;Biagetti, Daniel<|>Melaragno, Marcela<|>Araque, Verónica<|>Markan, Alejandro<|>Martegani, José<|>Fiori, Mario<|>Casaoliba, Ricardo<|>Gildeza, Ricardo<|>Dionicio, Alejandra Victoria<|>Burdisso, Alejandro<|>Rueda, Leandro;Biagetti, Daniel Rubén<|>Melaragno, Marcela<|>Araque, Verónica<|>Markan, Alejandro<|>Martegani, José Eduardo<|>Fiori, Mario<|>Casaoliba, Ricardo<|>Gildeza, Ricardo<|>Dionicio, Alejandra Victoria<|>Burdisso, Alejandro Roberto<|>Rueda, Leandro Félix
046169;v22_Autor_personal;Fernández Soler, Mariano<|>Lattanzi, Roberto<|>Schneebeli, Jorge;Fernández Soler, Mariano<|>Lattanzi, Roberto<|>Schneebeli, Jorge Ernesto
046171;v22_Autor_personal;Casóliba, Ramiro<|>Hoyos, Graciela<|>Luna, R.<|>Jorge, E.<|>Correa, S.;Casóliba, Ramiro Martín<|>Hoyos, Graciela<|>Luna, Rocío Giselle<|>Jorge, E.<|>Correa, S.
046187;v22_Autor_personal;Scheinbengraf, Javier<|>Cerchiai, Edgar<|>Claros, Sonia<|>Cerutti, Pablo<|>Ciurletti, Cristian;Scheinbengraf, Javier<|>Cerchiai, Edgar<|>Claros, Sonia Amelia<|>Cerutti, Pablo<|>Ciurletti, Cristián Ricardo
046189;v22_Autor_personal;Vergara, Darío<|>Jarzinski, Mario<|>Tofé, Horacio<|>Muñoz, Diana<|>Zunini, Hernán Lucas;Vergara, Darío<|>Jarzinski, Mario Antenor<|>Tofé, Horacio Sergio<|>Muñoz, Diana<|>Zunini, Hernán Lucas
046195;v22_Autor_personal;Páez, Jorge<|>Pérez Gont, A.<|>Jorge, Luis Andrés<|>Scheibengraf, Javier<|>Baudino, Guillermo<|>Cordara, Marcela Fernanda<|>Ziolo, Julio<|>Días Vieira, Ariel;Páez, Jorge<|>Pérez Gont, A.<|>Jorge, Luis Andrés<|>Scheibengraf, Javier<|>Baudino, Guillermo Andrés<|>Cordara, Marcela Fernanda<|>Ziolo, Julio<|>Días Vieira, Ariel
046208;v22_Autor_personal;Baudino, Guillermo<|>Scheibengraf, Javier<|>Rodríguez, Juan A.<|>Jorge, Luis A.<|>Pereyra, G.<|>Zambrano Echenique, Manuel Luis;Baudino, Guillermo Andrés<|>Scheibengraf, Javier<|>Rodríguez, Juan A.<|>Jorge, Luis Andrés<|>Pereyra, G.<|>Zambrano Echenique, Manuel Luis
046210;v22_Autor_personal;Ciani, Elsa Noemí<|>Gadaleta, Liliana<|>Campanaro, Mónica<|>Pellizari, Paula;Ciani, Elsa Noemí<|>Gadaleta, Liliana<|>Campanaro, Mónica Susana<|>Pellizari, Paula
046215;v22_Autor_personal;Accorinti, Sabrina<|>Graham, María<|>Kuklis, Virginia<|>Ojeda, Lourdes;Accorinti, Sabrina Cinthia<|>Graham, María<|>Kuklis, Virginia<|>Ojeda, Lourdes
046216;v22_Autor_personal;Scozzina, Emilio<|>Yurkiv, Gabriela<|>Cazaux, Nadina Magalí<|>Schneiter, Ezequiel;Scozzina, Emilio Fabián<|>Yurkiv, Gabriela<|>Cazaux, Nadina Magalí<|>Schneiter, Ezequiel
046219;v22_Autor_personal;Schneebeli, Jorge<|>Booman, Alejandro<|>Ibba, Marcelo<|>Berterreix, Claudio<|>Fuente, Fernando<|>Erratchu, Martín<|>Iaconis, Agustín<|>Alanis, Sergio Luis<|>Márquez, Aníbal<|>Riu, F.;Schneebeli, Jorge Ernesto<|>Booman, Alejandro Carlos<|>Ibba, Marcelo<|>Berterreix, Claudio Javier<|>Fuente, Fernando<|>Erratchu, Martín<|>Iaconis, Agustín<|>Alanis, Sergio Luis<|>Márquez, Aníbal<|>Riu, F.
046220;v22_Autor_personal;Ariza, Raquel<|>Palladino, Cecilia<|>Ramírez, Rodrigo<|>Marchini, Helena<|>Secchi, Mariela<|>Galanzino, Claudia<|>Albisu, Lucila<|>Pujol, Estrella<|>Vázquez, María E.;Ariza, Raquel<|>Palladino, Cecilia<|>Ramírez, Rodrigo Javier<|>Marchini, Helena<|>Secchi, Mariela<|>Galanzino, Claudia<|>Albisu, Lucila<|>Pujol, Estrella<|>Vázquez, María E.
046222;v22_Autor_personal;Suárez, María Eugenia<|>Carrizo, Guillermo<|>Boeri, Ricardo<|>Villian, Marisa;Suárez, María Eugenia<|>Carrizo, Guillermo<|>Boeri, Ricardo Luis<|>Villian, Marisa Betina
046251;v22_Autor_personal;Iuzzolino, Ricardo<|>Adad, Walter Fabián;Iuzzolino, Ricardo Javier<|>Adad, Walter Fabián
046279;v22_Autor_personal;Melo, Rodrigo A.<|>Caruso, David Misael<|>Tropea, Salvador E.;Melo, Rodrigo A.<|>Caruso, David Misael<|>Tropea, Salvador Eduardo
046296;v22_Autor_personal;Pirola, María Belén;Pirola, María  Belén
046305;v22_Autor_personal;Pirosanto, Iver<|>Wyngaard, Guillermo Javier<|>Owczarczyn, Laura<|>Rodríguez, Marcos;Pirosanto, Iver<|>Wyngaard, Guillermo Javier<|>Owczarczyn, Laura<|>Rodríguez, Marcos Ignacio
046306;v22_Autor_personal;Pirosanto, Iver<|>Wyngaard, Guillermo Javier<|>Owczarczyn, Laura<|>Rodríguez, Marcos;Pirosanto, Iver<|>Wyngaard, Guillermo Javier<|>Owczarczyn, Laura<|>Rodríguez, Marcos Ignacio
046345;v22_Autor_personal;Zielinski, Ana<|>Toledo, Antonio<|>Storani, Eduardo<|>Nieto, Ivana<|>González, Marcelo<|>Castañeda, Roberto Aníbal<|>Mathon, Yamila^rcoord.;Zielinski, Ana<|>Toledo, Antonio Edgardo<|>Storani, Eduardo<|>Nieto, Ivana<|>González, Marcelo<|>Castañeda, Roberto Aníbal<|>Mathon, Yamila^rcoord.
046355;v22_Autor_personal;Ramírez, Rodrigo^rcoord.<|>Ariza, Raquel<|>Becker, Rosalba<|>Marchini, Helena<|>Oneto, Fernando<|>Vigna, Alejandrina Moira;Ramírez, Rodrigo Javier^rcoord.<|>Ariza, Raquel<|>Becker, Rosalba María<|>Marchini, Helena<|>Oneto, Fernando<|>Vigna, Alejandrina Moira
046356;v22_Autor_personal;Rodríguez, Marcos<|>Suárez, María Eugenia;Rodríguez, Marcos Ignacio<|>Suárez, María Eugenia
046362;v22_Autor_personal;Ramírez, Rodrigo^rcoord.<|>Ariza, Raquel<|>Becker, Rosalba<|>Marchini, Helena<|>Oneto, Fernando<|>Vigna, Alejandrina Moira;Ramírez, Rodrigo Javier^rcoord.<|>Ariza, Raquel<|>Becker, Rosalba María<|>Marchini, Helena<|>Oneto, Fernando<|>Vigna, Alejandrina Moira
046364;v22_Autor_personal;Fraschina, Jorge<|>Salines, José<|>Donaire, Guillermo<|>Gómez, Donisio<|>Alberione, Enrique<|>Bainotti, Carlos<|>Conde, Belén<|>Paolini, Haroldo<|>Cuniberti, Martha<|>Macagno, Susana<|>Mir, Leticia<|>Ghida Daza, Carlos<|>Paolini, Haroldo<|>Formica, Beatriz<|>Masiero, Beatriz<|>Reartes, Fernando;Fraschina, Jorge<|>Salines, José<|>Donaire, Guillermo<|>Gómez, Donisio<|>Alberione, Enrique<|>Bainotti, Carlos Tomás<|>Conde, Belén<|>Paolini, Haroldo<|>Cuniberti, Martha<|>Macagno, Susana<|>Mir, Leticia<|>Ghida Daza, Carlos<|>Paolini, Haroldo<|>Formica, Beatriz<|>Masiero, Beatriz<|>Reartes, Fernando
046368;v22_Autor_personal;Moina, Carlos<|>Ybarra, Gabriel;Moina, Carlos Alberto<|>Ybarra, Gabriel Omar
046379;v22_Autor_personal;Ramírez, Rodrigo^rcoord.<|>Ariza, Raquel<|>Casabona, Marcela Andrea<|>Flores, Fabiana<|>Herrero, Pablo<|>Oneto, Fernando<|>Paterson, Federico<|>Siro, Jorge<|>Vigna, Alejandrina Moira;Ramírez, Rodrigo Javier^rcoord.<|>Ariza, Raquel<|>Casabona, Marcela Andrea<|>Flores, Fabiana<|>Herrero, Pablo<|>Oneto, Fernando<|>Paterson, Federico<|>Siro, Jorge<|>Vigna, Alejandrina Moira
046382;v22_Autor_personal;Leiva Rodríguez, María Rocío<|>Nieto, Sonia<|>Pilatti, Leonor<|>Rizzardo, Augusto<|>Soria, Rosana Ruth<|>Acosta, María^rcolab.<|>Salas Alderete, Susana^rcolab.<|>Cejas, Miriam^rcolab.<|>Cerchiai, Edgar^rcolab.<|>Ciurletti, Cristian^rcolab.<|>Claros, Sonia A.^rcolab.<|>Córdoba, Raúl^rcolab.<|>García, Luis H.^rcolab.<|>Palacios de Pinetta, Haydee^rcolab.<|>Sánchez Brizuela, Ricardo^rcolab.<|>Cavallera, María José^rcolab.<|>Chávez, Andrea^rcolab.<|>Parodi, Cecilia Inés^rcolab.<|>Paz, Silvina^rcolab.<|>Vittar, Celia^rcolab.<|>Agriello, Juan José^rcolab.<|>Jara, Silvia^rcolab.<|>Locascio, Oreste^rcolab.;Leiva Rodríguez, María Rocío<|>Nieto, Sonia<|>Pilatti, Leonor<|>Rizzardo, Augusto<|>Soria, Rosana Ruth<|>Acosta, María^rcolab.<|>Salas Alderete, Susana^rcolab.<|>Cejas, Miriam^rcolab.<|>Cerchiai, Edgar^rcolab.<|>Ciurletti, Cristián Ricardo^rcolab.<|>Claros, Sonia Amelia^rcolab.<|>Córdoba, Raúl^rcolab.<|>García, Luis H.^rcolab.<|>Palacios de Pinetta, Haydee^rcolab.<|>Sánchez Brizuela, Ricardo^rcolab.<|>Cavallera, María José^rcolab.<|>Chávez, Andrea^rcolab.<|>Parodi, Cecilia Inés^rcolab.<|>Paz, Silvina^rcolab.<|>Vittar, Celia^rcolab.<|>Agriello, Juan José^rcolab.<|>Jara, Silvia^rcolab.<|>Locascio, Oreste^rcolab.
046389;v22_Autor_personal;Bobbio, Federico<|>Serna, Alexei<|>Rico, Humberto<|>Castañena, Lina;Bobbio, Federico Sebastián<|>Serna, Alexei<|>Rico, Humberto<|>Castañena, Lina
046402;v22_Autor_personal;Rousset, Rubén<|>Tribiño, Gerardo;Rousset, Rubén<|>Tribiño, Gerardo Luis
046404;v22_Autor_personal;Jorge, Javier<|>Caniglia, Cristian<|>Bobbio, Federico;Jorge, Javier<|>Caniglia, Cristian Sergio<|>Bobbio, Federico Sebastián
046406;v22_Autor_personal;Bobbio, Federico;Bobbio, Federico Sebastián
046407;v22_Autor_personal;Rueda, Leandro<|>Peralta, Mercedes<|>Baldi, Marcelo;Rueda, Leandro Félix<|>Peralta, Mercedes<|>Baldi, Marcelo
046409;v22_Autor_personal;Tribiño, Gerardo<|>Vignau, Sol;Tribiño, Gerardo Luis<|>Vignau, Sol
046410;v22_Autor_personal;Bellelli, Diego<|>Gastaldi, Bruno;Bellelli, Diego Aldo<|>Gastaldi, Bruno
046411;v22_Autor_personal;Rueda, Leandro<|>Tribiño, Gerardo;Rueda, Leandro Félix<|>Tribiño, Gerardo Luis
046412;v22_Autor_personal;Rueda, Leandro<|>Jorge, Javier<|>López, Marcelo;Rueda, Leandro Félix<|>Jorge, Javier<|>López, Marcelo
046413;v22_Autor_personal;Tribiño, Gerardo;Tribiño, Gerardo Luis
046414;v22_Autor_personal;Caniglia, Cristian;Caniglia, Cristian Sergio
046416;v22_Autor_personal;Bonafede, Mauro<|>Molina Ortiz, Sara<|>Picotti, J.;Bonafede, Mauro<|>Molina Ortiz, Sara Eugenia<|>Picotti, Jorge Hugo
046420;v22_Autor_personal;Szombach, J.<|>Tribiño, Gerardo<|>Riu, F.<|>Santos, Luciano<|>Martínez Krahmer, Daniel Osvaldo;Szombach, J.<|>Tribiño, Gerardo Luis<|>Riu, F.<|>Santos, Luciano<|>Martínez Krahmer, Daniel Osvaldo
046421;v22_Autor_personal;Mediavilla, M.<|>Tribiño, Gerardo<|>Rueda, Leandro;Mediavilla, M.<|>Tribiño, Gerardo Luis<|>Rueda, Leandro Félix
046422;v22_Autor_personal;Guari, S.<|>Tribiño, Gerardo<|>Echenique, M.;Guari, S.<|>Tribiño, Gerardo Luis<|>Echenique, M.
046423;v22_Autor_personal;Amado, José Luis<|>Puntillo, Daniel<|>Jorge, Javier<|>Caniglia, Cristian<|>Moretti, Ignacio;Amado, José Luis<|>Puntillo, Daniel<|>Jorge, Javier<|>Caniglia, Cristian Sergio<|>Moretti, Ignacio
046424;v22_Autor_personal;Rueda, Leandro<|>Jorge, Javier;Rueda, Leandro Félix<|>Jorge, Javier
046425;v22_Autor_personal;Aimar, Bruno Nicolás<|>Nieto, I. G.<|>Bonafede, Mauro<|>Picotti, J.<|>Molina Ortiz, Sara;Aimar, Bruno Nicolás<|>Nieto, I. G.<|>Bonafede, Mauro<|>Picotti, Jorge Hugo<|>Molina Ortiz, Sara Eugenia
046426;v22_Autor_personal;Aimar, Bruno Nicolás<|>Nieto, I. G.<|>Bonafede, Mauro<|>Picotti, J.<|>Molina Ortiz, Sara;Aimar, Bruno Nicolás<|>Nieto, I. G.<|>Bonafede, Mauro<|>Picotti, Jorge Hugo<|>Molina Ortiz, Sara Eugenia
046427;v22_Autor_personal;Álvarez, José Jorge Enrique<|>Burroni, Laura<|>Rivarola, Paula<|>Poldi, Leandro<|>Zaszczynski, Cristian<|>Barrera, Verónica;Álvarez, José Jorge Enrique<|>Burroni, Laura Valeria<|>Rivarola, Paula<|>Poldi, Leandro Ariel<|>Zaszczynski, Cristian Gabriel<|>Barrera, Verónica Natalia
046432;v22_Autor_personal;Cerutti Antonietti, Pablo<|>Claros, S.<|>Silbert, Violeta<|>Ciurletti, Cristián Ricardo;Cerutti Antonietti, Pablo<|>Claros, Sonia Amelia<|>Silbert, Violeta<|>Ciurletti, Cristián Ricardo
046433;v22_Autor_personal;Argaraña, Andrea<|>Tribiño, Gerardo<|>Rueda, Leandro;Argaraña, Andrea<|>Tribiño, Gerardo Luis<|>Rueda, Leandro Félix
046434;v22_Autor_personal;Vignau, Sol<|>Tribiño, Gerardo<|>Salvucci, F.;Vignau, Sol<|>Tribiño, Gerardo Luis<|>Salvucci, F.
046435;v22_Autor_personal;Bobbio, Federico;Bobbio, Federico Sebastián
046436;v22_Autor_personal;Bobbio, Federico;Bobbio, Federico Sebastián
046437;v22_Autor_personal;Bobbio, Federico;Bobbio, Federico Sebastián
046438;v22_Autor_personal;Bobbio, Federico<|>Abrutsky, M.<|>Giagante, I.<|>Medel, R.<|>Navarro, N.<|>Odetti, M.;Bobbio, Federico Sebastián<|>Abrutsky, M.<|>Giagante, I.<|>Medel, R.<|>Navarro, N.<|>Odetti, M.
046472;v22_Autor_personal;Herrero, Pablo^rcoord.<|>Becker, Rosalba<|>Martínez, Fernando<|>Oneto, Fernando;Herrero, Pablo^rcoord.<|>Becker, Rosalba María<|>Martínez, Fernando<|>Oneto, Fernando
046475;v22_Autor_personal;Ramírez, Rodrigo<|>Ariza, Raquel;Ramírez, Rodrigo Javier<|>Ariza, Raquel
046477;v22_Autor_personal;Rodríguez, Marcos<|>Brizuela, Leandro;Rodríguez, Marcos Ignacio<|>Brizuela, Leandro
046483;v22_Autor_personal;Ramírez, Rodrigo^rcoord.<|>Ariza, Raquel<|>Becker, Rosalba<|>Benasso, Tomás<|>Casabona, Marcela Andrea<|>Ceballos, Jorge Ceferino<|>Flores, Fabiana<|>Herrero, Pablo<|>Marchini, Helena<|>Martínez, Fernando<|>Oneto, Fernando<|>Palladino, Cecilia<|>Paterson, Federico<|>Pinheiro, Verónica<|>Vigna, Alejandrina Moira;Ramírez, Rodrigo Javier^rcoord.<|>Ariza, Raquel<|>Becker, Rosalba María<|>Benasso, Tomás<|>Casabona, Marcela Andrea<|>Ceballos, Jorge Ceferino<|>Flores, Fabiana<|>Herrero, Pablo<|>Marchini, Helena<|>Martínez, Fernando<|>Oneto, Fernando<|>Palladino, Cecilia<|>Paterson, Federico<|>Pinheiro, Verónica<|>Vigna, Alejandrina Moira
046501;v22_Autor_personal;Alvear, Daniel<|>Rein, Guillermo<|>Capote, Jorge A.<|>Torero, José L.<|>Lázaro, Mariano<|>Abreu, Orlando;Alvear, Daniel<|>Rein, Guillermo<|>Capote, Jorge A.<|>Torero, José Luis<|>Lázaro, Mariano<|>Abreu, Orlando
046505;v22_Autor_personal;Alessandrini, Gustavo<|>Bertello, Alejandro;Alessandrini, Gustavo<|>Bertello, Alejandro Raúl
046509;v22_Autor_personal;Comastri, Silvia A.<|>Bastida, Karina<|>Martin, Gabriel<|>Bianchetti, Arturo;Comastri, Silvia A.<|>Bastida, Karina Beatriz<|>Martin, Gabriel<|>Bianchetti, Arturo Abel
046522;v22_Autor_personal;Schiavinato, Luander A. A.<|>Dias, Pedro N. G.<|>Pinto, Beatriz A.<|>Cruz, Maria A. R. F. da<|>Carlos, Ivani A.<|>Mahmud, Zulema A.<|>Moreno, João R. S.<|>Tulio, Paulo C.;Schiavinato, Luander A. A.<|>Dias, Pedro N. G.<|>Pinto, Beatriz A.<|>Cruz, Maria A. R. F. da<|>Carlos, Ivani A.<|>Mahmud, Zulema Ángela<|>Moreno, João R. S.<|>Tulio, Paulo C.
046546;v22_Autor_personal;Bonnemezón, Alfredo<|>Abate, Germán Rubén<|>Martinez Krahmer, Daniel;Bonnemezón, Alfredo<|>Abate, Germán Rubén<|>Martínez Krahmer, Daniel Osvaldo
046553;v22_Autor_personal;Rouge, Pablo D.<|>López, Eduardo E.<|>Lagomarsino, Alicia<|>Enriquez, Graciela;Rouge, Pablo D.<|>López, Eduardo Emilio<|>Lagomarsino, Alicia<|>Enriquez, Graciela
046555;v22_Autor_personal;Alvarez, J. J.<|>Bulacio Bossio, G.;Álvarez, José Jorge Enrique<|>Bulacio Bossio, G.
046557;v22_Autor_personal;Charreau, G<|>Almeira, Laura Graciela<|>Tassara, A.;Charreau, Geraldine Luján<|>Almeira, Laura Graciela<|>Tassara, A.
046558;v22_Autor_personal;Burroni, Laura<|>Barrera, Verónica<|>Burroni, Laura;Burroni, Laura Valeria<|>Barrera, Verónica Natalia<|>Burroni, Laura Valeria
046561;v22_Autor_personal;Bobbio, Federico S.;Bobbio, Federico Sebastián
046567;v22_Autor_personal;Pirosanto, Iver<|>Wyngaard, Guillermo Javier<|>Owczarczyn, Laura<|>Rodríguez, Marcos;Pirosanto, Iver<|>Wyngaard, Guillermo Javier<|>Owczarczyn, Laura<|>Rodríguez, Marcos Ignacio
046590;v22_Autor_personal;Brengi, Diego<|>Canziani, Monica<|>Gómez, Rodrigo<|>Gwirc, Sergio<|>Lupi, Oreste<|>Moltoni, Andrés<|>Nassipián, Veronica<|>Slawiski, Javier<|>Zaradnik, Ignacio;Brengi, Diego Javier<|>Canziani, Monica<|>Gómez, Rodrigo<|>Gwirc, Sergio<|>Lupi, Oreste<|>Moltoni, Andrés<|>Nassipián, Veronica<|>Slawiski, Javier<|>Zaradnik, Ignacio
046593;v22_Autor_personal;Díaz, Felipe V.<|>Mammana, Claudio A.<|>Guidobono, Armando P.;Díaz, Felipe Víctor<|>Mammana, Claudio A.<|>Guidobono, Armando P.
046594;v22_Autor_personal;Díaz, Felipe V.<|>Mammana, Claudio A.<|>Guidobono, Armando P.<|>Bolmaro, Raúl E.;Díaz, Felipe Víctor<|>Mammana, Claudio A.<|>Guidobono, Armando P.<|>Bolmaro, Raúl E.
046597;v22_Autor_personal;Zimmermann, Alan<|>Bacigalupe, Alejandro<|>Galli, Ariel<|>Nazareno, Gustavo<|>Pazos, Leonardo;Zimmermann, Alan Rodolfo<|>Bacigalupe, Alejandro<|>Galli, Ariel<|>Nazareno, Gustavo<|>Pazos, Leonardo Martín
046650;v22_Autor_personal;Babay, Paola Alejandra<|>Itria, Raúl F.<|>Romero Ale, Emiliano E.<|>Becquart, Elena T.<|>Gautier, Eduardo A.;Babay, Paola Alejandra<|>Itria, Raúl Fabio<|>Romero Ale, Emiliano E.<|>Becquart, Elena T.<|>Gautier, Eduardo A.
046656;v22_Autor_personal;Bierzychudek, Marcos E.<|>Real, Mariano A.;Bierzychudek, Marcos Eduardo<|>Real, Mariano A.
046657;v22_Autor_personal;Di Lillo, Lucas<|>Yasuda, Eliana<|>Lipe, Thomas<|>Campos, Sara<|>Spaggiari, Alfredo<|>Slomovitz, Daniel<|>Faverio, Carlos<|>Filipski, Piotr<|>Vasconcellos, Renata<|>Geronymo, Gean<|>Afonso, Renato Junior<|>Halawa, Mamdouh;Di Lillo, Lucas Daniel<|>Yasuda, Eliana Soledad<|>Lipe, Thomas<|>Campos, Sara<|>Spaggiari, Alfredo<|>Slomovitz, Daniel<|>Faverio, Carlos<|>Filipski, Piotr<|>Vasconcellos, Renata<|>Geronymo, Gean<|>Afonso, Renato Junior<|>Halawa, Mamdouh
046686;v22_Autor_personal;Bonnemezón, Alfredo Jesús<|>Martínez Krahmer, Daniel;Bonnemezón, Alfredo Jesús<|>Martínez Krahmer, Daniel Osvaldo
046737;v22_Autor_personal;Casais, José Luis<|>Di Lillo, Lucas<|>Varela, Patricia<|>Forastieri, Juan A.;Casais, José Luis<|>Di Lillo, Lucas Daniel<|>Varela, Patricia<|>Forastieri, Juan A.
046759;v22_Autor_personal;Bonnemezón, Alfredo<|>Abate, Germán Rubén<|>Martinez Krahmer, Daniel;Bonnemezón, Alfredo<|>Abate, Germán Rubén<|>Martínez Krahmer, Daniel Osvaldo
046770;v22_Autor_personal;Iuzzolino, Ricardo<|>Ihlenfeld, Waldedemar G.K.;Iuzzolino, Ricardo Javier<|>Ihlenfeld, Waldedemar G.K.
046771;v22_Autor_personal;Iuzzolino, Ricardo<|>Palafox, Luis<|>Ihlenfeld, Waldedemar G.K.<|>Mohns, Enrico<|>Brendel, Christian;Iuzzolino, Ricardo Javier<|>Palafox, Luis<|>Ihlenfeld, Waldedemar G.K.<|>Mohns, Enrico<|>Brendel, Christian
046772;v22_Autor_personal;Nanami, Alberto<|>Lambert, Aurelie<|>Tejerina, Diego<|>Dabbah, Federico<|>Ogara, Mario<|>Tedesco, Mónica<|>Hugón, Natacha<|>Romero, Pablo<|>Rotondaro, Rodolfo<|>Ilieff, Sergio;Nanami, Alberto<|>Lambert, Aurelie<|>Tejerina, Diego<|>Dabbah, Federico Augusto<|>Ogara, Mario<|>Tedesco, Mónica<|>Hugón, Natacha<|>Romero, Pablo<|>Rotondaro, Rodolfo<|>Ilieff, Sergio
049014;v22_Autor_personal;Baudino, Guillermo;Baudino, Guillermo Andrés
049028;v22_Autor_personal;Ramírez, Rodrigo;Ramírez, Rodrigo Javier
049033;v22_Autor_personal;Álvarez, José Jorge Enrique<|>Burroni, Laura<|>Barrera, Verónica;Álvarez, José Jorge Enrique<|>Burroni, Laura Valeria<|>Barrera, Verónica Natalia
049080;v22_Autor_personal;Rubino, Guillermo<|>Vaudagna, Leandro<|>Alberini Vivas, Muricio Javier<|>Dünky, Adrián<|>Soltermann, Diego;Rubino, Guillermo<|>Vaudagna, Leandro<|>Alberini Vivas, Muricio Javier<|>Dunky, Adrián Guillermo<|>Soltermann, Diego
049121;v22_Autor_personal;González, Marcelo Ariel<|>Montero, Haydée<|>Pino, Fernando<|>Aranibar, Germán<|>Raco, Fernando<|>Gallello, Lucas;González, Marcelo Ariel<|>Montero, Haydée<|>Pino, Fernando<|>Aranibar, Germán<|>Raco, Fernando Francisco<|>Gallello, Lucas
049122;v22_Autor_personal;Speranza, Jorge<|>Castañeda, Roberto Aníbal<|>Muset, Graciela<|>Maggiore, Agustina<|>González, Marcelo<|>Labacá, Patricia<|>Rodríguez, Gabriela<|>Fornero, Pedro<|>Junges, Omar;Speranza, Jorge<|>Castañeda, Roberto Aníbal<|>Muset, Graciela<|>Maggiore, Agustina<|>González, Marcelo<|>Labacá,  Patricia<|>Rodríguez, Gabriela<|>Fornero, Pedro<|>Junges, Omar
049123;v22_Autor_personal;González, Marcelo Ariel<|>Castells, M. Laura<|>Cornacchini, Marina<|>Zampatti, Mariela<|>Rolón, M. Laura<|>Toledo, Antonio<|>Cañameras, Carlos;González, Marcelo Ariel<|>Castells, María Laura<|>Cornacchini, Marina<|>Zampatti, Mariela<|>Rolón, María Laura<|>Toledo, Antonio Edgardo<|>Cañameras, Carlos Alfredo
049135;v22_Autor_personal;Bierzychudek, Marcos;Bierzychudek, Marcos Eduardo
049156;v22_Autor_personal;Gemignani, Juan C.<|>Martínez Krahmer, Daniel<|>Maceira, Gustavo<|>Ruiz, Enrique;Gemignani, Juan C.<|>Martínez Krahmer, Daniel Osvaldo<|>Maceira, Gustavo<|>Ruiz, Enrique
049197;v22_Autor_personal;Abuin, Graciela Carmen<|>Alanis, Irene Luisa<|>Mahmud, Zulema<|>Valentini, Cristóbal;Abuin, Graciela Carmen<|>Alanis, Irene Luisa<|>Mahmud, Zulema Ángela<|>Valentini, Cristobal Ramón
049227;v22_Autor_personal;Ciurletti, Cristian Ricardo;Ciurletti, Cristián Ricardo
049257;v22_Autor_personal;Blanco Massani, Mariana R.;Blanco Massani, Mariana Raquel
049259;v22_Autor_personal;Blanco Massani, Mariana R.<|>Botana, Adrián<|>Eisenberg, Patricia<|>Vignolo, Graciela;Blanco Massani, Mariana Raquel<|>Botana, Adrián<|>Eisenberg, Patricia<|>Vignolo, Graciela Margarita
049260;v22_Autor_personal;Blanco Massani, Mariana R.<|>Eisenberg, Patricia<|>Vignolo, Graciela<|>Molina, V.<|>Sanchez, M.<|>Renaud, V.;Blanco Massani, Mariana Raquel<|>Eisenberg, Patricia<|>Vignolo, Graciela Margarita<|>Molina, V.<|>Sanchez, M.<|>Renaud, V.
049279;v22_Autor_personal;López de Lacalle, Luis Norberto<|>Martínez Krahmer, Daniel;López de Lacalle, Luis Norberto<|>Martínez Krahmer, Daniel Osvaldo
049289;v22_Autor_personal;Madías, Jorge<|>Martínez Krahmer, Daniel;Madías, Jorge<|>Martínez Krahmer, Daniel Osvaldo
049319;v22_Autor_personal;López de Lacalle, Luis Norberto<|>Martínez Krahmer, Daniel;López de Lacalle, Luis Norberto<|>Martínez Krahmer, Daniel Osvaldo
049325;v22_Autor_personal;Martínez, Enrique M.<|>Pérez Zelaschi, Marina<|>Tomada, Lucía I.<|>Cura, Alberto<|>Islas, Vicente;Martínez, Enrique M.<|>Pérez Zelaschi, Marina Luisa<|>Tomada, Lucía I.<|>Cura, Alberto<|>Islas, Vicente
049393;v22_Autor_personal;Vigna, Alejandrina Moira<|>Dubois, María José<|>Becker, Rosalba;Vigna, Alejandrina Moira<|>Dubois, María José<|>Becker, Rosalba María
049406;v22_Autor_personal;Vigna, Alejandrina Moira<|>Dubois, María José<|>Becker, Rosalba;Vigna, Alejandrina Moira<|>Dubois, María José<|>Becker, Rosalba María
049417;v22_Autor_personal;Iuzzolino, Ricardo<|>Behr, Ralf<|>Bierzychudek, Marcos E.<|>Palafox, Luis;Iuzzolino, Ricardo Javier<|>Behr, Ralf<|>Bierzychudek, Marcos Eduardo<|>Palafox, Luis
049418;v22_Autor_personal;Bierzychudek, Marcos E.<|>Götz, Martin<|>Schmelzer, Martin;Bierzychudek, Marcos Eduardo<|>Götz, Martin<|>Schmelzer, Martin
049419;v22_Autor_personal;Bierzychudek, Marcos E.<|>Sánchez-Peña, Ricardo<|>Tonina, Alejandra<|>Iuzzolino, Ricardo<|>Drung, Dietmar<|>Götz, Martin;Bierzychudek, Marcos Eduardo<|>Sánchez-Peña, Ricardo<|>Tonina, Alejandra<|>Iuzzolino, Ricardo Javier<|>Drung, Dietmar<|>Götz, Martin
049420;v22_Autor_personal;Bierzychudek, Marcos E.<|>Iuzzolino, Ricardo<|>Tonina, Alejandra<|>Real, M.;Bierzychudek, Marcos Eduardo<|>Iuzzolino, Ricardo Javier<|>Tonina, Alejandra<|>Real, M.
049421;v22_Autor_personal;Bierzychudek, Marcos E.<|>Elmquist, Randolf E.<|>Jones, G. R.<|>Pritchard, B.<|>Hernández, F.;Bierzychudek, Marcos Eduardo<|>Elmquist, Randolf E.<|>Jones, G. R.<|>Pritchard, B.<|>Hernández, F.
049435;v22_Autor_personal;Bierzychudek, Marcos E.<|>Elmquist, Randolf E.;Bierzychudek, Marcos Eduardo<|>Elmquist, Randolf E.
049437;v22_Autor_personal;Bierzychudek, Marcos E.<|>Elmquist, Randolf E.;Bierzychudek, Marcos Eduardo<|>Elmquist, Randolf E.
049445;v22_Autor_personal;Bierzychudek, Marcos E.<|>Tonina, Alejandra<|>Iuzzolino, Ricardo Javier<|>Real, M.<|>Solve, S.<|>Chayramy, R.<|>Stock, M.;Bierzychudek, Marcos Eduardo<|>Tonina, Alejandra<|>Iuzzolino, Ricardo Javier<|>Real, M.<|>Solve, S.<|>Chayramy, R.<|>Stock, M.
049446;v22_Autor_personal;Bierzychudek, Marcos E.<|>Hernadez-Marquez, F. L.<|>Jones, G. R. Jr.<|>Elmquist, Randolf E.;Bierzychudek, Marcos Eduardo<|>Hernadez-Marquez, F. L.<|>Jones, G. R. Jr.<|>Elmquist, Randolf E.
049447;v22_Autor_personal;Bierzychudek, Marcos E.<|>Tonina, Alejandra<|>Sánchez-Peña, Ricardo S.;Bierzychudek, Marcos Eduardo<|>Tonina, Alejandra<|>Sánchez-Peña, Ricardo S.
049448;v22_Autor_personal;Bierzychudek, Marcos E.<|>Tonina, Alejandra<|>Sánchez-Peña, Ricardo S.;Bierzychudek, Marcos Eduardo<|>Tonina, Alejandra<|>Sánchez-Peña, Ricardo S.
049450;v22_Autor_personal;Demaría, M.<|>Bessone, N.<|>Murphy, M.<|>López, M.<|>Roldán, G.<|>Cortes, M.^rcomp.;Demaría, M.<|>Bessone, N.<|>Murphy, M.<|>López, María Cristina<|>Roldán, G.<|>Cortes, M.^rcomp.
049451;v22_Autor_personal;Demaría, M.<|>Bessone, N.<|>Murphy, M.<|>López, M.<|>Roldán, G.<|>Cortes, M.^rcomp.;Demaría, M.<|>Bessone, N.<|>Murphy, M.<|>López, María Cristina<|>Roldán, G.<|>Cortes, M.^rcomp.
049452;v22_Autor_personal;Demaría, M.<|>Bessone, N.<|>Murphy, M.<|>López, M.<|>Roldán, G.<|>Cortes, M.^rcomp.;Demaría, M.<|>Bessone, N.<|>Murphy, M.<|>López, María Cristina<|>Roldán, G.<|>Cortes, M.^rcomp.
049455;v22_Autor_personal;Baldo, Jorge E.;Baldo, Jorge Edison
049484;v22_Autor_personal;Velázquez, Silvia B.;Velázquez, Silvia Beatriz
049486;v22_Autor_personal;Rizzo Downes, Norberto<|>Martínez Krahmer, Daniel;Rizzo Downes, Norberto<|>Martínez Krahmer, Daniel Osvaldo
049489;v22_Autor_personal;Gemignani, Juan C.<|>Martínez Krahmer, Daniel<|>Maceira, Gustavo<|>Ruiz, Enrique;Gemignani, Juan C.<|>Martínez Krahmer, Daniel Osvaldo<|>Maceira, Gustavo<|>Ruiz, Enrique
049505;v22_Autor_personal;Marconi, Claudio<|>Ugalde, Diego<|>Haag, Matías;Marconi, Claudio<|>Ugalde, Diego Felipe<|>Haag, Matías
049512;v22_Autor_personal;Álvarez, José Jorge Enrique<|>Burroni, Laura<|>Barrera, Verónica;Álvarez, José Jorge Enrique<|>Burroni, Laura Valeria<|>Barrera, Verónica Natalia
049513;v22_Autor_personal;Álvarez, José Jorge Enrique<|>Barrera, Verónica<|>Zaszczynki, Cristian<|>Poldi, Leandro;Álvarez, José Jorge Enrique<|>Barrera, Verónica Natalia<|>Zaszczynki, Cristian<|>Poldi, Leandro Ariel
049545;v22_Autor_personal;Brengi, Diego^rcol.<|>Dmitruk, Andrés E.^rcoord.;Brengi, Diego Javier^rcol.<|>Dmitruk, Andrés Esteban^rcoord.
049560;v22_Autor_personal;Almandos, M.E.<|>Giannini, Daniel H.<|>Ciarlo, Alicia S.<|>Boeri, Ricardo L.;Almandos, M.E.<|>Giannini, Daniel H.<|>Ciarlo, Alicia S.<|>Boeri, Ricardo Luis
049580;v22_Autor_personal;Becker, Rosalba<|>Diaz, Victoria<|>Dubois, María José<|>Vigna, Alejandrina Moira;Becker, Rosalba María<|>Diaz, Victoria<|>Dubois, María José<|>Vigna, Alejandrina Moira
049581;v22_Autor_personal;Becker, Rosalba<|>Diaz, Victoria<|>Dubois, María José<|>Vigna, Alejandrina Moira;Becker, Rosalba María<|>Diaz, Victoria<|>Dubois, María José<|>Vigna, Alejandrina Moira
049583;v22_Autor_personal;Nemcansky, Kevin<|>Vergelín, Pablo<|>Sandre, Cristian<|>Ceballos, Jorge Ceferino<|>Goglino, Manuel<|>Ariza, Raquel<|>Ramirez, Rodrigo<|>Ayoroa, Nuria<|>Martinez, Lis;Nemcansky, Kevin<|>Vergelín, Pablo<|>Sandre, Cristian<|>Ceballos, Jorge Ceferino<|>Goglino, Manuel<|>Ariza, Raquel<|>Ramírez, Rodrigo Javier<|>Ayoroa, Nuria<|>Martinez, Lis
049584;v22_Autor_personal;Palladino, Cecilia<|>Ramírez, Rodrigo<|>Muro, Valentín<|>Lluch, Mariel;Palladino, Cecilia<|>Ramírez, Rodrigo Javier<|>Muro, Valentín<|>Lluch, Mariel
049587;v22_Autor_personal;Ramírez, Rodrigo<|>Dorado, Cecilia<|>Maugeri, Sol<|>Gay, Florencia;Ramírez, Rodrigo Javier<|>Dorado, Cecilia<|>Maugeri, Sol<|>Gay, Florencia
049628;v22_Autor_personal;Dominguez, Alejandro;Domínguez, Alejandro Aníbal
049634;v22_Autor_personal;Acosta, A.<|>Rojas, E.<|>Balcaza, Javier Antonio<|>Díaz, María Del Carmen;Acosta, Alejandra Daniela<|>Rojas, E.<|>Balcaza, Javier Antonio<|>Díaz, María Del Carmen
049723;v22_Autor_personal;Cerchiai, Edgar<|>Ciurletti, Cristián Ricardo<|>Claros, S.<|>Alanis, Sergio Luis<|>Cerutti Antonietti, Pablo;Cerchiai, Edgar<|>Ciurletti, Cristián Ricardo<|>Claros, Sonia Amelia<|>Alanis, Sergio Luis<|>Cerutti Antonietti, Pablo
049730;v22_Autor_personal;Acosta, A.<|>Deregibus, Araceli Emilce<|>Ferricelli, G.<|>Puhl, Julieta<|>Zander, K.;Acosta, Alejandra Daniela<|>Deregibus, Araceli Emilce<|>Ferricelli, G.<|>Puhl, Julieta<|>Zander, K.
049739;v22_Autor_personal;Murano, M.<|>Dománico, Ricardo Hugo<|>Falabella, R.<|>Arechaga, Josefina<|>Cirio, Mercedes<|>Simón, Mariano Ernesto<|>Kneeteman, E.<|>Solá, Inés<|>Cordara, Marcela Fernanda<|>Corbino, Graciela Beatriz<|>Valentini, G.;Murano, M.<|>Dománico, Ricardo Hugo<|>Falabella, R.<|>Arechaga, Josefina<|>Cirio, Mercedes<|>Simón, Mariano Ernesto<|>Kneeteman, E.<|>Solá, Inés<|>Cordara, Marcela Fernanda<|>Corbino, Graciela Beatriz<|>Valentini, Gabriel Hugo
049740;v22_Autor_personal;Dománico, Ricardo Hugo<|>Murano, M.<|>Arechaga, Josefina<|>Cordara, Marcela Fernanda<|>Corbino, Graciela Beatriz<|>Valentini, G.<|>Falabella, R.<|>Cirio, Mercedes<|>Simón, Mariano Ernesto<|>Kneeteman, E.<|>Solá, Inés<|>López, M.<|>Toma, Ezequiel Roberto<|>Etelechea, S.<|>López, L.;Dománico, Ricardo Hugo<|>Murano, M.<|>Arechaga, Josefina<|>Cordara, Marcela Fernanda<|>Corbino, Graciela Beatriz<|>Valentini, Gabriel Hugo<|>Falabella, R.<|>Cirio, Mercedes<|>Simón, Mariano Ernesto<|>Kneeteman, E.<|>Solá, Inés<|>López, María Cristina<|>Toma, Ezequiel Roberto<|>Etelechea, S.<|>López, L.
049749;v22_Autor_personal;Acosta, A.<|>Rodríguez, H.<|>Stacey, E.<|>Arechaga, Josefina<|>Alterach, Miguel Angel;Acosta, Alejandra Daniela<|>Rodríguez, H.<|>Stacey, E.<|>Arechaga, Josefina<|>Alterach, Miguel Angel
049750;v22_Autor_personal;Alterach, Miguel Angel<|>Uhrich, Santiago<|>Acosta, A.;Alterach, Miguel Angel<|>Uhrich, Santiago<|>Acosta, Alejandra Daniela
049754;v22_Autor_personal;Silbert Voldman, Violeta<|>Stacey, E.<|>Barrera, Verónica Natalia<|>Burroni, Laura Valeria<|>Molina, S.<|>Federico, M.<|>Rivarola, Paula<|>Cerchiai, Edgar<|>Claros, S.<|>Ciurletti, Cristián Ricardo<|>Renaud, V.<|>Storani, E.<|>Aimar, Bruno Nicolás<|>Álvarez, J.<|>Cerutti Antonietti, Pablo;Silbert Voldman, Violeta<|>Stacey, E.<|>Barrera, Verónica Natalia<|>Burroni, Laura Valeria<|>Molina, S.<|>Federico, M.<|>Rivarola, Paula<|>Cerchiai, Edgar<|>Claros, Sonia Amelia<|>Ciurletti, Cristián Ricardo<|>Renaud, V.<|>Storani, E.<|>Aimar, Bruno Nicolás<|>Álvarez, J.<|>Cerutti Antonietti, Pablo
049755;v22_Autor_personal;Cerchiai, Edgar<|>Ciurletti, Cristián Ricardo<|>Claros, S.<|>Alanis, Sergio Luis<|>Cerutti Antonietti, Pablo;Cerchiai, Edgar<|>Ciurletti, Cristián Ricardo<|>Claros, Sonia Amelia<|>Alanis, Sergio Luis<|>Cerutti Antonietti, Pablo
049756;v22_Autor_personal;Cerchiai, Edgar<|>Ciurletti, Cristián Ricardo<|>Claros, S.<|>Espejo, C.<|>Santi, Analía Gabriela<|>Fernández, P.;Cerchiai, Edgar<|>Ciurletti, Cristián Ricardo<|>Claros, Sonia Amelia<|>Espejo, C.<|>Santi, Analía Gabriela<|>Fernández, P.
049757;v22_Autor_personal;Cerchiai, Edgar<|>Claros, S.<|>Ciurletti, Cristián Ricardo<|>Cerutti Antonietti, Pablo<|>Caballero Arancibia, Maximiliano Fabián<|>Castillo, Silvana Soledad<|>Espejo, C.<|>Neuilly, R.<|>Fernández, M.<|>Herrera, C.<|>Santi, Analía Gabriela;Cerchiai, Edgar<|>Claros, Sonia Amelia<|>Ciurletti, Cristián Ricardo<|>Cerutti Antonietti, Pablo<|>Caballero Arancibia, Maximiliano Fabián<|>Castillo, Silvana Soledad<|>Espejo, C.<|>Neuilly, R.<|>Fernández, M.<|>Herrera, C.<|>Santi, Analía Gabriela
049760;v22_Autor_personal;Castelli, María Laura<|>Rodríguez, Abel Sebastián<|>Raco, Fernando Francisco<|>Castells, María Laura<|>Zampatti, M.<|>Rodríguez, G.<|>Palacios, I.<|>Balán, Matías<|>Olivera Carrión, M.;Castelli, María Laura<|>Rodríguez, Abel Sebastián<|>Raco, Fernando Francisco<|>Castells, María Laura<|>Zampatti, M.<|>Rodríguez, Gisela Vanina<|>Palacios, I.<|>Balán, Matías<|>Olivera Carrión, M.
049761;v22_Autor_personal;Acosta, A.<|>Rojas, M.;Acosta, Alejandra Daniela<|>Rojas, M.
049765;v22_Autor_personal;Barda, Norma Beatriz<|>Corti, Gilda María<|>Calvo, P.<|>De Ángelis, Verónica<|>Gittins, C.<|>Miranda, María José<|>Suárez, Pablo Javier;Barda, Norma Beatriz<|>Corti, Gilda María<|>Calvo, Paula Cecilia<|>De Ángelis, Verónica<|>Gittins, C.<|>Miranda, María José<|>Suárez, Pablo Javier
049775;v22_Autor_personal;Canepare, Carlos Alberto<|>Fornés, D.<|>Sánchez, E.<|>Calvo, P.<|>Rodríguez, J. C.<|>Apro, Nicolás;Canepare, Carlos Alberto<|>Fornés, D.<|>Sánchez, E.<|>Calvo, Paula Cecilia<|>Rodríguez, J. C.<|>Apro, Nicolás
049783;v22_Autor_personal;Arechaga, Josefina<|>Cordara, Marcela Fernanda<|>Corbino, Graciela Beatriz<|>Valentini, G.;Arechaga, Josefina<|>Cordara, Marcela Fernanda<|>Corbino, Graciela Beatriz<|>Valentini, Gabriel Hugo
049804;v22_Autor_personal;Barbelli López, Maria Soledad<|>Viale, Pablo Gabriel<|>Jordán, M.<|>Papa, M.;Barbelli López, Maria Soledad<|>Viale, Pablo Gabriel<|>Jordan, Marianela Paula<|>Papa, M.
049805;v22_Autor_personal;Szteinberg, Silvia<|>Köber, Érica<|>Benítez, A.<|>Fernández Sturla, M. J.<|>Vergara, E. H.<|>Tomé, A. A.;Szteinberg, Silvia<|>Köber, Érica<|>Benítez, A.<|>Fernández Sturla, María José<|>Vergara, E. H.<|>Tomé, A. A.
049806;v22_Autor_personal;Fernández Sturla, M. J.<|>Sformo, Alcides Oscar<|>Benítez, A.<|>Carreño, P.<|>Verna, R.;Fernández Sturla, María José<|>Sformo, Alcides Oscar<|>Benítez, A.<|>Carreño, P.<|>Verna, R.
049812;v22_Autor_personal;Álvarez, Rodrigo Javier<|>Ugarteche, Wanda María Sol<|>Amore, S.  F.<|>Schvartz, Mariano Ariel<|>Quesada, M.<|>Gheco, L.;Álvarez, Rodrigo Javier<|>Ugarteche, Wanda María Sol<|>Amore, Sandra Francisca<|>Schvartz, Mariano Ariel<|>Quesada, M.<|>Gheco, L.
049817;v22_Autor_personal;Bellelli, Diego Aldo<|>Blasco, M.<|>Gastaldi, B.<|>Lerda, Juan Manuel;Bellelli, Diego Aldo<|>Blasco, Marco Javier<|>Gastaldi, B.<|>Lerda, Juan Manuel
049824;v22_Autor_personal;Gatti, P.<|>Rodríguez, G.<|>Otheguy, L.<|>Vega, O.;Gatti, P.<|>Rodríguez, Gisela Vanina<|>Otheguy, L.<|>Vega, O.
049825;v22_Autor_personal;Galacho, V.<|>Rodríguez, G.<|>Castro, Fabiana Andrea;Galacho, V.<|>Rodríguez, Gisela Vanina<|>Castro, Fabiana Andrea
049828;v22_Autor_personal;Mastromonaco, G.<|>Davel, Graciela<|>Mazza, M. G.<|>Mazza, M.<|>Rivas, C.<|>Bosco Borgeat, María Eugenia<|>Refojo, N.;Mastromónaco, Gladys Miriam<|>Davel, Graciela<|>Mazza, M. G.<|>Mazza, M.<|>Rivas, C.<|>Bosco Borgeat, María Eugenia<|>Refojo, N.
049830;v22_Autor_personal;Gelabert, L.<|>Escobar, G.<|>del Val, S.;Gelabert, L.<|>Escobar, G.<|>Del Val, Susana
049833;v22_Autor_personal;Rivara, Mariana<|>Silva, C.<|>Rossi, N.<|>Trossero, Mariana<|>Castro, Á.<|>Mastromónaco, Gladys Miriam<|>Kornblit, Fernando;Rivara, Mariana<|>Silva, Carmen Leonilda<|>Rossi, N.<|>Trossero, Mariana<|>Castro, Á.<|>Mastromónaco, Gladys Miriam<|>Kornblit, Fernando
049886;v22_Autor_personal;Baldán, S.<|>Balmaceda, José Eduardo<|>Banega, Damián Guillermo<|>Bisciotti, Karina Rosana<|>Ceriotti, Andrés Leonardo<|>Pinto, M.<|>Tiscornia, María Isabel;Baldan, Santiago Martín<|>Balmaceda, José Eduardo<|>Banega, Damián Guillermo<|>Bisciotti, Karina Rosana<|>Ceriotti, Andrés Leonardo<|>Pinto, M.<|>Tiscornia, María Isabel
049901;v22_Autor_personal;San Martín, G.<|>Aymonino, O.<|>Lindstrom, E. <|>Maldonesi, P. <|>Julián, P. <|>Ybarra, Gabriel Omar<|>Fraigi, Liliana Beatriz;San Martín, G.<|>Aymonino, O.<|>Lindstrom, Esteban Oscar<|>Maldonesi, P. <|>Julián, P. <|>Ybarra, Gabriel Omar<|>Fraigi, Liliana Beatriz
049923;v22_Autor_personal;Rodríguez, G.<|>Gatti, P.<|>Otheguy, L.<|>Vega, O.;Rodríguez, Gisela Vanina<|>Gatti, P.<|>Otheguy, L.<|>Vega, O.
049939;v22_Autor_personal;Spath, C.<|>Garbari, D.<|>Bononi, M.<|>Vergara, O.<|>Campos Otamendi, F.;Spath, C.<|>Garbari, D.<|>Bononi, M.<|>Vergara, O.<|>Campos Otamendi, Felipe José
049973;v22_Autor_personal;Abuin, Graciela Carmen<|>Amelotti, Franco<|>Giménez, G.;Abuin, Graciela Carmen<|>Amelotti, Franco Ignacio<|>Giménez, G.
049984;v22_Autor_personal;Gatti, P.<|>Sola, I.;Gatti, P.<|>Solá, Inés
049988;v22_Autor_personal;Hostench, M.C.<|>Olmedo, M.C.<|>De Andrade Cattapan, R.<|>Monzón, C.<|>Vivas, L.<|>Álvarez, Marcela Andrea;Hostench, M.C.<|>Olmedo, M.C.<|>De Andrade Cattapan, R.<|>Monzón, C.<|>Vivas, Lis Mariana<|>Álvarez, Marcela Andrea
049991;v22_Autor_personal;Corrales, D.<|>Castells, M.L.<|>Pino, F.<|>Kuba, D.<|>Rolón, M.L.;Corrales, Diego David<|>Castells, M.L.<|>Pino, F.<|>Kuba, D.<|>Rolón, M.L.
049992;v22_Autor_personal;Castells, M.<|>Rolón, M.L.<|>Sarquis, S.<|>Rodríguez, G.<|>Epifane, M.;Castells, María Laura<|>Rolón, M.L.<|>Sarquis, S.<|>Rodríguez, Gisela Vanina<|>Epifane, M.
049997;v22_Autor_personal;Nieto, I.<|>Karlen, J.<|>Oliszewski, R.<|>Aimar, Bruno Nicolás<|>Picotti, J.;Nieto, I.<|>Karlen, J.<|>Oliszewski, R.<|>Aimar, Bruno Nicolás<|>Picotti, Jorge Hugo
049998;v22_Autor_personal;Nieto, I.<|>Aimar, Bruno Nicolás<|>Picotti, J.<|>Bonafede, M.F.<|>Molina Ortiz, Sara Eugenia;Nieto, I.<|>Aimar, Bruno Nicolás<|>Picotti, Jorge Hugo<|>Bonafede, M.F.<|>Molina Ortiz, Sara Eugenia
049999;v22_Autor_personal;Bonafede, M.F.<|>Aimar, Bruno Nicolás<|>Nieto, I.<|>Picotti, J.<|>Molina Ortiz, Sara Eugenia;Bonafede, M.F.<|>Aimar, Bruno Nicolás<|>Nieto, I.<|>Picotti, Jorge Hugo<|>Molina Ortiz, Sara Eugenia
050005;v22_Autor_personal;Cerchiai, Edgar<|>Claros, S.<|>Ciurletti, Cristián Ricardo<|>Cerutti Antonietti, Pablo;Cerchiai, Edgar<|>Claros, Sonia Amelia<|>Ciurletti, Cristián Ricardo<|>Cerutti Antonietti, Pablo
050009;v22_Autor_personal;Cerchiai, Edgar<|>Claros, S.<|>Ciurletti, Cristián Ricardo<|>Martínez, C.;Cerchiai, Edgar<|>Claros, Sonia Amelia<|>Ciurletti, Cristián Ricardo<|>Martínez, Carlos Daniel
050011;v22_Autor_personal;Cerchiai, Edgar<|>Claros, S.<|>Ciurletti, Cristián Ricardo<|>Cerutti Antonietti, Pablo;Cerchiai, Edgar<|>Claros, Sonia Amelia<|>Ciurletti, Cristián Ricardo<|>Cerutti Antonietti, Pablo
050012;v22_Autor_personal;Cerchiai, Edgar<|>Claros, S.<|>Ciurletti, Cristián Ricardo<|>Cerutti Antonietti, Pablo;Cerchiai, Edgar<|>Claros, Sonia Amelia<|>Ciurletti, Cristián Ricardo<|>Cerutti Antonietti, Pablo
050037;v22_Autor_personal;Spath, C.<|>Bononi, M.<|>Roldán, H.<|>Garbari, D.<|>Campos Otamendi, F.<|>Vergara, O.;Spath, C.<|>Bononi, M.<|>Roldán, H.<|>Garbari, D.<|>Campos Otamendi, Felipe José<|>Vergara, O.
050050;v22_Autor_personal;Gradizuela, C.<|>Alaluf, Andrés Matías<|>Gamero, E.<|>Rodríguez, C.<|>Colina, D.<|>Aldana, Karla<|>Di Cola, C.<|>Laorden, D.<|>Montú, C.<|>Rodríguez, J.C.;Gradizuela, C.<|>Alaluf, Andrés Matías<|>Gamero, E.<|>Rodríguez, Carlos Roberto<|>Colina, D.<|>Aldana, Karla<|>Di Cola, C.<|>Laorden, D.<|>Montú, C.<|>Rodríguez, J.C.
050053;v22_Autor_personal;Silbert Voldman, Violeta<|>Cerutti Antonietti, Pablo<|>Cerchiai, Edgar<|>Claros, S.<|>Ciurletti, Cristián Ricardo;Silbert Voldman, Violeta<|>Cerutti Antonietti, Pablo<|>Cerchiai, Edgar<|>Claros, Sonia Amelia<|>Ciurletti, Cristián Ricardo
050074;v22_Autor_personal;Garrido, G.<|>Pettigiani, Eugenio<|>Bernocco, Eliana Carolina<|>Angelelli, Melina<|>Ermeninto, S.;Garrido, G.<|>Pettigiani, Eugenio<|>Bernocco, Eliana Carolina<|>Ángelelli, Melina Mariel<|>Ermeninto, S.
050079;v22_Autor_personal;Difeo, Gonzalo Javier<|>Lelli, D.<|>Ruíz Díaz, R.<|>López, Eduardo Antonio<|>Peralta, M.<|>Elizondo, A.<|>González, H.<|>Bartoloni, Valeria Gabriela<|>Baravalle, Sergio;Difeo, Gonzalo Javier<|>Lelli, D.<|>Ruíz Díaz, R.<|>López, Eduardo Antonio<|>Peralta, Matías Eduardo<|>Elizondo, A.<|>González, H.<|>Bartoloni, Valeria Gabriela<|>Baravalle, Sergio
050088;v22_Autor_personal;Claret, Sara<|>Gaspart, V.<|>González, D.<|>Guibaudo, C.<|>Larrivey, A.<|>Minaglia, M.<|>Ochoteco, A.<|>Rodríguez, G.<|>Toledo, María Fernanda<|>Trossero, Mariana<|>Uchitel, Virginia<|>Villamonte, I.<|>Walser, Vanesa Soledad;Claret, Sara<|>Gaspart, V.<|>González, D.<|>Guibaudo, C.<|>Larrivey, A.<|>Minaglia, M.<|>Ochoteco, A.<|>Rodríguez, Gisela Vanina<|>Toledo, María Fernanda<|>Trossero, Mariana<|>Uchitel, Virginia<|>Villamonte, I.<|>Walser, Vanesa Soledad
050099;v22_Autor_personal;Benítez, A.<|>Ruiz, A.<|>Köber, Érica<|>Leiberman, M.<|>Scarano, A.;Benítez, A.<|>Ruiz, Adrián Alejandro<|>Köber, Érica<|>Leiberman, M.<|>Scarano, A.
050111;v22_Autor_personal;Borgiattino Walker, Hernán Luis<|>Dunky, Adrián Guillermo<|>Martínez, J.<|>Baine, Simón Enrique;Borgiattino Walker, Hernán Luis<|>Dunky, Adrián Guillermo<|>Martínez, Jonatan<|>Baine, Simón Enrique
050121;v22_Autor_personal;Barella, Mariano<|>Sanca, G.A.<|>Gómez Marlasca, F.<|>Rodríguez, G.<|>Martelliti, D.<|>Patrone, Luciano  Agustín<|>Abanto, L.<|>Levy, Pablo<|>Golmar, F.;Barella, Mariano<|>Sanca, G.A.<|>Gómez Marlasca, F.<|>Rodríguez, Gisela Vanina<|>Martelliti, D.<|>Patrone, Luciano  Agustín<|>Abanto, L.<|>Levy, Pablo<|>Golmar, F.
050143;v22_Autor_personal;Moretti, I.<|>Jorge, J.<|>Amado, José Luis<|>Caniglia, Cristian Sergio<|>Puntillo, D.<|>Blasco, M.;Moretti, I.<|>Jorge, J.<|>Amado, José Luis<|>Caniglia, Cristian Sergio<|>Puntillo, D.<|>Blasco, Marco Javier
050154;v22_Autor_personal;Galacho, V.<|>Rodríguez, G.<|>Castro, Fabiana Andrea;Galacho, V.<|>Rodríguez, Gisela Vanina<|>Castro, Fabiana Andrea
050161;v22_Autor_personal;Politi, M.<|>Segura, I.<|>Russo, F.<|>García, M.V.<|>Sabetta, A.<|>Valentini, G.<|>Merino, C.<|>Dietz, Rodrigo<|>Keinburg, F.;Politi, M.<|>Segura, I.<|>Russo, F.<|>García, M.V.<|>Sabetta, A.<|>Valentini, Gabriel Hugo<|>Merino, C.<|>Dietz, Rodrigo<|>Keinburg, F.
050166;v22_Autor_personal;Abuin, Graciela Carmen<|>Diaz, L. A.<|>Coppola, Roxana Elisabeth;Abuin, Graciela Carmen<|>Díaz, Liliana Analía<|>Coppola, Roxana Elisabeth
050168;v22_Autor_personal;Blasco, M.<|>Caniglia, Cristian Sergio<|>Moretti, I.<|>Jorge, J.<|>Amado, José Luis<|>Puntillo, D.<|>Ortiz, I.;Blasco, Marco Javier<|>Caniglia, Cristian Sergio<|>Moretti, I.<|>Jorge, J.<|>Amado, José Luis<|>Puntillo, D.<|>Ortiz, I.
050175;v22_Autor_personal;Labanca, JM.<|>Pérez, D.<|>Antúnez, N.<|>Martínez Krahmer, Daniel Osvaldo<|>Schneebeli, Jorge Ernesto;Labanca, JM.<|>Pérez, D.<|>Antunez, Nazareno Nahuel<|>Martínez Krahmer, Daniel Osvaldo<|>Schneebeli, Jorge Ernesto
050183;v22_Autor_personal;Speranza, J.<|>Castañeda, Roberto Aníbal<|>Muset, G.<|>Maggiore, Agustina<|>González, M.<|>Labacá,  Patricia<|>Rodríguez, G.<|>Fornero, P.<|>Junges, O.;Speranza, J.<|>Castañeda, Roberto Aníbal<|>Muset, G.<|>Maggiore, Agustina<|>González, M.<|>Labacá,  Patricia<|>Rodríguez, Gisela Vanina<|>Fornero, P.<|>Junges, O.
050184;v22_Autor_personal;Duzdevich, Juan Pablo<|>Zappa, Andrés Enrique<|>Wild Cañón, C.<|>Amadio, Mariano<|>Díaz, María Del Carmen<|>Urrutia, Laura Vanesa;Duzdevich, Juan Pablo<|>Zappa, Andrés Enrique<|>Wild Cañón, Carlos Alberto<|>Amadio, Mariano<|>Díaz, María Del Carmen<|>Urrutia, Laura Vanesa
050218;v22_Autor_personal;Claros, S.<|>Ciurletti, Cristián Ricardo<|>Cerchiai, Edgar;Claros, Sonia Amelia<|>Ciurletti, Cristián Ricardo<|>Cerchiai, Edgar
050220;v22_Autor_personal;Ciurletti, Cristián Ricardo<|>Cerchiai, Edgar<|>Claros, S.<|>Cerutti Antonietti, Pablo;Ciurletti, Cristián Ricardo<|>Cerchiai, Edgar<|>Claros, Sonia Amelia<|>Cerutti Antonietti, Pablo
050226;v22_Autor_personal;Barda, Norma Beatriz<|>Calvo, P.<|>De Ángelis, Verónica<|>Miranda, María José<|>Suárez, Pablo Javier<|>Toscana, M. F.;Barda, Norma Beatriz<|>Calvo, Paula Cecilia<|>De Ángelis, Verónica<|>Miranda, María José<|>Suárez, Pablo Javier<|>Toscana, M. F.
050251;v22_Autor_personal;Reich, G.<|>Murano, M.<|>González, J.<|>Pettinari, V.<|>Barbagallo, Gustavo Alfredo<|>Cirio, Mercedes<|>Villarreal, Marcela<|>Kneetemann, E.<|>Valentini, G.<|>Corbino, Graciela Beatriz<|>Dománico, Ricardo Hugo;Reich, G.<|>Murano, M.<|>González, J.<|>Pettinari, V.<|>Barbagallo, Gustavo Alfredo<|>Cirio, Mercedes<|>Villarreal, Marcela<|>Kneetemann, E.<|>Valentini, Gabriel Hugo<|>Corbino, Graciela Beatriz<|>Dománico, Ricardo Hugo
050259;v22_Autor_personal;Amelotti, Franco<|>Abuin, Graciela Carmen<|>Scorini, M.<|>Martins Alho, M.;Amelotti, Franco Ignacio<|>Abuin, Graciela Carmen<|>Scorini, M.<|>Martins Alho, M.
050301;v22_Autor_personal;Ceruti, Roberto J.<|>Pirola, María B.<|>Ramos, Elisabet<|>Robert, Laura<|>Rubiolo, Amelia C.<|>Sihufe, Guillermo A.;Ceruti, Roberto J.<|>Pirola, María  Belén<|>Ramos, Elisabet<|>Robert, Laura<|>Rubiolo, Amelia C.<|>Sihufe, Guillermo A.
050304;v22_Autor_personal;Moretti, Ignacio<|>Jorge, Javier<|>Amado, José Luis<|>Caniglia, Cristian<|>Puntillo, Daniel<|>Blasco, Marcos;Moretti, Ignacio<|>Jorge, Javier<|>Amado, José Luis<|>Caniglia, Cristian Sergio<|>Puntillo, Daniel<|>Blasco, Marcos
050308;v22_Autor_personal;Morales Arias, Juan P.<|>Bernal, Celina<|>Vázquez, Analía<|>Escobar, Mariano M.;Morales Arias, Juan P.<|>Bernal, Celina Raquel<|>Vázquez, Analía<|>Escobar, Mariano M.
050312;v22_Autor_personal;Pisano, Mauro<|>Pereiro, Cristian<|>Pazos, Leonardo<|>Perez,  Ezequiel M.;Pisano, Mauro<|>Pereiro, Cristian<|>Pazos, Leonardo Martín<|>Perez,  Ezequiel M.
050314;v22_Autor_personal;Moretti, Ignacio<|>Jorge, Javier<|>Amado, José Luis<|>Caniglia, Cristian<|>Puntillo, Daniel;Moretti, Ignacio<|>Jorge, Javier<|>Amado, José Luis<|>Caniglia, Cristian Sergio<|>Puntillo, Daniel
050317;v22_Autor_personal;Medvedevskikh, M.<|>Jury, B.<|>Krasheninina, M.<|>Acco García, S. A.<|>Haraldsson, C.<|>Rodríguez, Matías Agustín<|>Rodríguez, G.<|>Salvo, K.<|>Gavrilkin, V.<|>Kulik, S.<|>Samuel, L.<|>Rego, E. C. P. do.<|>Wollinger, Wagner<|>Monteiro, T. M.<|>Carvalho, Lucas Junqueira de;Medvedevskikh, M.<|>Jury, B.<|>Krasheninina, M.<|>Acco García, S. A.<|>Haraldsson, C.<|>Rodríguez, Matías Agustín<|>Rodríguez, Gisela Vanina<|>Salvo, K.<|>Gavrilkin, V.<|>Kulik, S.<|>Samuel, L.<|>Rego, Eliane Cristina Pires do<|>Wollinger, Wagner<|>Monteiro, T. M.<|>Carvalho, Lucas Junqueira de
050328;v22_Autor_personal;Abate, Germán Rubén<|>Perez, D.<|>Martinez Krahmer, D.<|>Bigot, Régis<|>Radev, R.;Abate, Germán Rubén<|>Perez, D.<|>Martínez Krahmer, Daniel Osvaldo<|>Bigot, Régis<|>Radev, R.
050333;v22_Autor_personal;Rodríguez, Cristina E.<|>Reidel, Sara I.<|>Bal de Kier Joffé, Elisa D.<|>Jasnis, Maria A.<|>Fiszman, Gabriel L.;Rodríguez, Cristina E.<|>Reidel, Sara Isabel<|>Bal de Kier Joffé, Elisa Dora<|>Jasnis, Maria A.<|>Fiszman, Gabriel L.
050337;v22_Autor_personal;Moretti, Ignacio<|>Jorge, Javier<|>Amado, José Luis<|>Puntillo, Daniel<|>Caniglia, Cristian;Moretti, Ignacio<|>Jorge, Javier<|>Amado, José Luis<|>Puntillo, Daniel<|>Caniglia, Cristian Sergio
050344;v22_Autor_personal;Escudero, Gustavo;Escudero, Gustavo Pablo
050345;v22_Autor_personal;Kyriazis, Gregory A.<|>Di Lillo, Lucas<|>Slomovitz, Daniel<|>Iuzzolino, Ricardo<|>Yasuda, Eliana<|>Trigo, Leonardo<|>Laiz, Héctor<|>Debatin, Rosane<|>Franco, Ana Maria R.<|>Afonso, Edson;Kyriazis, Gregory A.<|>Di Lillo, Lucas Daniel<|>Slomovitz, Daniel<|>Iuzzolino, Ricardo Javier<|>Yasuda, Eliana Soledad<|>Trigo, Leonardo<|>Laiz, Héctor<|>Debatin, Rosane<|>Franco, Ana Maria R.<|>Afonso, Edson
050346;v22_Autor_personal;Villarroel Poblete, Juan Christian<|>Oliva C., Hernán<|>Soto Pinto, Luis Rubén<|>Cárdenas, Alejandro<|>Torres Guzmán, Jorge C.<|>Dajes, Arístides<|>Savarín, Alejandro;Villarroel Poblete, Juan Christian<|>Oliva C., Hernán<|>Soto Pinto, Luis Rubén<|>Cárdenas, Alejandro<|>Torres Guzmán, Jorge C.<|>Dajes, Arístides<|>Savarin, Alejandro
050347;v22_Autor_personal;Viliesid, M.<|>Colín Castellanos, Carlos<|>Chávez, T.<|>Chaudhary, Krishan Pal<|>Dvorácek, F.<|>Stoup, J.<|>Santos Barros, W.<|>Vaudagna, L.<|>Morales, R.<|>Acquarone, A.<|>Carrasco Tuesta, Janet<|>Vega Amonzabel, María del Carmen<|>Salazar, M.<|>Gil, V.<|>Dimas, J.<|>Reyes, E.<|>Hamilton, F.<|>Reddock, T.<|>Durga, Siew<|>Burton, Tomokie;Viliesid, M.<|>Colín Castellanos, Carlos<|>Chávez, T.<|>Chaudhary, Krishan Pal<|>Dvorácek, Frantisek<|>Stoup, J.<|>Santos Barros, W.<|>Vaudagna, L.<|>Morales, R.<|>Acquarone, A.<|>Carrasco Tuesta, Janet<|>Vega Amonzabel, María del Carmen<|>Salazar, M.<|>Gil, V.<|>Dimas, J.<|>Reyes, E.<|>Hamilton, F.<|>Reddock, T.<|>Durga, Siew<|>Burton, Tomokie
050348;v22_Autor_personal;Yasuda, Eliana<|>Di Lillo, Lucas<|>Kyriazis, Gregory A.;Yasuda, Eliana Soledad<|>Di Lillo, Lucas Daniel<|>Kyriazis, Gregory A.
050349;v22_Autor_personal;Abate, Germán Rubén<|>Perez, Daniela<|>Vilas, Ariel<|>Martinez Krahmer, Daniel;Abate, Germán Rubén<|>Perez, Daniela<|>Vilas, Ariel Alberto<|>Martínez Krahmer, Daniel Osvaldo
050358;v22_Autor_personal;Barillaro, Sebastián<|>Kacker, Raghu<|>Rhee, Sokwoo<|>Escudero, Gustavo<|>Badger, Lee<|>Kuhn, D. Rick;Barillaro, Sebastián<|>Kacker, Raghu<|>Rhee, Sokwoo<|>Escudero, Gustavo Pablo<|>Badger, Lee<|>Kuhn, D. Rick
050368;v22_Autor_personal;Martinez Krahmer, D.<|>Hameed, S.<|>Sánchez Egea, A. J.<|>Pérez, D.<|>Canales Abaitua, Javier<|>López de Lacalle, L. N.;Martínez Krahmer, Daniel Osvaldo<|>Hameed, S.<|>Sánchez Egea, A. J.<|>Pérez, D.<|>Canales Abaitua, Javier<|>López de Lacalle, L. N.
050370;v22_Autor_personal;Cruz, Natalia<|>Mazzeo, Nadia<|>Muzlera, Ana<|>Rosso, Adriana;Cruz, Natalia Priscila<|>Mazzeo, Nadia<|>Muzlera, Ana<|>Rosso, Adriana
050382;v22_Autor_personal;Rego, E. C. P.<|>Simón, Mariano Ernesto<|>Li, X.<|>Li, X.2<|>Daireaux, Adeline<|>Chote, Tiphaine<|>Westwood, Steven<|>Josephs, R. D.<|>Wielgosz, Robert I.<|>Cunha, V. S.;Rego, Eliane Cristina Pires do<|>Simón, Mariano Ernesto<|>Li, X.<|>Li, X.2<|>Daireaux, Adeline<|>Chote, Tiphaine<|>Westwood, Steven<|>Josephs, R. D.<|>Wielgosz, Robert I.<|>Cunha, V. S.
050388;v22_Autor_personal;Abate, Germán Rubén<|>Deferrari, Nicolás<|>Martinez Krahmer, Daniel O.;Abate, Germán Rubén<|>Deferrari, Nicolás<|>Martínez Krahmer, Daniel Osvaldo
050399;v22_Autor_personal;Abate, Germán Rubén<|>Pérez, Daniela<|>Martínez Krahmer, Daniel<|>Maceira, G.;Abate, Germán Rubén<|>Pérez, Daniela<|>Martínez Krahmer, Daniel Osvaldo<|>Maceira, G.
050401;v22_Autor_personal;Bierzychudek, Marcos E.<|>Elmquist, Randolph<|>Hernández, Felipe;Bierzychudek, Marcos Eduardo<|>Elmquist, Randolph<|>Hernández, Felipe
050403;v22_Autor_personal;Salomón, Francisco<|>Tropea, Salvador<|>Brengi, Diego<|>Hernández, Ariel<|>Alamón, Diego Fernando<|>Parra, Matías<|>Longinotti, Gloria<|>Ybarra, Gabriel<|>Lloret, Paulina<|>Mass, Mijal<|>Roberti, Mariano<|>Lloret, Matías<|>Malatto, Laura<|>Moina, Carlos<|>Fraigi, Liliana<|>Melli, Luciano<|>Cortina, María Eugenia<|>Rey Serantes, Diego<|>Ugalde, Juan E.<|>Ciocchini, Andrés<|>Comerci, Diego J.;Salomón, Francisco<|>Tropea, Salvador Eduardo<|>Brengi, Diego Javier<|>Hernández, Ariel<|>Alamón, Diego Fernando<|>Parra, Matías<|>Longinotti, Gloria<|>Ybarra, Gabriel Omar<|>Lloret, Paulina<|>Mass, Mijal Inés<|>Roberti, Mariano<|>Lloret, Matías<|>Malatto, Laura<|>Moina, Carlos Alberto<|>Fraigi, Liliana Beatriz<|>Melli, Luciano<|>Cortina, María Eugenia<|>Rey Serantes, Diego<|>Ugalde, Juan E.<|>Ciocchini, Andrés<|>Comerci, Diego J.
050409;v22_Autor_personal;Abate, Germán Rubén<|>Pérez, Daniela<|>Martínez Krahmer, Daniel<|>Maceira, Gustavo;Abate, Germán Rubén<|>Pérez, Daniela<|>Martínez Krahmer, Daniel Osvaldo<|>Maceira, Gustavo
050414;v22_Autor_personal;Cardama, Georgina A.<|>Comin, Maria J.<|>Hornos, Leandro<|>Gonzalez, Nazareno<|>Defelipe, Lucas<|>Turjanski, Adrian G.<|>Alonso, Daniel Fernando<|>Gomez, Daniel E.<|>Lorenzano Menna, Pablo;Cardama, Georgina Alexandra<|>Comin, María Julieta<|>Hornos, Leandro<|>Gonzalez, Nazareno<|>Defelipe, Lucas Alfredo<|>Turjanski, Adrián G.<|>Alonso, Daniel Fernando<|>Gomez, Daniel E.<|>Lorenzano Menna, Pablo
050421;v22_Autor_personal;del Val, Susana<|>Zunino, Cristina<|>Martínez, Laura<|>Martínez, Marisa<|>Reñones, Laura<|>Bartoloni, Valeria<|>Frangie, Sofía;Del Val, Susana<|>Zunino, Cristina<|>Martínez, Laura<|>Martínez, Marisa<|>Reñones, Laura<|>Bartoloni, Valeria Gabriela<|>Frangie, Sofía
050424;v22_Autor_personal;Pellegrino, Nestor<|>Giacomino, María Silvia<|>Curia, Ana Valeria<|>Ferreira, Verónica<|>Apro, Nicolas<|>Pita, Martín<|>de Portela, María Luz;Pellegrino, Nestor<|>Giacomino, María Silvia<|>Curia, Ana Valeria<|>Ferreira, Verónica<|>Apro, Nicolás<|>Pita, Martín<|>de Portela, María Luz
050426;v22_Autor_personal;Espinosa, Susana Beatriz<|>Fernández, Mariano<|>González, Marcelo<|>Cañameras, Carlos<|>Schmidt, Erica<|>Zampatti, Mariela<|>Pirola, María Belén<|>Karlen, Joselina<|>Di Risio, Juan<|>Machinea, Eduardo<|>Cravero, Ricardo;Espinosa, Susana Beatriz<|>Fernández, Mariano<|>González, Marcelo<|>Cañameras, Carlos Alfredo<|>Schmidt, Erica<|>Zampatti, Mariela<|>Pirola, María  Belén<|>Karlen, Joselina<|>Di Risio, Juan<|>Machinea, Eduardo<|>Cravero, Ricardo
050427;v22_Autor_personal;Pereiro, Cristian<|>Pazos, Leonardo;Pereiro, Cristian<|>Pazos, Leonardo Martín
050430;v22_Autor_personal;Pereiro, Cristian<|>Pazos, Leonardo;Pereiro, Cristian<|>Pazos, Leonardo Martín
050434;v22_Autor_personal;Jones, George R.<|>Lipe, Thomas<|>Landim, Regis<|>Di Lillo, Lucas;Jones, George R.<|>Lipe, Thomas<|>Landim, Regis<|>Di Lillo, Lucas Daniel
050442;v22_Autor_personal;Abate, Germán Rubén<|>Moraes, Alexsandro<|>Perez, Daniela<|>Bonnemezón, Alfredo<|>Martinez Krahmer, Daniel;Abate, Germán Rubén<|>Moraes, Alexsandro<|>Perez, Daniela<|>Bonnemezón, Alfredo<|>Martínez Krahmer, Daniel Osvaldo
050450;v22_Autor_personal;Westwood, Steven<|>Josephs, R.<|>Chote, Tiphaine<|>Daireaux, Adeline<|>Mesquida, C.<|>Wielgosz, Robert I.<|>Rosso, A.<|>Ruiz de Arechavaleta, Mariana<|>Davies, Stephen<|>Wang, H.<|>Rego, Eliane Cristina Pires do<|>Marques Rodrigues, J.<|>Freitas Guimarães, E. de.<|>Barreto Sousa, Marcus Vinicius<|>Monteiro, T. M.<|>Valente, Laura Alves das Neves<|>Marques Violante, F. G.<|>Rubim, R.<|>Almeida, R.<|>Baptista Quaresma, Maria Cristina<|>Nogueira, R.<|>Windust, Anthony<|>Dai, Xinhua<|>Li, X.<|>Zhang, W.<|>Li, M.<|>Shao, M.<|>Wei, C.<|>Wong, Siu-kay<|>Cabillic, Julie<|>Gantois, F.<|>Philipp, R.<|>Pfeifer, D.<|>Hein, S.<|>Klyk-Seitz, U.<|>Ishikawa, K.<|>Castro, Esther<|>González, N.<|>Krylov, A.<|>Lin, T. T.<|>Kooi, L. T.<|>Fernandes-Whaley, M.<|>Prévoo, D.<|>Archer, M.<|>Visser, R.<|>Nlhapo, N.<|>de Vos, B.<|>Ahn, Seonghee<|>Pookrod, P.<|>Wiangnon,  Kanjana<|>Sudsiri, Nittaya<|>Muaksang, K.<|>Cherdchu, Chainarong<|>Gören, A. C.<|>Bilsel, Gökhan<|>LeGoff, T.<|>Bearden, Dan<|>Bedner, Mary<|>Duewer, David<|>Hancock, D.<|>Lang, B.<|>Lippa, K.<|>Schantz, M.<|>Sieber, John;Westwood, Steven<|>Josephs, R.<|>Chote, Tiphaine<|>Daireaux, Adeline<|>Mesquida, C.<|>Wielgosz, Robert I.<|>Rosso, A.<|>Ruiz de Arechavaleta, Mariana<|>Davies, Stephen<|>Wang, Hongjie<|>Rego, Eliane Cristina Pires do<|>Marques Rodrigues, J.<|>Freitas Guimarães, E. de.<|>Barreto Sousa, Marcus Vinicius<|>Monteiro, T. M.<|>Valente, Laura Alves das Neves<|>Marques Violante, F. G.<|>Rubim, R.<|>Almeida, R.<|>Baptista Quaresma, Maria Cristina<|>Nogueira, R.<|>Windust, Anthony<|>Dai, Xinhua<|>Li, X.<|>Zhang, W.<|>Li, M.<|>Shao, M.<|>Wei, C.<|>Wong, Siu-kay<|>Cabillic, Julie<|>Gantois, F.<|>Philipp, R.<|>Pfeifer, D.<|>Hein, S.<|>Klyk-Seitz, U.<|>Ishikawa, K.<|>Castro, Esther<|>González, N.<|>Krylov, A.<|>Lin, T. T.<|>Kooi, L. T.<|>Fernandes-Whaley, M.<|>Prévoo, D.<|>Archer, M.<|>Visser, R.<|>Nlhapo, N.<|>de Vos, B.<|>Ahn, Seonghee<|>Pookrod, P.<|>Wiangnon,  Kanjana<|>Sudsiri, Nittaya<|>Muaksang, K.<|>Cherdchu, Chainarong<|>Gören, A. C.<|>Bilsel, Gökhan<|>LeGoff, T.<|>Bearden, Dan<|>Bedner, Mary<|>Duewer, David<|>Hancock, D.<|>Lang, B.<|>Lippa, K.<|>Schantz, M.<|>Sieber, John
050455;v22_Autor_personal;Baudino, Guillermo A.;Baudino, Guillermo Andrés
050457;v22_Autor_personal;Di Lillo, Lucas<|>Laiz, Héctor<|>Yasuda, Eliana<|>García, Ricardo;Di Lillo, Lucas Daniel<|>Laiz, Héctor<|>Yasuda, Eliana Soledad<|>García, Ricardo
050458;v22_Autor_personal;Forastieri, Juan<|>Lupo, Sergio;Forastieri, Juan<|>Lupo, Sergio Gustavo
050459;v22_Autor_personal;Forastieri, Juan<|>Lupo, Sergio<|>Filipovic, Ezequiel;Forastieri, Juan<|>Lupo, Sergio Gustavo<|>Filipovic, Ezequiel
050460;v22_Autor_personal;Lupo, Sergio<|>Forastieri, Juan<|>Filipovic, Ezequiel;Lupo, Sergio Gustavo<|>Forastieri, Juan<|>Filipovic, Ezequiel
050461;v22_Autor_personal;Kornblit, Fernando<|>Leiblich, Juan<|>Minutti, Gerardo<|>Barbagrigia, Javier;Kornblit, Fernando<|>Leiblich, Juan Antonio<|>Minutti, Gerardo<|>Barbagrigia, Javier
050462;v22_Autor_personal;Milanesio, Horacio<|>Fabro, Mabel<|>Speranza, Jorge<|>Fomero, Pedro<|>Schamne, Nicolás<|>Demaria, Mónica<|>Junges, Omar<|>Nieto, Ivana;Milanesio, Horacio<|>Fabro, Mabel Angélica<|>Speranza, Jorge<|>Fomero, Pedro<|>Schamne, Nicolás<|>Demaria, Mónica<|>Junges, Omar<|>Nieto, Ivana
050464;v22_Autor_personal;Mahmud, Zulema A.<|>Míngolo, Norma<|>Gordillo, Gabriel;Mahmud, Zulema Ángela<|>Míngolo, Norma<|>Gordillo, Gabriel
050466;v22_Autor_personal;Dutrey, Luciano<|>De Las Heras, Evangelina<|>Svoboda, Hernán G.<|>Corengia, Pablo A.;Dutrey, Luciano<|>De Las Heras, Evangelina<|>Svoboda, Hernán Gabriel<|>Corengia, Pablo A.
050467;v22_Autor_personal;Perez, Ezequiel<|>Pazos, Leonardo<|>De Las Heras, Evangelina<|>Parodi, Belén<|>Corengia, Pablo<|>Braceras, Iñigo;Perez, Ezequiel<|>Pazos, Leonardo Martín<|>De Las Heras, Evangelina<|>Parodi, Belén<|>Corengia, Pablo<|>Braceras, Iñigo
050469;v22_Autor_personal;Barceló, Lucía E.<|>Taibo, Lucía N.<|>Zapata, Alexis G.;Barceló, Lucía E.<|>Taibo, Lucía N.<|>Zapata, Alexis Gastón
050480;v22_Autor_personal;Izquierdo, D.<|>Faverio, C.<|>Slomovitz, D.<|>Ihlenfeld, W. G. K.<|>Di Lillo, Lucas<|>Laiz, Hector<|>Garcia, Ricardo<|>Franco, A. M. R.<|>Debatin, R. M.;Izquierdo, D.<|>Faverio, C.<|>Slomovitz, D.<|>Ihlenfeld, W. G. K.<|>Di Lillo, Lucas Daniel<|>Laiz, Hector<|>Garcia, Ricardo<|>Franco, A. M. R.<|>Debatin, R. M.
050481;v22_Autor_personal;Fabro, Mabel Angélica<|>Milanesio, H. V.<|>Robert, L. M.<|>Speranza, J. L.<|>Murphy, M.<|>Rodríguez, G.<|>Castañeda, Roberto Aníbal;Fabro, Mabel Angélica<|>Milanesio, H. V.<|>Robert, L. M.<|>Speranza, J. L.<|>Murphy, M.<|>Rodríguez, Gisela Vanina<|>Castañeda, Roberto Aníbal
050486;v22_Autor_personal;Sanca, G. A.<|>Barella, Mariano<|>Gómez Marlasca, F.<|>Rodríguez, G.<|>Martelliti, D.<|>Patrone, Luciano  Agustín<|>Levy, Pablo<|>Golmar, F.;Sanca, G. A.<|>Barella, Mariano<|>Gómez Marlasca, F.<|>Rodríguez, Gisela Vanina<|>Martelliti, D.<|>Patrone, Luciano  Agustín<|>Levy, Pablo<|>Golmar, F.
050500;v22_Autor_personal;Cogno, Jorge Adrián<|>Amelotti, Franco<|>Abuin, Graciela Carmen<|>Amore, Sandra Francisca<|>Castro, Á.;Cogno, Jorge Adrián<|>Amelotti, Franco Ignacio<|>Abuin, Graciela Carmen<|>Amore, Sandra Francisca<|>Castro, Á.
050510;v22_Autor_personal;Rodríguez, G.;Rodríguez, Gisela Vanina
050514;v22_Autor_personal;Espejo, C.<|>Fernández, P.<|>Funes, O.<|>Greco, F.<|>Polo, P<|>Flores, S.<|>Fabro, Mabel Angélica;Espejo, C.<|>Fernández, P.<|>Funes, O.<|>Greco, F.<|>Polo, Pablo César<|>Flores, S.<|>Fabro, Mabel Angélica
050517;v22_Autor_personal;Reidel, Sara<|>Blasco, Martín<|>Matos, Maria Laura;Reidel, Sara Isabel<|>Blasco, Martín<|>Matos, María Laura
050526;v22_Autor_personal;Rego, E. C. P.<|>Simón, Mariano Ernesto<|>Josephs, R. D.<|>Daireaux, Adeline<|>Li, X.<|>Chote, Tiphaine<|>Westwood, Steven<|>Wielgosz, Robert I.;Rego, Eliane Cristina Pires do<|>Simón, Mariano Ernesto<|>Josephs, R. D.<|>Daireaux, Adeline<|>Li, X.<|>Chote, Tiphaine<|>Westwood, Steven<|>Wielgosz, Robert I.
050534;v22_Autor_personal;Dubois, María José<|>Oms, Eyra<|>Becker, Rosalba<|>Secchi, Mariela;Dubois, María José<|>Oms, Eyra Malena<|>Becker, Rosalba María<|>Secchi, Mariela
050536;v22_Autor_personal;Secchi, Mariela<|>Becker, Rosalba;Secchi, Mariela<|>Becker, Rosalba María
050537;v22_Autor_personal;Martínez, Fernando<|>Nemcansky, Kevin<|>Secchi, Mariela<|>Becker, Rosalba;Martínez, Fernando<|>Nemcansky, Kevin<|>Secchi, Mariela<|>Becker, Rosalba María
050538;v22_Autor_personal;Becker, Rosalba<|>Secchi, Mariela<|>Martínez, Fernando;Becker, Rosalba María<|>Secchi, Mariela<|>Martínez, Fernando
050545;v22_Autor_personal;Carola, Luis Federico José<|>Korb, Mariel<|>Lagier, María Eugenia<|>Richard, Ayelén;Carola, Luis Federico José<|>Korb, Mariel Lioren<|>Lagier, María Eugenia<|>Richard, Ayelén
050546;v22_Autor_personal;Rodríguez, Marcos<|>Rosso, Julián<|>Richard, Ayelén<|>Suárez, Eugenia<|>Pesci, Renata<|>Foti, Sebastián<|>Parenti, Agustina<|>Zielinski, Ana;Rodríguez, Marcos Ignacio<|>Rosso, Julián<|>Richard, Ayelén<|>Suárez, Eugenia<|>Pesci, Renata<|>Foti, Sebastián<|>Parenti, Agustina<|>Zielinski, Ana
050553;v22_Autor_personal;Barella, Mariano<|>Sanca, G. A.<|>Gomez Marlasca, F.<|>Rodríguez, G.<|>Martelliti, D.<|>Abanto, L.<|>Levy, Pablo<|>Golmar, F.;Barella, Mariano<|>Sanca, G. A.<|>Gomez Marlasca, F.<|>Rodríguez, Gisela Vanina<|>Martelliti, D.<|>Abanto, L.<|>Levy, Pablo<|>Golmar, F.
050558;v22_Autor_personal;Mahmud, Z. Á.<|>Míngolo, N.<|>Gordillo, G.;Mahmud, Zulema Ángela<|>Míngolo, N.<|>Gordillo, G.
050565;v22_Autor_personal;Vigna, Alejandrina Moira<|>Ramírez, Rodrigo<|>Torregiani, Luciana;Vigna, Alejandrina Moira<|>Ramírez, Rodrigo Javier<|>Torregiani, Luciana
050566;v22_Autor_personal;Pinheiro, Verónica<|>Ramírez, Rodrigo;Pinheiro, Verónica<|>Ramírez, Rodrigo Javier
050568;v22_Autor_personal;Ramírez, Rodrigo<|>Pinheiro, Verónica<|>Zorrilla, Ladislao<|>Ceballos, Jorge Ceferino<|>Benasso, Tomás;Ramírez, Rodrigo Javier<|>Pinheiro, Verónica<|>Zorrilla, Ladislao León<|>Ceballos, Jorge Ceferino<|>Benasso, Tomás
050569;v22_Autor_personal;Secchi, Mariela<|>Ramírez, Rodrigo<|>Zorrilla, Ladislao<|>Ceballos, Jorge Ceferino;Secchi, Mariela<|>Ramírez, Rodrigo Javier<|>Zorrilla, Ladislao León<|>Ceballos, Jorge Ceferino
050570;v22_Autor_personal;Dubois, María José<|>Apecena, Luciana<|>Vigna, Alejandrina Moira<|>Ramírez, Rodrigo;Dubois, María José<|>Apecena, Luciana<|>Vigna, Alejandrina Moira<|>Ramírez, Rodrigo Javier
050571;v22_Autor_personal;Pinheiro, Verónica<|>Zorrilla, Ladislao<|>Ramírez, Rodrigo;Pinheiro, Verónica<|>Zorrilla, Ladislao León<|>Ramírez, Rodrigo Javier
050581;v22_Autor_personal;Gauna Peter, R.<|>Martínez, V.<|>Amore, Sandra Francisca<|>Ruiz Díaz, R.<|>Lelli, D.<|>Frangie, M. S.<|>Sakson, M.<|>Díaz, L.<|>Martínez, A.<|>Mondelo, N.<|>Tombari, D.<|>Defain Tesoriero, María Victoria;Gauna Peter, R.<|>Martínez, V.<|>Amore, Sandra Francisca<|>Ruiz Díaz, R.<|>Lelli, D.<|>Frangie, M. S.<|>Sakson, M.<|>Díaz, Liliana Analía<|>Martínez, A.<|>Mondelo, N.<|>Tombari, D.<|>Defain Tesoriero, María Victoria
050582;v22_Autor_personal;Arata, Juan Esteban<|>Córdoba Estévez, Mónica María<|>Ferreira, A.<|>Rey, F.<|>Warcok, Leonardo Carlos<|>Arcangelo, M.<|>Zannoni, Valeria;Arata, Juan Esteban<|>Córdoba Estévez, Mónica María<|>Ferreira, A.<|>Rey, F.<|>Warcok, Leonardo Carlos<|>Arcángelo, Marisa Ruth<|>Zannoni, Valeria
050595;v22_Autor_personal;Navarro, Leandro<|>Blasco, M.;Navarro, Leandro<|>Blasco, Marco Javier
050599;v22_Autor_personal;Fiora, M.<|>Alamón, D.<|>Malatto, L.;Fiora, M.<|>Alamón, Diego Fernando<|>Malatto, L.
050615;v22_Autor_personal;De Pari, Silvia Patricia<|>Andrés, C.<|>López, G.<|>Cabrera, Jesús Ernesto<|>Canalís, Verónica Lorena;De Pari, Silvia Patricia<|>Andres, Claudia Raquel<|>López, G.<|>Cabrera, Jesús Ernesto<|>Canalís, Verónica Lorena
050623;v22_Autor_personal;Rodríguez, M.<|>Claros, S.<|>Roa, Ruy Diego<|>Mogensen, M.;Rodríguez, M.<|>Claros, Sonia Amelia<|>Roa, Ruy Diego<|>Mogensen, M.
050641;v22_Autor_personal;Touloumdjian, Carolina Sofía<|>Elhalem, E.<|>Comin,  M. J.<|>Gandolfi Donadío, L.;Touloumdjian, Carolina Sofía<|>Elhalem, E.<|>Comin, María Julieta<|>Gandolfi Donadío, L.
050642;v22_Autor_personal;Elhalem, E.<|>Morrone, Josefina<|>Reidel, Sara Isabel<|>Ciarlantini, Matías Sebastián<|>Gauna, R. P.<|>Zannoni, Valeria<|>Gandolfi Donadío, L.<|>Pozo, Larisa<|>Cesa, Verónica Silvina<|>Matos, María Laura<|>Blasco, M.<|>Defain Tesoriero, María Victoria<|>Comin, María Julieta;Elhalem, E.<|>Morrone, Josefina<|>Reidel, Sara Isabel<|>Ciarlantini, Matías Sebastián<|>Gauna, R. P.<|>Zannoni, Valeria<|>Gandolfi Donadío, L.<|>Pozo, Larisa<|>Cesa, Verónica Silvina<|>Matos, María Laura<|>Blasco, Marco Javier<|>Defain Tesoriero, María Victoria<|>Comin, María Julieta
050646;v22_Autor_personal;Toulomdjian, C.<|>Catone, Mariela Verónica<|>Elhalem, E.<|>Córdoba Estévez, Mónica María<|>Pozo, Larisa<|>Cesa, Verónica Silvina<|>Comin, María Julieta<|>Blasco, M.<|>Gandolfi Donadío, L.;Toulomdjian, C.<|>Catone, Mariela Verónica<|>Elhalem, E.<|>Córdoba Estévez, Mónica María<|>Pozo, Larisa<|>Cesa, Verónica Silvina<|>Comin, María Julieta<|>Blasco, Marco Javier<|>Gandolfi Donadío, L.
050678;v22_Autor_personal;Risso, Marcos Gabriel<|>Rearte, M.<|>Martinez Pulido, G.<|>Abdelhamid, Sado<|>Molina Tirado, L.;Risso, Marcos Gabriel<|>Rearte, M.<|>Martínez Pulido, Guillermo<|>Abdelhamid, Sado<|>Molina Tirado, L.
050692;v22_Autor_personal;Becker, Rosalba<|>Díaz, Victoria<|>Dorado, Cecilia<|>Goglino, Manuel<|>Minaglia, Mariano<|>Ostoich, Maximiliano<|>Reiner, Walter<|>Rodríguez, Gisela<|>Ruhl, Gustavo<|>Zorrilla, Ladislao;Becker, Rosalba María<|>Díaz, Victoria<|>Dorado, Cecilia<|>Goglino, Manuel<|>Minaglia, Mariano<|>Ostoich, Maximiliano<|>Reiner, Walter<|>Rodríguez, Gisela Vanina<|>Ruhl, Gustavo Gabriel<|>Zorrilla, Ladislao León
050693;v22_Autor_personal;Becker, Rosalba<|>Díaz, Victoria<|>Dorado, Cecilia<|>Goglino, Manuel<|>Minaglia, Mariano<|>Ostoich, Maximiliano<|>Reiner, Walter<|>Rodríguez, Gisela<|>Ruhl, Gustavo<|>Zorrilla, Ladislao;Becker, Rosalba María<|>Díaz, Victoria<|>Dorado, Cecilia<|>Goglino, Manuel<|>Minaglia, Mariano<|>Ostoich, Maximiliano<|>Reiner, Walter<|>Rodríguez, Gisela Vanina<|>Ruhl, Gustavo Gabriel<|>Zorrilla, Ladislao León
050698;v22_Autor_personal;Villarreal, Marcela<|>Landoni, Lourdes Nahir<|>Cornacchini, Marina<|>Murphy, M.<|>López, M.<|>Santa, C.<|>Simón, Mariano Ernesto<|>Rzeznik, M.<|>Cirio, Mercedes<|>Pino, F.<|>Giammarco, A.<|>Iglesias, F.<|>Maiorana, Pablo Andrés<|>Heredia, Sergio Alberto<|>Garro, J.<|>Falabella, C.<|>Rivarola, A.<|>Henríquez, V.;Villarreal, Marcela<|>Landoni, Lourdes Nahir<|>Cornacchini, Marina<|>Murphy, M.<|>López, María Cristina<|>Santa, C.<|>Simón, Mariano Ernesto<|>Rzeznik, M.<|>Cirio, Mercedes<|>Pino, F.<|>Giammarco, A.<|>Iglesias, F.<|>Maiorana, Pablo Andrés<|>Heredia, Sergio Alberto<|>Garro, J.<|>Falabella, C.<|>Rivarola, A.<|>Henríquez, V.
050700;v22_Autor_personal;Ciurletti, Cristián Ricardo<|>Claros, S.;Ciurletti, Cristián Ricardo<|>Claros, Sonia Amelia
050704;v22_Autor_personal;Gubelin, K.<|>Sánchez Valdivia, V.<|>Ohaco, P.<|>Apablaza, Olga Mirene<|>Vaca Ruíz, M. L.;Gubelin, K.<|>Sánchez Valdivia, V.<|>Ohaco, P.<|>Apablaza, Olga Mirene<|>Vaca Ruiz, María Laura
050713;v22_Autor_personal;Rueda, Leandro Félix<|>Vignau, Sol<|>Molina Ortíz, S. E.;Rueda, Leandro Félix<|>Vignau, Sol<|>Molina Ortiz, Sara Eugenia
050745;v22_Autor_personal;Ruhl, Gustavo Gabriel<|>Bailat, Federico Luis<|>Bertoncini, Verónica Laura<|>Rodríguez, G.<|>Barlatey, María Alejandra<|>Pettigiani, Eugenio<|>Silbert Voldman, Violeta;Ruhl, Gustavo Gabriel<|>Bailat, Federico Luis<|>Bertoncini, Verónica Laura<|>Rodríguez, Gisela Vanina<|>Barlatey, María Alejandra<|>Pettigiani, Eugenio<|>Silbert Voldman, Violeta
050749;v22_Autor_personal;Zappa, Andrés Enrique<|>Amadio, Mariano<|>Wild Cañón, C.<|>Ieracitano, Yanina;Zappa, Andrés Enrique<|>Amadio, Mariano<|>Wild Cañón, Carlos Alberto<|>Ieracitano, Yanina
050792;v22_Autor_personal;Benítez, A.<|>Köber, Érica<|>Ruiz, A.<|>Stipelman, A.;Benítez, A.<|>Köber, Érica<|>Ruiz, Adrián Alejandro<|>Stipelman, A.
050805;v22_Autor_personal;Benítez, A.<|>Ruíz, A.<|>Castro, A.<|>Rodríguez Ierace, D.<|>Perrone, F;Benítez, A.<|>Ruiz, Adrián Alejandro<|>Castro, A.<|>Rodríguez Ierace, D.<|>Perrone, F
050815;v22_Autor_personal;Benítez, A.<|>Köber, Érica<|>Ruíz, A.<|>Stipelman, A.;Benítez, A.<|>Köber, Érica<|>Ruiz, Adrián Alejandro<|>Stipelman, A.
050816;v22_Autor_personal;Bezazian, Ana Lucin<|>Majul, L.<|>Itria, R. F;Bezazian, Ana Lucin<|>Majul, L.<|>Itria, Raúl Fabio
050822;v22_Autor_personal;Barbelli López, Maria Soledad<|>Papa, M.<|>Jordán, M.;Barbelli López, Maria Soledad<|>Papa, M.<|>Jordan, Marianela Paula
050835;v22_Autor_personal;Peralta, M.<|>Acosta, Osvaldo Héctor<|>Lozano, H.<|>Strático, M.<|>Puelles, M.;Peralta, Matías Eduardo<|>Acosta, Osvaldo Héctor<|>Lozano, H.<|>Strático, M.<|>Puelles, M.
050839;v22_Autor_personal;Acosta, Osvaldo Héctor<|>Puelles, M.<|>Stratico, M.<|>Peralta, M.<|>Speranza, J.<|>Gatti, P.;Acosta, Osvaldo Héctor<|>Puelles, M.<|>Stratico, M.<|>Peralta, Matías Eduardo<|>Speranza, J.<|>Gatti, P.
050881;v22_Autor_personal;Cerchiai, Edgar<|>Marchuk, A. L.<|>Claros, Sonia Amelia<|>Ciurletti,  C. R.<|>Gómez, R. E.<|>Siliprandi, A.;Cerchiai, Edgar<|>Marchuk, A. L.<|>Claros, Sonia Amelia<|>Ciurletti, Cristián Ricardo<|>Gómez, R. E.<|>Siliprandi, A.
050904;v22_Autor_personal;Rodríguez, Ruth Alejandra<|>Flesler, F.<|>Farias, C. B.<|>Videla, Estefanía<|>Rodríguez, Diego Ezequiel<|>Barlatey, María Alejandra<|>Ruhl, Gustavo Gabriel<|>Bailat, Federico Luis<|>Rodríguez, G.<|>Quiroga, Nieves Soledad<|>Busquet, Cynthia Melisa<|>Echazarreta, M. L.<|>Minaglia, M.<|>Goicoa, V.<|>Sole, A.<|>Lenzi, Santiago<|>Zubiaurre, Juan Lucas<|>Longhi, S.<|>Cazzaniga Arduzzo, Diego Santiago<|>Pirola, María  Belén<|>Alarcón, Mariana;Rodríguez, Ruth Alejandra<|>Flesler, F.<|>Farias, C. B.<|>Videla, Estefanía<|>Rodríguez, Diego Ezequiel<|>Barlatey, María Alejandra<|>Ruhl, Gustavo Gabriel<|>Bailat, Federico Luis<|>Rodríguez, Gisela Vanina<|>Quiroga, Nieves Soledad<|>Busquet, Cynthia Melisa<|>Echazarreta, M. L.<|>Minaglia, M.<|>Goicoa, V.<|>Sole, A.<|>Lenzi, Santiago<|>Zubiaurre, Juan Lucas<|>Longhi, S.<|>Cazzaniga Arduzzo, Diego Santiago<|>Pirola, María  Belén<|>Alarcón, Mariana
050946;v22_Autor_personal;Benítez, Graciela Alejandra<|>Delbón, Marisa Ester<|>Fernández Sturla, M. J.<|>Köber, Érica;Benítez, Graciela Alejandra<|>Delbón, Marisa Ester<|>Fernández Sturla, María José<|>Köber, Érica
050999;v22_Autor_personal;Bocchetto, Roberto<|>Ghezan, Graciela<|>Vitale, Javier<|>Porta, Fernando<|>Grabois, Marcelo<|>Tapia, Ciro;Bocchetto, Roberto Mario<|>Ghezan, Graciela<|>Vitale, Javier<|>Porta, Fernando<|>Grabois, Marcelo<|>Tapia, Ciro
051027;v22_Autor_personal;Wasienko, Susana Aurora^rcomp.<|>Comín, M.^rcoord.<|>Pazos, Leonardo Martín^rcoord.;Wasienko, Susana Aurora^rcomp.<|>Comin, María Julieta^rcoord.<|>Pazos, Leonardo Martín^rcoord.
051029;v22_Autor_personal;Wyngaard, Guillermo<|>Burquet, Griselda<|>Alaluf, Andrés Matías<|>Talamoni, Silvina<|>Rosso, Julián<|>Baraschi, Mauricio^rcol.<|>Gariglio, Alejandro<|>Arias, Martín;Wyngaard, Guillermo<|>Burquet, Griselda Liliana<|>Alaluf, Andrés Matías<|>Talamoni, Silvina<|>Rosso, Julián<|>Baraschi, Mauricio Andrés^rcol.<|>Gariglio, Alejandro<|>Arias, Martín
051031;v22_Autor_personal;Alaluf, Andrés Matías<|>Talamoni, Silvina<|>Rosso, Julián<|>Gariglio, Alejandro<|>Durando, Germán<|>Martino, E.<|>Rubino, Juan Manuel<|>Araujo, Carolina<|>Talamoni, Silvina<|>Nuñez, Gabriela<|>Bigoglio, Patricio<|>Escola, Marcos<|>Estrelles, Gabriela<|>Possetto, Mirta<|>Fernández, Martin<|>Monti, Facundo<|>Del Negro, Natalia<|>Foglia, Rodolfo<|>Owszarczyn, Laura<|>Gordon, Adrian<|>Gradizuela, Claudio<|>Ayala, Andrés<|>López, A.<|>Martínez, Emiliano<|>Pirosanto, I.<|>Wyngaard, Guillermo;Alaluf, Andrés Matías<|>Talamoni, Silvina<|>Rosso, Julián<|>Gariglio, Alejandro<|>Durando, Germán<|>Martino, E.<|>Rubino, Juan Manuel<|>Araujo, Carolina<|>Talamoni, Silvina<|>Nuñez, Gabriela<|>Bigoglio, Patricio Pablo<|>Escola, Marcos<|>Estrelles, Gabriela<|>Possetto, Mirta<|>Fernández, Martin<|>Monti, Facundo<|>Del Negro, Natalia Elizabeth<|>Foglia, Rodolfo<|>Owszarczyn, Laura<|>Gordon, Adrian<|>Gradizuela, Claudio<|>Ayala, Andrés<|>López, A.<|>Martínez, Emiliano<|>Pirosanto, I.<|>Wyngaard, Guillermo
051043;v22_Autor_personal;Ramírez, Rodrigo^rcoord.<|>Ariza, Raquel;Ramírez, Rodrigo Javier^rcoord.<|>Ariza, Raquel
051087;v22_Autor_personal;Masferrer, N.<|>Silbert Voldman, Violeta<|>Stefanini, X.;Masferrer, Natalia Paola<|>Silbert Voldman, Violeta<|>Stefanini, Ximena Verónica
051088;v22_Autor_personal;Silbert Voldman, Violeta<|>Masferrer, N.;Silbert Voldman, Violeta<|>Masferrer, Natalia Paola
051090;v22_Autor_personal;Garrido, Guillermo<|>Pettigiani, Eugenio<|>Silbert Voldman, Violeta<|>Mazzeo, Nadia<|>Cruz, Natalia;Garrido, Guillermo<|>Pettigiani, Eugenio<|>Silbert Voldman, Violeta<|>Mazzeo, Nadia<|>Cruz, Natalia Priscila
051111;v22_Autor_personal;Pavoni, S.<|>Moina, Carlos Alberto<|>Ybarra, Gabriel Omar<|>Malatto, L.<|>Milano, Omar<|>Fraigi, Liliana;Pavoni, S.<|>Moina, Carlos Alberto<|>Ybarra, Gabriel Omar<|>Malatto, L.<|>Milano, Omar<|>Fraigi, Liliana Beatriz
051124;v22_Autor_personal;Rodriguez, R.<|>Bailat, Federico Luis<|>Farias, C.<|>Miño, A.;Rodríguez, Ruth Alejandra<|>Bailat, Federico Luis<|>Farias, C.<|>Miño, A.
051140;v22_Autor_personal;Ariza, Irene Raquel<|>Oms, Eyra Malena<|>Nemcansky, K.<|>Ceballos, Jorge Ceferino<|>Losso, A.<|>Martin, D.<|>Herrero, P.;Ariza, Irene Raquel<|>Oms, Eyra Malena<|>Nemcansky, K.<|>Ceballos, Jorge Ceferino<|>Losso, A.<|>Martin, Diego Ignacio<|>Herrero, P.
051156;v22_Autor_personal;Brengi, Diego Javier<|>Guberman, S.<|>Rodríguez, G.<|>Acevedo, Marcelo Ricardo;Brengi, Diego Javier<|>Guberman, S.<|>Rodríguez, Gisela Vanina<|>Acevedo, Marcelo Ricardo
051157;v22_Autor_personal;Brengi, Diego Javier<|>Guberman, S.<|>Rodríguez, G.<|>Acevedo, Marcelo Ricardo<|>Lozano, A.;Brengi, Diego Javier<|>Guberman, S.<|>Rodríguez, Gisela Vanina<|>Acevedo, Marcelo Ricardo<|>Lozano, A.
051194;v22_Autor_personal;Di Césare Pacheco, María Victoria<|>Ban, Pablo Eduardo<|>Tacaliti, Luciana<|>Peralta, M.<|>Alderisi, Federico<|>Butron, Juan Pablo;Di Césare Pacheco, María Victoria<|>Ban, Pablo Eduardo<|>Tacaliti, Luciana<|>Peralta, Matías Eduardo<|>Alderisi, Federico<|>Butron, Juan Pablo
051255;v22_Autor_personal;Reich, G.<|>Murano, M.<|>González, J.<|>Pettinari, V.<|>Barbagallo, Gustavo Alfredo<|>Cirio, Mercedes<|>Villarreal, Marcela<|>Kneetemann, E.<|>Valentini, G.<|>Corbino, Graciela Beatriz<|>Dománico, Ricardo Hugo;Reich, G.<|>Murano, M.<|>González, J.<|>Pettinari, V.<|>Barbagallo, Gustavo Alfredo<|>Cirio, Mercedes<|>Villarreal, Marcela<|>Kneetemann, E.<|>Valentini, Gabriel Hugo<|>Corbino, Graciela Beatriz<|>Dománico, Ricardo Hugo
051263;v22_Autor_personal;Gallo, C.<|>Martínez, M. A.<|>Arango, M. R.<|>Rubino Andretich, G.<|>Peralta, M.<|>Airaldo, Gastón;Gallo, C.<|>Martínez, M. A.<|>Arango, M. R.<|>Rubino Andretich, G.<|>Peralta, Matías Eduardo<|>Airaldo, Gastón
051298;v22_Autor_personal;Macagnano, A.<|>Molinari, Fabricio Nicolás<|>Papa, P.<|>Mancini, T.<|>Lupi, S.<|>D’Arco, A.<|>Taddei, Anna Rita<|>Serrecchia, S.<|>De Cesare, F.;Macagnano, A.<|>Molinari, Fabricio Nicolás<|>Papa, P.<|>Mancini, T.<|>Lupi, S.<|>D´Arco, Annalisa<|>Taddei, Anna Rita<|>Serrecchia, S.<|>De Cesare, F.
051302;v22_Autor_personal;Becker, Rosalba<|>Díaz, Victoria<|>Dubois, María José<|>Vigna, Alejandrina Moira;Becker, Rosalba María<|>Díaz, Victoria<|>Dubois, María José<|>Vigna, Alejandrina Moira
051303;v22_Autor_personal;Ramírez, Rodrigo<|>Secchi, Mariela Celina;Ramírez, Rodrigo Javier<|>Secchi, Mariela Celina
051310;v22_Autor_personal;Barda, Nora<|>Miranda, María José<|>Suárez, Pablo;Barda, Nora<|>Miranda, María José<|>Suárez, Pablo Javier
051329;v22_Autor_personal;Obermann, Cristian<|>Abate, Germán Rubén<|>Simoncelli, Alejandro Ezequiel<|>Antúnez, Nazareno Nahuel<|>Martínez Krahmer, Daniel Osvaldo<|>Pereyra Osenda, Raúl Alberto;Obermann, Cristian<|>Abate, Germán Rubén<|>Simoncelli, Alejandro Ezequiel<|>Antunez, Nazareno Nahuel<|>Martínez Krahmer, Daniel Osvaldo<|>Pereyra Osenda, Raúl Alberto
051357;v22_Autor_personal;Alonso, Adrián Cesar;Alonso, Adrián César
051361;v22_Autor_personal;Baldán, Santiago Martín;Baldan, Santiago Martín
051373;v22_Autor_personal;D'Onofrio, Enrique Mario;D’Onofrio, Enrique Mario
051421;v22_Autor_personal;Gómez, Fiamma Noeli<|>Altamirano, Pablo Martin<|>Peralta, Matías Eduardo<|>Pérez, Héctor Ignacio;Gómez, Fiamma Noeli<|>Altamirano, Pablo Martín<|>Peralta, Matías Eduardo<|>Pérez, Héctor Ignacio
051423;v22_Autor_personal;Wise, Stephen A.<|>Phinney, Karen W.<|>Duewer, David<|>Sniegoski, Lorna T.<|>Welch, Michael J.<|>Pabello, Guiomar<|>Ávila Caldero, Marco Antonio<|>Qinde, Liu<|>Tong Kooi, Lee<|>Rego, Eliane<|>Garrido, Bruno<|>Allegri, Gabriella<|>De La Cruz, Marcia<|>Barrabin, Juliana<|>Puglisi, Celia María<|>Lopez, Eduardo Emilio<|>Lee, Hwashim<|>Kim, Byungioo<|>Delatour, Vincent<|>Heuillet, Maud<|>Nammoonnoy, Jintana<|>Gören, Ahmet Ceyhan<|>Bilsel, Gokhan<|>Konopelko, L.<|>Krylov, A.<|>Lopushanskaya, E.;Wise, Stephen A.<|>Phinney, Karen W.<|>Duewer, David<|>Sniegoski, Lorna T.<|>Welch, Michael J.<|>Pabello, Guiomar<|>Ávila Caldero, Marco Antonio<|>Qinde, Liu<|>Tong Kooi, Lee<|>Rego, Eliane Cristina Pires do<|>Garrido, Bruno<|>Allegri, Gabriella<|>De La Cruz, Marcia<|>Barrabin, Juliana<|>Puglisi, Celia María<|>López, Eduardo Emilio<|>Lee, Hwashim<|>Kim, Byungioo<|>Delatour, Vincent<|>Heuillet, Maud<|>Nammoonnoy, Jintana<|>Gören, Ahmet Ceyhan<|>Bilsel, Gökhan<|>Konopelko, L.<|>Krylov, A.<|>Lopushanskaya, E.
051433;v22_Autor_personal;Zorrilla, Ladislao León<|>Martín, Diego Ignacio<|>Morassutti, Myriam;Zorrilla, Ladislao León<|>Martin, Diego Ignacio<|>Morassutti, Myriam
051435;v22_Autor_personal;Kramar, María Belén<|>Rota, Franco<|>Patrone, Luciano Agustín<|>Lozano, Carlos Álex<|>Malatto, María Laura;Kramar, María Belén<|>Rota, Franco<|>Patrone, Luciano  Agustín<|>Lozano, Carlos Álex<|>Malatto, María Laura
