MFN;Columna;Antes;Despues
001452;v5_Nivel_bibliografico;n;m
001886;v5_Nivel_bibliografico;n;m
007070;v29_Reunion_Responsable;Escuela de Ingeniería Sanitaria<|>^nCentro de Investigación de Ingeniería Ambiental^sCIIA^<|>^nOrganización Panamericana de la Salud^sOPS;^nEscuela de Ingeniería Sanitaria<|>^nCentro de Investigación de Ingeniería Ambiental^sCIIA<|>^nOrganización Panamericana de la Salud^sOPS
007071;v29_Reunion_Responsable;Escuela de Ingeniería Sanitaria<|>^nCentro de Investigación de Ingeniería Ambiental^sCIIA^<|>^nOrganización Panamericana de la Salud^sOPS;^nEscuela de Ingeniería Sanitaria<|>^nCentro de Investigación de Ingeniería Ambiental^sCIIA<|>^nOrganización Panamericana de la Salud^sOPS
007072;v29_Reunion_Responsable;Escuela de Ingeniería Sanitaria<|>^nCentro de Investigación de Ingeniería Ambiental^sCIIA^<|>^nOrganización Panamericana de la Salud^sOPS;^nEscuela de Ingeniería Sanitaria<|>^nCentro de Investigación de Ingeniería Ambiental^sCIIA<|>^nOrganización Panamericana de la Salud^sOPS
007073;v29_Reunion_Responsable;Escuela de Ingeniería Sanitaria<|>^nCentro de Investigación de Ingeniería Ambiental^sCIIA^<|>^nOrganización Panamericana de la Salud^sOPS;^nEscuela de Ingeniería Sanitaria<|>^nCentro de Investigación de Ingeniería Ambiental^sCIIA<|>^nOrganización Panamericana de la Salud^sOPS
007074;v29_Reunion_Responsable;Escuela de Ingeniería Sanitaria<|>^nCentro de Investigación de Ingeniería Ambiental^sCIIA^<|>^nOrganización Panamericana de la Salud^sOPS;^nEscuela de Ingeniería Sanitaria<|>^nCentro de Investigación de Ingeniería Ambiental^sCIIA<|>^nOrganización Panamericana de la Salud^sOPS
007075;v29_Reunion_Responsable;Escuela de Ingeniería Sanitaria<|>^nCentro de Investigación de Ingeniería Ambiental^sCIIA^<|>^nOrganización Panamericana de la Salud^sOPS;^nEscuela de Ingeniería Sanitaria<|>^nCentro de Investigación de Ingeniería Ambiental^sCIIA<|>^nOrganización Panamericana de la Salud^sOPS
007076;v29_Reunion_Responsable;Escuela de Ingeniería Sanitaria<|>^nCentro de Investigación de Ingeniería Ambiental^sCIIA^<|>^nOrganización Panamericana de la Salud^sOPS;^nEscuela de Ingeniería Sanitaria<|>^nCentro de Investigación de Ingeniería Ambiental^sCIIA<|>^nOrganización Panamericana de la Salud^sOPS
013836;v5_Nivel_bibliografico;n;m
014505;v5_Nivel_bibliografico;n;m
015899;v32_Reunion_Fecha;9 al 13-06-97;1997
015900;v32_Reunion_Fecha;7 al 11-04-1997;1997
016518;v32_Reunion_Fecha;24 al 28-11-1997;1997
027461;v22_Autor_personal;Cameron, N. M. ;Cameron, N. M.
027462;v22_Autor_personal;Cameron, N. M. ;Cameron, N. M.
027463;v22_Autor_personal;Cameron, N. M. ;Cameron, N. M.
027499;v22_Autor_personal;Utracki, Leszek A. ;Utracki, Leszek A.
027552;v22_Autor_personal;Woolf, A. ;Woolf, A.
027609;v22_Autor_personal;del Grosso, Mariela F. ;del Grosso, Mariela F.
027637;v22_Autor_personal;Radley, J. A. ;Radley, J. A.
027662;v22_Autor_personal;Ranby, B. <|>Rabek, J. F. ;Ranby, B. <|>Rabek, J. F.
027738;v20_Titulo;Wörterbuch der Industriellen Technik Spanish-Deutsch<|>Diccionario de la técnica industrial español-alemán ;Wörterbuch der Industriellen Technik Spanish-Deutsch<|>Diccionario de la técnica industrial español-alemán
027761;v31_Reunion_Lugar_pais;Bremen^^pDE;^lBremen^pDE
027769;v20_Titulo;"Desagüe de la industria textil; programa para su estudio y tratamiento ";"Desagüe de la industria textil; programa para su estudio y tratamiento"
027771;v20_Titulo;"In-plant control of pollution; upgrading textile operations to reduce pollution ";"In-plant control of pollution; upgrading textile operations to reduce pollution"
027772;v20_Titulo;"Wastewater treatment systems; upgrading textile operations to reduce pollution ";"Wastewater treatment systems; upgrading textile operations to reduce pollution"
027865;v22_Autor_personal;Watsa, Kavita ;Watsa, Kavita
027901;v20_Titulo;"Tecnología de las fibras artificiales; derivadas de polímeros sintéticos  ";"Tecnología de las fibras artificiales; derivadas de polímeros sintéticos"
035182;v20_Titulo;Uso del índice de sequía de Palmer para estimar las condiciones de humedad del perfil de suelo en tres localidades del sur de la provincia de Córdoba ;Uso del índice de sequía de Palmer para estimar las condiciones de humedad del perfil de suelo en tres localidades del sur de la provincia de Córdoba
035189;v22_Autor_personal;Elizondo, Marcelo<|>Alexandro, Oscar<|>Quijano, María Cristina<|>Jiménez, Adela<|>Sawady, Alex<|>Bolívar Cevallos<|>Vélez, Claudia<|>Clacheo, Norberto<|>López Cerdán Ripoll, Carlos<|>Russo, Fabio<|>López Rodríguez, Paola<|>Siles, Alejandro<|>Maeso Ruiz, Antonio<|>Baldinelli, Elvio<|>Taiana, Jorge ;Elizondo, Marcelo<|>Alexandro, Oscar<|>Quijano, María Cristina<|>Jiménez, Adela<|>Sawady, Alex<|>Bolívar Cevallos<|>Vélez, Claudia<|>Clacheo, Norberto<|>López Cerdán Ripoll, Carlos<|>Russo, Fabio<|>López Rodríguez, Paola<|>Siles, Alejandro<|>Maeso Ruiz, Antonio<|>Baldinelli, Elvio<|>Taiana, Jorge
035243;v20_Titulo;Handbook of comparative world steel standards ;Handbook of comparative world steel standards
035244;v20_Titulo;Inorganic and physical chemistry ;Inorganic and physical chemistry
035249;v43_Lugar_de_edicion;Oxford ;Oxford
035250;v22_Autor_personal;Castellan, Gilbert W. ;Castellan, Gilbert W.
035250;v43_Lugar_de_edicion;Reading, Massachusetts ;Reading, Massachusetts
035269;v20_Titulo;Gas-solid reactions ;Gas-solid reactions
035270;v20_Titulo;Failure prevention and reliability ;Failure prevention and reliability
035275;v43_Lugar_de_edicion;Weinheim ;Weinheim
035278;v20_Titulo;Application of fracture toughness parameters to structural metals ;Application of fracture toughness parameters to structural metals
035289;v43_Lugar_de_edicion;Oxford ;Oxford
035298;v32_Reunion_Fecha;October, 22-23, 1977;1977
035306;v43_Lugar_de_edicion;New York [etc.] ;New York [etc.]
035320;v43_Lugar_de_edicion;Park Ridge, N. J. ;Park Ridge, N. J.
035324;v22_Autor_personal;Fairbrother, F. ;Fairbrother, F.
035330;v43_Lugar_de_edicion;Hertogenbosch ;Hertogenbosch
035396;v22_Autor_personal;Cook, Glenn J. ;Cook, Glenn J.
035398;v43_Lugar_de_edicion;London ;London
035422;v45_Editor;Elsevier Scientific Publishing ;Elsevier Scientific Publishing
035428;v32_Reunion_Fecha;december 1-5, 1997;1997
035429;v32_Reunion_Fecha;april 15-17, 1985;1985
035430;v20_Titulo;Ultrastructure processing of ceramics, glasses, and composites ;Ultrastructure processing of ceramics, glasses, and composites
035430;v45_Editor;Wiley ;Wiley
035432;v22_Autor_personal;Billings, Keith H. ;Billings, Keith H.
035433;v32_Reunion_Fecha;October 22-23, 1963;1963
035434;v22_Autor_personal;Schutze Alonso, Oscar ;Schutze Alonso, Oscar
035442;v43_Lugar_de_edicion;Boston ;Boston
035463;v43_Lugar_de_edicion;New York ;New York
035465;v20_Titulo;Fabricación de hierro, aceros y fundiciones ;Fabricación de hierro, aceros y fundiciones
035467;v20_Titulo;Energy management in iron and steelworks ;Energy management in iron and steelworks
035471;v20_Titulo;Soñar la realidad : el constructivismo de Heinz von Foerster ;Soñar la realidad : el constructivismo de Heinz von Foerster
035471;v22_Autor_personal;Segal, Lynn ;Segal, Lynn
035472;v20_Titulo;Innovación y tradición : historia de la tecnología moderna ;Innovación y tradición : historia de la tecnología moderna
035477;v22_Autor_personal;Christian, J. W. ;Christian, J. W.
035481;v32_Reunion_Fecha;August, 1965;1965
035481;v20_Titulo;Strengthening mechanism metals and ceramics ;Strengthening mechanism metals and ceramics
035493;v43_Lugar_de_edicion;New York ;New York
035495;v43_Lugar_de_edicion;Tokyo [etc.] ;Tokyo [etc.]
035497;v22_Autor_personal;Sibigtroth, James M. ;Sibigtroth, James M.
035506;v20_Titulo;High temperature metallography ;High temperature metallography
035511;v32_Reunion_Fecha;1969, March;1969
035512;v32_Reunion_Fecha;1969, August;1969
035513;v32_Reunion_Fecha;1971, March;1971
035514;v32_Reunion_Fecha;1965, September;1965
035515;v32_Reunion_Fecha;1966, September;1966
035516;v32_Reunion_Fecha;1973, June;1973
035517;v20_Titulo;Science of hard materials : proceedings ;Science of hard materials : proceedings
035518;v20_Titulo;Experimental methods of phase diagram determination ;Experimental methods of phase diagram determination
035520;v20_Titulo;Del cobre y nuestro desafío ;Del cobre y nuestro desafío
035523;v22_Autor_personal;Bunge, Mario ;Bunge, Mario
035523;v45_Editor;Siglo XXI ;Siglo XXI
035524;v20_Titulo;Sistemas complejos: conceptos, método y fundamentación epistemológica de la investigación interdisciplinaria ;Sistemas complejos: conceptos, método y fundamentación epistemológica de la investigación interdisciplinaria
035524;v22_Autor_personal;García, Rolando ;García, Rolando
035526;v20_Titulo;Metalurgia de metales no ferrosos ;Metalurgia de metales no ferrosos
035527;v32_Reunion_Fecha;1967, June;1967
035528;v20_Titulo;The technology of ceramics and refractories ;The technology of ceramics and refractories
035528;v43_Lugar_de_edicion;Cambridge, Massachusetts ;Cambridge, Massachusetts
035528;v45_Editor; MIT ; MIT
035530;v20_Titulo;Diagnóstico de motores diesel mediante el análisis del aceite usado ;Diagnóstico de motores diesel mediante el análisis del aceite usado
035530;v22_Autor_personal;Tormos, Bernardo ;Tormos, Bernardo
035530;v43_Lugar_de_edicion;Barcelona ;Barcelona
035531;v20_Titulo;Técnica y cultura : el debate alemán entre Bismarck y Weimar ;Técnica y cultura : el debate alemán entre Bismarck y Weimar
035547;v43_Lugar_de_edicion;Englewood Cliffs, NJ ;Englewood Cliffs, NJ
035557;v22_Autor_personal;Losana, Luigi<|>Ferrer Morera, José María ;Losana, Luigi<|>Ferrer Morera, José María
035562;v32_Reunion_Fecha;24 al 28 de Octubre, 1983;1983
035565;v32_Reunion_Fecha;Mayo, 1995;1995
035567;v20_Titulo;Magneto-solid mechanics ;Magneto-solid mechanics
035567;v22_Autor_personal;Moon, Francis C. ;Moon, Francis C.
035568;v20_Titulo;El método. 2, La vida de la vida ;El método. 2, La vida de la vida
035569;v32_Reunion_Fecha;September 12-13, 1991;1991
035572;v20_Titulo;Welding of HSLA (microalloyed) structural steels : proceedings of an international conference, 9-12 November 1976, Rome, Italy ;Welding of HSLA (microalloyed) structural steels : proceedings of an international conference, 9-12 November 1976, Rome, Italy
035572;v43_Lugar_de_edicion;Metals Park ;Metals Park
035578;v32_Reunion_Fecha;November, 2007;2007
035579;v45_Editor;Pergamon ;Pergamon
035580;v20_Titulo;Principles of extractive metallurgy ;Principles of extractive metallurgy
035580;v43_Lugar_de_edicion;New York ;New York
035581;v20_Titulo;Complex metallurgy'78 : papers presented ;Complex metallurgy'78 : papers presented
035582;v32_Reunion_Fecha;1977, June 20-22;1977
035586;v20_Titulo;Atlas of machined surfaces ;Atlas of machined surfaces
035586;v22_Autor_personal;Stout, K.J. <|>Davis, E. J. <|>Sullivan, P.J. ;Stout, K.J. <|>Davis, E. J. <|>Sullivan, P.J.
035587;v20_Titulo;Electronic noise ;Electronic noise
035588;v22_Autor_personal;Whittington, H. W.<|>Flynn, B. W.<|>Macpherson, D. E. ;Whittington, H. W.<|>Flynn, B. W.<|>Macpherson, D. E.
035589;v22_Autor_personal;Jimeno Gil, Emilio <|>Morral, F. R. ;Jimeno Gil, Emilio <|>Morral, F. R.
035592;v32_Reunion_Fecha;March 2-6, 1986;1986
035595;v22_Autor_personal;Szczepanski, M. ;Szczepanski, M.
035596;v20_Titulo;Switching power converters ;Switching power converters
035597;v20_Titulo;Harnessing Solar Power: The Photovoltaics Challenge ;Harnessing Solar Power: The Photovoltaics Challenge
035599;v20_Titulo;Investment casting : a guide to alloy selection ;Investment casting : a guide to alloy selection
035601;v43_Lugar_de_edicion;New York ;New York
035602;v22_Autor_personal;Hobbs, Don W. ;Hobbs, Don W.
035604;v20_Titulo;Power-switching converters ;Power-switching converters
035605;v20_Titulo;High-frequency switching power supplies :theory and design ;High-frequency switching power supplies :theory and design
035605;v43_Lugar_de_edicion;New York ;New York
035606;v43_Lugar_de_edicion;New York ;New York
035607;v32_Reunion_Fecha;November, 1957;1957
035610;v20_Titulo;Fatigue testing and analysis of results ;Fatigue testing and analysis of results
035614;v32_Reunion_Fecha;24 al 28 de abril, 1989;1989
035614;v45_Editor;la Asociación ;la Asociación
035615;v32_Reunion_Fecha;February 27-28, 1978;1978
035615;v20_Titulo;What does the charpy test tell us? : proceedings ;What does the charpy test tell us? : proceedings
035618;v43_Lugar_de_edicion;New York ;New York
035619;v43_Lugar_de_edicion;New York ;New York
035620;v20_Titulo;High-frequency magnetic materials, their characteristics and principal applications ;High-frequency magnetic materials, their characteristics and principal applications
035620;v43_Lugar_de_edicion;New York ;New York
035621;v20_Titulo;The diecasting book ;The diecasting book
035621;v43_Lugar_de_edicion;Surrey ;Surrey
035621;v45_Editor;Portcullis Press ;Portcullis Press
035624;v20_Titulo;Robots and manufacturing automation ;Robots and manufacturing automation
035624;v43_Lugar_de_edicion;New York ;New York
035626;v20_Titulo;Improving the properties of permanent magnets : a study of patents, patent applications, and other literature ;Improving the properties of permanent magnets : a study of patents, patent applications, and other literature
035632;v32_Reunion_Fecha;25 a 28 de mayo de 1980;1980
035632;v20_Titulo;Controle químico em siderurgia ;Controle químico em siderurgia
035636;v22_Autor_personal;Morrison, Ralph ;Morrison, Ralph
035638;v20_Titulo;Corrosion prevention practice ;Corrosion prevention practice
035640;v20_Titulo;Rare earth permanent magnets ;Rare earth permanent magnets
035640;v43_Lugar_de_edicion;New York ;New York
035642;v32_Reunion_Fecha;25-26, november, 1964;1964
035649;v22_Autor_personal;Lee, Yim-Shu ;Lee, Yim-Shu
035653;v20_Titulo;Electrode processes in solid state ionics : theory and application to energy conversion and storage : proceedings of the NATO Advanced Study Institute held at Ajaccio, Corsica, 28 august-9 september 1975 ;Electrode processes in solid state ionics : theory and application to energy conversion and storage : proceedings of the NATO Advanced Study Institute held at Ajaccio, Corsica, 28 august-9 september 1975
035654;v20_Titulo;Aplique SQL ;Aplique SQL
035654;v22_Autor_personal;Groff, James R. <|>Bautista Paloma, Alfredo^rt<|>Weinberg, Paul N. ;Groff, James R. <|>Bautista Paloma, Alfredo^rt<|>Weinberg, Paul N.
035656;v43_Lugar_de_edicion;London ;London
035658;v20_Titulo;Progress in the Science and Technology of the Rare Earths ;Progress in the Science and Technology of the Rare Earths
035659;v43_Lugar_de_edicion;London ;London
035664;v20_Titulo;Experiments for the electric circuits laboratory ;Experiments for the electric circuits laboratory
035664;v43_Lugar_de_edicion;Huntington, New York ;Huntington, New York
035665;v20_Titulo;Studies in metallurgy ;Studies in metallurgy
035665;v43_Lugar_de_edicion;Sendai ;Sendai
035666;v20_Titulo;Deformation under hot working conditions : proceedings ;Deformation under hot working conditions : proceedings
035667;v20_Titulo;Prevention of structural failures : the role of ndt, fracture mechanics and failure analysis ;Prevention of structural failures : the role of ndt, fracture mechanics and failure analysis
035668;v20_Titulo;A handbook of lattice spacings and structures of metals and alloys ;A handbook of lattice spacings and structures of metals and alloys
035670;v20_Titulo;Advanced oscilloscope handbook for technicians and engineers ;Advanced oscilloscope handbook for technicians and engineers
035671;v20_Titulo;The alloys of iron and molybdenum ;The alloys of iron and molybdenum
035671;v22_Autor_personal;Gregg, J. L. ;Gregg, J. L.
035671;v45_Editor;McGraw-Hill ;McGraw-Hill
035672;v20_Titulo;The Study of metal structures and their mechanical properties ;The Study of metal structures and their mechanical properties
035672;v22_Autor_personal;Wood, William Arnold ;Wood, William Arnold
035673;v20_Titulo;Introduction to electromagnetic nondestructive test methods ;Introduction to electromagnetic nondestructive test methods
035673;v22_Autor_personal;Libby, Hugo L. ;Libby, Hugo L.
035676;v20_Titulo;Analog-digital and digital-analog conversion ;Analog-digital and digital-analog conversion
035677;v20_Titulo;Photovoltaic energy systems : design and installation ;Photovoltaic energy systems : design and installation
035677;v22_Autor_personal;Buresch, Matthew ;Buresch, Matthew
035677;v43_Lugar_de_edicion;New York ;New York
035678;v20_Titulo;Materials and coatings to resist high temperature corrosion ;Materials and coatings to resist high temperature corrosion
035680;v20_Titulo;The chemistry of imperfect crystals ;The chemistry of imperfect crystals
035682;v22_Autor_personal;Stevenson, Edward J. ;Stevenson, Edward J.
035689;v32_Reunion_Fecha;9-13 July 1979 ;1979
035689;v20_Titulo;Boron Chemistry-4 : plenary and session lectures ;Boron Chemistry-4 : plenary and session lectures
035689;v43_Lugar_de_edicion;Oxford [etc.] ;Oxford [etc.]
035690;v20_Titulo;Lithium needs and resources ;Lithium needs and resources
035692;v20_Titulo;Prediction of service life for machines and structures ;Prediction of service life for machines and structures
035692;v43_Lugar_de_edicion;New York ;New York
035693;v20_Titulo;Wood deterioration and its prevention by preservative treatments ;Wood deterioration and its prevention by preservative treatments
035694;v43_Lugar_de_edicion;Paris ;Paris
035695;v20_Titulo;Computer communications ;Computer communications
035695;v22_Autor_personal;Beauchamp, K. G. ;Beauchamp, K. G.
035695;v43_Lugar_de_edicion;London <|>New York ;London <|>New York
035696;v43_Lugar_de_edicion;Alphen aan den Rijn ;Alphen aan den Rijn
035697;v20_Titulo;Microstructure formation during solidification of metal matrix composites ;Microstructure formation during solidification of metal matrix composites
035697;v22_Autor_personal;Rohatgi, Pradeep^red. ;Rohatgi, Pradeep^red.
035697;v43_Lugar_de_edicion;Warrendale, Pennsylvania ;Warrendale, Pennsylvania
035698;v20_Titulo;Processing, properties, and applications of cast metal matrix composites ;Processing, properties, and applications of cast metal matrix composites
035698;v22_Autor_personal;Rohatgi, Pradeep^red. ;Rohatgi, Pradeep^red.
035698;v43_Lugar_de_edicion;Warrendale, Pennsylvania ;Warrendale, Pennsylvania
035700;v20_Titulo;An introduction to metal matrix composites ;An introduction to metal matrix composites
035701;v20_Titulo;Vérification des produits et calibres filetés ;Vérification des produits et calibres filetés
035704;v43_Lugar_de_edicion;New York ;New York
035705;v20_Titulo;"Transistores de silicio; ""SOT 54"" - ""SOT 32"" ";"Transistores de silicio; ""SOT 54"" - ""SOT 32"""
035705;v43_Lugar_de_edicion;Buenos Aires ;Buenos Aires
035707;v20_Titulo;"Treatise on analytical chemistry; part III: Analytical chemistry in industry ; section A: analytical chemistry in industry ";"Treatise on analytical chemistry; part III: Analytical chemistry in industry ; section A: analytical chemistry in industry"
035717;v32_Reunion_Fecha;26 Février-1er Mars 1985;1985
035717;v20_Titulo;MICAD 85 : Actes ;MICAD 85 : Actes
035718;v32_Reunion_Fecha;13 - 17 Février 1989;1989
035718;v20_Titulo;MICAD 89 : Actes ;MICAD 89 : Actes
035719;v45_Editor;Computervision ;Computervision
035720;v20_Titulo;Les dislocations dans les cristaux ;Les dislocations dans les cristaux
035722;v20_Titulo;Aluminum: technology, applications, and environment. A profile o a modern metal ;Aluminum: technology, applications, and environment. A profile o a modern metal
035731;v20_Titulo;Electrochemical systems ;Electrochemical systems
035740;v20_Titulo;Rapidly solidified crystalline alloys :proceedings ;Rapidly solidified crystalline alloys :proceedings
035741;v22_Autor_personal;Brignell, John <|>White, Neil ;Brignell, John <|>White, Neil
035741;v43_Lugar_de_edicion;Bristol ;Bristol
035743;v22_Autor_personal;Putten, Anton F. P. van ;Putten, Anton F. P. van
035744;v20_Titulo;Automotive sensors ;Automotive sensors
035745;v20_Titulo;Ambiente y tecnología socialmente apropiada : el camino de la biodigestión ;Ambiente y tecnología socialmente apropiada : el camino de la biodigestión
035745;v22_Autor_personal;Groppelli, Eduardo S. <|>Giampaoli, Orlando A. ;Groppelli, Eduardo S. <|>Giampaoli, Orlando A.
035748;v45_Editor;Prentice-Hall ;Prentice-Hall
035749;v20_Titulo;System simulation ;System simulation
035749;v22_Autor_personal;Gordon, Geoffrey ;Gordon, Geoffrey
035753;v20_Titulo;Solid-state power conversion handbook ;Solid-state power conversion handbook
035753;v43_Lugar_de_edicion;New York ;New York
035757;v20_Titulo;Physics of magnetism ;Physics of magnetism
035758;v20_Titulo;Recovery, recrystallization, and grain growth ;Recovery, recrystallization, and grain growth
035761;v43_Lugar_de_edicion;New York ;New York
035761;v45_Editor;Wiley ;Wiley
035763;v20_Titulo;Handbook of the interference effects encountered in atomic-absorption spectrophotometry ;Handbook of the interference effects encountered in atomic-absorption spectrophotometry
035765;v20_Titulo;Mechanical measurements ;Mechanical measurements
035766;v20_Titulo;Computers and instrumentation : a practical handbook of measurement, interfacing and control circuits ;Computers and instrumentation : a practical handbook of measurement, interfacing and control circuits
035766;v22_Autor_personal;Carrick, Alan ;Carrick, Alan
035766;v43_Lugar_de_edicion;London ;London
035768;v22_Autor_personal;Dally, James W. <|>Riley, William F. <|>McConnell, Kenneth G. ;Dally, James W. <|>Riley, William F. <|>McConnell, Kenneth G.
035769;v22_Autor_personal;Anderson, Norman A. ;Anderson, Norman A.
035773;v20_Titulo;Informática básica ;Informática básica
035773;v22_Autor_personal;Novel i Cabre, Antoni ;Novel i Cabre, Antoni
035778;v20_Titulo;Mineral processing technology : an introduction to the practical aspects of ore treatment and mineral recovery : (in SI/Metric Units) ;Mineral processing technology : an introduction to the practical aspects of ore treatment and mineral recovery : (in SI/Metric Units)
035779;v20_Titulo;Flotación de minerales ;Flotación de minerales
035780;v43_Lugar_de_edicion;New York ;New York
035784;v22_Autor_personal;Jones, W. R. ;Jones, W. R.
035786;v32_Reunion_Fecha;19-23 de agosto de 1985;1985
035787;v20_Titulo;How to know the minerals and rocks ;How to know the minerals and rocks
035787;v22_Autor_personal;Pearl, Richard M. ;Pearl, Richard M.
035787;v43_Lugar_de_edicion;New York ;New York
035789;v20_Titulo;Protección de edificios contra incendio ;Protección de edificios contra incendio
035789;v22_Autor_personal;Quadri, Néstor Pedro ;Quadri, Néstor Pedro
035789;v45_Editor;Alsina ;Alsina
035853;v43_Lugar_de_edicion;Santiago ;Santiago
035853;v45_Editor;Gobierno de Chile<|>Gobierno Regional de la Región del Bío-Bío ;Gobierno de Chile<|>Gobierno Regional de la Región del Bío-Bío
035924;v20_Titulo;"Tecnología y pequeña producción agropecuaria en la Argentina; una caracterización basada en el Censo Nacional Agropecuario 2002 y en estudios de caso ";"Tecnología y pequeña producción agropecuaria en la Argentina; una caracterización basada en el Censo Nacional Agropecuario 2002 y en estudios de caso"
036027;v43_Lugar_de_edicion;Paris ;Paris
036165;v22_Autor_personal;D'Orio, Carlos A. ;D'Orio, Carlos A.
036212;v43_Lugar_de_edicion;Buenos Aires ;Buenos Aires
036221;v20_Titulo;Fault detection and diagnosis in chemical and petrochemical processes ;Fault detection and diagnosis in chemical and petrochemical processes
036221;v22_Autor_personal;Himmelblau, David M. ;Himmelblau, David M.
036297;v20_Titulo;Practical process instrumentation and control ;Practical process instrumentation and control
036299;v20_Titulo;La esperanza de Pandora: ensayos sobre la realidad de los estudios de la ciencia ;La esperanza de Pandora: ensayos sobre la realidad de los estudios de la ciencia
036314;v20_Titulo;"Presentación proyecto sistema de integración territorial socioproductiva ""Duomóvil"" ";"Presentación proyecto sistema de integración territorial socioproductiva ""Duomóvil"""
036397;v22_Autor_personal;Basso, Alessandro<|>Mandelli, Luigi<|>Sala, Remo<|> ;Basso, Alessandro<|>Mandelli, Luigi<|>Sala, Remo
036412;v43_Lugar_de_edicion;Río Negro ;Río Negro
036414;v20_Titulo;Resúmenes ;Resúmenes
036421;v45_Editor;Messe Frankfurt ;Messe Frankfurt
036425;v20_Titulo;Précis de practique lainière ;Précis de practique lainière
036437;v20_Titulo;Innovation: applying knowledge in development.Task force on science, technology, and innovation ;Innovation: applying knowledge in development.Task force on science, technology, and innovation
036438;v20_Titulo;The growth report: strategies for sustained growth and inclusive development ;The growth report: strategies for sustained growth and inclusive development
036441;v23_Autor_institucional;^nDepartment of Commerce and Secretary of Commerce^sDC&SC^^lWashington^pUS;^nDepartment of Commerce and Secretary of Commerce^sDC&SC^lWashington^pUS
036472;v22_Autor_personal;Hawken, Paul<|>Lovins, Amory<|>Hunters Lovins, L. ;Hawken, Paul<|>Lovins, Amory<|>Hunters Lovins, L.
036479;v22_Autor_personal;Calladine, Chris R.^red.<|>Drew, Horace R.^red.<|>Luisi, Ben F.^red.<|>Travers, Andrew A^red. ;Calladine, Chris R.^red.<|>Drew, Horace R.^red.<|>Luisi, Ben F.^red.<|>Travers, Andrew A^red.
036549;v20_Titulo;"Qué es bueno, que es mejor; La medida del progreso en economía ";"Qué es bueno, que es mejor; La medida del progreso en economía"
036583;v45_Editor;National Environmental Health Forum ;National Environmental Health Forum
036602;v20_Titulo;Interim report of the Task Force 8 on improving the lives of slum dwellers ;Interim report of the Task Force 8 on improving the lives of slum dwellers
036615;v43_Lugar_de_edicion;Buenos Aires ;Buenos Aires
036619;v20_Titulo;Manual del ejercicio profesional del arquitecto ;Manual del ejercicio profesional del arquitecto
036650;v20_Titulo;La industria del calzado en Argentina: situación actual y cursos de acción ;La industria del calzado en Argentina: situación actual y cursos de acción
036666;v20_Titulo;Plan estratégico 2005-2015 para el desarrollo de la biotecnología agropecuaria ;Plan estratégico 2005-2015 para el desarrollo de la biotecnología agropecuaria
036672;v22_Autor_personal;Fuentes, Francisco<|>Belluccini, Pablo<|>Flores, Fernando<|>Distéfano, Silvia<|>Lenzi, Lisandro<|>Gadbán, Laura C<|>Martínez, Fernando<|>Cordone, Graciela<|>Murgio, Marcos<|>Salines, Luis<|>Soldini, Diego<|>Cuniberti, Martha<|>Herrero, Rosana<|>Masiero, Beatriz<|>Mir, Leticia<|>Berra, Omar<|>Macagno, Susana<|>Erazzú, L.<|>Giménez, F.<|>Ramirez, J.<|>Marinelli, A.<|>García, J.<|>March, G. J.<|>Zuza, M.<|>Oddino, C.<|>Cardetti, C.<|>Marinelli<|>Rojas, E.<|>Bologna<|>Martínez Alvarez, D.<|>Escudero,S.<|>Ávila, S.<|>Ferreira, C.<|>Supertino, M.<|>Godoy, J.<|>Scandiani<|>Toledo, Rubén<|> ;Fuentes, Francisco<|>Belluccini, Pablo<|>Flores, Fernando<|>Distéfano, Silvia<|>Lenzi, Lisandro<|>Gadbán, Laura C<|>Martínez, Fernando<|>Cordone, Graciela<|>Murgio, Marcos<|>Salines, Luis<|>Soldini, Diego<|>Cuniberti, Martha<|>Herrero, Rosana<|>Masiero, Beatriz<|>Mir, Leticia<|>Berra, Omar<|>Macagno, Susana<|>Erazzú, L.<|>Giménez, F.<|>Ramirez, J.<|>Marinelli, A.<|>García, J.<|>March, G. J.<|>Zuza, M.<|>Oddino, C.<|>Cardetti, C.<|>Marinelli<|>Rojas, E.<|>Bologna<|>Martínez Alvarez, D.<|>Escudero,S.<|>Ávila, S.<|>Ferreira, C.<|>Supertino, M.<|>Godoy, J.<|>Scandiani<|>Toledo, Rubén
037069;v20_Titulo;INJECTION MOLDS AND MOLDING ;INJECTION MOLDS AND MOLDING
037125;v20_Titulo;"THERMOPLAASTIC ELASTOMERS III; PAPERS ";"THERMOPLAASTIC ELASTOMERS III; PAPERS"
037143;v20_Titulo;ADVANCES IN POLYURETHANE TECHNOLOGY ;ADVANCES IN POLYURETHANE TECHNOLOGY
037163;v45_Editor;MACLAREN & SON ;MACLAREN & SON
037176;v22_Autor_personal;CIULLO, PETER A.<|>HEWITT, NORMAN ;CIULLO, PETER A.<|>HEWITT, NORMAN
037184;v20_Titulo;THE FORMULARY: VIII. URETHANE ;THE FORMULARY: VIII. URETHANE
037316;v20_Titulo;Procedimiento para la determinación de las características sanitarias en la construcción de viviendas ;Procedimiento para la determinación de las características sanitarias en la construcción de viviendas
037317;v20_Titulo;Bases para una reglamentación adecuada con el fin de lograr el mejoramiento sanitario del medio residencial ;Bases para una reglamentación adecuada con el fin de lograr el mejoramiento sanitario del medio residencial
037434;v43_Lugar_de_edicion;Tsukuba ;Tsukuba
037505;v20_Titulo;Simulation of wind fields over Point Arguello, California, by wind-tunnel flow over a topographic model ;Simulation of wind fields over Point Arguello, California, by wind-tunnel flow over a topographic model
037591;v22_Autor_personal;Holt, Marilyn<|>Birmile, Ricardo ;Holt, Marilyn<|>Birmile, Ricardo
037607;v20_Titulo;Ley 19.587 de higiene y seguridad en el trabajo ;Ley 19.587 de higiene y seguridad en el trabajo
037645;v20_Titulo;Higher education and manpower planning in Sweden: contribution to a joint ILO/UNESCO project: information on higher education in Sweden ;Higher education and manpower planning in Sweden: contribution to a joint ILO/UNESCO project: information on higher education in Sweden
037654;v20_Titulo;Resources and man: a study and recommendations ;Resources and man: a study and recommendations
037672;v20_Titulo;Industrial application of electromagnetic computer codes ;Industrial application of electromagnetic computer codes
037672;v45_Editor;Kluwer Academic ;Kluwer Academic
037687;v43_Lugar_de_edicion;London ;London
037715;v22_Autor_personal;Botterill, J. S. M. ;Botterill, J. S. M.
037746;v45_Editor;Elsevier Scientific ;Elsevier Scientific
037747;v20_Titulo;Thermodynamics of alloy formation ;Thermodynamics of alloy formation
037748;v20_Titulo;Solidification processing ;Solidification processing
037748;v43_Lugar_de_edicion;New York ;New York
037751;v20_Titulo;Selected values of thermodynamic properties of metals and alloys ;Selected values of thermodynamic properties of metals and alloys
037752;v20_Titulo;Introducción a la termodinámica estadística ;Introducción a la termodinámica estadística
037754;v20_Titulo;Selected values of the thermodynamic properties of binary alloys ;Selected values of the thermodynamic properties of binary alloys
037758;v20_Titulo;Electro- and thermo-transport in metals and alloys ;Electro- and thermo-transport in metals and alloys
037759;v20_Titulo;Basic metallurgy for non-destructive testing ;Basic metallurgy for non-destructive testing
037762;v20_Titulo;Atlas of electrochemical equilibria in aqueous solutions ;Atlas of electrochemical equilibria in aqueous solutions
037766;v20_Titulo;"Thermodynamic properties of minerals and related substances at 298.15oK (25.0oC) and one atmosphere (1.013 Bars) pressure and at higher temperatures; a summary of the thermodynamic data for minerals at 298.15oK together with calculated values ... ";"Thermodynamic properties of minerals and related substances at 298.15oK (25.0oC) and one atmosphere (1.013 Bars) pressure and at higher temperatures; a summary of the thermodynamic data for minerals at 298.15oK together with calculated values ..."
037768;v20_Titulo;The analytical and numerical solution of electric and magnetic fields ;The analytical and numerical solution of electric and magnetic fields
037768;v43_Lugar_de_edicion;Chichester<|>New York ;Chichester<|>New York
037769;v20_Titulo;Introduction à la physique de l'état solide ;Introduction à la physique de l'état solide
037770;v20_Titulo;"Thermodynamics; fundamentals, applications ";"Thermodynamics; fundamentals, applications"
037771;v20_Titulo;Problems in metallurgical thermodynamics and kinetics ;Problems in metallurgical thermodynamics and kinetics
037771;v43_Lugar_de_edicion;Oxford<|>New York ;Oxford<|>New York
037772;v20_Titulo;Fracture of brittle solids ;Fracture of brittle solids
037773;v20_Titulo;Movimiento de las partículas cargadas en los campos eléctricos y magnéticos ;Movimiento de las partículas cargadas en los campos eléctricos y magnéticos
037775;v20_Titulo;Post-yield fracture mechanics ;Post-yield fracture mechanics
037777;v20_Titulo;Selection and use of wear tests for metals ;Selection and use of wear tests for metals
037779;v20_Titulo;"Diffusion in body-centered cubic metals; papers ";"Diffusion in body-centered cubic metals; papers"
037780;v43_Lugar_de_edicion;New York ;New York
037786;v20_Titulo;Elementary engineering fracture mechanics ;Elementary engineering fracture mechanics
037786;v43_Lugar_de_edicion;Alphen aan den Rijn ;Alphen aan den Rijn
037787;v20_Titulo;Manual on statistical planning and analysis ;Manual on statistical planning and analysis
037787;v22_Autor_personal;Little, R. E. ;Little, R. E.
037788;v43_Lugar_de_edicion;New York ;New York
037788;v45_Editor;McGraw-Hill ;McGraw-Hill
037789;v20_Titulo;Solid state physics advances in research and applications ;Solid state physics advances in research and applications
037790;v20_Titulo;The influence of state of stress on low cycle fatigue of structural materials ;The influence of state of stress on low cycle fatigue of structural materials
037790;v22_Autor_personal;Krempl, Erhard ;Krempl, Erhard
037791;v20_Titulo;ASTM manual on presentation of data & control chart analysis  ;ASTM manual on presentation of data & control chart analysis
037792;v20_Titulo;Phase equilibria: basic principles, applications, experimental techniques ;Phase equilibria: basic principles, applications, experimental techniques
037792;v43_Lugar_de_edicion;New York ;New York
037793;v20_Titulo;Transmisión de calor ;Transmisión de calor
037793;v22_Autor_personal;McAdams, William H. ;McAdams, William H.
037793;v43_Lugar_de_edicion;New York ;New York
037794;v20_Titulo;Fractography in failure analysis  ;Fractography in failure analysis
037795;v20_Titulo;Pendulum impact machines procedures and specimens for verification ;Pendulum impact machines procedures and specimens for verification
037796;v20_Titulo;Fractography and materials science: a symposium ;Fractography and materials science: a symposium
037798;v20_Titulo;Abridged thermodynamic and thermochemical tables: SI Units ;Abridged thermodynamic and thermochemical tables: SI Units
037799;v20_Titulo;Thermal fatigue of materials and components ;Thermal fatigue of materials and components
037800;v20_Titulo;Erosion, wear, and interfaces with corrosion ;Erosion, wear, and interfaces with corrosion
037801;v20_Titulo;The modern theory of solids ;The modern theory of solids
037802;v20_Titulo;Ferromagnetic materials: a handbook on the properties of magnetically ordered substances ;Ferromagnetic materials: a handbook on the properties of magnetically ordered substances
037802;v43_Lugar_de_edicion;Amsterdam<|>New York ;Amsterdam<|>New York
037804;v20_Titulo;Solid state theory in metallurgy ;Solid state theory in metallurgy
037805;v20_Titulo;"Ferrites; physical properties of ferrimagnetic oxides in relation to their technical applications ";"Ferrites; physical properties of ferrimagnetic oxides in relation to their technical applications"
037809;v20_Titulo;Application of fracture mechanics to design ;Application of fracture mechanics to design
037810;v20_Titulo;Fracture: interactions of microstructure, mechanisms and mechanics ;Fracture: interactions of microstructure, mechanisms and mechanics
037811;v20_Titulo;Electrical engineering science ;Electrical engineering science
037811;v43_Lugar_de_edicion;New York ;New York
037815;v20_Titulo;The mathematics of diffusion ;The mathematics of diffusion
037816;v20_Titulo;Fracture toughness ;Fracture toughness
037819;v20_Titulo;"A general introduction to fracture mechanics; a journal of strain analysis monograph ";"A general introduction to fracture mechanics; a journal of strain analysis monograph"
037821;v20_Titulo;Properties related to fracture toughness ;Properties related to fracture toughness
037823;v20_Titulo;Problem manual for metallurgical thermodynamics ;Problem manual for metallurgical thermodynamics
037825;v20_Titulo;The growth of crystals from liquids ;The growth of crystals from liquids
037825;v45_Editor;North-Holland ;North-Holland
037828;v43_Lugar_de_edicion;New York ;New York
037830;v20_Titulo;Subproductos animales ;Subproductos animales
037836;v20_Titulo;Handbook of analytical control of iron and steel production ;Handbook of analytical control of iron and steel production
037836;v43_Lugar_de_edicion;New York ;New York
037893;v45_Editor;Elsevier Scientific Publishing ;Elsevier Scientific Publishing
037895;v20_Titulo;Particle size analysis ;Particle size analysis
037902;v45_Editor;Wiley ;Wiley
037904;v22_Autor_personal;Billings, Keith H. ;Billings, Keith H.
037906;v22_Autor_personal;Schutze Alonso, Oscar ;Schutze Alonso, Oscar
037912;v20_Titulo;Distortion and stress:  a mechanical designer's workbook ;Distortion and stress:  a mechanical designer's workbook
037914;v43_Lugar_de_edicion;Boston ;Boston
037932;v43_Lugar_de_edicion;New York ;New York
037940;v22_Autor_personal;Segal, Lynn ;Segal, Lynn
037941;v22_Autor_personal;Edgerton, David ;Edgerton, David
037946;v22_Autor_personal;Christian, J. W. ;Christian, J. W.
037950;v20_Titulo;Strengthening mechanism metals and ceramics ;Strengthening mechanism metals and ceramics
037965;v22_Autor_personal;Sibigtroth, James M. ;Sibigtroth, James M.
037970;v22_Autor_personal;D'Orio, Carlos A. ;D'Orio, Carlos A.
037985;v20_Titulo;Elements of computer-aided design and manufacturing CAD/CAM ;Elements of computer-aided design and manufacturing CAD/CAM
037988;v20_Titulo;Aportes para la gestión ambiental ;Aportes para la gestión ambiental
037991;v20_Titulo;Physical metallurgy of metal joining ;Physical metallurgy of metal joining
037991;v43_Lugar_de_edicion;New York ;New York
037992;v20_Titulo;High-temperature: materials and technology ;High-temperature: materials and technology
037993;v20_Titulo;Precious metals ;Precious metals
037997;v43_Lugar_de_edicion;New York ;New York
038002;v22_Autor_personal;Marbán, Rocío<|>Pellecer C., Julio ;Marbán, Rocío<|>Pellecer C., Julio
038003;v22_Autor_personal;Marbán, Rocío<|>Pellecer C., Julio ;Marbán, Rocío<|>Pellecer C., Julio
038004;v22_Autor_personal;Marbán, Rocío<|>Pellecer C., Julio ;Marbán, Rocío<|>Pellecer C., Julio
038005;v20_Titulo;Chemical process design on a programmable calculator ;Chemical process design on a programmable calculator
038008;v22_Autor_personal;Hausner, Henry H. ;Hausner, Henry H.
038010;v20_Titulo;Lessons learned in software testing: a context-driven approach ;Lessons learned in software testing: a context-driven approach
038010;v43_Lugar_de_edicion;New York ;New York
038012;v20_Titulo;Embedded processor-based self-test ;Embedded processor-based self-test
038013;v20_Titulo;Metrology and gauguin ;Metrology and gauguin
038014;v20_Titulo;Co-verification of hardware and software for ARM SoC design ;Co-verification of hardware and software for ARM SoC design
038015;v43_Lugar_de_edicion;New York ;New York
038016;v20_Titulo;Field-programmable gate arrays: reconfigurable logic for rapid prototyping and implementation of digital systems ;Field-programmable gate arrays: reconfigurable logic for rapid prototyping and implementation of digital systems
038018;v22_Autor_personal;Manassewitsch, Vadim ;Manassewitsch, Vadim
038021;v22_Autor_personal;Muller, Richard S.<|>Kamins, Theodore I. ;Muller, Richard S.<|>Kamins, Theodore I.
038022;v20_Titulo;Física electrónica ;Física electrónica
038023;v20_Titulo;Thyristor phase-controlled converters and cycloconverters: operation, control, and performance ;Thyristor phase-controlled converters and cycloconverters: operation, control, and performance
038023;v43_Lugar_de_edicion;New York ;New York
038024;v20_Titulo;Practical techniques of electronic circuit design ;Practical techniques of electronic circuit design
038025;v20_Titulo;Active filter design handbook: for use with programmable pocket calculators and microcomputers ;Active filter design handbook: for use with programmable pocket calculators and microcomputers
038025;v43_Lugar_de_edicion;Chichester ;Chichester
038031;v20_Titulo;Introduction to electron beam technology ;Introduction to electron beam technology
038034;v43_Lugar_de_edicion;México ;México
038041;v20_Titulo;Zinc-based steel coating systems: production and performance ;Zinc-based steel coating systems: production and performance
038043;v20_Titulo;Workability testing techniques ;Workability testing techniques
038046;v22_Autor_personal;Alexander, J. M. <|>Brewer, R. C. ;Alexander, J. M. <|>Brewer, R. C.
038046;v43_Lugar_de_edicion;London ;London
038056;v20_Titulo;Atlas of some steel casting flaws as shown by non-destructive testing ;Atlas of some steel casting flaws as shown by non-destructive testing
038062;v20_Titulo;La medición en el taller mecánico: instrumentos de medida y su uso<|>Verificación de piezas y conjuntos ;La medición en el taller mecánico: instrumentos de medida y su uso<|>Verificación de piezas y conjuntos
038063;v20_Titulo;Machine vision and digital image processing fundamentals ;Machine vision and digital image processing fundamentals
038063;v43_Lugar_de_edicion;Englewood Cliffs ;Englewood Cliffs
038064;v43_Lugar_de_edicion;Englewood Cliffs ;Englewood Cliffs
038066;v43_Lugar_de_edicion;s.l. ;s.l.
038067;v43_Lugar_de_edicion;Houston, Texas ;Houston, Texas
038070;v22_Autor_personal;Murphy, J.M.D.<|>Turnbull, F.G. ;Murphy, J.M.D.<|>Turnbull, F.G.
038070;v43_Lugar_de_edicion;Oxford ;Oxford
038070;v45_Editor;Pergamon Press ;Pergamon Press
038073;v43_Lugar_de_edicion;New York ;New York
038074;v20_Titulo;Plasma chemistry III ;Plasma chemistry III
038074;v22_Autor_personal;Veprek, S^red. <|>Venugopalan, M^red. ;Veprek, S^red. <|>Venugopalan, M^red.
038075;v22_Autor_personal;Veprek, S^red. <|>Venugopalan, M^red. ;Veprek, S^red. <|>Venugopalan, M^red.
038077;v43_Lugar_de_edicion;New York ;New York
038078;v43_Lugar_de_edicion;New York ;New York
038078;v45_Editor;McGraw-Hill ;McGraw-Hill
038085;v20_Titulo;Laminación ;Laminación
038085;v22_Autor_personal;Hoff, Hubert <|>Dahl, Theodor ;Hoff, Hubert <|>Dahl, Theodor
038086;v20_Titulo;Prácticas de metalografía ;Prácticas de metalografía
038086;v43_Lugar_de_edicion;Buenos Aires ;Buenos Aires
038088;v22_Autor_personal;Morf, W. E. ;Morf, W. E.
038089;v20_Titulo;Coating on glass ;Coating on glass
038089;v43_Lugar_de_edicion;Amsterdam ;Amsterdam
038089;v45_Editor;Elsevier ;Elsevier
038090;v22_Autor_personal;Dillon, Joseph B. ;Dillon, Joseph B.
038095;v20_Titulo;Plasticity: a mechanics of the plastic state of matter ;Plasticity: a mechanics of the plastic state of matter
038095;v45_Editor;McGraw-Hill ;McGraw-Hill
038096;v20_Titulo;Handbook of engineering plastics: a reference book for engineers and others interested in plastics as applied in the engineering and allied industries ;Handbook of engineering plastics: a reference book for engineers and others interested in plastics as applied in the engineering and allied industries
038096;v22_Autor_personal;Brown, D. Warburton ;Brown, D. Warburton
038096;v43_Lugar_de_edicion;London ;London
038099;v20_Titulo;Troquelado y estampación con aplicaciones al punzonado, doblado, embutición y extrusión ;Troquelado y estampación con aplicaciones al punzonado, doblado, embutición y extrusión
038099;v22_Autor_personal;López Navarro, Tomás ;López Navarro, Tomás
038104;v20_Titulo;Elementos de fotogrametría corriente, esteroscópica y aérea ;Elementos de fotogrametría corriente, esteroscópica y aérea
038105;v20_Titulo;Turbinas hidráulicas ;Turbinas hidráulicas
038107;v32_Reunion_Fecha;october, 13-17 1985;1985
038110;v20_Titulo;Theory of alloy phase formation : proceedings ;Theory of alloy phase formation : proceedings
038111;v22_Autor_personal;Town, H. C. <|>Moore, H. ;Town, H. C. <|>Moore, H.
038116;v22_Autor_personal;Lohse, U. <|>Naumann, Fritz ;Lohse, U. <|>Naumann, Fritz
038117;v20_Titulo;Materials and processes ;Materials and processes
038118;v20_Titulo;Die castings : their design, composition, application, specification, testing and finishing ;Die castings : their design, composition, application, specification, testing and finishing
038118;v22_Autor_personal;Chase, Herbert ;Chase, Herbert
038119;v20_Titulo;Aircraft materials and processes ;Aircraft materials and processes
038120;v22_Autor_personal;Houldcroft, P. T. ;Houldcroft, P. T.
038121;v22_Autor_personal;Flinn, Richard A. ;Flinn, Richard A.
038121;v43_Lugar_de_edicion;Cleveland ;Cleveland
038122;v32_Reunion_Fecha;October 19-20 1974;1974
038122;v20_Titulo;New trends in materials processing ;New trends in materials processing
038124;v20_Titulo;Nickel cast iron :data on production, properties and applications ;Nickel cast iron :data on production, properties and applications
038125;v20_Titulo;The technology of magnesium and its alloys ;The technology of magnesium and its alloys
038125;v45_Editor;F.A. Hughes ;F.A. Hughes
038129;v20_Titulo;Trabajos de cubilote y fundición sana ;Trabajos de cubilote y fundición sana
038129;v22_Autor_personal;Mehrtens, Johann <|>Kothny, Erdmann ;Mehrtens, Johann <|>Kothny, Erdmann
038132;v20_Titulo;Practical experimental metallurgy ;Practical experimental metallurgy
038132;v22_Autor_personal;Davies, D. Eurof ;Davies, D. Eurof
038134;v22_Autor_personal;Gilles, Chr<|>Kothny, Erdmann ;Gilles, Chr<|>Kothny, Erdmann
038143;v20_Titulo;Tecnología de los composites/plásticos reforzados ;Tecnología de los composites/plásticos reforzados
038148;v20_Titulo;Solid state physics for metallurgists ;Solid state physics for metallurgists
038148;v22_Autor_personal;Weiss, Richard J. ;Weiss, Richard J.
038149;v22_Autor_personal;Sallovitz, Manuel ;Sallovitz, Manuel
038150;v22_Autor_personal;Smith, George V ;Smith, George V
038152;v20_Titulo;Ingeniería metalúrgica ;Ingeniería metalúrgica
038154;v20_Titulo;Centrales eléctricas a vapor :instalaciones mecánicas ;Centrales eléctricas a vapor :instalaciones mecánicas
038155;v20_Titulo;Introducción a las mediciones de laboratorio ;Introducción a las mediciones de laboratorio
038155;v45_Editor;Guayqui ;Guayqui
038159;v20_Titulo;Les bases de la résistance mécanique des métaux et alliages ;Les bases de la résistance mécanique des métaux et alliages
038159;v43_Lugar_de_edicion;Paris ;Paris
038162;v20_Titulo;Understanding chemical thermodynamic ;Understanding chemical thermodynamic
038164;v20_Titulo;Modern metallurgy for engineers ;Modern metallurgy for engineers
038165;v22_Autor_personal;Barrett, Charles S. ;Barrett, Charles S.
038165;v45_Editor;McGraw-Hill ;McGraw-Hill
038166;v20_Titulo;Molecular thermodynamics ;Molecular thermodynamics
038166;v22_Autor_personal;Fay, James A. ;Fay, James A.
038168;v43_Lugar_de_edicion;Madrid ;Madrid
038171;v32_Reunion_Fecha;24-26 August, 1949;1949
038171;v20_Titulo;The physics of powder metallurgy : a symposium ;The physics of powder metallurgy : a symposium
038177;v20_Titulo;Handbook of laboratory distillation ;Handbook of laboratory distillation
038177;v22_Autor_personal;Krell, Erich ;Krell, Erich
038178;v20_Titulo;The mechanical testing of metals and alloys : the theory and practice of standardized mechanical testing. ;The mechanical testing of metals and alloys : the theory and practice of standardized mechanical testing.
038178;v22_Autor_personal;Foster, P. Field ;Foster, P. Field
038180;v20_Titulo;Diseño y construcción de matrices ;Diseño y construcción de matrices
038183;v20_Titulo;Técnica del taller mecánico :procedimientos racionales de trabajo al torno, fresadora, etc.... ;Técnica del taller mecánico :procedimientos racionales de trabajo al torno, fresadora, etc....
038185;v20_Titulo;Fire from ice :searching the truth behind the cold fusion furor ;Fire from ice :searching the truth behind the cold fusion furor
038185;v22_Autor_personal;Mallove, Eugene F. ;Mallove, Eugene F.
038185;v43_Lugar_de_edicion;New York ;New York
038187;v22_Autor_personal;Judge, A. W. ;Judge, A. W.
038188;v22_Autor_personal;Winegard, W. C. ;Winegard, W. C.
038189;v43_Lugar_de_edicion;New York ;New York
038190;v22_Autor_personal;Osipov, K. A. ;Osipov, K. A.
038190;v43_Lugar_de_edicion;London ;London
038191;v22_Autor_personal;Stuwe, H. P. <|>Faustmann, J. ;Stuwe, H. P. <|>Faustmann, J.
038192;v20_Titulo;Hydraulic machinery : dealing with the design, application, operation, and maintenance of hydraulic presses and shears, including those used in the manufacture of armaments ;Hydraulic machinery : dealing with the design, application, operation, and maintenance of hydraulic presses and shears, including those used in the manufacture of armaments
038194;v22_Autor_personal;Apraiz Barreiro, José ;Apraiz Barreiro, José
038195;v43_Lugar_de_edicion;Reading, Massachusetts ;Reading, Massachusetts
038197;v20_Titulo;Elements of structural metallurgy ;Elements of structural metallurgy
038200;v43_Lugar_de_edicion;Bologna ;Bologna
038201;v43_Lugar_de_edicion;Milano ;Milano
038201;v45_Editor;Hoepli ;Hoepli
038202;v20_Titulo;Text-book of advanced machine work :prepared for students in technical, manual training, and trade schools, and for the apprentice in the shop ;Text-book of advanced machine work :prepared for students in technical, manual training, and trade schools, and for the apprentice in the shop
038202;v43_Lugar_de_edicion;Boston ;Boston
038203;v20_Titulo;Symposium on Newer Metals ;Symposium on Newer Metals
038205;v22_Autor_personal;Madge, John ;Madge, John
038206;v20_Titulo;Pour proteger les métaux ;Pour proteger les métaux
038207;v20_Titulo;Elektron : magnesium alloys ;Elektron : magnesium alloys
038208;v43_Lugar_de_edicion;Buenos Aires ;Buenos Aires
038209;v20_Titulo;Physical chemistry of metals ;Physical chemistry of metals
038209;v22_Autor_personal;Darken, Lawrence S. ;Darken, Lawrence S.
038209;v43_Lugar_de_edicion;New York ;New York
038210;v20_Titulo;"Termotecnia; aplicaciones agroindustriales ";"Termotecnia; aplicaciones agroindustriales"
038216;v20_Titulo;Modern foundry practice ;Modern foundry practice
038217;v20_Titulo;Introduction to the physical chemistry of steelmaking ;Introduction to the physical chemistry of steelmaking
038217;v22_Autor_personal;Schenck, Hermann ;Schenck, Hermann
038219;v20_Titulo;Stress and strain in metal rolling ;Stress and strain in metal rolling
038219;v43_Lugar_de_edicion;Moscow ;Moscow
038221;v20_Titulo;Etude de la plasticité et application aux métaux ;Etude de la plasticité et application aux métaux
038221;v43_Lugar_de_edicion;Paris ;Paris
038223;v20_Titulo;Clay-bonded foundry sand ;Clay-bonded foundry sand
038223;v22_Autor_personal;Parkes, W. B. ;Parkes, W. B.
038223;v43_Lugar_de_edicion;London ;London
038224;v22_Autor_personal;Bridgman, P. W. ;Bridgman, P. W.
038224;v43_Lugar_de_edicion;New York ;New York
038225;v22_Autor_personal;Wagner, Carl ;Wagner, Carl
038225;v45_Editor;Addison-Wesley ;Addison-Wesley
038226;v43_Lugar_de_edicion;Montreal ;Montreal
038227;v20_Titulo;Nickel cast iron : data on production, properties and applications ;Nickel cast iron : data on production, properties and applications
038228;v20_Titulo;Manuale di fonderia d'alluminio ;Manuale di fonderia d'alluminio
038228;v22_Autor_personal;Panseri, Carlo ;Panseri, Carlo
038228;v45_Editor;Ulrico Hoepli ;Ulrico Hoepli
038229;v22_Autor_personal;Chocholle, René ;Chocholle, René
038231;v20_Titulo;Caoutchoucs et textiles synthétiques ;Caoutchoucs et textiles synthétiques
038234;v20_Titulo;Interfase de edición y soportes intelectivos TUI ;Interfase de edición y soportes intelectivos TUI
038234;v22_Autor_personal;Torriano, Ernesto ;Torriano, Ernesto
038236;v20_Titulo;Sistema para esterilización de sustratos para siembra de cultivos intensivos ;Sistema para esterilización de sustratos para siembra de cultivos intensivos
038237;v20_Titulo;Mobiliario infantil sistémico : generador de espacios de juego ;Mobiliario infantil sistémico : generador de espacios de juego
038238;v20_Titulo;Sistema de enfriamiento de agua para pequeñas y medianas empresas ;Sistema de enfriamiento de agua para pequeñas y medianas empresas
038239;v20_Titulo;Equipo para trekking ;Equipo para trekking
038240;v20_Titulo;Relajación unipersonal para músculos cervicales ;Relajación unipersonal para músculos cervicales
038241;v20_Titulo;Equipo inyector para vacunar ganado ;Equipo inyector para vacunar ganado
038242;v20_Titulo;Vehículo de tracción humana para recreación ;Vehículo de tracción humana para recreación
038243;v20_Titulo;Sistema de almacenamiento y transporte de maní ;Sistema de almacenamiento y transporte de maní
038250;v43_Lugar_de_edicion;Moscow ;Moscow
038251;v20_Titulo;Joints with fillet welds ;Joints with fillet welds
038251;v22_Autor_personal;Faltus, Frantisek ;Faltus, Frantisek
038253;v20_Titulo;Physics of the welding arc : a symposium ;Physics of the welding arc : a symposium
038254;v20_Titulo;Sintering ;Sintering
038254;v22_Autor_personal;Waldron, M. B. <|>Daniell, B. L. ;Waldron, M. B. <|>Daniell, B. L.
038254;v45_Editor;Heyden ;Heyden
038255;v32_Reunion_Fecha;June 5-7, 1972 ;1972
038255;v20_Titulo;Sintering and related phenomena : proceedings ;Sintering and related phenomena : proceedings
038255;v43_Lugar_de_edicion;New York ;New York
038256;v20_Titulo;Sintering processes ;Sintering processes
038259;v22_Autor_personal;Ivensen, V. A. ;Ivensen, V. A.
038260;v20_Titulo;Instalaciones eléctricas de baja tensión comerciales e industriales : cálculos eléctricos y esquemas unifiliares ;Instalaciones eléctricas de baja tensión comerciales e industriales : cálculos eléctricos y esquemas unifiliares
038260;v22_Autor_personal;Lagunas Marqués, Ángel ;Lagunas Marqués, Ángel
038261;v20_Titulo;Introduction to the cast metals industry ;Introduction to the cast metals industry
038283;v20_Titulo;"Tintes naturales al alcance de nuestras manos; guía práctica para el teñido de lanas con colorantes naturales ";"Tintes naturales al alcance de nuestras manos; guía práctica para el teñido de lanas con colorantes naturales"
038286;v20_Titulo;"Hacia un manejo sostenible de la pita o ixtle (Aechmea magdalenae); lecciones para el cultivo, cosecha, beneficio y comercialización de la fibra  ";"Hacia un manejo sostenible de la pita o ixtle (Aechmea magdalenae); lecciones para el cultivo, cosecha, beneficio y comercialización de la fibra"
038308;v20_Titulo;Acabado de prendas ;Acabado de prendas
038309;v20_Titulo;Costura de prendas-Tejido plano ;Costura de prendas-Tejido plano
038315;v22_Autor_personal;Elizondo, Marcelo<|>Alexandro, Oscar<|>Quijano, María Cristina<|>Jiménez, Adela<|>Sawady, Alex<|>Cevallos, Bolívar<|>Vélez, Claudia<|>Clacheo, Norberto<|>López Cerdán Ripoll, Carlos<|>Russo, Fabio<|>López Rodríguez, Paola<|>Siles, Alejandro<|>Maeso Ruiz, Antonio<|>Baldinelli, Elvio<|>Taiana, Jorge  ;Elizondo, Marcelo<|>Alexandro, Oscar<|>Quijano, María Cristina<|>Jiménez, Adela<|>Sawady, Alex<|>Cevallos, Bolívar<|>Vélez, Claudia<|>Clacheo, Norberto<|>López Cerdán Ripoll, Carlos<|>Russo, Fabio<|>López Rodríguez, Paola<|>Siles, Alejandro<|>Maeso Ruiz, Antonio<|>Baldinelli, Elvio<|>Taiana, Jorge
038335;v20_Titulo;"Sbianca e tintura delle fibre tessili; stampa dei tessuti ";"Sbianca e tintura delle fibre tessili; stampa dei tessuti"
038359;v20_Titulo;"Gestión de la producción; organización de la producción en un taller ";"Gestión de la producción; organización de la producción en un taller"
038368;v20_Titulo;Tecnología textil: asistencia técnica, Ecuador ;Tecnología textil: asistencia técnica, Ecuador
038432;v20_Titulo;Estudios de tratamientos antiencogimiento para tejidos de punto de lana ;Estudios de tratamientos antiencogimiento para tejidos de punto de lana
038446;v20_Titulo;Fatigue failure of metals  ;Fatigue failure of metals
038447;v20_Titulo;"Aceros para construcciones mecánicas; hojas de caracterícas ";"Aceros para construcciones mecánicas; hojas de caracterícas"
038448;v20_Titulo;"Aceros para herramientas; hojas de caracterícas ";"Aceros para herramientas; hojas de caracterícas"
038449;v20_Titulo;Creep of engineering materials ;Creep of engineering materials
038449;v43_Lugar_de_edicion;New York ;New York
038477;v32_Reunion_Fecha;24-28, february, 1980;1980
038484;v20_Titulo;National steel specifications ;National steel specifications
038486;v20_Titulo;Non ferrous metals and alloys ;Non ferrous metals and alloys
038487;v45_Editor;Wiley ;Wiley
038491;v22_Autor_personal;Lacombe, Donald J. ;Lacombe, Donald J.
038493;v45_Editor;Arthur Balfour ;Arthur Balfour
038502;v32_Reunion_Fecha;3 a 5 de novembro 2004;2004
038502;v20_Titulo;Linha de Dignidade: construindo a sustentabilidade e a cidadania ;Linha de Dignidade: construindo a sustentabilidade e a cidadania
038516;v20_Titulo;Aporte potencial de energías renovables no convencionales y eficiencia energética a la matriz eléctrica, 2008-2025 ;Aporte potencial de energías renovables no convencionales y eficiencia energética a la matriz eléctrica, 2008-2025
038530;v32_Reunion_Fecha;4-6, october, 1983;1983
038531;v20_Titulo;Failure analysis : techniques and applications ;Failure analysis : techniques and applications
038533;v20_Titulo;Electron beam technology ;Electron beam technology
038536;v45_Editor;Wiley ;Wiley
038538;v45_Editor;Hemisphere Publishing ;Hemisphere Publishing
038541;v20_Titulo;IITRI fracture handbook : failure analysis of metallic materials by scanning electron microscopy  ;IITRI fracture handbook : failure analysis of metallic materials by scanning electron microscopy
038548;v20_Titulo;Handbook on material and energy balance calculations in metallurgical processes ;Handbook on material and energy balance calculations in metallurgical processes
038549;v20_Titulo;Hardenability of steels: concepts, metallurgical influences, and industrial applications. ;Hardenability of steels: concepts, metallurgical influences, and industrial applications.
038550;v22_Autor_personal;Cottrell, A. H. ;Cottrell, A. H.
038551;v32_Reunion_Fecha;October 13-17, 1985 ;1985
038551;v20_Titulo;Computer simulation of microstructural evolution : proceedings ;Computer simulation of microstructural evolution : proceedings
038551;v45_Editor;Metallurgical Society ;Metallurgical Society
038604;v20_Titulo;La minería metálica peruana ;La minería metálica peruana
038607;v20_Titulo;Machinability ;Machinability
038611;v20_Titulo;Manifiesto de Santiago: Política de civilización: el fin de un modelo y la emergencia de una nueva conciencia ecológica ;Manifiesto de Santiago: Política de civilización: el fin de un modelo y la emergencia de una nueva conciencia ecológica
038613;v22_Autor_personal;Traister, R. J. ;Traister, R. J.
038615;v20_Titulo;Curso de fundicao de ligas nao ferrosas ;Curso de fundicao de ligas nao ferrosas
038615;v22_Autor_personal;Bradaschia, Clóvis ;Bradaschia, Clóvis
038616;v20_Titulo;Curso sobre reducao de minerio de ferro em alto forno ;Curso sobre reducao de minerio de ferro em alto forno
038616;v22_Autor_personal;Tambasco, Marcos J Araujo ;Tambasco, Marcos J Araujo
038616;v43_Lugar_de_edicion;São Paulo ;São Paulo
038617;v22_Autor_personal;Jon, Roger ;Jon, Roger
038619;v22_Autor_personal;Mondolfo, L. F. ;Mondolfo, L. F.
038621;v22_Autor_personal;Brace, A. W. <|>Allen, F. A. ;Brace, A. W. <|>Allen, F. A.
038622;v43_Lugar_de_edicion;New York ;New York
038623;v20_Titulo;Steels for reactor pressure circuits ;Steels for reactor pressure circuits
038626;v20_Titulo;Physical metallurgy: techniques and applications ;Physical metallurgy: techniques and applications
038629;v43_Lugar_de_edicion;New York ;New York
038633;v20_Titulo;Heat treatment'76 ;Heat treatment'76
038636;v20_Titulo;Case-hardened steels: microstructural and residual stress effects ;Case-hardened steels: microstructural and residual stress effects
038650;v20_Titulo;Phase-locked loops & their application ;Phase-locked loops & their application
038651;v22_Autor_personal;Priest, H. Malcolm ;Priest, H. Malcolm
038654;v20_Titulo;Handbook of case histories in failure analysis ;Handbook of case histories in failure analysis
038658;v20_Titulo;Case histories in failure analysis ;Case histories in failure analysis
038659;v20_Titulo;Steels: heat treatment and processing principles ;Steels: heat treatment and processing principles
038660;v20_Titulo;Les métaux de haute pureté ;Les métaux de haute pureté
038664;v45_Editor;Elsevier Applied Science ;Elsevier Applied Science
038667;v20_Titulo;Heat treatment'73 ;Heat treatment'73
038673;v20_Titulo;Fracture and fatigue control in structures: applications of fracture mechanics ;Fracture and fatigue control in structures: applications of fracture mechanics
038673;v22_Autor_personal;Rolfe, S. T. <|>Barsom, John M. ;Rolfe, S. T. <|>Barsom, John M.
038673;v43_Lugar_de_edicion;New Jersey ;New Jersey
038674;v43_Lugar_de_edicion;New York ;New York
038675;v32_Reunion_Fecha;November 30, 1970;1970
038677;v22_Autor_personal;Bishop, Robert H. ;Bishop, Robert H.
038679;v22_Autor_personal;Veprek, S^red. <|>Venugopalan, M^red. ;Veprek, S^red. <|>Venugopalan, M^red.
038682;v20_Titulo;Homogeneous nucleation theory: the pretransition theory of vapor condensation ;Homogeneous nucleation theory: the pretransition theory of vapor condensation
038682;v22_Autor_personal;Abraham, Farid Fadlow ;Abraham, Farid Fadlow
038682;v43_Lugar_de_edicion;New York ;New York
038684;v20_Titulo;Thermal spray: advances in coatings technology ;Thermal spray: advances in coatings technology
038684;v22_Autor_personal;Houck, David L. ;Houck, David L.
038691;v43_Lugar_de_edicion;New York ;New York
038693;v32_Reunion_Fecha;6-8 de junio,1990;1990
038694;v32_Reunion_Fecha;21-23 de setiembre,1988;1988
038697;v20_Titulo;Failure of materials in mechanical design: analysis, prediction, prevention ;Failure of materials in mechanical design: analysis, prediction, prevention
038697;v22_Autor_personal;Collins, Jack A. ;Collins, Jack A.
038700;v20_Titulo;Los sistemas de innovación en la era de la globalización ;Los sistemas de innovación en la era de la globalización
038704;v20_Titulo;Handbook on the estimation of metallurgical process costs ;Handbook on the estimation of metallurgical process costs
038706;v22_Autor_personal;Jenkins, Ivor ;Jenkins, Ivor
038707;v20_Titulo;The management of quality assurance ;The management of quality assurance
038708;v20_Titulo;Process quality control troubleshooting and interpretation of data ;Process quality control troubleshooting and interpretation of data
038708;v45_Editor;McGraw-Hill ;McGraw-Hill
038710;v20_Titulo;Cómo medir la satisfacción del cliente : desarrollo y utilización de cuestionarios ;Cómo medir la satisfacción del cliente : desarrollo y utilización de cuestionarios
038710;v22_Autor_personal;Hayes, Bob E. ;Hayes, Bob E.
038710;v43_Lugar_de_edicion;Barcelona ;Barcelona
038711;v22_Autor_personal;Wetherill, G. Barrie ;Wetherill, G. Barrie
038714;v20_Titulo;Estampagem dos acos ;Estampagem dos acos
038718;v20_Titulo;Applications of differential thermal analysis in cement chemistry ;Applications of differential thermal analysis in cement chemistry
038718;v43_Lugar_de_edicion;New York ;New York
038718;v45_Editor;Chemical Publishing ;Chemical Publishing
038721;v20_Titulo;La fosfatizzazione dei metalli: fondamenti scientifici e tecnica applicata ;La fosfatizzazione dei metalli: fondamenti scientifici e tecnica applicata
038721;v22_Autor_personal;Machu, Willi ;Machu, Willi
038722;v20_Titulo;The engineer ;The engineer
038723;v20_Titulo;Política energética en América Latina: presente y futuro: críticas y propuestas de los pueblos ;Política energética en América Latina: presente y futuro: críticas y propuestas de los pueblos
038728;v20_Titulo;Historia de las técnicas ;Historia de las técnicas
038732;v20_Titulo;Una industrialización fallida: Córdoba, 1880-1914 ;Una industrialización fallida: Córdoba, 1880-1914
038732;v22_Autor_personal;Ansaldi, Waldo ;Ansaldi, Waldo
038735;v20_Titulo;Optimization of steel product yield: proceedings ;Optimization of steel product yield: proceedings
038741;v20_Titulo;Technical report writing ;Technical report writing
038763;v22_Autor_personal;Coulson, A.F.W.^red.<|>Harrison, P.W.^red. ;Coulson, A.F.W.^red.<|>Harrison, P.W.^red.
038850;v20_Titulo;Introduction to the theory of plasticity for engineers ;Introduction to the theory of plasticity for engineers
038850;v43_Lugar_de_edicion;New York ;New York
038851;v22_Autor_personal;Webster, Donald^red. ;Webster, Donald^red.
038851;v45_Editor;Plenum ;Plenum
038854;v43_Lugar_de_edicion;New York ;New York
038855;v22_Autor_personal;Doan, Gilbert E. <|>Mahla, Elbert M. ;Doan, Gilbert E. <|>Mahla, Elbert M.
038857;v22_Autor_personal;Tipper, Constance Fligg Elam ;Tipper, Constance Fligg Elam
038858;v45_Editor;Centre National de Recherches Métallurgiques ;Centre National de Recherches Métallurgiques
038860;v45_Editor;Climax Molybdenum ;Climax Molybdenum
038861;v22_Autor_personal;Bôas, Roberto C. Villas ;Bôas, Roberto C. Villas
038862;v22_Autor_personal;Sedriks, A. John ;Sedriks, A. John
038862;v43_Lugar_de_edicion;New York ;New York
038864;v20_Titulo;Damage mechanisms and life assessment of high-temperature components ;Damage mechanisms and life assessment of high-temperature components
038864;v22_Autor_personal;Viswanathan, Ramaswamy ;Viswanathan, Ramaswamy
038864;v43_Lugar_de_edicion;Metals Park, Ohio ;Metals Park, Ohio
038867;v20_Titulo;"ASM handbook; vol. 19: Fatigue and fracture ";"ASM handbook; vol. 19: Fatigue and fracture"
038872;v43_Lugar_de_edicion;Buenos Aires ;Buenos Aires
038873;v20_Titulo;Fundamentos de la ciencia e ingeniería de materiales ;Fundamentos de la ciencia e ingeniería de materiales
038876;v20_Titulo;Ferroalloys and other additives to liquid iron and steel ;Ferroalloys and other additives to liquid iron and steel
038883;v20_Titulo;Historia de la tecnología ;Historia de la tecnología
038888;v20_Titulo;Finite element handbook ;Finite element handbook
038888;v43_Lugar_de_edicion;New York ;New York
038935;v45_Editor;Pearson ;Pearson
038953;v20_Titulo;Design-driven innovation ;Design-driven innovation
038972;v20_Titulo;Atlas des courbes de transformation des aciers de fabrication française ;Atlas des courbes de transformation des aciers de fabrication française
038973;v32_Reunion_Fecha;January 22 to 26, 1990;1990
038974;v20_Titulo;Introducción a la metrología ;Introducción a la metrología
038975;v20_Titulo;Optimum design of mechanical elements ;Optimum design of mechanical elements
038976;v20_Titulo;Manual de resistencia de materiales ;Manual de resistencia de materiales
038981;v22_Autor_personal;Eksarho, Valentín ;Eksarho, Valentín
038990;v20_Titulo;Vacuum manual ;Vacuum manual
038992;v22_Autor_personal;Chauprade, Robert ;Chauprade, Robert
038993;v20_Titulo;Courbes de transformation de fontes blanches au chrome-molybdene : atlas <|>Transformation characteristics of chromium and chromium-molybdenum white irons <|>Umwandlungsschaubilder von chrom-und chrom molybdan-lepierten weissen gusseisen ;Courbes de transformation de fontes blanches au chrome-molybdene : atlas <|>Transformation characteristics of chromium and chromium-molybdenum white irons <|>Umwandlungsschaubilder von chrom-und chrom molybdan-lepierten weissen gusseisen
038993;v22_Autor_personal;Maratray, F. <|>Usseglio-Nanot, R. ;Maratray, F. <|>Usseglio-Nanot, R.
038996;v20_Titulo;The technology of scandium, yttrium and the rare earth metals ;The technology of scandium, yttrium and the rare earth metals
038999;v32_Reunion_Fecha;22-27, june, 1969;1969
038999;v20_Titulo;Elevated temperature properties as influenced by nitrogen additions to types 304 and 316 austenitic stainless steels. ;Elevated temperature properties as influenced by nitrogen additions to types 304 and 316 austenitic stainless steels.
039007;v22_Autor_personal;Van Horn, Kent R^red. ;Van Horn, Kent R^red.
039009;v20_Titulo;Low-noise electronic design ;Low-noise electronic design
039009;v43_Lugar_de_edicion;New York ;New York
039011;v20_Titulo;Enciclopedia de Microsoft Visual C# ;Enciclopedia de Microsoft Visual C#
039017;v22_Autor_personal;Peters, Tom<|>Austín, Nancy ;Peters, Tom<|>Austín, Nancy
039019;v20_Titulo;Design of sand and permanent mold aluminum castings: a basic guide to design, alloys, finish, casting processes, premium quality, casting characteristics ;Design of sand and permanent mold aluminum castings: a basic guide to design, alloys, finish, casting processes, premium quality, casting characteristics
039020;v20_Titulo;Atomic absorption spectroscopy ;Atomic absorption spectroscopy
039020;v22_Autor_personal;Robinson, James W. ;Robinson, James W.
039022;v20_Titulo;Quality technology handbook ;Quality technology handbook
039023;v20_Titulo;Quality technology handbook ;Quality technology handbook
039026;v20_Titulo;Manual para instructores de taller ;Manual para instructores de taller
039030;v20_Titulo;Métodos de ensayos no destructivos ;Métodos de ensayos no destructivos
039031;v22_Autor_personal;Tamura, Imao ;Tamura, Imao
039033;v22_Autor_personal;Lautzenheiser, Clarence ;Lautzenheiser, Clarence
039034;v43_Lugar_de_edicion;New York ;New York
039035;v20_Titulo;An introduction to metallurgical solvent extraction: lecture notes for a short course ;An introduction to metallurgical solvent extraction: lecture notes for a short course
039035;v22_Autor_personal;Monhemius, A. John. ;Monhemius, A. John.
039038;v20_Titulo;Signals and systems : made ridiculously simple ;Signals and systems : made ridiculously simple
039038;v43_Lugar_de_edicion;Cambridge ;Cambridge
039039;v22_Autor_personal;Lipnitsky, A. ;Lipnitsky, A.
039040;v20_Titulo;A máquina que mudou o mundo: baseado no estudo do Massachusetts Institute of Technology sobre o futuro do automóvel ;A máquina que mudou o mundo: baseado no estudo do Massachusetts Institute of Technology sobre o futuro do automóvel
039040;v22_Autor_personal;Womack, James P.<|>Jones, Daniel T.<|>Roos, Daniel ;Womack, James P.<|>Jones, Daniel T.<|>Roos, Daniel
039040;v43_Lugar_de_edicion;Rio de Janeiro ;Rio de Janeiro
039045;v20_Titulo;Introducción a la historia de las técnicas ;Introducción a la historia de las técnicas
039045;v22_Autor_personal;Gille, Bertrand ;Gille, Bertrand
039045;v43_Lugar_de_edicion;Barcelona ;Barcelona
039046;v43_Lugar_de_edicion;Barcelona ;Barcelona
039047;v20_Titulo;Menos es más : introducción a la filosofía del decrecimiento ;Menos es más : introducción a la filosofía del decrecimiento
039047;v22_Autor_personal;Ridoux, Nicolás ;Ridoux, Nicolás
039047;v43_Lugar_de_edicion;Barcelona ;Barcelona
039048;v20_Titulo;PC-DOS y MS-DOS ;PC-DOS y MS-DOS
039049;v20_Titulo;Políticas municipales : para el desarrollo local y regional ;Políticas municipales : para el desarrollo local y regional
039053;v20_Titulo;Tratado práctico de la técnica del vacío ;Tratado práctico de la técnica del vacío
039054;v22_Autor_personal;Nielsen, S. Suzanne^red ;Nielsen, S. Suzanne^red
039055;v22_Autor_personal;García Castañer, Bartolomé ;García Castañer, Bartolomé
039057;v20_Titulo;Ingeniería de software ;Ingeniería de software
039123;v20_Titulo;Basic vacuum technology ;Basic vacuum technology
039123;v45_Editor;Institute of Physics ;Institute of Physics
039132;v32_Reunion_Fecha;noviembre, 2011;2011
039132;v20_Titulo;Implementación de calidad de proceso, testing y calidad de producto en las instituciones y organismos del Estado ;Implementación de calidad de proceso, testing y calidad de producto en las instituciones y organismos del Estado
039141;v20_Titulo;Gestión e innovación tecnológica para la región centro-oeste. Generación y desarrollo de una empresa de base tecnológica. ;Gestión e innovación tecnológica para la región centro-oeste. Generación y desarrollo de una empresa de base tecnológica.
039144;v22_Autor_personal;Joyanes Aguilar, Luis ;Joyanes Aguilar, Luis
039144;v43_Lugar_de_edicion;Madrid ;Madrid
039281;v20_Titulo;The place of nature in economic development ;The place of nature in economic development
039304;v20_Titulo;Innovation : the missing dimension ;Innovation : the missing dimension
039444;v22_Autor_personal;Puelles, M.M.<|>Acosta, O.H.<|>Ilgisonis, A.<|>Schvartz, M.<|>Borinsky, M. ;Puelles, M.M.<|>Acosta, O.H.<|>Ilgisonis, A.<|>Schvartz, M.<|>Borinsky, M.
039476;v22_Autor_personal;Val, S. del<|>Martínez, L.<|>Zunino, C.<|>Soto, A.<|>Escobar, G.<|>Álvarez, J.H.  ;Val, S. del<|>Martínez, L.<|>Zunino, C.<|>Soto, A.<|>Escobar, G.<|>Álvarez, J.H.
039518;v22_Autor_personal;Castro, L.<|>Ceriotti, A.<|>Escola, M.<|>Niño Gómez, Alicia C.<|>Pinto, Mónica<|>Poliszuk, A.<|>Puglisi, Celia<|>Vorobey, A. ;Castro, L.<|>Ceriotti, A.<|>Escola, M.<|>Niño Gómez, Alicia C.<|>Pinto, Mónica<|>Poliszuk, A.<|>Puglisi, Celia<|>Vorobey, A.
039550;v22_Autor_personal;Potarsky, K.<|>Paredes, M.<|>Foglia, R. ;Potarsky, K.<|>Paredes, M.<|>Foglia, R.
039579;v22_Autor_personal;Hermida, Elida, B.<|>Mega, Verónica I.<|>Yashchuk, Oxana<|>Fernández, Víctor<|>Eisenberg, Patricia<|>Miyazaki, Silvia S. ;Hermida, Elida, B.<|>Mega, Verónica I.<|>Yashchuk, Oxana<|>Fernández, Víctor<|>Eisenberg, Patricia<|>Miyazaki, Silvia S.
039587;v22_Autor_personal;Abdala, E.<|>Alanis, I. ;Abdala, E.<|>Alanis, I.
039589;v22_Autor_personal;Fox, María Lía<|>Luna, Fabio<|>Dawidowski, Laura<|>Vázquez, Cristina ;Fox, María Lía<|>Luna, Fabio<|>Dawidowski, Laura<|>Vázquez, Cristina
039736;v22_Autor_personal;Barceló, Lucía E.<|>Hilbert, Jorge A. ;Barceló, Lucía E.<|>Hilbert, Jorge A.
039739;v20_Titulo;Porosidad en transductores piezoeléctricos de película gruesa ;Porosidad en transductores piezoeléctricos de película gruesa
039892;v22_Autor_personal;D'Orio, M.<|>Bartoloni, V. ;D'Orio, M.<|>Bartoloni, V.
039922;v22_Autor_personal;Puglisi, Celia<|>Miguel, J. J. ;Puglisi, Celia<|>Miguel, J. J.
040149;v22_Autor_personal;Goya, L.<|>Cantera, C.<|>Galarza, B.<|>Reinoso, H.<|> ;Goya, L.<|>Cantera, C.<|>Galarza, B.<|>Reinoso, H.
040467;v20_Titulo;Composición de nuevos materiales y productos químicos ;Composición de nuevos materiales y productos químicos
040622;v20_Titulo;Tecnología de elaboración de quesos semiduros con ojos ;Tecnología de elaboración de quesos semiduros con ojos
040647;v22_Autor_personal;Apro, Nicolás<|>Flores, Alejandra<|>Gutiérrez, Alicia<|>Gil, Guillermo<|>Cordara, Marcela<|>Blasko, Ramiro ;Apro, Nicolás<|>Flores, Alejandra<|>Gutiérrez, Alicia<|>Gil, Guillermo<|>Cordara, Marcela<|>Blasko, Ramiro
040665;v20_Titulo;Ultrasonic array of thick film transducers for biological tissue characterization ;Ultrasonic array of thick film transducers for biological tissue characterization
040695;v22_Autor_personal;Charreau, Geraldine<|>Valdés, Joaquín<|>Laiz, Héctor ;Charreau, Geraldine<|>Valdés, Joaquín<|>Laiz, Héctor
040765;v22_Autor_personal;Maslatón, Carlos<|>Ladrón González, Alfredo<|>Ferre, Alejandro C.<|>Zabala, Carina<|>Kurlat, José ;Maslatón, Carlos<|>Ladrón González, Alfredo<|>Ferre, Alejandro C.<|>Zabala, Carina<|>Kurlat, José
040932;v20_Titulo;Energetique industrielle ;Energetique industrielle
040933;v20_Titulo;Catalyse de contact: conceptión, préparation et mise en oeuvre des catalyseurs industriels ;Catalyse de contact: conceptión, préparation et mise en oeuvre des catalyseurs industriels
040956;v20_Titulo;Instalación de una fábrica de tejas de concreto en el Municipio de Araure, Estado Portuguesa ;Instalación de una fábrica de tejas de concreto en el Municipio de Araure, Estado Portuguesa
040984;v20_Titulo;Minería, minerales y desarrollo sustentable en América del Sur ;Minería, minerales y desarrollo sustentable en América del Sur
040995;v22_Autor_personal;Possetto, Mirta<|>Del Negro, Natalia<|>Yanke, Jesica ;Possetto, Mirta<|>Del Negro, Natalia<|>Yanke, Jesica
041000;v22_Autor_personal;Dargoltz, Raúl ;Dargoltz, Raúl
041003;v20_Titulo;"El ""oenegismo"", enfermedad infantil del derechismo ";"El ""oenegismo"", enfermedad infantil del derechismo"
041023;v22_Autor_personal;Fabro, Mabel<|>Milanesio, Horacio<|>Fornero, Pedro<|>Schamne, Nicolás<|>Toscana, Marina<|>Labacá, Patricia ;Fabro, Mabel<|>Milanesio, Horacio<|>Fornero, Pedro<|>Schamne, Nicolás<|>Toscana, Marina<|>Labacá, Patricia
041025;v20_Titulo;Validación interna de test inmunocromatográfico para la detección cualitativa de glicomacropéptido de caseína en leche ;Validación interna de test inmunocromatográfico para la detección cualitativa de glicomacropéptido de caseína en leche
041044;v22_Autor_personal;Twiss, Sumner^red. ;Twiss, Sumner^red.
041051;v22_Autor_personal;Sonneborn, Ralph H.<|>Dietz, Albert G. H.^rcolab.<|>Heyser, Alton S.^rcolab. ;Sonneborn, Ralph H.<|>Dietz, Albert G. H.^rcolab.<|>Heyser, Alton S.^rcolab.
041057;v22_Autor_personal;D'Alelio, G. F. ;D'Alelio, G. F.
041070;v20_Titulo;"Mo; Less-common alloys of molybdenum ";"Mo; Less-common alloys of molybdenum"
041072;v20_Titulo;Proceedings ;Proceedings
041096;v20_Titulo;El niquelado químico Kanigen ;El niquelado químico Kanigen
041111;v20_Titulo;"The science of plastics; a comprehensive source book based on the original literature for 1942-1946 ";"The science of plastics; a comprehensive source book based on the original literature for 1942-1946"
041119;v20_Titulo;Selección de proyectos y de procesos para la obtención de productos petroquímicos básicos e intermedios en países en desarrollo ;Selección de proyectos y de procesos para la obtención de productos petroquímicos básicos e intermedios en países en desarrollo
041120;v20_Titulo;Normalización de las materias plásticas en los países en desarrollo ;Normalización de las materias plásticas en los países en desarrollo
041141;v20_Titulo;Molding technic for bakelite and vinylite plastics ;Molding technic for bakelite and vinylite plastics
041152;v20_Titulo;Natural language communication with computers ;Natural language communication with computers
041166;v22_Autor_personal;Cavaleiro E Silva, Armando<|>Malato, Joào José ;Cavaleiro E Silva, Armando<|>Malato, Joào José
041168;v20_Titulo;"Industrialización de las construcciones; manual de la construcción racional con medidas normalizadas ";"Industrialización de las construcciones; manual de la construcción racional con medidas normalizadas"
041191;v45_Editor;Compañía Editorial Continental ;Compañía Editorial Continental
041197;v20_Titulo;"The public building frame; an industrialized method of building ";"The public building frame; an industrialized method of building"
041201;v20_Titulo;Tratado de calefacción y ventilación ;Tratado de calefacción y ventilación
041203;v22_Autor_personal;Stradelli, Alberto ;Stradelli, Alberto
041227;v20_Titulo;Memorias    ;Memorias
041279;v22_Autor_personal;Dubois, René A.^red.<|>Perazzo, P.J.^red.<|>Triaca, Walter E.^red. ;Dubois, René A.^red.<|>Perazzo, P.J.^red.<|>Triaca, Walter E.^red.
041298;v20_Titulo;Manual para la construcción de casas de tierra ;Manual para la construcción de casas de tierra
041302;v22_Autor_personal;Tholen, Albert D.^red.<|>Barbrow, Louis E.^red.<|>Heffernan, Ann P.^red. ;Tholen, Albert D.^red.<|>Barbrow, Louis E.^red.<|>Heffernan, Ann P.^red.
041303;v22_Autor_personal;Wollin, Harold F.^red.<|>Barbrow, Louis E.^red.<|>Heffernan, Ann P.^red. ;Wollin, Harold F.^red.<|>Barbrow, Louis E.^red.<|>Heffernan, Ann P.^red.
041304;v22_Autor_personal;Tholen, Albert D.^red.<|>Barbrow, Louis E.^red.<|>Heffernan, Ann P.^red. ;Tholen, Albert D.^red.<|>Barbrow, Louis E.^red.<|>Heffernan, Ann P.^red.
041305;v22_Autor_personal;Peiser, H. Steffen^red.<|>Raley, Charles C.^red.<|>Odar, Penelope M.^red. ;Peiser, H. Steffen^red.<|>Raley, Charles C.^red.<|>Odar, Penelope M.^red.
041306;v22_Autor_personal;Peiser, H. Steffen^red.<|>Marvin, Robert S.^red.<|>McNeil, Michael^red.<|>Mejeur, Joanne^red. ;Peiser, H. Steffen^red.<|>Marvin, Robert S.^red.<|>McNeil, Michael^red.<|>Mejeur, Joanne^red.
041308;v45_Editor;Librairie Félix Alcan ;Librairie Félix Alcan
041323;v20_Titulo;Taschenbuch für Chemiker und Physiker ;Taschenbuch für Chemiker und Physiker
041357;v20_Titulo;Telecommunications and information technology in Latin America : prospects and possibilities for managing the technology gap  ;Telecommunications and information technology in Latin America : prospects and possibilities for managing the technology gap
041387;v20_Titulo;Evaluation of performance of industrial public enterprises: criteria and policies ;Evaluation of performance of industrial public enterprises: criteria and policies
041396;v20_Titulo;Re-industrialization in the advanced countries and its effects on the developing countries, in particular in Latin America ;Re-industrialization in the advanced countries and its effects on the developing countries, in particular in Latin America
041409;v20_Titulo;Structural determinants of south-south trade expansion: their implications for the triangular industrial trade and cooperation among OPEC, NICs and LDCs ;Structural determinants of south-south trade expansion: their implications for the triangular industrial trade and cooperation among OPEC, NICs and LDCs
041417;v20_Titulo;Guidelines for the formulation of national industrial and technological information policies-based on indian experience ;Guidelines for the formulation of national industrial and technological information policies-based on indian experience
041417;v22_Autor_personal;Seshagiri, N. ;Seshagiri, N.
041426;v20_Titulo;"Manual del ususario; Microsoft MS-DOS versión 6.0; para el sistema operativo MS-DOS ";"Manual del ususario; Microsoft MS-DOS versión 6.0; para el sistema operativo MS-DOS"
041451;v20_Titulo;"Radioactivity calibrations with the ""4Pi"" Gamma ionization chamber; and other radioactivity calibration capabilities ";"Radioactivity calibrations with the ""4Pi"" Gamma ionization chamber; and other radioactivity calibration capabilities"
041456;v20_Titulo;Calibration of X-Ray and Gamma-Ray measuring instruments ;Calibration of X-Ray and Gamma-Ray measuring instruments
041457;v20_Titulo;Calibration of Gamma-Ray-emitting brachytherapy sources  ;Calibration of Gamma-Ray-emitting brachytherapy sources
041505;v20_Titulo;"Public works programmes in Korea; a comparison to active labour market policies and workfare in Europe and the US ";"Public works programmes in Korea; a comparison to active labour market policies and workfare in Europe and the US"
041531;v20_Titulo;Environmental physics: heating ;Environmental physics: heating
041537;v45_Editor;Swedish Council for Building Research ;Swedish Council for Building Research
041543;v22_Autor_personal;Van Ettinger, J. ;Van Ettinger, J.
041552;v20_Titulo;Segunda Campaña Científica en las Islas Malvinas,1979 ;Segunda Campaña Científica en las Islas Malvinas,1979
041555;v22_Autor_personal;Emerick, Robert Henderson ;Emerick, Robert Henderson
041555;v45_Editor;McGraw-Hill ;McGraw-Hill
041557;v22_Autor_personal;Van Straaten,J.F. ;Van Straaten,J.F.
041588;v20_Titulo;"Third world urban housing; aspirations, resources, programmes, projects ";"Third world urban housing; aspirations, resources, programmes, projects"
041621;v45_Editor;McGraw Hill ;McGraw Hill
041622;v45_Editor;Marcel Dekker ;Marcel Dekker
041623;v20_Titulo;Contemporary lighting ;Contemporary lighting
041669;v20_Titulo;"Thermal vacuum sensors; based on integrated silicon thermopiles ";"Thermal vacuum sensors; based on integrated silicon thermopiles"
041671;v45_Editor;Academic Press ;Academic Press
041693;v20_Titulo;Digital image processing ;Digital image processing
041753;v20_Titulo;"Low level measurements handbook; precision DC current, voltage and resistance measurements ";"Low level measurements handbook; precision DC current, voltage and resistance measurements"
041784;v20_Titulo;"MOS; technologies, design, applications ";"MOS; technologies, design, applications"
041792;v20_Titulo;Biodiesel o novo combustível do Brasil ;Biodiesel o novo combustível do Brasil
041800;v20_Titulo;Laboratory management ;Laboratory management
041806;v20_Titulo;"Microprocesadores de 16 bits; 68000 y 8086/8088 ";"Microprocesadores de 16 bits; 68000 y 8086/8088"
041813;v20_Titulo;Sistemas de conmutación digital ;Sistemas de conmutación digital
041816;v20_Titulo;Magnetic recording ;Magnetic recording
041859;v22_Autor_personal;Fitchen, Franklin C. ;Fitchen, Franklin C.
041867;v20_Titulo;"Digital and analog systems, circuits, and devices; an introduction ";"Digital and analog systems, circuits, and devices; an introduction"
041868;v20_Titulo;Open access II plus ;Open access II plus
041882;v20_Titulo;Appendix B: statistical tables relating to income, employment and production ;Appendix B: statistical tables relating to income, employment and production
041945;v20_Titulo;"Análisis de costo beneficio en cultivos de verano; actualización 2006 ";"Análisis de costo beneficio en cultivos de verano; actualización 2006"
041946;v20_Titulo;"Total food; exploiting co-products-minimizing waste ";"Total food; exploiting co-products-minimizing waste"
041966;v20_Titulo;Systèmes de tuyauteries en matériau synthétique pour la distribution d'aeu chaude et froide sous pression dans les bâtiments ;Systèmes de tuyauteries en matériau synthétique pour la distribution d'aeu chaude et froide sous pression dans les bâtiments
041973;v20_Titulo;Le verre et les produits verriers- les fonctions des vitrages ;Le verre et les produits verriers- les fonctions des vitrages
041982;v20_Titulo;"A study of the influence of ceiling height in dwelling houses; climatological, architectural and economic aspects ";"A study of the influence of ceiling height in dwelling houses; climatological, architectural and economic aspects"
042031;v20_Titulo;Provisions of the federal agriculture improvement and reform act of 1996 ;Provisions of the federal agriculture improvement and reform act of 1996
042077;v20_Titulo;Materials handling equipment ;Materials handling equipment
042159;v20_Titulo;"Parque tecnológico San Martín; una estrategia de desarrollo económico local basado en el conocimiento y la innovación ";"Parque tecnológico San Martín; una estrategia de desarrollo económico local basado en el conocimiento y la innovación"
042168;v20_Titulo;"Tracing knowledge flows within the austrian system of innovation; pilot case study for the OECD project on knowledge flows in national innovation systems ";"Tracing knowledge flows within the austrian system of innovation; pilot case study for the OECD project on knowledge flows in national innovation systems"
042170;v20_Titulo;Interpretación de la norma ISO 9000:2000 para obtener el certificado de calidad en bibliotecas ;Interpretación de la norma ISO 9000:2000 para obtener el certificado de calidad en bibliotecas
042231;v20_Titulo;"Estudio diagnóstico del potencial asociativo en los municipios de la provincia de Buenos Aires; el caso del municipio de Maipú ";"Estudio diagnóstico del potencial asociativo en los municipios de la provincia de Buenos Aires; el caso del municipio de Maipú"
042238;v20_Titulo;Plant closing: advance notice and rapid response ;Plant closing: advance notice and rapid response
042255;v22_Autor_personal;Qingrui, Xu<|>Jin, Chen<|>Zhangshu, Xie<|>Jingjiand, Liu<|>Gang, Zheng<|>Yong, Wang ;Qingrui, Xu<|>Jin, Chen<|>Zhangshu, Xie<|>Jingjiand, Liu<|>Gang, Zheng<|>Yong, Wang
042258;v22_Autor_personal;Qingrui, Xu<|>Ling, Zhu<|>Gang, Zheng<|>Fangrui, Wang ;Qingrui, Xu<|>Ling, Zhu<|>Gang, Zheng<|>Fangrui, Wang
042262;v20_Titulo;Las políticas de reforma estatal en la democracia (1983-2003) ;Las políticas de reforma estatal en la democracia (1983-2003)
042271;v20_Titulo;7mo. Curso internacional de agricultura de precisión<|>2da. Expo de máquinas precisas ;7mo. Curso internacional de agricultura de precisión<|>2da. Expo de máquinas precisas
042298;v20_Titulo;"The corporate personality; an inquiry into the nature of corporate identity ";"The corporate personality; an inquiry into the nature of corporate identity"
042304;v20_Titulo;Who he is and what he does ;Who he is and what he does
042343;v20_Titulo;L'esthétique industrielle aux États-Unis ;L'esthétique industrielle aux États-Unis
042355;v20_Titulo;Trabajos<|>Fitting the job to the worker ;Trabajos<|>Fitting the job to the worker
042388;v20_Titulo;"Análisis de costo beneficio en cultivos de verano; actualización 2007 ";"Análisis de costo beneficio en cultivos de verano; actualización 2007"
042390;v20_Titulo;"Unidad demostrativa agrícola ganadera; resultados del período 2006/2007 ";"Unidad demostrativa agrícola ganadera; resultados del período 2006/2007"
042391;v20_Titulo;Análisis económico de la invernada bovina considerando la eficiencia en el balance de nutrientes ;Análisis económico de la invernada bovina considerando la eficiencia en el balance de nutrientes
042393;v20_Titulo;Permanencia de pequeños productores en las pedanías Espinillos y Cruz Alta de la Provincia de Córdoba ;Permanencia de pequeños productores en las pedanías Espinillos y Cruz Alta de la Provincia de Córdoba
042423;v20_Titulo;A study of techniques to increase the sound insulation of building elements ;A study of techniques to increase the sound insulation of building elements
042477;v20_Titulo;Guía básica de la sostenibilidad ;Guía básica de la sostenibilidad
042479;v20_Titulo;Premios impulso a la gestión empresarial innovadora y premio a las buenas prácticas en la gestión de recursos humanos en la empresa ;Premios impulso a la gestión empresarial innovadora y premio a las buenas prácticas en la gestión de recursos humanos en la empresa
042496;v20_Titulo;The NGO-industrial complex ;The NGO-industrial complex
042513;v20_Titulo;Fábrica de calzado para damas, caballeros y niños ;Fábrica de calzado para damas, caballeros y niños
042531;v20_Titulo;"Sistema de indicadores de desarrollo sostenible; Argentina.Versión sintética  ";"Sistema de indicadores de desarrollo sostenible; Argentina.Versión sintética"
042594;v20_Titulo;Europa reafirmó que la biomasa forestal pasa de residuo a recurso energético ;Europa reafirmó que la biomasa forestal pasa de residuo a recurso energético
042625;v43_Lugar_de_edicion;Gabriola Island ;Gabriola Island
042731;v20_Titulo;Uso del índice de sequía de Palmer para estimar las condiciones de humedad del perfil de suelo en tres localidades del sur de la provincia de Córdoba ;Uso del índice de sequía de Palmer para estimar las condiciones de humedad del perfil de suelo en tres localidades del sur de la provincia de Córdoba
042790;v20_Titulo;Sistema de leyes japonesas relacionadas con el ahorro de la energía ;Sistema de leyes japonesas relacionadas con el ahorro de la energía
042832;v20_Titulo;Introduction to feaste website articles ;Introduction to feaste website articles
042851;v20_Titulo;"Tecnología y pequeña producción agropecuaria en la Argentina; una caracterización basada en el Censo Nacional Agropecuario 2002 y en estudios de caso ";"Tecnología y pequeña producción agropecuaria en la Argentina; una caracterización basada en el Censo Nacional Agropecuario 2002 y en estudios de caso"
042853;v43_Lugar_de_edicion;Viena ;Viena
042975;v20_Titulo;Aspectos antropométricos de la población laboral española aplicados al diseño industrial ;Aspectos antropométricos de la población laboral española aplicados al diseño industrial
043054;v20_Titulo;2010 SAE Handbook ;2010 SAE Handbook
043067;v22_Autor_personal;Armarego, Wilfred L. F.<|>Chai, Christina, Li Lin ;Armarego, Wilfred L. F.<|>Chai, Christina, Li Lin
043096;v20_Titulo;"The new american farmer; profiles of agricultural innovation ";"The new american farmer; profiles of agricultural innovation"
043255;v20_Titulo;Productos transgénicos y exportaciones agrícolas: reflexiones en torno de un dilema argentino ;Productos transgénicos y exportaciones agrícolas: reflexiones en torno de un dilema argentino
043276;v45_Editor;Hanser ;Hanser
043588;v20_Titulo;Les taches des pierres calcaires au contact des ciments ;Les taches des pierres calcaires au contact des ciments
043692;v45_Editor;Springer-Verlag ;Springer-Verlag
044047;v22_Autor_personal;Vaconcelos de Paiva, José Ângelo ;Vaconcelos de Paiva, José Ângelo
044204;v20_Titulo;"Técnica de transistores para los aficionados a la onda corta; receptores, emisores, equipos especiales ";"Técnica de transistores para los aficionados a la onda corta; receptores, emisores, equipos especiales"
044212;v20_Titulo;"Poder informático y seguridad jurídica; la función tutelar del derecho penal ante las nuevas tecnologías de la información ";"Poder informático y seguridad jurídica; la función tutelar del derecho penal ante las nuevas tecnologías de la información"
044469;v20_Titulo;"Productos orgánicos, panorama mundial y perspectivas Argentinas; informe sobre nuevas alternativas agrícolas ";"Productos orgánicos, panorama mundial y perspectivas Argentinas; informe sobre nuevas alternativas agrícolas"
044761;v20_Titulo;The application of textiles in rubber ;The application of textiles in rubber
045037;v20_Titulo;Science and technology of rubber ;Science and technology of rubber
045111;v20_Titulo;"Programa ozono Argentina; los 20 años del protocolo de Montreal historia y trabajos realizados ";"Programa ozono Argentina; los 20 años del protocolo de Montreal historia y trabajos realizados"
045547;v20_Titulo;The growth report : strategies for sustained growth and inclusive development ;The growth report : strategies for sustained growth and inclusive development
045552;v20_Titulo;Ready, set, science! : putting research to work in K-8 science classrooms ;Ready, set, science! : putting research to work in K-8 science classrooms
045552;v22_Autor_personal;Michaels, Sarah<|>Shouse, Andrew W.<|>Schweingruber, Heidi A. ;Michaels, Sarah<|>Shouse, Andrew W.<|>Schweingruber, Heidi A.
045558;v20_Titulo;The natural way of farming : the theory and practice of green philosophy ;The natural way of farming : the theory and practice of green philosophy
045567;v22_Autor_personal;Hawken, Paul<|>Lovins, Amory<|>Hunters Lovins, L. ;Hawken, Paul<|>Lovins, Amory<|>Hunters Lovins, L.
045584;v20_Titulo;Plan estratégico territorial (PET) Argentina, 2016: Provincia de Tierra del Fuego, Antártida e Islas del Atlántico Sur ;Plan estratégico territorial (PET) Argentina, 2016: Provincia de Tierra del Fuego, Antártida e Islas del Atlántico Sur
045590;v45_Editor;National Environmental Health Forum ;National Environmental Health Forum
045616;v43_Lugar_de_edicion;Buenos Aires ;Buenos Aires
045624;v22_Autor_personal;Perlack, Robert D.<|>Wright, Lynn L.<|>Turhollow, Anthony F.<|>Graham, Robin L.<|>Stokes, Bryce J.<|>Erbach, Donald C. ;Perlack, Robert D.<|>Wright, Lynn L.<|>Turhollow, Anthony F.<|>Graham, Robin L.<|>Stokes, Bryce J.<|>Erbach, Donald C.
045628;v20_Titulo;Enhancing food safety : the role of the Food and Drug Administration ;Enhancing food safety : the role of the Food and Drug Administration
045648;v22_Autor_personal;Fuentes, Francisco<|>Belluccini, Pablo<|>Flores, Fernando<|>Distéfano, Silvia<|>Lenzi, Lisandro<|>Gadbán, Laura C<|>Martínez, Fernando<|>Cordone, Graciela<|>Murgio, Marcos<|>Salines, Luis<|>Soldini, Diego<|>Cuniberti, Martha<|>Herrero, Rosana<|>Masiero, Beatriz<|>Mir, Leticia<|>Berra, Omar<|>Macagno, Susana<|>Erazzú, L.<|>Giménez, F.<|>Ramirez, J.<|>Marinelli, A.<|>García, J.<|>March, G. J.<|>Zuza, M.<|>Oddino, C.<|>Cardetti, C.<|>Marinelli<|>Rojas, E.<|>Bologna<|>Martínez Alvarez, D.<|>Escudero,S.<|>Ávila, S.<|>Ferreira, C.<|>Supertino, M.<|>Godoy, J.<|>Scandiani<|>Toledo, Rubén<|> ;Fuentes, Francisco<|>Belluccini, Pablo<|>Flores, Fernando<|>Distéfano, Silvia<|>Lenzi, Lisandro<|>Gadbán, Laura C<|>Martínez, Fernando<|>Cordone, Graciela<|>Murgio, Marcos<|>Salines, Luis<|>Soldini, Diego<|>Cuniberti, Martha<|>Herrero, Rosana<|>Masiero, Beatriz<|>Mir, Leticia<|>Berra, Omar<|>Macagno, Susana<|>Erazzú, L.<|>Giménez, F.<|>Ramirez, J.<|>Marinelli, A.<|>García, J.<|>March, G. J.<|>Zuza, M.<|>Oddino, C.<|>Cardetti, C.<|>Marinelli<|>Rojas, E.<|>Bologna<|>Martínez Alvarez, D.<|>Escudero,S.<|>Ávila, S.<|>Ferreira, C.<|>Supertino, M.<|>Godoy, J.<|>Scandiani<|>Toledo, Rubén
045657;v20_Titulo;The place of nature in economic development ;The place of nature in economic development
045685;v20_Titulo;Documentos económicos de A.I.E.R.A 2010-2012 ;Documentos económicos de A.I.E.R.A 2010-2012
045704;v20_Titulo;Catalyse de contact : conceptión, préparation et mise en oeuvre des catalyseurs industriels ;Catalyse de contact : conceptión, préparation et mise en oeuvre des catalyseurs industriels
045706;v20_Titulo;Instalación de una planta de alimentos balanceados para animales, Municipio Papelón Estado Portuguesa ;Instalación de una planta de alimentos balanceados para animales, Municipio Papelón Estado Portuguesa
045733;v22_Autor_personal;Dargoltz, Raúl ;Dargoltz, Raúl
045762;v20_Titulo;Iiasa enters the twenty-first century ;Iiasa enters the twenty-first century
045778;v20_Titulo;El fin del trabajo. Nuevas tecnologías contra puestos de trabajo: el nacimiento de una nueva era ;El fin del trabajo. Nuevas tecnologías contra puestos de trabajo: el nacimiento de una nueva era
045785;v20_Titulo;Introducción al análisis matemático ;Introducción al análisis matemático
045785;v22_Autor_personal;Rabuffetti, Hebe T. ;Rabuffetti, Hebe T.
045785;v43_Lugar_de_edicion;Buenos Aires ;Buenos Aires
045788;v20_Titulo;Algebra lineal ;Algebra lineal
045789;v20_Titulo;Física cuántica: átomos, moléculas, sólidos, núcleos y partículas ;Física cuántica: átomos, moléculas, sólidos, núcleos y partículas
045792;v20_Titulo;Elementary differential geometry ;Elementary differential geometry
045793;v20_Titulo;Fundamentos de termotransferencia ;Fundamentos de termotransferencia
045798;v20_Titulo;Recicloscopio : miradas sobre recuperadores urbanos de residuos de América Latina ;Recicloscopio : miradas sobre recuperadores urbanos de residuos de América Latina
045799;v43_Lugar_de_edicion;Córdoba ;Córdoba
045800;v43_Lugar_de_edicion;Córdoba ;Córdoba
045801;v43_Lugar_de_edicion;Córdoba ;Córdoba
045802;v43_Lugar_de_edicion;Córdoba ;Córdoba
045803;v43_Lugar_de_edicion;Córdoba ;Córdoba
045815;v20_Titulo;Conferencias técnicas ;Conferencias técnicas
045815;v43_Lugar_de_edicion;Santiago ;Santiago
045818;v22_Autor_personal;Vedia, Luis A de ;Vedia, Luis A de
045819;v20_Titulo;Mecánica de sólidos: conceptos y aplicaciones ;Mecánica de sólidos: conceptos y aplicaciones
045825;v22_Autor_personal;Krasnov, M.L.<|>Kiseliov, A.I.<|>Makarenko, G.I. ;Krasnov, M.L.<|>Kiseliov, A.I.<|>Makarenko, G.I.
045863;v23_Autor_institucional;^nOffice Professionnel de L'Industrie Textile^^lParis^pFR;^nOffice Professionnel de L'Industrie Textile^lParis^pFR
045864;v23_Autor_institucional;^nOffice Professionnel de L'Industrie Textile^^lParis^pFR;^nOffice Professionnel de L'Industrie Textile^lParis^pFR
046378;v20_Titulo;Estándares del Sistema de Bibliotecas de la Universidad de Buenos Aires ;Estándares del Sistema de Bibliotecas de la Universidad de Buenos Aires
046431;v32_Reunion_Fecha;octubre-noviembre, 2013;2013
046432;v32_Reunion_Fecha;octubre-noviembre, 2013;2013
046433;v32_Reunion_Fecha;octubre-noviembre, 2013;2013
046434;v32_Reunion_Fecha;octubre-noviembre, 2013;2013
046491;v45_Editor;Universidad Alberto Hurtado - Facultad de Economía y Negocios ;Universidad Alberto Hurtado - Facultad de Economía y Negocios
049384;v85_Disponibilidad;^nINTI-Diseño Industrial;INTI-Diseño Industrial
049389;v85_Disponibilidad;^nINTI-Córdoba;INTI-Córdoba
049391;v85_Disponibilidad;^nINTI-Diseño Industrial;INTI-Diseño Industrial
049394;v85_Disponibilidad;^nINTI-Diseño Industrial;INTI-Diseño Industrial
049395;v85_Disponibilidad;^nINTI-Diseño Industrial;INTI-Diseño Industrial
049412;v32_Reunion_Fecha;12/09/2017-20/09/2017;2017
049413;v32_Reunion_Fecha;12/09/2017-20/09/2017;2017
049417;v32_Reunion_Fecha;10/07/2016-15/07/2016;2016
049418;v32_Reunion_Fecha;10/07/2016-15/07/2016;2016
049419;v32_Reunion_Fecha;10/07/2016-15/07/2016;2016
049422;v20_Titulo;ChiWriter : version 4 ;ChiWriter : version 4
049430;v45_Editor;Gram ;Gram
049438;v20_Titulo;Nuevas tecnologías en seguridad de estaciones ferroviarias: modelado del movimiento de humos, solicitaciones térmicas y evacuación en caso de incendios = advanced technologies for fire safety in railway station: smoke management, thermal stresses and evacuation under natural fires ;Nuevas tecnologías en seguridad de estaciones ferroviarias: modelado del movimiento de humos, solicitaciones térmicas y evacuación en caso de incendios = advanced technologies for fire safety in railway station: smoke management, thermal stresses and evacuation under natural fires
049455;v32_Reunion_Fecha;Noviembre 1990;1990
049827;v26_Afiliacion_del_autor;^aForastieri, J.^nInstituto Nacional de Tecnología Industrial. INTI-Física y Metrología^pArgentina<|>^aLupo, S.^nInstituto Nacional de Tecnología Industrial. INTI-Física y Metrología^pArgentina<|>^aBrenta, H.^nInstituto Nacional de Tecnología Industrial. INTI-Física y Metrología^^pArgentina;^aForastieri, J.^nInstituto Nacional de Tecnología Industrial. INTI-Física y Metrología^pArgentina<|>^aLupo, S.^nInstituto Nacional de Tecnología Industrial. INTI-Física y Metrología^pArgentina<|>^aBrenta, H.^nInstituto Nacional de Tecnología Industrial. INTI-Física y Metrología^pArgentina
049901;v22_Autor_personal;San Martín, G.<|>Aymonino, O.<|>Lindstrom, E. <|>Maldonesi, P. <|>Julián, P. <|>Ybarra, G. <|>Fraigi, L. ;San Martín, G.<|>Aymonino, O.<|>Lindstrom, E. <|>Maldonesi, P. <|>Julián, P. <|>Ybarra, G. <|>Fraigi, L.
049928;v22_Autor_personal;Giorgio , P.<|>Garrity, K.<|>Jiménez Rebagliati, M.<|>García Skabar, J. ;Giorgio , P.<|>Garrity, K.<|>Jiménez Rebagliati, M.<|>García Skabar, J.
050333;v43_Lugar_de_edicion;^lSan Francisco^pUS;San Francisco
050534;v26_Afiliacion_del_autor;^aDubois, María José^nInstituto Nacional de Tecnología Industrial. Gerencia de Desarrollo Tecnológico e Innovación. Dirección Técnica de Diseño Industrial^pArgentina<|>^aOms, Eyra^nInstituto Nacional de Tecnología Industrial. Gerencia de Desarrollo Tecnológico e Innovación. Dirección Técnica de Diseño Industrial^pArgentina<|>^aBecker, Rosalba^nInstituto Nacional de Tecnología Industrial. Gerencia de Desarrollo Tecnológico e Innovación. Dirección Técnica de Diseño Industrial^pArgentina<|>^aSecchi, Mariela^^nInstituto Nacional de Tecnología Industrial. Gerencia de Desarrollo Tecnológico e Innovación. Dirección Técnica de Diseño Industrial^pArgentina;^aDubois, María José^nInstituto Nacional de Tecnología Industrial. Gerencia de Desarrollo Tecnológico e Innovación. Dirección Técnica de Diseño Industrial^pArgentina<|>^aOms, Eyra^nInstituto Nacional de Tecnología Industrial. Gerencia de Desarrollo Tecnológico e Innovación. Dirección Técnica de Diseño Industrial^pArgentina<|>^aBecker, Rosalba^nInstituto Nacional de Tecnología Industrial. Gerencia de Desarrollo Tecnológico e Innovación. Dirección Técnica de Diseño Industrial^pArgentina<|>^aSecchi, Mariela^nInstituto Nacional de Tecnología Industrial. Gerencia de Desarrollo Tecnológico e Innovación. Dirección Técnica de Diseño Industrial^pArgentina
050585;v20_Titulo;Desarrollo de una tinta de nanotubos de carbono para electrodos impresos ;Desarrollo de una tinta de nanotubos de carbono para electrodos impresos
050587;v32_Reunion_Fecha;12/09/2017-20/09/2017;2017
050588;v32_Reunion_Fecha;12/09/2017-20/09/2017;2017
050606;v22_Autor_personal;Cordero, M.<|>Gaspoz, M. <|>Ingaramo, J.<|>Zimmermann, A. ;Cordero, M.<|>Gaspoz, M. <|>Ingaramo, J.<|>Zimmermann, A.
051227;v22_Autor_personal;Sarkar, K. T. ;Sarkar, K. T.
051433;v26_Afiliacion_del_autor;Zorrilla, Ladislao León^nInstituto Nacional de Tecnología Industrial. Dirección Operativa. Gerencia Operativa de Desarrollo Tecnológico e Innovación. Subgerencia Operativa de Áreas de Conocimiento. Dirección Técnica de Diseño Industrial. Departamento de Experiencia del Usuario^sINTI-GODTeI-SOAC^pArgentina<|>Martín, Diego Ignacio^^nInstituto Nacional de Tecnología Industrial. Gerencia Operativa de Desarrollo Tecnológico e Innovación. Subgerencia Operativa de Áreas del Conocimiento. Dirección Técnica de Diseño Industrial. Departamento de Gestión del Diseño^sINTI-GODTeI-SOAC^pArgentina;^aZorrilla, Ladislao León^nInstituto Nacional de Tecnología Industrial. Dirección Operativa. Gerencia Operativa de Desarrollo Tecnológico e Innovación. Subgerencia Operativa de Áreas de Conocimiento. Dirección Técnica de Diseño Industrial. Departamento de Experiencia del Usuario^sINTI-GODTeI-SOAC^pArgentina<|>^aMartín, Diego Ignacio^nInstituto Nacional de Tecnología Industrial. Gerencia Operativa de Desarrollo Tecnológico e Innovación. Subgerencia Operativa de Áreas del Conocimiento. Dirección Técnica de Diseño Industrial. Departamento de Gestión del Diseño^sINTI-GODTeI-SOAC^pArgentina
